ISO-10303-21;
HEADER;
/* Generated by software containing ST-Developer
 * from STEP Tools, Inc. (www.steptools.com) 
 */
/* OPTION: using custom schema-name function */

FILE_DESCRIPTION(
/* description */ (''),
/* implementation_level */ '2;1');

FILE_NAME(
/* name */ 'HINGE_~1',
/* time_stamp */ '2026-03-16T00:02:35+03:00',
/* author */ (''),
/* organization */ (''),
/* preprocessor_version */ 'ST-DEVELOPER v16.5',
/* originating_system */ '',
/* authorisation */ '');

FILE_SCHEMA (('CONFIG_CONTROL_DESIGN'));
ENDSEC;

DATA;
#10=SHAPE_REPRESENTATION_RELATIONSHIP('','',#1277,#12);
#11=MANIFOLD_SOLID_BREP('brep_1',#13);
#12=ADVANCED_BREP_SHAPE_REPRESENTATION('brep_rep_0',(#11,#1328),#1276);
#13=CLOSED_SHELL('',(#20,#21,#22,#23,#24,#25,#26,#27,#28,#29,#30,#31,#32,
#33,#34,#35,#36,#37,#38,#39,#40,#41,#42,#43,#44,#45,#46,#47,#48,#49,#50,
#51,#52,#53,#54,#55,#56,#57,#58,#59,#60,#61,#62,#63,#64,#65,#66,#67,#68,
#69,#70,#71,#72,#73,#74,#75,#76,#77,#78,#79,#80,#81,#82,#83,#84,#85,#86,
#87));
#14=FACE_BOUND('',#171,.T.);
#15=FACE_BOUND('',#172,.T.);
#16=FACE_BOUND('',#202,.T.);
#17=FACE_BOUND('',#205,.T.);
#18=FACE_BOUND('',#219,.T.);
#19=FACE_BOUND('',#220,.T.);
#20=ADVANCED_FACE('',(#88),#1152,.T.);
#21=ADVANCED_FACE('',(#89),#1158,.T.);
#22=ADVANCED_FACE('',(#90),#1153,.T.);
#23=ADVANCED_FACE('',(#91),#1138,.T.);
#24=ADVANCED_FACE('',(#92),#1139,.T.);
#25=ADVANCED_FACE('',(#93),#1140,.T.);
#26=ADVANCED_FACE('',(#94),#1141,.T.);
#27=ADVANCED_FACE('',(#95),#1128,.T.);
#28=ADVANCED_FACE('',(#96),#1129,.T.);
#29=ADVANCED_FACE('',(#97),#1130,.T.);
#30=ADVANCED_FACE('',(#98),#1159,.T.);
#31=ADVANCED_FACE('',(#99),#1150,.T.);
#32=ADVANCED_FACE('',(#100),#1151,.T.);
#33=ADVANCED_FACE('',(#101),#1142,.T.);
#34=ADVANCED_FACE('',(#102,#14,#15),#1159,.T.);
#35=ADVANCED_FACE('',(#103),#1143,.T.);
#36=ADVANCED_FACE('',(#104),#1154,.T.);
#37=ADVANCED_FACE('',(#105),#1155,.T.);
#38=ADVANCED_FACE('',(#106),#1160,.T.);
#39=ADVANCED_FACE('',(#107),#1161,.T.);
#40=ADVANCED_FACE('',(#108),#1183,.T.);
#41=ADVANCED_FACE('',(#109),#1184,.T.);
#42=ADVANCED_FACE('',(#110),#1131,.T.);
#43=ADVANCED_FACE('',(#111),#1132,.T.);
#44=ADVANCED_FACE('',(#112),#1185,.T.);
#45=ADVANCED_FACE('',(#113),#1162,.T.);
#46=ADVANCED_FACE('',(#114),#1186,.T.);
#47=ADVANCED_FACE('',(#115),#1133,.T.);
#48=ADVANCED_FACE('',(#116),#1134,.T.);
#49=ADVANCED_FACE('',(#117),#1187,.T.);
#50=ADVANCED_FACE('',(#118),#1163,.T.);
#51=ADVANCED_FACE('',(#119),#1135,.T.);
#52=ADVANCED_FACE('',(#120),#1136,.T.);
#53=ADVANCED_FACE('',(#121),#1137,.T.);
#54=ADVANCED_FACE('',(#122),#1167,.T.);
#55=ADVANCED_FACE('',(#123),#1169,.T.);
#56=ADVANCED_FACE('',(#124),#1170,.T.);
#57=ADVANCED_FACE('',(#125),#1171,.T.);
#58=ADVANCED_FACE('',(#126),#1172,.T.);
#59=ADVANCED_FACE('',(#127),#1173,.T.);
#60=ADVANCED_FACE('',(#128),#1176,.T.);
#61=ADVANCED_FACE('',(#129),#1144,.T.);
#62=ADVANCED_FACE('',(#130),#1146,.T.);
#63=ADVANCED_FACE('',(#131,#16),#1188,.T.);
#64=ADVANCED_FACE('',(#132),#1189,.T.);
#65=ADVANCED_FACE('',(#133,#17),#1190,.T.);
#66=ADVANCED_FACE('',(#134),#1148,.T.);
#67=ADVANCED_FACE('',(#135),#1124,.T.);
#68=ADVANCED_FACE('',(#136),#1125,.T.);
#69=ADVANCED_FACE('',(#137),#1126,.T.);
#70=ADVANCED_FACE('',(#138),#1127,.T.);
#71=ADVANCED_FACE('',(#139),#1164,.T.);
#72=ADVANCED_FACE('',(#140),#1165,.T.);
#73=ADVANCED_FACE('',(#141),#1166,.T.);
#74=ADVANCED_FACE('',(#142),#1168,.T.);
#75=ADVANCED_FACE('',(#143),#1174,.T.);
#76=ADVANCED_FACE('',(#144),#1175,.T.);
#77=ADVANCED_FACE('',(#145),#1178,.T.);
#78=ADVANCED_FACE('',(#146,#18,#19),#1177,.T.);
#79=ADVANCED_FACE('',(#147),#1179,.T.);
#80=ADVANCED_FACE('',(#148),#1156,.T.);
#81=ADVANCED_FACE('',(#149),#1180,.T.);
#82=ADVANCED_FACE('',(#150),#1181,.T.);
#83=ADVANCED_FACE('',(#151),#1157,.T.);
#84=ADVANCED_FACE('',(#152),#1182,.T.);
#85=ADVANCED_FACE('',(#153),#1145,.T.);
#86=ADVANCED_FACE('',(#154),#1147,.T.);
#87=ADVANCED_FACE('',(#155),#1149,.T.);
#88=FACE_OUTER_BOUND('',#156,.T.);
#89=FACE_OUTER_BOUND('',#157,.T.);
#90=FACE_OUTER_BOUND('',#158,.T.);
#91=FACE_OUTER_BOUND('',#159,.T.);
#92=FACE_OUTER_BOUND('',#160,.T.);
#93=FACE_OUTER_BOUND('',#161,.T.);
#94=FACE_OUTER_BOUND('',#162,.T.);
#95=FACE_OUTER_BOUND('',#163,.T.);
#96=FACE_OUTER_BOUND('',#164,.T.);
#97=FACE_OUTER_BOUND('',#165,.T.);
#98=FACE_OUTER_BOUND('',#166,.T.);
#99=FACE_OUTER_BOUND('',#167,.T.);
#100=FACE_OUTER_BOUND('',#168,.T.);
#101=FACE_OUTER_BOUND('',#169,.T.);
#102=FACE_OUTER_BOUND('',#170,.T.);
#103=FACE_OUTER_BOUND('',#173,.T.);
#104=FACE_OUTER_BOUND('',#174,.T.);
#105=FACE_OUTER_BOUND('',#175,.T.);
#106=FACE_OUTER_BOUND('',#176,.T.);
#107=FACE_OUTER_BOUND('',#177,.T.);
#108=FACE_OUTER_BOUND('',#178,.T.);
#109=FACE_OUTER_BOUND('',#179,.T.);
#110=FACE_OUTER_BOUND('',#180,.T.);
#111=FACE_OUTER_BOUND('',#181,.T.);
#112=FACE_OUTER_BOUND('',#182,.T.);
#113=FACE_OUTER_BOUND('',#183,.T.);
#114=FACE_OUTER_BOUND('',#184,.T.);
#115=FACE_OUTER_BOUND('',#185,.T.);
#116=FACE_OUTER_BOUND('',#186,.T.);
#117=FACE_OUTER_BOUND('',#187,.T.);
#118=FACE_OUTER_BOUND('',#188,.T.);
#119=FACE_OUTER_BOUND('',#189,.T.);
#120=FACE_OUTER_BOUND('',#190,.T.);
#121=FACE_OUTER_BOUND('',#191,.T.);
#122=FACE_OUTER_BOUND('',#192,.T.);
#123=FACE_OUTER_BOUND('',#193,.T.);
#124=FACE_OUTER_BOUND('',#194,.T.);
#125=FACE_OUTER_BOUND('',#195,.T.);
#126=FACE_OUTER_BOUND('',#196,.T.);
#127=FACE_OUTER_BOUND('',#197,.T.);
#128=FACE_OUTER_BOUND('',#198,.T.);
#129=FACE_OUTER_BOUND('',#199,.T.);
#130=FACE_OUTER_BOUND('',#200,.T.);
#131=FACE_OUTER_BOUND('',#201,.T.);
#132=FACE_OUTER_BOUND('',#203,.T.);
#133=FACE_OUTER_BOUND('',#204,.T.);
#134=FACE_OUTER_BOUND('',#206,.T.);
#135=FACE_OUTER_BOUND('',#207,.T.);
#136=FACE_OUTER_BOUND('',#208,.T.);
#137=FACE_OUTER_BOUND('',#209,.T.);
#138=FACE_OUTER_BOUND('',#210,.T.);
#139=FACE_OUTER_BOUND('',#211,.T.);
#140=FACE_OUTER_BOUND('',#212,.T.);
#141=FACE_OUTER_BOUND('',#213,.T.);
#142=FACE_OUTER_BOUND('',#214,.T.);
#143=FACE_OUTER_BOUND('',#215,.T.);
#144=FACE_OUTER_BOUND('',#216,.T.);
#145=FACE_OUTER_BOUND('',#217,.T.);
#146=FACE_OUTER_BOUND('',#218,.T.);
#147=FACE_OUTER_BOUND('',#221,.T.);
#148=FACE_OUTER_BOUND('',#222,.T.);
#149=FACE_OUTER_BOUND('',#223,.T.);
#150=FACE_OUTER_BOUND('',#224,.T.);
#151=FACE_OUTER_BOUND('',#225,.T.);
#152=FACE_OUTER_BOUND('',#226,.T.);
#153=FACE_OUTER_BOUND('',#227,.T.);
#154=FACE_OUTER_BOUND('',#228,.T.);
#155=FACE_OUTER_BOUND('',#229,.T.);
#156=EDGE_LOOP('',(#230,#231,#232,#233,#234));
#157=EDGE_LOOP('',(#235,#236,#237,#238));
#158=EDGE_LOOP('',(#239,#240,#241,#242,#243));
#159=EDGE_LOOP('',(#244,#245,#246,#247,#248));
#160=EDGE_LOOP('',(#249,#250,#251,#252));
#161=EDGE_LOOP('',(#253,#254,#255,#256,#257));
#162=EDGE_LOOP('',(#258,#259,#260,#261));
#163=EDGE_LOOP('',(#262,#263,#264,#265));
#164=EDGE_LOOP('',(#266,#267,#268,#269));
#165=EDGE_LOOP('',(#270,#271,#272,#273));
#166=EDGE_LOOP('',(#274,#275,#276,#277,#278));
#167=EDGE_LOOP('',(#279,#280,#281,#282,#283,#284));
#168=EDGE_LOOP('',(#285,#286,#287,#288,#289,#290));
#169=EDGE_LOOP('',(#291,#292,#293,#294));
#170=EDGE_LOOP('',(#295,#296,#297,#298));
#171=EDGE_LOOP('',(#299,#300));
#172=EDGE_LOOP('',(#301,#302));
#173=EDGE_LOOP('',(#303,#304,#305,#306));
#174=EDGE_LOOP('',(#307,#308,#309,#310));
#175=EDGE_LOOP('',(#311,#312,#313,#314));
#176=EDGE_LOOP('',(#315,#316,#317,#318,#319,#320));
#177=EDGE_LOOP('',(#321,#322,#323,#324,#325,#326));
#178=EDGE_LOOP('',(#327,#328,#329,#330));
#179=EDGE_LOOP('',(#331,#332,#333,#334));
#180=EDGE_LOOP('',(#335,#336,#337,#338));
#181=EDGE_LOOP('',(#339,#340,#341,#342));
#182=EDGE_LOOP('',(#343,#344,#345,#346));
#183=EDGE_LOOP('',(#347,#348,#349,#350,#351,#352,#353,#354));
#184=EDGE_LOOP('',(#355,#356,#357,#358));
#185=EDGE_LOOP('',(#359,#360,#361,#362));
#186=EDGE_LOOP('',(#363,#364,#365,#366));
#187=EDGE_LOOP('',(#367,#368,#369,#370));
#188=EDGE_LOOP('',(#371,#372,#373,#374,#375,#376,#377,#378,#379));
#189=EDGE_LOOP('',(#380,#381,#382,#383));
#190=EDGE_LOOP('',(#384,#385,#386,#387));
#191=EDGE_LOOP('',(#388,#389,#390,#391));
#192=EDGE_LOOP('',(#392,#393,#394,#395,#396,#397,#398,#399,#400,#401,#402,
#403,#404,#405));
#193=EDGE_LOOP('',(#406,#407,#408,#409));
#194=EDGE_LOOP('',(#410,#411,#412,#413,#414,#415,#416));
#195=EDGE_LOOP('',(#417,#418,#419,#420,#421,#422));
#196=EDGE_LOOP('',(#423,#424,#425,#426,#427,#428,#429,#430));
#197=EDGE_LOOP('',(#431,#432,#433,#434,#435,#436,#437,#438,#439,#440));
#198=EDGE_LOOP('',(#441,#442,#443,#444));
#199=EDGE_LOOP('',(#445,#446,#447,#448));
#200=EDGE_LOOP('',(#449,#450,#451,#452));
#201=EDGE_LOOP('',(#453,#454,#455,#456,#457,#458,#459,#460));
#202=EDGE_LOOP('',(#461,#462));
#203=EDGE_LOOP('',(#463,#464));
#204=EDGE_LOOP('',(#465,#466,#467,#468,#469,#470,#471,#472,#473,#474,#475,
#476,#477,#478,#479,#480,#481,#482));
#205=EDGE_LOOP('',(#483,#484));
#206=EDGE_LOOP('',(#485,#486,#487,#488));
#207=EDGE_LOOP('',(#489,#490,#491));
#208=EDGE_LOOP('',(#492,#493,#494,#495));
#209=EDGE_LOOP('',(#496,#497,#498,#499));
#210=EDGE_LOOP('',(#500,#501,#502,#503));
#211=EDGE_LOOP('',(#504,#505,#506,#507,#508,#509,#510,#511,#512));
#212=EDGE_LOOP('',(#513,#514,#515,#516,#517,#518));
#213=EDGE_LOOP('',(#519,#520,#521,#522,#523,#524,#525,#526));
#214=EDGE_LOOP('',(#527,#528,#529,#530,#531,#532,#533,#534,#535,#536,#537,
#538));
#215=EDGE_LOOP('',(#539,#540,#541,#542));
#216=EDGE_LOOP('',(#543,#544,#545,#546));
#217=EDGE_LOOP('',(#547,#548,#549,#550,#551,#552,#553,#554,#555,#556,#557,
#558,#559,#560,#561,#562,#563,#564,#565,#566));
#218=EDGE_LOOP('',(#567,#568,#569,#570,#571,#572,#573));
#219=EDGE_LOOP('',(#574,#575));
#220=EDGE_LOOP('',(#576,#577));
#221=EDGE_LOOP('',(#578,#579,#580,#581));
#222=EDGE_LOOP('',(#582,#583,#584,#585));
#223=EDGE_LOOP('',(#586,#587,#588,#589));
#224=EDGE_LOOP('',(#590,#591,#592,#593));
#225=EDGE_LOOP('',(#594,#595,#596,#597));
#226=EDGE_LOOP('',(#598,#599,#600,#601));
#227=EDGE_LOOP('',(#602,#603,#604,#605));
#228=EDGE_LOOP('',(#606,#607,#608,#609));
#229=EDGE_LOOP('',(#610,#611,#612,#613));
#230=ORIENTED_EDGE('',*,*,#617,.T.);
#231=ORIENTED_EDGE('',*,*,#618,.T.);
#232=ORIENTED_EDGE('',*,*,#615,.F.);
#233=ORIENTED_EDGE('',*,*,#633,.F.);
#234=ORIENTED_EDGE('',*,*,#757,.T.);
#235=ORIENTED_EDGE('',*,*,#619,.T.);
#236=ORIENTED_EDGE('',*,*,#616,.F.);
#237=ORIENTED_EDGE('',*,*,#634,.F.);
#238=ORIENTED_EDGE('',*,*,#615,.T.);
#239=ORIENTED_EDGE('',*,*,#659,.F.);
#240=ORIENTED_EDGE('',*,*,#616,.T.);
#241=ORIENTED_EDGE('',*,*,#620,.F.);
#242=ORIENTED_EDGE('',*,*,#690,.F.);
#243=ORIENTED_EDGE('',*,*,#682,.F.);
#244=ORIENTED_EDGE('',*,*,#689,.T.);
#245=ORIENTED_EDGE('',*,*,#622,.F.);
#246=ORIENTED_EDGE('',*,*,#621,.F.);
#247=ORIENTED_EDGE('',*,*,#692,.F.);
#248=ORIENTED_EDGE('',*,*,#683,.F.);
#249=ORIENTED_EDGE('',*,*,#684,.T.);
#250=ORIENTED_EDGE('',*,*,#691,.T.);
#251=ORIENTED_EDGE('',*,*,#623,.T.);
#252=ORIENTED_EDGE('',*,*,#689,.F.);
#253=ORIENTED_EDGE('',*,*,#637,.F.);
#254=ORIENTED_EDGE('',*,*,#636,.F.);
#255=ORIENTED_EDGE('',*,*,#638,.F.);
#256=ORIENTED_EDGE('',*,*,#681,.F.);
#257=ORIENTED_EDGE('',*,*,#675,.F.);
#258=ORIENTED_EDGE('',*,*,#676,.T.);
#259=ORIENTED_EDGE('',*,*,#681,.T.);
#260=ORIENTED_EDGE('',*,*,#639,.T.);
#261=ORIENTED_EDGE('',*,*,#645,.T.);
#262=ORIENTED_EDGE('',*,*,#647,.T.);
#263=ORIENTED_EDGE('',*,*,#636,.T.);
#264=ORIENTED_EDGE('',*,*,#646,.F.);
#265=ORIENTED_EDGE('',*,*,#640,.F.);
#266=ORIENTED_EDGE('',*,*,#643,.T.);
#267=ORIENTED_EDGE('',*,*,#649,.F.);
#268=ORIENTED_EDGE('',*,*,#641,.F.);
#269=ORIENTED_EDGE('',*,*,#648,.T.);
#270=ORIENTED_EDGE('',*,*,#644,.T.);
#271=ORIENTED_EDGE('',*,*,#651,.F.);
#272=ORIENTED_EDGE('',*,*,#642,.F.);
#273=ORIENTED_EDGE('',*,*,#650,.T.);
#274=ORIENTED_EDGE('',*,*,#660,.T.);
#275=ORIENTED_EDGE('',*,*,#635,.F.);
#276=ORIENTED_EDGE('',*,*,#758,.T.);
#277=ORIENTED_EDGE('',*,*,#633,.T.);
#278=ORIENTED_EDGE('',*,*,#634,.T.);
#279=ORIENTED_EDGE('',*,*,#653,.F.);
#280=ORIENTED_EDGE('',*,*,#654,.F.);
#281=ORIENTED_EDGE('',*,*,#652,.F.);
#282=ORIENTED_EDGE('',*,*,#656,.F.);
#283=ORIENTED_EDGE('',*,*,#655,.T.);
#284=ORIENTED_EDGE('',*,*,#680,.F.);
#285=ORIENTED_EDGE('',*,*,#688,.T.);
#286=ORIENTED_EDGE('',*,*,#662,.T.);
#287=ORIENTED_EDGE('',*,*,#657,.F.);
#288=ORIENTED_EDGE('',*,*,#660,.F.);
#289=ORIENTED_EDGE('',*,*,#659,.T.);
#290=ORIENTED_EDGE('',*,*,#687,.F.);
#291=ORIENTED_EDGE('',*,*,#667,.T.);
#292=ORIENTED_EDGE('',*,*,#664,.T.);
#293=ORIENTED_EDGE('',*,*,#656,.T.);
#294=ORIENTED_EDGE('',*,*,#663,.F.);
#295=ORIENTED_EDGE('',*,*,#665,.F.);
#296=ORIENTED_EDGE('',*,*,#669,.F.);
#297=ORIENTED_EDGE('',*,*,#666,.T.);
#298=ORIENTED_EDGE('',*,*,#668,.F.);
#299=ORIENTED_EDGE('',*,*,#751,.T.);
#300=ORIENTED_EDGE('',*,*,#798,.T.);
#301=ORIENTED_EDGE('',*,*,#754,.T.);
#302=ORIENTED_EDGE('',*,*,#801,.T.);
#303=ORIENTED_EDGE('',*,*,#670,.T.);
#304=ORIENTED_EDGE('',*,*,#658,.F.);
#305=ORIENTED_EDGE('',*,*,#662,.F.);
#306=ORIENTED_EDGE('',*,*,#661,.T.);
#307=ORIENTED_EDGE('',*,*,#671,.F.);
#308=ORIENTED_EDGE('',*,*,#668,.T.);
#309=ORIENTED_EDGE('',*,*,#672,.T.);
#310=ORIENTED_EDGE('',*,*,#667,.F.);
#311=ORIENTED_EDGE('',*,*,#674,.T.);
#312=ORIENTED_EDGE('',*,*,#669,.T.);
#313=ORIENTED_EDGE('',*,*,#673,.F.);
#314=ORIENTED_EDGE('',*,*,#670,.F.);
#315=ORIENTED_EDGE('',*,*,#675,.T.);
#316=ORIENTED_EDGE('',*,*,#676,.F.);
#317=ORIENTED_EDGE('',*,*,#678,.T.);
#318=ORIENTED_EDGE('',*,*,#677,.F.);
#319=ORIENTED_EDGE('',*,*,#680,.T.);
#320=ORIENTED_EDGE('',*,*,#679,.T.);
#321=ORIENTED_EDGE('',*,*,#682,.T.);
#322=ORIENTED_EDGE('',*,*,#685,.T.);
#323=ORIENTED_EDGE('',*,*,#684,.F.);
#324=ORIENTED_EDGE('',*,*,#683,.T.);
#325=ORIENTED_EDGE('',*,*,#686,.T.);
#326=ORIENTED_EDGE('',*,*,#687,.T.);
#327=ORIENTED_EDGE('',*,*,#685,.F.);
#328=ORIENTED_EDGE('',*,*,#693,.T.);
#329=ORIENTED_EDGE('',*,*,#694,.T.);
#330=ORIENTED_EDGE('',*,*,#695,.T.);
#331=ORIENTED_EDGE('',*,*,#691,.F.);
#332=ORIENTED_EDGE('',*,*,#695,.F.);
#333=ORIENTED_EDGE('',*,*,#696,.T.);
#334=ORIENTED_EDGE('',*,*,#697,.T.);
#335=ORIENTED_EDGE('',*,*,#625,.F.);
#336=ORIENTED_EDGE('',*,*,#699,.F.);
#337=ORIENTED_EDGE('',*,*,#700,.T.);
#338=ORIENTED_EDGE('',*,*,#701,.T.);
#339=ORIENTED_EDGE('',*,*,#624,.F.);
#340=ORIENTED_EDGE('',*,*,#703,.F.);
#341=ORIENTED_EDGE('',*,*,#704,.T.);
#342=ORIENTED_EDGE('',*,*,#705,.T.);
#343=ORIENTED_EDGE('',*,*,#690,.T.);
#344=ORIENTED_EDGE('',*,*,#707,.F.);
#345=ORIENTED_EDGE('',*,*,#708,.T.);
#346=ORIENTED_EDGE('',*,*,#693,.F.);
#347=ORIENTED_EDGE('',*,*,#708,.F.);
#348=ORIENTED_EDGE('',*,*,#706,.F.);
#349=ORIENTED_EDGE('',*,*,#704,.F.);
#350=ORIENTED_EDGE('',*,*,#702,.F.);
#351=ORIENTED_EDGE('',*,*,#700,.F.);
#352=ORIENTED_EDGE('',*,*,#698,.F.);
#353=ORIENTED_EDGE('',*,*,#696,.F.);
#354=ORIENTED_EDGE('',*,*,#694,.F.);
#355=ORIENTED_EDGE('',*,*,#678,.F.);
#356=ORIENTED_EDGE('',*,*,#709,.T.);
#357=ORIENTED_EDGE('',*,*,#710,.T.);
#358=ORIENTED_EDGE('',*,*,#711,.T.);
#359=ORIENTED_EDGE('',*,*,#643,.F.);
#360=ORIENTED_EDGE('',*,*,#713,.F.);
#361=ORIENTED_EDGE('',*,*,#714,.T.);
#362=ORIENTED_EDGE('',*,*,#715,.T.);
#363=ORIENTED_EDGE('',*,*,#644,.F.);
#364=ORIENTED_EDGE('',*,*,#717,.F.);
#365=ORIENTED_EDGE('',*,*,#718,.T.);
#366=ORIENTED_EDGE('',*,*,#719,.T.);
#367=ORIENTED_EDGE('',*,*,#645,.F.);
#368=ORIENTED_EDGE('',*,*,#721,.F.);
#369=ORIENTED_EDGE('',*,*,#722,.T.);
#370=ORIENTED_EDGE('',*,*,#709,.F.);
#371=ORIENTED_EDGE('',*,*,#749,.F.);
#372=ORIENTED_EDGE('',*,*,#712,.F.);
#373=ORIENTED_EDGE('',*,*,#710,.F.);
#374=ORIENTED_EDGE('',*,*,#722,.F.);
#375=ORIENTED_EDGE('',*,*,#720,.F.);
#376=ORIENTED_EDGE('',*,*,#718,.F.);
#377=ORIENTED_EDGE('',*,*,#716,.F.);
#378=ORIENTED_EDGE('',*,*,#714,.F.);
#379=ORIENTED_EDGE('',*,*,#745,.F.);
#380=ORIENTED_EDGE('',*,*,#729,.F.);
#381=ORIENTED_EDGE('',*,*,#728,.F.);
#382=ORIENTED_EDGE('',*,*,#727,.T.);
#383=ORIENTED_EDGE('',*,*,#641,.T.);
#384=ORIENTED_EDGE('',*,*,#733,.F.);
#385=ORIENTED_EDGE('',*,*,#732,.F.);
#386=ORIENTED_EDGE('',*,*,#731,.T.);
#387=ORIENTED_EDGE('',*,*,#642,.T.);
#388=ORIENTED_EDGE('',*,*,#723,.T.);
#389=ORIENTED_EDGE('',*,*,#736,.F.);
#390=ORIENTED_EDGE('',*,*,#735,.T.);
#391=ORIENTED_EDGE('',*,*,#640,.T.);
#392=ORIENTED_EDGE('',*,*,#746,.T.);
#393=ORIENTED_EDGE('',*,*,#728,.T.);
#394=ORIENTED_EDGE('',*,*,#730,.T.);
#395=ORIENTED_EDGE('',*,*,#732,.T.);
#396=ORIENTED_EDGE('',*,*,#734,.T.);
#397=ORIENTED_EDGE('',*,*,#736,.T.);
#398=ORIENTED_EDGE('',*,*,#724,.T.);
#399=ORIENTED_EDGE('',*,*,#744,.T.);
#400=ORIENTED_EDGE('',*,*,#741,.T.);
#401=ORIENTED_EDGE('',*,*,#740,.T.);
#402=ORIENTED_EDGE('',*,*,#739,.T.);
#403=ORIENTED_EDGE('',*,*,#725,.T.);
#404=ORIENTED_EDGE('',*,*,#726,.T.);
#405=ORIENTED_EDGE('',*,*,#750,.T.);
#406=ORIENTED_EDGE('',*,*,#654,.T.);
#407=ORIENTED_EDGE('',*,*,#738,.F.);
#408=ORIENTED_EDGE('',*,*,#725,.F.);
#409=ORIENTED_EDGE('',*,*,#737,.T.);
#410=ORIENTED_EDGE('',*,*,#747,.T.);
#411=ORIENTED_EDGE('',*,*,#726,.F.);
#412=ORIENTED_EDGE('',*,*,#738,.T.);
#413=ORIENTED_EDGE('',*,*,#653,.T.);
#414=ORIENTED_EDGE('',*,*,#677,.T.);
#415=ORIENTED_EDGE('',*,*,#711,.F.);
#416=ORIENTED_EDGE('',*,*,#712,.T.);
#417=ORIENTED_EDGE('',*,*,#745,.T.);
#418=ORIENTED_EDGE('',*,*,#713,.T.);
#419=ORIENTED_EDGE('',*,*,#648,.F.);
#420=ORIENTED_EDGE('',*,*,#727,.F.);
#421=ORIENTED_EDGE('',*,*,#746,.F.);
#422=ORIENTED_EDGE('',*,*,#748,.F.);
#423=ORIENTED_EDGE('',*,*,#715,.F.);
#424=ORIENTED_EDGE('',*,*,#716,.T.);
#425=ORIENTED_EDGE('',*,*,#717,.T.);
#426=ORIENTED_EDGE('',*,*,#650,.F.);
#427=ORIENTED_EDGE('',*,*,#731,.F.);
#428=ORIENTED_EDGE('',*,*,#730,.F.);
#429=ORIENTED_EDGE('',*,*,#729,.T.);
#430=ORIENTED_EDGE('',*,*,#649,.T.);
#431=ORIENTED_EDGE('',*,*,#735,.F.);
#432=ORIENTED_EDGE('',*,*,#734,.F.);
#433=ORIENTED_EDGE('',*,*,#733,.T.);
#434=ORIENTED_EDGE('',*,*,#651,.T.);
#435=ORIENTED_EDGE('',*,*,#719,.F.);
#436=ORIENTED_EDGE('',*,*,#720,.T.);
#437=ORIENTED_EDGE('',*,*,#721,.T.);
#438=ORIENTED_EDGE('',*,*,#639,.F.);
#439=ORIENTED_EDGE('',*,*,#638,.T.);
#440=ORIENTED_EDGE('',*,*,#647,.F.);
#441=ORIENTED_EDGE('',*,*,#749,.T.);
#442=ORIENTED_EDGE('',*,*,#748,.T.);
#443=ORIENTED_EDGE('',*,*,#750,.F.);
#444=ORIENTED_EDGE('',*,*,#747,.F.);
#445=ORIENTED_EDGE('',*,*,#752,.F.);
#446=ORIENTED_EDGE('',*,*,#753,.T.);
#447=ORIENTED_EDGE('',*,*,#798,.F.);
#448=ORIENTED_EDGE('',*,*,#797,.F.);
#449=ORIENTED_EDGE('',*,*,#755,.F.);
#450=ORIENTED_EDGE('',*,*,#756,.T.);
#451=ORIENTED_EDGE('',*,*,#801,.F.);
#452=ORIENTED_EDGE('',*,*,#800,.F.);
#453=ORIENTED_EDGE('',*,*,#795,.F.);
#454=ORIENTED_EDGE('',*,*,#781,.F.);
#455=ORIENTED_EDGE('',*,*,#789,.F.);
#456=ORIENTED_EDGE('',*,*,#779,.F.);
#457=ORIENTED_EDGE('',*,*,#787,.F.);
#458=ORIENTED_EDGE('',*,*,#774,.F.);
#459=ORIENTED_EDGE('',*,*,#777,.F.);
#460=ORIENTED_EDGE('',*,*,#792,.F.);
#461=ORIENTED_EDGE('',*,*,#804,.F.);
#462=ORIENTED_EDGE('',*,*,#772,.F.);
#463=ORIENTED_EDGE('',*,*,#768,.F.);
#464=ORIENTED_EDGE('',*,*,#778,.T.);
#465=ORIENTED_EDGE('',*,*,#791,.T.);
#466=ORIENTED_EDGE('',*,*,#760,.F.);
#467=ORIENTED_EDGE('',*,*,#765,.F.);
#468=ORIENTED_EDGE('',*,*,#762,.F.);
#469=ORIENTED_EDGE('',*,*,#764,.F.);
#470=ORIENTED_EDGE('',*,*,#761,.F.);
#471=ORIENTED_EDGE('',*,*,#763,.F.);
#472=ORIENTED_EDGE('',*,*,#759,.F.);
#473=ORIENTED_EDGE('',*,*,#757,.F.);
#474=ORIENTED_EDGE('',*,*,#758,.F.);
#475=ORIENTED_EDGE('',*,*,#766,.T.);
#476=ORIENTED_EDGE('',*,*,#767,.T.);
#477=ORIENTED_EDGE('',*,*,#769,.T.);
#478=ORIENTED_EDGE('',*,*,#788,.T.);
#479=ORIENTED_EDGE('',*,*,#780,.T.);
#480=ORIENTED_EDGE('',*,*,#790,.T.);
#481=ORIENTED_EDGE('',*,*,#782,.T.);
#482=ORIENTED_EDGE('',*,*,#796,.T.);
#483=ORIENTED_EDGE('',*,*,#805,.F.);
#484=ORIENTED_EDGE('',*,*,#773,.F.);
#485=ORIENTED_EDGE('',*,*,#805,.T.);
#486=ORIENTED_EDGE('',*,*,#614,.T.);
#487=ORIENTED_EDGE('',*,*,#772,.T.);
#488=ORIENTED_EDGE('',*,*,#803,.F.);
#489=ORIENTED_EDGE('',*,*,#759,.T.);
#490=ORIENTED_EDGE('',*,*,#628,.F.);
#491=ORIENTED_EDGE('',*,*,#617,.F.);
#492=ORIENTED_EDGE('',*,*,#760,.T.);
#493=ORIENTED_EDGE('',*,*,#626,.F.);
#494=ORIENTED_EDGE('',*,*,#621,.T.);
#495=ORIENTED_EDGE('',*,*,#627,.T.);
#496=ORIENTED_EDGE('',*,*,#761,.T.);
#497=ORIENTED_EDGE('',*,*,#630,.F.);
#498=ORIENTED_EDGE('',*,*,#624,.T.);
#499=ORIENTED_EDGE('',*,*,#629,.T.);
#500=ORIENTED_EDGE('',*,*,#762,.T.);
#501=ORIENTED_EDGE('',*,*,#632,.F.);
#502=ORIENTED_EDGE('',*,*,#625,.T.);
#503=ORIENTED_EDGE('',*,*,#631,.T.);
#504=ORIENTED_EDGE('',*,*,#763,.T.);
#505=ORIENTED_EDGE('',*,*,#629,.F.);
#506=ORIENTED_EDGE('',*,*,#705,.F.);
#507=ORIENTED_EDGE('',*,*,#706,.T.);
#508=ORIENTED_EDGE('',*,*,#707,.T.);
#509=ORIENTED_EDGE('',*,*,#620,.T.);
#510=ORIENTED_EDGE('',*,*,#619,.F.);
#511=ORIENTED_EDGE('',*,*,#618,.F.);
#512=ORIENTED_EDGE('',*,*,#628,.T.);
#513=ORIENTED_EDGE('',*,*,#764,.T.);
#514=ORIENTED_EDGE('',*,*,#631,.F.);
#515=ORIENTED_EDGE('',*,*,#701,.F.);
#516=ORIENTED_EDGE('',*,*,#702,.T.);
#517=ORIENTED_EDGE('',*,*,#703,.T.);
#518=ORIENTED_EDGE('',*,*,#630,.T.);
#519=ORIENTED_EDGE('',*,*,#765,.T.);
#520=ORIENTED_EDGE('',*,*,#627,.F.);
#521=ORIENTED_EDGE('',*,*,#622,.T.);
#522=ORIENTED_EDGE('',*,*,#623,.F.);
#523=ORIENTED_EDGE('',*,*,#697,.F.);
#524=ORIENTED_EDGE('',*,*,#698,.T.);
#525=ORIENTED_EDGE('',*,*,#699,.T.);
#526=ORIENTED_EDGE('',*,*,#632,.T.);
#527=ORIENTED_EDGE('',*,*,#635,.T.);
#528=ORIENTED_EDGE('',*,*,#657,.T.);
#529=ORIENTED_EDGE('',*,*,#658,.T.);
#530=ORIENTED_EDGE('',*,*,#673,.T.);
#531=ORIENTED_EDGE('',*,*,#665,.T.);
#532=ORIENTED_EDGE('',*,*,#671,.T.);
#533=ORIENTED_EDGE('',*,*,#663,.T.);
#534=ORIENTED_EDGE('',*,*,#652,.T.);
#535=ORIENTED_EDGE('',*,*,#737,.F.);
#536=ORIENTED_EDGE('',*,*,#739,.F.);
#537=ORIENTED_EDGE('',*,*,#770,.F.);
#538=ORIENTED_EDGE('',*,*,#766,.F.);
#539=ORIENTED_EDGE('',*,*,#770,.T.);
#540=ORIENTED_EDGE('',*,*,#740,.F.);
#541=ORIENTED_EDGE('',*,*,#771,.F.);
#542=ORIENTED_EDGE('',*,*,#767,.F.);
#543=ORIENTED_EDGE('',*,*,#768,.T.);
#544=ORIENTED_EDGE('',*,*,#742,.F.);
#545=ORIENTED_EDGE('',*,*,#744,.F.);
#546=ORIENTED_EDGE('',*,*,#743,.T.);
#547=ORIENTED_EDGE('',*,*,#794,.T.);
#548=ORIENTED_EDGE('',*,*,#792,.T.);
#549=ORIENTED_EDGE('',*,*,#776,.T.);
#550=ORIENTED_EDGE('',*,*,#743,.F.);
#551=ORIENTED_EDGE('',*,*,#724,.F.);
#552=ORIENTED_EDGE('',*,*,#723,.F.);
#553=ORIENTED_EDGE('',*,*,#646,.T.);
#554=ORIENTED_EDGE('',*,*,#637,.T.);
#555=ORIENTED_EDGE('',*,*,#679,.F.);
#556=ORIENTED_EDGE('',*,*,#655,.F.);
#557=ORIENTED_EDGE('',*,*,#664,.F.);
#558=ORIENTED_EDGE('',*,*,#672,.F.);
#559=ORIENTED_EDGE('',*,*,#666,.F.);
#560=ORIENTED_EDGE('',*,*,#674,.F.);
#561=ORIENTED_EDGE('',*,*,#661,.F.);
#562=ORIENTED_EDGE('',*,*,#688,.F.);
#563=ORIENTED_EDGE('',*,*,#686,.F.);
#564=ORIENTED_EDGE('',*,*,#692,.T.);
#565=ORIENTED_EDGE('',*,*,#626,.T.);
#566=ORIENTED_EDGE('',*,*,#791,.F.);
#567=ORIENTED_EDGE('',*,*,#786,.T.);
#568=ORIENTED_EDGE('',*,*,#769,.F.);
#569=ORIENTED_EDGE('',*,*,#771,.T.);
#570=ORIENTED_EDGE('',*,*,#741,.F.);
#571=ORIENTED_EDGE('',*,*,#742,.T.);
#572=ORIENTED_EDGE('',*,*,#775,.F.);
#573=ORIENTED_EDGE('',*,*,#774,.T.);
#574=ORIENTED_EDGE('',*,*,#752,.T.);
#575=ORIENTED_EDGE('',*,*,#799,.T.);
#576=ORIENTED_EDGE('',*,*,#755,.T.);
#577=ORIENTED_EDGE('',*,*,#802,.T.);
#578=ORIENTED_EDGE('',*,*,#775,.T.);
#579=ORIENTED_EDGE('',*,*,#778,.F.);
#580=ORIENTED_EDGE('',*,*,#776,.F.);
#581=ORIENTED_EDGE('',*,*,#777,.T.);
#582=ORIENTED_EDGE('',*,*,#779,.T.);
#583=ORIENTED_EDGE('',*,*,#784,.F.);
#584=ORIENTED_EDGE('',*,*,#780,.F.);
#585=ORIENTED_EDGE('',*,*,#783,.F.);
#586=ORIENTED_EDGE('',*,*,#783,.T.);
#587=ORIENTED_EDGE('',*,*,#788,.F.);
#588=ORIENTED_EDGE('',*,*,#786,.F.);
#589=ORIENTED_EDGE('',*,*,#787,.T.);
#590=ORIENTED_EDGE('',*,*,#784,.T.);
#591=ORIENTED_EDGE('',*,*,#789,.T.);
#592=ORIENTED_EDGE('',*,*,#785,.F.);
#593=ORIENTED_EDGE('',*,*,#790,.F.);
#594=ORIENTED_EDGE('',*,*,#782,.F.);
#595=ORIENTED_EDGE('',*,*,#785,.T.);
#596=ORIENTED_EDGE('',*,*,#781,.T.);
#597=ORIENTED_EDGE('',*,*,#793,.F.);
#598=ORIENTED_EDGE('',*,*,#793,.T.);
#599=ORIENTED_EDGE('',*,*,#795,.T.);
#600=ORIENTED_EDGE('',*,*,#794,.F.);
#601=ORIENTED_EDGE('',*,*,#796,.F.);
#602=ORIENTED_EDGE('',*,*,#797,.T.);
#603=ORIENTED_EDGE('',*,*,#751,.F.);
#604=ORIENTED_EDGE('',*,*,#753,.F.);
#605=ORIENTED_EDGE('',*,*,#799,.F.);
#606=ORIENTED_EDGE('',*,*,#800,.T.);
#607=ORIENTED_EDGE('',*,*,#754,.F.);
#608=ORIENTED_EDGE('',*,*,#756,.F.);
#609=ORIENTED_EDGE('',*,*,#802,.F.);
#610=ORIENTED_EDGE('',*,*,#803,.T.);
#611=ORIENTED_EDGE('',*,*,#804,.T.);
#612=ORIENTED_EDGE('',*,*,#614,.F.);
#613=ORIENTED_EDGE('',*,*,#773,.T.);
#614=EDGE_CURVE('',#999,#998,#924,.T.);
#615=EDGE_CURVE('',#1012,#1001,#806,.T.);
#616=EDGE_CURVE('',#1013,#1002,#807,.T.);
#617=EDGE_CURVE('',#1095,#1000,#808,.T.);
#618=EDGE_CURVE('',#1000,#1001,#809,.T.);
#619=EDGE_CURVE('',#1001,#1002,#810,.T.);
#620=EDGE_CURVE('',#1003,#1002,#811,.T.);
#621=EDGE_CURVE('',#1004,#1005,#812,.T.);
#622=EDGE_CURVE('',#1005,#1006,#813,.T.);
#623=EDGE_CURVE('',#1007,#1006,#814,.T.);
#624=EDGE_CURVE('',#1009,#1008,#925,.T.);
#625=EDGE_CURVE('',#1011,#1010,#926,.T.);
#626=EDGE_CURVE('',#1004,#1090,#927,.T.);
#627=EDGE_CURVE('',#1005,#1098,#928,.T.);
#628=EDGE_CURVE('',#1000,#1097,#929,.T.);
#629=EDGE_CURVE('',#1008,#1099,#930,.T.);
#630=EDGE_CURVE('',#1009,#1100,#931,.T.);
#631=EDGE_CURVE('',#1010,#1101,#932,.T.);
#632=EDGE_CURVE('',#1011,#1102,#933,.T.);
#633=EDGE_CURVE('',#1094,#1012,#815,.T.);
#634=EDGE_CURVE('',#1012,#1013,#816,.T.);
#635=EDGE_CURVE('',#1096,#1032,#817,.T.);
#636=EDGE_CURVE('',#1014,#1015,#818,.T.);
#637=EDGE_CURVE('',#1015,#1043,#934,.T.);
#638=EDGE_CURVE('',#1016,#1014,#819,.T.);
#639=EDGE_CURVE('',#1016,#1017,#820,.T.);
#640=EDGE_CURVE('',#1018,#1019,#935,.T.);
#641=EDGE_CURVE('',#1020,#1021,#936,.T.);
#642=EDGE_CURVE('',#1022,#1023,#937,.T.);
#643=EDGE_CURVE('',#1024,#1025,#938,.T.);
#644=EDGE_CURVE('',#1026,#1027,#939,.T.);
#645=EDGE_CURVE('',#1017,#1045,#940,.T.);
#646=EDGE_CURVE('',#1019,#1015,#941,.T.);
#647=EDGE_CURVE('',#1018,#1014,#942,.T.);
#648=EDGE_CURVE('',#1020,#1024,#943,.T.);
#649=EDGE_CURVE('',#1021,#1025,#944,.T.);
#650=EDGE_CURVE('',#1022,#1026,#945,.T.);
#651=EDGE_CURVE('',#1023,#1027,#946,.T.);
#652=EDGE_CURVE('',#1028,#1029,#947,.T.);
#653=EDGE_CURVE('',#1030,#1046,#948,.T.);
#654=EDGE_CURVE('',#1029,#1030,#949,.T.);
#655=EDGE_CURVE('',#1031,#1048,#950,.T.);
#656=EDGE_CURVE('',#1031,#1028,#951,.T.);
#657=EDGE_CURVE('',#1032,#1033,#952,.T.);
#658=EDGE_CURVE('',#1033,#1037,#953,.T.);
#659=EDGE_CURVE('',#1013,#1049,#954,.T.);
#660=EDGE_CURVE('',#1013,#1032,#955,.T.);
#661=EDGE_CURVE('',#1034,#1038,#956,.T.);
#662=EDGE_CURVE('',#1034,#1033,#957,.T.);
#663=EDGE_CURVE('',#1035,#1028,#958,.T.);
#664=EDGE_CURVE('',#1036,#1031,#959,.T.);
#665=EDGE_CURVE('',#1040,#1039,#821,.T.);
#666=EDGE_CURVE('',#1042,#1041,#822,.T.);
#667=EDGE_CURVE('',#1035,#1036,#960,.T.);
#668=EDGE_CURVE('',#1039,#1041,#823,.T.);
#669=EDGE_CURVE('',#1042,#1040,#824,.T.);
#670=EDGE_CURVE('',#1038,#1037,#961,.T.);
#671=EDGE_CURVE('',#1039,#1035,#825,.T.);
#672=EDGE_CURVE('',#1041,#1036,#826,.T.);
#673=EDGE_CURVE('',#1037,#1040,#827,.T.);
#674=EDGE_CURVE('',#1038,#1042,#828,.T.);
#675=EDGE_CURVE('',#1043,#1044,#829,.T.);
#676=EDGE_CURVE('',#1045,#1044,#830,.T.);
#677=EDGE_CURVE('',#1046,#1047,#831,.T.);
#678=EDGE_CURVE('',#1045,#1047,#832,.T.);
#679=EDGE_CURVE('',#1048,#1043,#833,.T.);
#680=EDGE_CURVE('',#1046,#1048,#834,.T.);
#681=EDGE_CURVE('',#1044,#1016,#962,.T.);
#682=EDGE_CURVE('',#1049,#1050,#835,.T.);
#683=EDGE_CURVE('',#1051,#1052,#836,.T.);
#684=EDGE_CURVE('',#1051,#1053,#837,.T.);
#685=EDGE_CURVE('',#1050,#1053,#838,.T.);
#686=EDGE_CURVE('',#1052,#1054,#839,.T.);
#687=EDGE_CURVE('',#1054,#1049,#840,.T.);
#688=EDGE_CURVE('',#1054,#1034,#963,.T.);
#689=EDGE_CURVE('',#1051,#1006,#964,.T.);
#690=EDGE_CURVE('',#1050,#1003,#841,.T.);
#691=EDGE_CURVE('',#1053,#1007,#842,.T.);
#692=EDGE_CURVE('',#1052,#1004,#965,.T.);
#693=EDGE_CURVE('',#1050,#1055,#843,.T.);
#694=EDGE_CURVE('',#1055,#1056,#844,.T.);
#695=EDGE_CURVE('',#1056,#1053,#845,.T.);
#696=EDGE_CURVE('',#1056,#1057,#846,.T.);
#697=EDGE_CURVE('',#1057,#1007,#847,.T.);
#698=EDGE_CURVE('',#1057,#1058,#966,.T.);
#699=EDGE_CURVE('',#1058,#1011,#848,.T.);
#700=EDGE_CURVE('',#1058,#1059,#967,.T.);
#701=EDGE_CURVE('',#1059,#1010,#849,.T.);
#702=EDGE_CURVE('',#1059,#1060,#850,.T.);
#703=EDGE_CURVE('',#1060,#1009,#851,.T.);
#704=EDGE_CURVE('',#1060,#1061,#968,.T.);
#705=EDGE_CURVE('',#1061,#1008,#852,.T.);
#706=EDGE_CURVE('',#1061,#1062,#853,.T.);
#707=EDGE_CURVE('',#1062,#1003,#854,.T.);
#708=EDGE_CURVE('',#1062,#1055,#855,.T.);
#709=EDGE_CURVE('',#1045,#1063,#856,.T.);
#710=EDGE_CURVE('',#1063,#1064,#857,.T.);
#711=EDGE_CURVE('',#1064,#1047,#858,.T.);
#712=EDGE_CURVE('',#1064,#1082,#859,.T.);
#713=EDGE_CURVE('',#1065,#1024,#860,.T.);
#714=EDGE_CURVE('',#1065,#1066,#969,.T.);
#715=EDGE_CURVE('',#1066,#1025,#861,.T.);
#716=EDGE_CURVE('',#1066,#1067,#862,.T.);
#717=EDGE_CURVE('',#1067,#1026,#863,.T.);
#718=EDGE_CURVE('',#1067,#1068,#970,.T.);
#719=EDGE_CURVE('',#1068,#1027,#864,.T.);
#720=EDGE_CURVE('',#1068,#1069,#971,.T.);
#721=EDGE_CURVE('',#1069,#1017,#865,.T.);
#722=EDGE_CURVE('',#1069,#1063,#972,.T.);
#723=EDGE_CURVE('',#1019,#1070,#866,.T.);
#724=EDGE_CURVE('',#1070,#1080,#867,.T.);
#725=EDGE_CURVE('',#1071,#1072,#868,.T.);
#726=EDGE_CURVE('',#1072,#1084,#869,.T.);
#727=EDGE_CURVE('',#1073,#1020,#870,.T.);
#728=EDGE_CURVE('',#1073,#1074,#973,.T.);
#729=EDGE_CURVE('',#1074,#1021,#871,.T.);
#730=EDGE_CURVE('',#1074,#1075,#872,.T.);
#731=EDGE_CURVE('',#1075,#1022,#873,.T.);
#732=EDGE_CURVE('',#1075,#1076,#974,.T.);
#733=EDGE_CURVE('',#1076,#1023,#874,.T.);
#734=EDGE_CURVE('',#1076,#1077,#975,.T.);
#735=EDGE_CURVE('',#1077,#1018,#875,.T.);
#736=EDGE_CURVE('',#1077,#1070,#976,.T.);
#737=EDGE_CURVE('',#1071,#1029,#876,.T.);
#738=EDGE_CURVE('',#1072,#1030,#877,.T.);
#739=EDGE_CURVE('',#1079,#1071,#878,.T.);
#740=EDGE_CURVE('',#1078,#1079,#879,.T.);
#741=EDGE_CURVE('',#1081,#1078,#880,.T.);
#742=EDGE_CURVE('',#1081,#1092,#881,.T.);
#743=EDGE_CURVE('',#1080,#1091,#882,.T.);
#744=EDGE_CURVE('',#1080,#1081,#883,.T.);
#745=EDGE_CURVE('',#1083,#1065,#884,.T.);
#746=EDGE_CURVE('',#1085,#1073,#885,.T.);
#747=EDGE_CURVE('',#1082,#1084,#886,.T.);
#748=EDGE_CURVE('',#1083,#1085,#887,.T.);
#749=EDGE_CURVE('',#1082,#1083,#888,.T.);
#750=EDGE_CURVE('',#1084,#1085,#889,.T.);
#751=EDGE_CURVE('',#1086,#1119,#977,.T.);
#752=EDGE_CURVE('',#1087,#1118,#978,.T.);
#753=EDGE_CURVE('',#1087,#1086,#979,.T.);
#754=EDGE_CURVE('',#1088,#1121,#980,.T.);
#755=EDGE_CURVE('',#1089,#1120,#981,.T.);
#756=EDGE_CURVE('',#1089,#1088,#982,.T.);
#757=EDGE_CURVE('',#1094,#1095,#890,.T.);
#758=EDGE_CURVE('',#1096,#1094,#891,.T.);
#759=EDGE_CURVE('',#1095,#1097,#983,.T.);
#760=EDGE_CURVE('',#1098,#1090,#984,.T.);
#761=EDGE_CURVE('',#1099,#1100,#985,.T.);
#762=EDGE_CURVE('',#1101,#1102,#986,.T.);
#763=EDGE_CURVE('',#1097,#1099,#892,.T.);
#764=EDGE_CURVE('',#1100,#1101,#893,.T.);
#765=EDGE_CURVE('',#1102,#1098,#894,.T.);
#766=EDGE_CURVE('',#1096,#1103,#895,.T.);
#767=EDGE_CURVE('',#1103,#1093,#896,.T.);
#768=EDGE_CURVE('',#1091,#1092,#897,.T.);
#769=EDGE_CURVE('',#1093,#1112,#898,.T.);
#770=EDGE_CURVE('',#1103,#1079,#899,.T.);
#771=EDGE_CURVE('',#1093,#1078,#900,.T.);
#772=EDGE_CURVE('',#998,#1123,#987,.T.);
#773=EDGE_CURVE('',#999,#1122,#988,.T.);
#774=EDGE_CURVE('',#1105,#1113,#901,.T.);
#775=EDGE_CURVE('',#1105,#1092,#902,.T.);
#776=EDGE_CURVE('',#1104,#1091,#903,.T.);
#777=EDGE_CURVE('',#1104,#1105,#904,.T.);
#778=EDGE_CURVE('',#1091,#1092,#905,.T.);
#779=EDGE_CURVE('',#1107,#1106,#906,.T.);
#780=EDGE_CURVE('',#1109,#1108,#907,.T.);
#781=EDGE_CURVE('',#1110,#1116,#908,.T.);
#782=EDGE_CURVE('',#1111,#1117,#909,.T.);
#783=EDGE_CURVE('',#1107,#1109,#910,.T.);
#784=EDGE_CURVE('',#1108,#1106,#911,.T.);
#785=EDGE_CURVE('',#1111,#1110,#912,.T.);
#786=EDGE_CURVE('',#1113,#1112,#913,.T.);
#787=EDGE_CURVE('',#1113,#1107,#914,.T.);
#788=EDGE_CURVE('',#1112,#1109,#915,.T.);
#789=EDGE_CURVE('',#1106,#1110,#916,.T.);
#790=EDGE_CURVE('',#1108,#1111,#917,.T.);
#791=EDGE_CURVE('',#1114,#1090,#918,.T.);
#792=EDGE_CURVE('',#1115,#1104,#919,.T.);
#793=EDGE_CURVE('',#1117,#1116,#920,.T.);
#794=EDGE_CURVE('',#1114,#1115,#921,.T.);
#795=EDGE_CURVE('',#1116,#1115,#922,.T.);
#796=EDGE_CURVE('',#1117,#1114,#923,.T.);
#797=EDGE_CURVE('',#1118,#1119,#989,.T.);
#798=EDGE_CURVE('',#1119,#1086,#990,.T.);
#799=EDGE_CURVE('',#1118,#1087,#991,.T.);
#800=EDGE_CURVE('',#1120,#1121,#992,.T.);
#801=EDGE_CURVE('',#1121,#1088,#993,.T.);
#802=EDGE_CURVE('',#1120,#1089,#994,.T.);
#803=EDGE_CURVE('',#1122,#1123,#995,.T.);
#804=EDGE_CURVE('',#1123,#998,#996,.T.);
#805=EDGE_CURVE('',#1122,#999,#997,.T.);
#806=B_SPLINE_CURVE_WITH_KNOTS('',1,(#1976,#1977),.UNSPECIFIED.,.F.,.F.,
(2,2),(0.,3.89178010475884),.UNSPECIFIED.);
#807=B_SPLINE_CURVE_WITH_KNOTS('',1,(#1978,#1979),.UNSPECIFIED.,.F.,.F.,
(2,2),(0.,3.89178010475881),.UNSPECIFIED.);
#808=B_SPLINE_CURVE_WITH_KNOTS('',3,(#1980,#1981,#1982,#1983),
 .UNSPECIFIED.,.F.,.F.,(4,4),(0.,0.425631543955525),.UNSPECIFIED.);
#809=B_SPLINE_CURVE_WITH_KNOTS('',5,(#1984,#1985,#1986,#1987,#1988,#1989),
 .UNSPECIFIED.,.F.,.F.,(6,6),(0.417388267310561,1.88284271247462),
 .UNSPECIFIED.);
#810=B_SPLINE_CURVE_WITH_KNOTS('',1,(#1990,#1991),.UNSPECIFIED.,.F.,.F.,
(2,2),(-1.00507710217779,-0.999974740785185),.UNSPECIFIED.);
#811=B_SPLINE_CURVE_WITH_KNOTS('',5,(#1992,#1993,#1994,#1995,#1996,#1997),
 .UNSPECIFIED.,.F.,.F.,(6,6),(0.846916050818719,1.88284271247462),
 .UNSPECIFIED.);
#812=B_SPLINE_CURVE_WITH_KNOTS('',3,(#1998,#1999,#2000,#2001),
 .UNSPECIFIED.,.F.,.F.,(4,4),(0.,0.384791913701359),.UNSPECIFIED.);
#813=B_SPLINE_CURVE_WITH_KNOTS('',3,(#2002,#2003,#2004,#2005),
 .UNSPECIFIED.,.F.,.F.,(4,4),(0.,0.497007386406209),.UNSPECIFIED.);
#814=B_SPLINE_CURVE_WITH_KNOTS('',3,(#2006,#2007,#2008,#2009),
 .UNSPECIFIED.,.F.,.F.,(4,4),(9.69627942182025E-6,0.00195331190461809),
 .UNSPECIFIED.);
#815=B_SPLINE_CURVE_WITH_KNOTS('',5,(#2051,#2052,#2053,#2054,#2055,#2056),
 .UNSPECIFIED.,.F.,.F.,(6,6),(0.,1.88284271247462),.UNSPECIFIED.);
#816=B_SPLINE_CURVE_WITH_KNOTS('',1,(#2057,#2058),.UNSPECIFIED.,.F.,.F.,
(2,2),(1.,1.00505184296297),.UNSPECIFIED.);
#817=B_SPLINE_CURVE_WITH_KNOTS('',1,(#2059,#2060),.UNSPECIFIED.,.F.,.F.,
(2,2),(3.,4.00505184295903),.UNSPECIFIED.);
#818=B_SPLINE_CURVE_WITH_KNOTS('',3,(#2061,#2062,#2063,#2064),
 .UNSPECIFIED.,.F.,.F.,(4,4),(0.,0.384791913701349),.UNSPECIFIED.);
#819=B_SPLINE_CURVE_WITH_KNOTS('',3,(#2067,#2068,#2069,#2070),
 .UNSPECIFIED.,.F.,.F.,(4,4),(0.0213149219325805,0.518322308338852),
 .UNSPECIFIED.);
#820=B_SPLINE_CURVE_WITH_KNOTS('',3,(#2071,#2072,#2073,#2074),
 .UNSPECIFIED.,.F.,.F.,(4,4),(0.,0.00752628823104714),.UNSPECIFIED.);
#821=B_SPLINE_CURVE_WITH_KNOTS('',1,(#2199,#2200),.UNSPECIFIED.,.F.,.F.,
(2,2),(5.17587223620892,10.8291796067505),.UNSPECIFIED.);
#822=B_SPLINE_CURVE_WITH_KNOTS('',1,(#2201,#2202),.UNSPECIFIED.,.F.,.F.,
(2,2),(5.17587223620891,10.8291796067505),.UNSPECIFIED.);
#823=B_SPLINE_CURVE_WITH_KNOTS('',1,(#2205,#2206),.UNSPECIFIED.,.F.,.F.,
(2,2),(0.,26.3984687830289),.UNSPECIFIED.);
#824=B_SPLINE_CURVE_WITH_KNOTS('',1,(#2207,#2208),.UNSPECIFIED.,.F.,.F.,
(2,2),(0.,26.3984687830289),.UNSPECIFIED.);
#825=B_SPLINE_CURVE_WITH_KNOTS('',5,(#2211,#2212,#2213,#2214,#2215,#2216),
 .UNSPECIFIED.,.F.,.F.,(6,6),(-0.292770046533556,0.),.UNSPECIFIED.);
#826=B_SPLINE_CURVE_WITH_KNOTS('',5,(#2217,#2218,#2219,#2220,#2221,#2222),
 .UNSPECIFIED.,.F.,.F.,(6,6),(-0.292770046533556,0.),.UNSPECIFIED.);
#827=B_SPLINE_CURVE_WITH_KNOTS('',5,(#2223,#2224,#2225,#2226,#2227,#2228),
 .UNSPECIFIED.,.F.,.F.,(6,6),(0.,0.292770046533559),.UNSPECIFIED.);
#828=B_SPLINE_CURVE_WITH_KNOTS('',5,(#2229,#2230,#2231,#2232,#2233,#2234),
 .UNSPECIFIED.,.F.,.F.,(6,6),(0.,0.292770046533559),.UNSPECIFIED.);
#829=B_SPLINE_CURVE_WITH_KNOTS('',3,(#2235,#2236,#2237,#2238,#2239,#2240,
#2241,#2242,#2243,#2244,#2245,#2246,#2247,#2248,#2249,#2250),
 .UNSPECIFIED.,.F.,.F.,(4,2,2,2,2,2,2,4),(0.00570880872736687,0.0294654891852358,
0.0532220206019098,0.10076078097155,0.195947407833339,0.385767214462662,
0.571887117313237,0.749517611561243),.UNSPECIFIED.);
#830=B_SPLINE_CURVE_WITH_KNOTS('',3,(#2251,#2252,#2253,#2254),
 .UNSPECIFIED.,.F.,.F.,(4,4),(4.84528804590756E-5,0.0097569380942261),
 .UNSPECIFIED.);
#831=B_SPLINE_CURVE_WITH_KNOTS('',1,(#2255,#2256),.UNSPECIFIED.,.F.,.F.,
(2,2),(0.37407193430199,0.993019437260298),.UNSPECIFIED.);
#832=B_SPLINE_CURVE_WITH_KNOTS('',1,(#2257,#2258),.UNSPECIFIED.,.F.,.F.,
(2,2),(-48.2677843118278,-26.3159647182731),.UNSPECIFIED.);
#833=B_SPLINE_CURVE_WITH_KNOTS('',1,(#2259,#2260),.UNSPECIFIED.,.F.,.F.,
(2,2),(0.374071934301997,0.376916185562016),.UNSPECIFIED.);
#834=B_SPLINE_CURVE_WITH_KNOTS('',1,(#2261,#2262),.UNSPECIFIED.,.F.,.F.,
(2,2),(26.3159647182731,48.7491117703951),.UNSPECIFIED.);
#835=B_SPLINE_CURVE_WITH_KNOTS('',3,(#2265,#2266,#2267,#2268,#2269,#2270),
 .UNSPECIFIED.,.F.,.F.,(4,2,4),(0.30569582408481,0.429754499639312,0.86133339177486),
 .UNSPECIFIED.);
#836=B_SPLINE_CURVE_WITH_KNOTS('',3,(#2271,#2272,#2273,#2274,#2275,#2276,
#2277,#2278,#2279,#2280,#2281,#2282,#2283,#2284,#2285,#2286),
 .UNSPECIFIED.,.F.,.F.,(4,2,2,2,2,2,2,4),(0.00852202510187047,0.186152519350175,
0.372272422200886,0.562092228830402,0.657278855692285,0.70481761606187,
0.728574147477973,0.752330827935677),.UNSPECIFIED.);
#837=B_SPLINE_CURVE_WITH_KNOTS('',3,(#2287,#2288,#2289,#2290),
 .UNSPECIFIED.,.F.,.F.,(4,4),(0.,0.00252085811625028),.UNSPECIFIED.);
#838=B_SPLINE_CURVE_WITH_KNOTS('',1,(#2291,#2292),.UNSPECIFIED.,.F.,.F.,
(2,2),(26.5574302434099,48.2694154338096),.UNSPECIFIED.);
#839=B_SPLINE_CURVE_WITH_KNOTS('',1,(#2293,#2294),.UNSPECIFIED.,.F.,.F.,
(2,2),(-0.376916185563811,-0.374071934301989),.UNSPECIFIED.);
#840=B_SPLINE_CURVE_WITH_KNOTS('',1,(#2295,#2296),.UNSPECIFIED.,.F.,.F.,
(2,2),(-48.749111770395,-26.3483799490086),.UNSPECIFIED.);
#841=B_SPLINE_CURVE_WITH_KNOTS('',1,(#2304,#2305),.UNSPECIFIED.,.F.,.F.,
(2,2),(0.842022270811297,3.89178010475885),.UNSPECIFIED.);
#842=B_SPLINE_CURVE_WITH_KNOTS('',1,(#2306,#2307),.UNSPECIFIED.,.F.,.F.,
(2,2),(-3.44435375661149,-2.83255539157551),.UNSPECIFIED.);
#843=B_SPLINE_CURVE_WITH_KNOTS('',1,(#2310,#2311),.UNSPECIFIED.,.F.,.F.,
(2,2),(0.,0.14),.UNSPECIFIED.);
#844=B_SPLINE_CURVE_WITH_KNOTS('',1,(#2312,#2313),.UNSPECIFIED.,.F.,.F.,
(2,2),(26.5574302434099,48.2694154338096),.UNSPECIFIED.);
#845=B_SPLINE_CURVE_WITH_KNOTS('',1,(#2314,#2315),.UNSPECIFIED.,.F.,.F.,
(2,2),(-0.14,0.),.UNSPECIFIED.);
#846=B_SPLINE_CURVE_WITH_KNOTS('',1,(#2316,#2317),.UNSPECIFIED.,.F.,.F.,
(2,2),(-3.44435375661149,-2.83255539157551),.UNSPECIFIED.);
#847=B_SPLINE_CURVE_WITH_KNOTS('',1,(#2318,#2319),.UNSPECIFIED.,.F.,.F.,
(2,2),(-0.14,0.),.UNSPECIFIED.);
#848=B_SPLINE_CURVE_WITH_KNOTS('',1,(#2326,#2327),.UNSPECIFIED.,.F.,.F.,
(2,2),(-0.14,0.),.UNSPECIFIED.);
#849=B_SPLINE_CURVE_WITH_KNOTS('',1,(#2334,#2335),.UNSPECIFIED.,.F.,.F.,
(2,2),(-0.14,0.),.UNSPECIFIED.);
#850=B_SPLINE_CURVE_WITH_KNOTS('',1,(#2336,#2337),.UNSPECIFIED.,.F.,.F.,
(2,2),(0.683292265100822,3.3359202691648),.UNSPECIFIED.);
#851=B_SPLINE_CURVE_WITH_KNOTS('',1,(#2338,#2339),.UNSPECIFIED.,.F.,.F.,
(2,2),(-0.14,0.),.UNSPECIFIED.);
#852=B_SPLINE_CURVE_WITH_KNOTS('',1,(#2361,#2362),.UNSPECIFIED.,.F.,.F.,
(2,2),(-0.14,0.),.UNSPECIFIED.);
#853=B_SPLINE_CURVE_WITH_KNOTS('',1,(#2363,#2364),.UNSPECIFIED.,.F.,.F.,
(2,2),(4.47269228691653,6.72086773197277),.UNSPECIFIED.);
#854=B_SPLINE_CURVE_WITH_KNOTS('',1,(#2365,#2366),.UNSPECIFIED.,.F.,.F.,
(2,2),(-0.14,0.),.UNSPECIFIED.);
#855=B_SPLINE_CURVE_WITH_KNOTS('',1,(#2367,#2368),.UNSPECIFIED.,.F.,.F.,
(2,2),(-3.89178010475885,-0.842022270811297),.UNSPECIFIED.);
#856=B_SPLINE_CURVE_WITH_KNOTS('',1,(#2369,#2370),.UNSPECIFIED.,.F.,.F.,
(2,2),(0.,0.14),.UNSPECIFIED.);
#857=B_SPLINE_CURVE_WITH_KNOTS('',1,(#2371,#2372),.UNSPECIFIED.,.F.,.F.,
(2,2),(-48.2677843118278,-26.3159647182731),.UNSPECIFIED.);
#858=B_SPLINE_CURVE_WITH_KNOTS('',1,(#2373,#2374),.UNSPECIFIED.,.F.,.F.,
(2,2),(-0.14,0.),.UNSPECIFIED.);
#859=B_SPLINE_CURVE_WITH_KNOTS('',1,(#2375,#2376),.UNSPECIFIED.,.F.,.F.,
(2,2),(0.846813884144058,2.89178010475882),.UNSPECIFIED.);
#860=B_SPLINE_CURVE_WITH_KNOTS('',1,(#2377,#2378),.UNSPECIFIED.,.F.,.F.,
(2,2),(-0.14,0.),.UNSPECIFIED.);
#861=B_SPLINE_CURVE_WITH_KNOTS('',1,(#2400,#2401),.UNSPECIFIED.,.F.,.F.,
(2,2),(-0.14,0.),.UNSPECIFIED.);
#862=B_SPLINE_CURVE_WITH_KNOTS('',1,(#2402,#2403),.UNSPECIFIED.,.F.,.F.,
(2,2),(16.4822984838044,19.1349264878684),.UNSPECIFIED.);
#863=B_SPLINE_CURVE_WITH_KNOTS('',1,(#2404,#2405),.UNSPECIFIED.,.F.,.F.,
(2,2),(-0.14,0.),.UNSPECIFIED.);
#864=B_SPLINE_CURVE_WITH_KNOTS('',1,(#2412,#2413),.UNSPECIFIED.,.F.,.F.,
(2,2),(-0.14,0.),.UNSPECIFIED.);
#865=B_SPLINE_CURVE_WITH_KNOTS('',1,(#2420,#2421),.UNSPECIFIED.,.F.,.F.,
(2,2),(-0.14,0.),.UNSPECIFIED.);
#866=B_SPLINE_CURVE_WITH_KNOTS('',1,(#2424,#2425),.UNSPECIFIED.,.F.,.F.,
(2,2),(0.,2.),.UNSPECIFIED.);
#867=B_SPLINE_CURVE_WITH_KNOTS('',1,(#2426,#2427),.UNSPECIFIED.,.F.,.F.,
(2,2),(0.,3.07383519964903),.UNSPECIFIED.);
#868=B_SPLINE_CURVE_WITH_KNOTS('',1,(#2428,#2429),.UNSPECIFIED.,.F.,.F.,
(2,2),(32.2423290363466,36.4481447618024),.UNSPECIFIED.);
#869=B_SPLINE_CURVE_WITH_KNOTS('',1,(#2430,#2431),.UNSPECIFIED.,.F.,.F.,
(2,2),(8.73084205487782,11.591640824819),.UNSPECIFIED.);
#870=B_SPLINE_CURVE_WITH_KNOTS('',1,(#2432,#2433),.UNSPECIFIED.,.F.,.F.,
(2,2),(-2.,0.),.UNSPECIFIED.);
#871=B_SPLINE_CURVE_WITH_KNOTS('',1,(#2455,#2456),.UNSPECIFIED.,.F.,.F.,
(2,2),(-2.,0.),.UNSPECIFIED.);
#872=B_SPLINE_CURVE_WITH_KNOTS('',1,(#2457,#2458),.UNSPECIFIED.,.F.,.F.,
(2,2),(-14.5537092004766,-5.83590994946956),.UNSPECIFIED.);
#873=B_SPLINE_CURVE_WITH_KNOTS('',1,(#2459,#2460),.UNSPECIFIED.,.F.,.F.,
(2,2),(-2.,0.),.UNSPECIFIED.);
#874=B_SPLINE_CURVE_WITH_KNOTS('',1,(#2467,#2468),.UNSPECIFIED.,.F.,.F.,
(2,2),(-2.,0.),.UNSPECIFIED.);
#875=B_SPLINE_CURVE_WITH_KNOTS('',1,(#2475,#2476),.UNSPECIFIED.,.F.,.F.,
(2,2),(-2.,0.),.UNSPECIFIED.);
#876=B_SPLINE_CURVE_WITH_KNOTS('',1,(#2483,#2484),.UNSPECIFIED.,.F.,.F.,
(2,2),(0.,2.99494815703704),.UNSPECIFIED.);
#877=B_SPLINE_CURVE_WITH_KNOTS('',1,(#2485,#2486),.UNSPECIFIED.,.F.,.F.,
(2,2),(0.,2.99494815703705),.UNSPECIFIED.);
#878=B_SPLINE_CURVE_WITH_KNOTS('',1,(#2487,#2488),.UNSPECIFIED.,.F.,.F.,
(2,2),(31.0602739585108,32.2423290363466),.UNSPECIFIED.);
#879=B_SPLINE_CURVE_WITH_KNOTS('',1,(#2489,#2490),.UNSPECIFIED.,.F.,.F.,
(2,2),(-2.82842712474619,0.),.UNSPECIFIED.);
#880=B_SPLINE_CURVE_WITH_KNOTS('',1,(#2491,#2492),.UNSPECIFIED.,.F.,.F.,
(2,2),(2.,24.3984687830289),.UNSPECIFIED.);
#881=B_SPLINE_CURVE_WITH_KNOTS('',1,(#2493,#2494),.UNSPECIFIED.,.F.,.F.,
(2,2),(0.,11.9949481570374),.UNSPECIFIED.);
#882=B_SPLINE_CURVE_WITH_KNOTS('',1,(#2495,#2496),.UNSPECIFIED.,.F.,.F.,
(2,2),(4.62886770533717E-15,11.9949481570374),.UNSPECIFIED.);
#883=B_SPLINE_CURVE_WITH_KNOTS('',1,(#2497,#2498),.UNSPECIFIED.,.F.,.F.,
(2,2),(-2.82842712474619,0.),.UNSPECIFIED.);
#884=B_SPLINE_CURVE_WITH_KNOTS('',1,(#2499,#2500),.UNSPECIFIED.,.F.,.F.,
(2,2),(13.3281558069449,15.3455264660527),.UNSPECIFIED.);
#885=B_SPLINE_CURVE_WITH_KNOTS('',1,(#2501,#2502),.UNSPECIFIED.,.F.,.F.,
(2,2),(-24.9197245723146,-18.2896835737166),.UNSPECIFIED.);
#886=B_SPLINE_CURVE_WITH_KNOTS('',1,(#2503,#2504),.UNSPECIFIED.,.F.,.F.,
(2,2),(5.96744875736022E-16,3.99892024239722),.UNSPECIFIED.);
#887=B_SPLINE_CURVE_WITH_KNOTS('',1,(#2505,#2506),.UNSPECIFIED.,.F.,.F.,
(2,2),(1.77657367983475E-15,3.99892024239722),.UNSPECIFIED.);
#888=B_SPLINE_CURVE_WITH_KNOTS('',1,(#2507,#2508),.UNSPECIFIED.,.F.,.F.,
(2,2),(0.,1.),.UNSPECIFIED.);
#889=B_SPLINE_CURVE_WITH_KNOTS('',1,(#2509,#2510),.UNSPECIFIED.,.F.,.F.,
(2,2),(0.,1.),.UNSPECIFIED.);
#890=B_SPLINE_CURVE_WITH_KNOTS('',1,(#2535,#2536),.UNSPECIFIED.,.F.,.F.,
(2,2),(0.,3.89989552881044),.UNSPECIFIED.);
#891=B_SPLINE_CURVE_WITH_KNOTS('',1,(#2537,#2538),.UNSPECIFIED.,.F.,.F.,
(2,2),(50.0608889356557,53.0262106665626),.UNSPECIFIED.);
#892=B_SPLINE_CURVE_WITH_KNOTS('',1,(#2578,#2579),.UNSPECIFIED.,.F.,.F.,
(2,2),(0.,8.20605395073505),.UNSPECIFIED.);
#893=B_SPLINE_CURVE_WITH_KNOTS('',1,(#2580,#2581),.UNSPECIFIED.,.F.,.F.,
(2,2),(0.,8.71779925100699),.UNSPECIFIED.);
#894=B_SPLINE_CURVE_WITH_KNOTS('',1,(#2582,#2583),.UNSPECIFIED.,.F.,.F.,
(2,2),(1.87894554090466E-15,2.00000000000136),.UNSPECIFIED.);
#895=B_SPLINE_CURVE_WITH_KNOTS('',1,(#2584,#2585),.UNSPECIFIED.,.F.,.F.,
(2,2),(-3.18205507783581,-2.),.UNSPECIFIED.);
#896=B_SPLINE_CURVE_WITH_KNOTS('',1,(#2586,#2587),.UNSPECIFIED.,.F.,.F.,
(2,2),(0.,2.82842712474619),.UNSPECIFIED.);
#897=B_SPLINE_CURVE_WITH_KNOTS('',1,(#2588,#2589),.UNSPECIFIED.,.F.,.F.,
(2,2),(-2.82842712474619,0.),.UNSPECIFIED.);
#898=B_SPLINE_CURVE_WITH_KNOTS('',1,(#2590,#2591),.UNSPECIFIED.,.F.,.F.,
(2,2),(18.913551540565,20.8515838863699),.UNSPECIFIED.);
#899=B_SPLINE_CURVE_WITH_KNOTS('',1,(#2592,#2593),.UNSPECIFIED.,.F.,.F.,
(2,2),(3.,14.9949481570374),.UNSPECIFIED.);
#900=B_SPLINE_CURVE_WITH_KNOTS('',1,(#2594,#2595),.UNSPECIFIED.,.F.,.F.,
(2,2),(3.,14.9949481570374),.UNSPECIFIED.);
#901=B_SPLINE_CURVE_WITH_KNOTS('',1,(#2608,#2609,#2610),.UNSPECIFIED.,.F.,
 .F.,(2,1,2),(12.8183126851865,18.913551540565,20.8515838863699),
 .UNSPECIFIED.);
#902=B_SPLINE_CURVE_WITH_KNOTS('',1,(#2611,#2612),.UNSPECIFIED.,.F.,.F.,
(2,2),(0.,3.),.UNSPECIFIED.);
#903=B_SPLINE_CURVE_WITH_KNOTS('',1,(#2613,#2614),.UNSPECIFIED.,.F.,.F.,
(2,2),(2.17603712826531E-15,3.),.UNSPECIFIED.);
#904=B_SPLINE_CURVE_WITH_KNOTS('',1,(#2615,#2616),.UNSPECIFIED.,.F.,.F.,
(2,2),(-2.8284271247462,0.),.UNSPECIFIED.);
#905=B_SPLINE_CURVE_WITH_KNOTS('',1,(#2617,#2618),.UNSPECIFIED.,.F.,.F.,
(2,2),(-2.8284271247462,0.),.UNSPECIFIED.);
#906=B_SPLINE_CURVE_WITH_KNOTS('',1,(#2619,#2620),.UNSPECIFIED.,.F.,.F.,
(2,2),(23.3958388454407,31.6698965715564),.UNSPECIFIED.);
#907=B_SPLINE_CURVE_WITH_KNOTS('',1,(#2621,#2622),.UNSPECIFIED.,.F.,.F.,
(2,2),(23.3958388454407,31.6698965715564),.UNSPECIFIED.);
#908=B_SPLINE_CURVE_WITH_KNOTS('',1,(#2623,#2624),.UNSPECIFIED.,.F.,.F.,
(2,2),(34.2141515306273,42.2474227318106),.UNSPECIFIED.);
#909=B_SPLINE_CURVE_WITH_KNOTS('',1,(#2625,#2626),.UNSPECIFIED.,.F.,.F.,
(2,2),(34.2141515306273,42.2474227318106),.UNSPECIFIED.);
#910=B_SPLINE_CURVE_WITH_KNOTS('',1,(#2627,#2628),.UNSPECIFIED.,.F.,.F.,
(2,2),(0.,3.),.UNSPECIFIED.);
#911=B_SPLINE_CURVE_WITH_KNOTS('',1,(#2629,#2630),.UNSPECIFIED.,.F.,.F.,
(2,2),(0.,3.),.UNSPECIFIED.);
#912=B_SPLINE_CURVE_WITH_KNOTS('',1,(#2631,#2632),.UNSPECIFIED.,.F.,.F.,
(2,2),(0.,3.),.UNSPECIFIED.);
#913=B_SPLINE_CURVE_WITH_KNOTS('',1,(#2633,#2634),.UNSPECIFIED.,.F.,.F.,
(2,2),(0.,3.),.UNSPECIFIED.);
#914=B_SPLINE_CURVE_WITH_KNOTS('',1,(#2635,#2636),.UNSPECIFIED.,.F.,.F.,
(2,2),(-2.82842712474619,0.),.UNSPECIFIED.);
#915=B_SPLINE_CURVE_WITH_KNOTS('',1,(#2637,#2638),.UNSPECIFIED.,.F.,.F.,
(2,2),(-2.82842712474619,0.),.UNSPECIFIED.);
#916=B_SPLINE_CURVE_WITH_KNOTS('',1,(#2639,#2640),.UNSPECIFIED.,.F.,.F.,
(2,2),(0.,2.82842712474622),.UNSPECIFIED.);
#917=B_SPLINE_CURVE_WITH_KNOTS('',1,(#2641,#2642),.UNSPECIFIED.,.F.,.F.,
(2,2),(0.,2.82842712474622),.UNSPECIFIED.);
#918=B_SPLINE_CURVE_WITH_KNOTS('',1,(#2643,#2644),.UNSPECIFIED.,.F.,.F.,
(2,2),(2.,7.20022252646667),.UNSPECIFIED.);
#919=B_SPLINE_CURVE_WITH_KNOTS('',1,(#2645,#2646,#2647),.UNSPECIFIED.,.F.,
 .F.,(2,1,2),(2.,7.20022252646667,10.2740577261157),.UNSPECIFIED.);
#920=B_SPLINE_CURVE_WITH_KNOTS('',1,(#2648,#2649),.UNSPECIFIED.,.F.,.F.,
(2,2),(0.,3.),.UNSPECIFIED.);
#921=B_SPLINE_CURVE_WITH_KNOTS('',1,(#2650,#2651),.UNSPECIFIED.,.F.,.F.,
(2,2),(0.,3.),.UNSPECIFIED.);
#922=B_SPLINE_CURVE_WITH_KNOTS('',1,(#2652,#2653),.UNSPECIFIED.,.F.,.F.,
(2,2),(0.,2.82842712474618),.UNSPECIFIED.);
#923=B_SPLINE_CURVE_WITH_KNOTS('',1,(#2654,#2655),.UNSPECIFIED.,.F.,.F.,
(2,2),(0.,2.82842712474618),.UNSPECIFIED.);
#924=(
BOUNDED_CURVE()
B_SPLINE_CURVE(1,(#1974,#1975),.UNSPECIFIED.,.F.,.F.)
B_SPLINE_CURVE_WITH_KNOTS((2,2),(3.,5.99999999999999),.UNSPECIFIED.)
CURVE()
GEOMETRIC_REPRESENTATION_ITEM()
RATIONAL_B_SPLINE_CURVE((1.,1.))
REPRESENTATION_ITEM('')
);
#925=(
BOUNDED_CURVE()
B_SPLINE_CURVE(5,(#2010,#2011,#2012,#2013,#2014,#2015,#2016,#2017,#2018,
#2019,#2020,#2021,#2022,#2023,#2024,#2025,#2026,#2027,#2028,#2029,#2030),
 .UNSPECIFIED.,.F.,.F.)
B_SPLINE_CURVE_WITH_KNOTS((6,5,5,5,6),(-65.9364911203477,-65.0533054403348,
-63.7833335428918,-62.5133616454488,-61.6301759654359),.UNSPECIFIED.)
CURVE()
GEOMETRIC_REPRESENTATION_ITEM()
RATIONAL_B_SPLINE_CURVE((1.,1.,1.,1.,1.,1.,0.965822934755939,0.948734402133909,
0.948734402133909,0.965822934755939,1.,0.965822934755939,0.948734402133909,
0.948734402133909,0.965822934755939,1.,1.,1.,1.,1.,1.))
REPRESENTATION_ITEM('')
);
#926=(
BOUNDED_CURVE()
B_SPLINE_CURVE(5,(#2031,#2032,#2033,#2034,#2035,#2036),.UNSPECIFIED.,.F.,
 .F.)
B_SPLINE_CURVE_WITH_KNOTS((6,6),(-75.4701054440968,-74.6542903713547),
 .UNSPECIFIED.)
CURVE()
GEOMETRIC_REPRESENTATION_ITEM()
RATIONAL_B_SPLINE_CURVE((1.,1.,1.,1.,1.,1.))
REPRESENTATION_ITEM('')
);
#927=(
BOUNDED_CURVE()
B_SPLINE_CURVE(1,(#2037,#2038),.UNSPECIFIED.,.F.,.F.)
B_SPLINE_CURVE_WITH_KNOTS((2,2),(16.4949477137341,17.9999995566971),
 .UNSPECIFIED.)
CURVE()
GEOMETRIC_REPRESENTATION_ITEM()
RATIONAL_B_SPLINE_CURVE((1.,1.))
REPRESENTATION_ITEM('')
);
#928=(
BOUNDED_CURVE()
B_SPLINE_CURVE(1,(#2039,#2040),.UNSPECIFIED.,.F.,.F.)
B_SPLINE_CURVE_WITH_KNOTS((2,2),(16.4399314086792,17.9999995566971),
 .UNSPECIFIED.)
CURVE()
GEOMETRIC_REPRESENTATION_ITEM()
RATIONAL_B_SPLINE_CURVE((1.,1.))
REPRESENTATION_ITEM('')
);
#929=(
BOUNDED_CURVE()
B_SPLINE_CURVE(1,(#2041,#2042),.UNSPECIFIED.,.F.,.F.)
B_SPLINE_CURVE_WITH_KNOTS((2,2),(17.9806269287409,17.9999995566971),
 .UNSPECIFIED.)
CURVE()
GEOMETRIC_REPRESENTATION_ITEM()
RATIONAL_B_SPLINE_CURVE((1.,1.))
REPRESENTATION_ITEM('')
);
#930=(
BOUNDED_CURVE()
B_SPLINE_CURVE(1,(#2043,#2044),.UNSPECIFIED.,.F.,.F.)
B_SPLINE_CURVE_WITH_KNOTS((2,2),(16.1360274713371,17.9999995566971),
 .UNSPECIFIED.)
CURVE()
GEOMETRIC_REPRESENTATION_ITEM()
RATIONAL_B_SPLINE_CURVE((1.,1.))
REPRESENTATION_ITEM('')
);
#931=(
BOUNDED_CURVE()
B_SPLINE_CURVE(1,(#2045,#2046),.UNSPECIFIED.,.F.,.F.)
B_SPLINE_CURVE_WITH_KNOTS((2,2),(16.1360274713371,17.9999995566971),
 .UNSPECIFIED.)
CURVE()
GEOMETRIC_REPRESENTATION_ITEM()
RATIONAL_B_SPLINE_CURVE((1.,1.))
REPRESENTATION_ITEM('')
);
#932=(
BOUNDED_CURVE()
B_SPLINE_CURVE(1,(#2047,#2048),.UNSPECIFIED.,.F.,.F.)
B_SPLINE_CURVE_WITH_KNOTS((2,2),(16.1360274713371,17.9999995566971),
 .UNSPECIFIED.)
CURVE()
GEOMETRIC_REPRESENTATION_ITEM()
RATIONAL_B_SPLINE_CURVE((1.,1.))
REPRESENTATION_ITEM('')
);
#933=(
BOUNDED_CURVE()
B_SPLINE_CURVE(1,(#2049,#2050),.UNSPECIFIED.,.F.,.F.)
B_SPLINE_CURVE_WITH_KNOTS((2,2),(16.1360274713371,17.9999995566971),
 .UNSPECIFIED.)
CURVE()
GEOMETRIC_REPRESENTATION_ITEM()
RATIONAL_B_SPLINE_CURVE((1.,1.))
REPRESENTATION_ITEM('')
);
#934=(
BOUNDED_CURVE()
B_SPLINE_CURVE(1,(#2065,#2066),.UNSPECIFIED.,.F.,.F.)
B_SPLINE_CURVE_WITH_KNOTS((2,2),(11.0000004843191,12.3901899256605),
 .UNSPECIFIED.)
CURVE()
GEOMETRIC_REPRESENTATION_ITEM()
RATIONAL_B_SPLINE_CURVE((1.,1.))
REPRESENTATION_ITEM('')
);
#935=(
BOUNDED_CURVE()
B_SPLINE_CURVE(5,(#2075,#2076,#2077,#2078,#2079,#2080),.UNSPECIFIED.,.F.,
 .F.)
B_SPLINE_CURVE_WITH_KNOTS((6,6),(0.,0.374574753561838),.UNSPECIFIED.)
CURVE()
GEOMETRIC_REPRESENTATION_ITEM()
RATIONAL_B_SPLINE_CURVE((1.,1.,1.,1.,1.,1.))
REPRESENTATION_ITEM('')
);
#936=(
BOUNDED_CURVE()
B_SPLINE_CURVE(5,(#2081,#2082,#2083,#2084,#2085,#2086,#2087,#2088,#2089,
#2090,#2091,#2092,#2093,#2094,#2095,#2096,#2097,#2098,#2099,#2100,#2101),
 .UNSPECIFIED.,.F.,.F.)
B_SPLINE_CURVE_WITH_KNOTS((6,5,5,5,6),(61.6301759654359,62.5133616454488,
63.7833335428918,65.0533054403348,65.9364911203477),.UNSPECIFIED.)
CURVE()
GEOMETRIC_REPRESENTATION_ITEM()
RATIONAL_B_SPLINE_CURVE((1.,1.,1.,1.,1.,1.,0.965822934755939,0.948734402133909,
0.948734402133909,0.965822934755939,1.,0.965822934755939,0.948734402133909,
0.948734402133909,0.965822934755939,1.,1.,1.,1.,1.,1.))
REPRESENTATION_ITEM('')
);
#937=(
BOUNDED_CURVE()
B_SPLINE_CURVE(5,(#2102,#2103,#2104,#2105,#2106,#2107),.UNSPECIFIED.,.F.,
 .F.)
B_SPLINE_CURVE_WITH_KNOTS((6,6),(74.6542903713547,75.4701054440968),
 .UNSPECIFIED.)
CURVE()
GEOMETRIC_REPRESENTATION_ITEM()
RATIONAL_B_SPLINE_CURVE((1.,1.,1.,1.,1.,1.))
REPRESENTATION_ITEM('')
);
#938=(
BOUNDED_CURVE()
B_SPLINE_CURVE(5,(#2108,#2109,#2110,#2111,#2112,#2113,#2114,#2115,#2116,
#2117,#2118,#2119,#2120,#2121,#2122,#2123,#2124,#2125,#2126,#2127,#2128),
 .UNSPECIFIED.,.F.,.F.)
B_SPLINE_CURVE_WITH_KNOTS((6,5,5,5,6),(61.6301759654359,62.5133616454488,
63.7833335428918,65.0533054403348,65.9364911203477),.UNSPECIFIED.)
CURVE()
GEOMETRIC_REPRESENTATION_ITEM()
RATIONAL_B_SPLINE_CURVE((1.,1.,1.,1.,1.,1.,0.965822934755939,0.948734402133909,
0.948734402133909,0.965822934755939,1.,0.965822934755939,0.948734402133909,
0.948734402133909,0.965822934755939,1.,1.,1.,1.,1.,1.))
REPRESENTATION_ITEM('')
);
#939=(
BOUNDED_CURVE()
B_SPLINE_CURVE(5,(#2129,#2130,#2131,#2132,#2133,#2134),.UNSPECIFIED.,.F.,
 .F.)
B_SPLINE_CURVE_WITH_KNOTS((6,6),(74.6542903713547,75.4701054440968),
 .UNSPECIFIED.)
CURVE()
GEOMETRIC_REPRESENTATION_ITEM()
RATIONAL_B_SPLINE_CURVE((1.,1.,1.,1.,1.,1.))
REPRESENTATION_ITEM('')
);
#940=(
BOUNDED_CURVE()
B_SPLINE_CURVE(1,(#2135,#2136),.UNSPECIFIED.,.F.,.F.)
B_SPLINE_CURVE_WITH_KNOTS((2,2),(-2.4379886964221,-0.846813884144063),
 .UNSPECIFIED.)
CURVE()
GEOMETRIC_REPRESENTATION_ITEM()
RATIONAL_B_SPLINE_CURVE((1.,1.))
REPRESENTATION_ITEM('')
);
#941=(
BOUNDED_CURVE()
B_SPLINE_CURVE(1,(#2137,#2138),.UNSPECIFIED.,.F.,.F.)
B_SPLINE_CURVE_WITH_KNOTS((2,2),(8.00505139965966,9.49999955669666),
 .UNSPECIFIED.)
CURVE()
GEOMETRIC_REPRESENTATION_ITEM()
RATIONAL_B_SPLINE_CURVE((1.,1.))
REPRESENTATION_ITEM('')
);
#942=(
BOUNDED_CURVE()
B_SPLINE_CURVE(1,(#2139,#2140),.UNSPECIFIED.,.F.,.F.)
B_SPLINE_CURVE_WITH_KNOTS((2,2),(8.00505139965966,9.55501586175155),
 .UNSPECIFIED.)
CURVE()
GEOMETRIC_REPRESENTATION_ITEM()
RATIONAL_B_SPLINE_CURVE((1.,1.))
REPRESENTATION_ITEM('')
);
#943=(
BOUNDED_CURVE()
B_SPLINE_CURVE(1,(#2141,#2142),.UNSPECIFIED.,.F.,.F.)
B_SPLINE_CURVE_WITH_KNOTS((2,2),(8.00505139965966,9.86397164205688),
 .UNSPECIFIED.)
CURVE()
GEOMETRIC_REPRESENTATION_ITEM()
RATIONAL_B_SPLINE_CURVE((1.,1.))
REPRESENTATION_ITEM('')
);
#944=(
BOUNDED_CURVE()
B_SPLINE_CURVE(1,(#2143,#2144),.UNSPECIFIED.,.F.,.F.)
B_SPLINE_CURVE_WITH_KNOTS((2,2),(8.00505139965966,9.86397164205688),
 .UNSPECIFIED.)
CURVE()
GEOMETRIC_REPRESENTATION_ITEM()
RATIONAL_B_SPLINE_CURVE((1.,1.))
REPRESENTATION_ITEM('')
);
#945=(
BOUNDED_CURVE()
B_SPLINE_CURVE(1,(#2145,#2146),.UNSPECIFIED.,.F.,.F.)
B_SPLINE_CURVE_WITH_KNOTS((2,2),(8.00505139965966,9.86397164205688),
 .UNSPECIFIED.)
CURVE()
GEOMETRIC_REPRESENTATION_ITEM()
RATIONAL_B_SPLINE_CURVE((1.,1.))
REPRESENTATION_ITEM('')
);
#946=(
BOUNDED_CURVE()
B_SPLINE_CURVE(1,(#2147,#2148),.UNSPECIFIED.,.F.,.F.)
B_SPLINE_CURVE_WITH_KNOTS((2,2),(8.00505139965966,9.86397164205688),
 .UNSPECIFIED.)
CURVE()
GEOMETRIC_REPRESENTATION_ITEM()
RATIONAL_B_SPLINE_CURVE((1.,1.))
REPRESENTATION_ITEM('')
);
#947=(
BOUNDED_CURVE()
B_SPLINE_CURVE(2,(#2149,#2150,#2151,#2152,#2153),.UNSPECIFIED.,.F.,.F.)
B_SPLINE_CURVE_WITH_KNOTS((3,2,3),(-3.14159265358979,-2.7488934468766,-2.35619424016341),
 .UNSPECIFIED.)
CURVE()
GEOMETRIC_REPRESENTATION_ITEM()
RATIONAL_B_SPLINE_CURVE((1.,0.92387948943928,1.,0.92387948943928,1.))
REPRESENTATION_ITEM('')
);
#948=(
BOUNDED_CURVE()
B_SPLINE_CURVE(2,(#2154,#2155,#2156,#2157,#2158),.UNSPECIFIED.,.F.,.F.)
B_SPLINE_CURVE_WITH_KNOTS((3,2,3),(-2.35619422122074,-1.76005358430542,
-1.57012007629627),.UNSPECIFIED.)
CURVE()
GEOMETRIC_REPRESENTATION_ITEM()
RATIONAL_B_SPLINE_CURVE((1.,0.827290713272772,1.,0.982531238735909,1.))
REPRESENTATION_ITEM('')
);
#949=(
BOUNDED_CURVE()
B_SPLINE_CURVE(1,(#2159,#2160),.UNSPECIFIED.,.F.,.F.)
B_SPLINE_CURVE_WITH_KNOTS((2,2),(-30.3984687830289,-26.433147052122),
 .UNSPECIFIED.)
CURVE()
GEOMETRIC_REPRESENTATION_ITEM()
RATIONAL_B_SPLINE_CURVE((1.,1.))
REPRESENTATION_ITEM('')
);
#950=(
BOUNDED_CURVE()
B_SPLINE_CURVE(2,(#2161,#2162,#2163,#2164,#2165),.UNSPECIFIED.,.F.,.F.)
B_SPLINE_CURVE_WITH_KNOTS((3,2,3),(-3.14159265358979,-2.35619449019234,
-1.57266135960972),.UNSPECIFIED.)
CURVE()
GEOMETRIC_REPRESENTATION_ITEM()
RATIONAL_B_SPLINE_CURVE((1.,0.707106781186546,1.,0.708293924436259,1.))
REPRESENTATION_ITEM('')
);
#951=(
BOUNDED_CURVE()
B_SPLINE_CURVE(1,(#2166,#2167),.UNSPECIFIED.,.F.,.F.)
B_SPLINE_CURVE_WITH_KNOTS((2,2),(4.,30.3984687830289),.UNSPECIFIED.)
CURVE()
GEOMETRIC_REPRESENTATION_ITEM()
RATIONAL_B_SPLINE_CURVE((1.,1.))
REPRESENTATION_ITEM('')
);
#952=(
BOUNDED_CURVE()
B_SPLINE_CURVE(2,(#2168,#2169,#2170,#2171,#2172),.UNSPECIFIED.,.F.,.F.)
B_SPLINE_CURVE_WITH_KNOTS((3,2,3),(-0.785398413426378,-0.392699206713189,
0.),.UNSPECIFIED.)
CURVE()
GEOMETRIC_REPRESENTATION_ITEM()
RATIONAL_B_SPLINE_CURVE((1.,0.923879489439274,1.,0.923879489439274,1.))
REPRESENTATION_ITEM('')
);
#953=(
BOUNDED_CURVE()
B_SPLINE_CURVE(2,(#2173,#2174,#2175,#2176,#2177),.UNSPECIFIED.,.F.,.F.)
B_SPLINE_CURVE_WITH_KNOTS((3,2,3),(-3.14159265358979,-2.7488934468766,-2.50168869229434),
 .UNSPECIFIED.)
CURVE()
GEOMETRIC_REPRESENTATION_ITEM()
RATIONAL_B_SPLINE_CURVE((1.,0.923879489439283,1.,0.969448718998022,1.))
REPRESENTATION_ITEM('')
);
#954=(
BOUNDED_CURVE()
B_SPLINE_CURVE(3,(#2178,#2179,#2180,#2181,#2182,#2183),.UNSPECIFIED.,.F.,
 .F.)
B_SPLINE_CURVE_WITH_KNOTS((4,2,4),(0.0389670620497738,0.442769308870715,
0.845879028597526),.UNSPECIFIED.)
CURVE()
GEOMETRIC_REPRESENTATION_ITEM()
RATIONAL_B_SPLINE_CURVE((1.,1.,1.,1.,1.,1.))
REPRESENTATION_ITEM('')
);
#955=(
BOUNDED_CURVE()
B_SPLINE_CURVE(1,(#2184,#2185),.UNSPECIFIED.,.F.,.F.)
B_SPLINE_CURVE_WITH_KNOTS((2,2),(24.433147052122,28.3984687830289),
 .UNSPECIFIED.)
CURVE()
GEOMETRIC_REPRESENTATION_ITEM()
RATIONAL_B_SPLINE_CURVE((1.,1.))
REPRESENTATION_ITEM('')
);
#956=(
BOUNDED_CURVE()
B_SPLINE_CURVE(2,(#2186,#2187,#2188),.UNSPECIFIED.,.F.,.F.)
B_SPLINE_CURVE_WITH_KNOTS((3,3),(-3.14159265358979,-2.50901129212748),
 .UNSPECIFIED.)
CURVE()
GEOMETRIC_REPRESENTATION_ITEM()
RATIONAL_B_SPLINE_CURVE((1.,0.801783725737267,1.))
REPRESENTATION_ITEM('')
);
#957=(
BOUNDED_CURVE()
B_SPLINE_CURVE(1,(#2189,#2190),.UNSPECIFIED.,.F.,.F.)
B_SPLINE_CURVE_WITH_KNOTS((2,2),(2.,28.3984687830289),.UNSPECIFIED.)
CURVE()
GEOMETRIC_REPRESENTATION_ITEM()
RATIONAL_B_SPLINE_CURVE((1.,1.))
REPRESENTATION_ITEM('')
);
#958=(
BOUNDED_CURVE()
B_SPLINE_CURVE(2,(#2191,#2192,#2193,#2194,#2195),.UNSPECIFIED.,.F.,.F.)
B_SPLINE_CURVE_WITH_KNOTS((3,2,3),(-0.639903961295449,-0.392699206713189,
0.),.UNSPECIFIED.)
CURVE()
GEOMETRIC_REPRESENTATION_ITEM()
RATIONAL_B_SPLINE_CURVE((1.,0.969448718998016,1.,0.923879489439266,1.))
REPRESENTATION_ITEM('')
);
#959=(
BOUNDED_CURVE()
B_SPLINE_CURVE(2,(#2196,#2197,#2198),.UNSPECIFIED.,.F.,.F.)
B_SPLINE_CURVE_WITH_KNOTS((3,3),(-0.632581361462312,0.),.UNSPECIFIED.)
CURVE()
GEOMETRIC_REPRESENTATION_ITEM()
RATIONAL_B_SPLINE_CURVE((1.,0.801783725737274,1.))
REPRESENTATION_ITEM('')
);
#960=(
BOUNDED_CURVE()
B_SPLINE_CURVE(1,(#2203,#2204),.UNSPECIFIED.,.F.,.F.)
B_SPLINE_CURVE_WITH_KNOTS((2,2),(0.,26.3984687830289),.UNSPECIFIED.)
CURVE()
GEOMETRIC_REPRESENTATION_ITEM()
RATIONAL_B_SPLINE_CURVE((1.,1.))
REPRESENTATION_ITEM('')
);
#961=(
BOUNDED_CURVE()
B_SPLINE_CURVE(1,(#2209,#2210),.UNSPECIFIED.,.F.,.F.)
B_SPLINE_CURVE_WITH_KNOTS((2,2),(0.,26.3984687830289),.UNSPECIFIED.)
CURVE()
GEOMETRIC_REPRESENTATION_ITEM()
RATIONAL_B_SPLINE_CURVE((1.,1.))
REPRESENTATION_ITEM('')
);
#962=(
BOUNDED_CURVE()
B_SPLINE_CURVE(1,(#2263,#2264),.UNSPECIFIED.,.F.,.F.)
B_SPLINE_CURVE_WITH_KNOTS((2,2),(0.840336441903032,2.43581866160483),
 .UNSPECIFIED.)
CURVE()
GEOMETRIC_REPRESENTATION_ITEM()
RATIONAL_B_SPLINE_CURVE((1.,1.))
REPRESENTATION_ITEM('')
);
#963=(
BOUNDED_CURVE()
B_SPLINE_CURVE(2,(#2297,#2298,#2299,#2300,#2301),.UNSPECIFIED.,.F.,.F.)
B_SPLINE_CURVE_WITH_KNOTS((3,2,3),(-1.5689312939789,-0.785398163397448,
0.),.UNSPECIFIED.)
CURVE()
GEOMETRIC_REPRESENTATION_ITEM()
RATIONAL_B_SPLINE_CURVE((1.,0.708293924436635,1.,0.707106781186173,1.))
REPRESENTATION_ITEM('')
);
#964=(
BOUNDED_CURVE()
B_SPLINE_CURVE(1,(#2302,#2303),.UNSPECIFIED.,.F.,.F.)
B_SPLINE_CURVE_WITH_KNOTS((2,2),(0.840336441906768,2.4358186616048),
 .UNSPECIFIED.)
CURVE()
GEOMETRIC_REPRESENTATION_ITEM()
RATIONAL_B_SPLINE_CURVE((1.,1.))
REPRESENTATION_ITEM('')
);
#965=(
BOUNDED_CURVE()
B_SPLINE_CURVE(1,(#2308,#2309),.UNSPECIFIED.,.F.,.F.)
B_SPLINE_CURVE_WITH_KNOTS((2,2),(-12.5353271785657,-11.1451377372253),
 .UNSPECIFIED.)
CURVE()
GEOMETRIC_REPRESENTATION_ITEM()
RATIONAL_B_SPLINE_CURVE((1.,1.))
REPRESENTATION_ITEM('')
);
#966=(
BOUNDED_CURVE()
B_SPLINE_CURVE(5,(#2320,#2321,#2322,#2323,#2324,#2325),.UNSPECIFIED.,.F.,
 .F.)
B_SPLINE_CURVE_WITH_KNOTS((6,6),(-77.1141701630842,-75.4701054440968),
 .UNSPECIFIED.)
CURVE()
GEOMETRIC_REPRESENTATION_ITEM()
RATIONAL_B_SPLINE_CURVE((1.,1.,1.,1.,1.,1.))
REPRESENTATION_ITEM('')
);
#967=(
BOUNDED_CURVE()
B_SPLINE_CURVE(5,(#2328,#2329,#2330,#2331,#2332,#2333),.UNSPECIFIED.,.F.,
 .F.)
B_SPLINE_CURVE_WITH_KNOTS((6,6),(-75.4701054440968,-74.6542903713547),
 .UNSPECIFIED.)
CURVE()
GEOMETRIC_REPRESENTATION_ITEM()
RATIONAL_B_SPLINE_CURVE((1.,1.,1.,1.,1.,1.))
REPRESENTATION_ITEM('')
);
#968=(
BOUNDED_CURVE()
B_SPLINE_CURVE(5,(#2340,#2341,#2342,#2343,#2344,#2345,#2346,#2347,#2348,
#2349,#2350,#2351,#2352,#2353,#2354,#2355,#2356,#2357,#2358,#2359,#2360),
 .UNSPECIFIED.,.F.,.F.)
B_SPLINE_CURVE_WITH_KNOTS((6,5,5,5,6),(-65.9364911203477,-65.0533054403348,
-63.7833335428918,-62.5133616454488,-61.6301759654359),.UNSPECIFIED.)
CURVE()
GEOMETRIC_REPRESENTATION_ITEM()
RATIONAL_B_SPLINE_CURVE((1.,1.,1.,1.,1.,1.,0.965822934755939,0.948734402133909,
0.948734402133909,0.965822934755939,1.,0.965822934755939,0.948734402133909,
0.948734402133909,0.965822934755939,1.,1.,1.,1.,1.,1.))
REPRESENTATION_ITEM('')
);
#969=(
BOUNDED_CURVE()
B_SPLINE_CURVE(5,(#2379,#2380,#2381,#2382,#2383,#2384,#2385,#2386,#2387,
#2388,#2389,#2390,#2391,#2392,#2393,#2394,#2395,#2396,#2397,#2398,#2399),
 .UNSPECIFIED.,.F.,.F.)
B_SPLINE_CURVE_WITH_KNOTS((6,5,5,5,6),(61.6301759654359,62.5133616454488,
63.7833335428918,65.0533054403348,65.9364911203477),.UNSPECIFIED.)
CURVE()
GEOMETRIC_REPRESENTATION_ITEM()
RATIONAL_B_SPLINE_CURVE((1.,1.,1.,1.,1.,1.,0.965822934755939,0.948734402133909,
0.948734402133909,0.965822934755939,1.,0.965822934755939,0.948734402133909,
0.948734402133909,0.965822934755939,1.,1.,1.,1.,1.,1.))
REPRESENTATION_ITEM('')
);
#970=(
BOUNDED_CURVE()
B_SPLINE_CURVE(5,(#2406,#2407,#2408,#2409,#2410,#2411),.UNSPECIFIED.,.F.,
 .F.)
B_SPLINE_CURVE_WITH_KNOTS((6,6),(74.6542903713547,75.4701054440968),
 .UNSPECIFIED.)
CURVE()
GEOMETRIC_REPRESENTATION_ITEM()
RATIONAL_B_SPLINE_CURVE((1.,1.,1.,1.,1.,1.))
REPRESENTATION_ITEM('')
);
#971=(
BOUNDED_CURVE()
B_SPLINE_CURVE(5,(#2414,#2415,#2416,#2417,#2418,#2419),.UNSPECIFIED.,.F.,
 .F.)
B_SPLINE_CURVE_WITH_KNOTS((6,6),(75.4701054440968,77.1118634082557),
 .UNSPECIFIED.)
CURVE()
GEOMETRIC_REPRESENTATION_ITEM()
RATIONAL_B_SPLINE_CURVE((1.,1.,1.,1.,1.,1.))
REPRESENTATION_ITEM('')
);
#972=(
BOUNDED_CURVE()
B_SPLINE_CURVE(1,(#2422,#2423),.UNSPECIFIED.,.F.,.F.)
B_SPLINE_CURVE_WITH_KNOTS((2,2),(-2.4379886964221,-0.846813884144063),
 .UNSPECIFIED.)
CURVE()
GEOMETRIC_REPRESENTATION_ITEM()
RATIONAL_B_SPLINE_CURVE((1.,1.))
REPRESENTATION_ITEM('')
);
#973=(
BOUNDED_CURVE()
B_SPLINE_CURVE(5,(#2434,#2435,#2436,#2437,#2438,#2439,#2440,#2441,#2442,
#2443,#2444,#2445,#2446,#2447,#2448,#2449,#2450,#2451,#2452,#2453,#2454),
 .UNSPECIFIED.,.F.,.F.)
B_SPLINE_CURVE_WITH_KNOTS((6,5,5,5,6),(61.6301759654359,62.5133616454488,
63.7833335428918,65.0533054403348,65.9364911203477),.UNSPECIFIED.)
CURVE()
GEOMETRIC_REPRESENTATION_ITEM()
RATIONAL_B_SPLINE_CURVE((1.,1.,1.,1.,1.,1.,0.965822934755939,0.948734402133909,
0.948734402133909,0.965822934755939,1.,0.965822934755939,0.948734402133909,
0.948734402133909,0.965822934755939,1.,1.,1.,1.,1.,1.))
REPRESENTATION_ITEM('')
);
#974=(
BOUNDED_CURVE()
B_SPLINE_CURVE(5,(#2461,#2462,#2463,#2464,#2465,#2466),.UNSPECIFIED.,.F.,
 .F.)
B_SPLINE_CURVE_WITH_KNOTS((6,6),(74.6542903713547,75.4701054440968),
 .UNSPECIFIED.)
CURVE()
GEOMETRIC_REPRESENTATION_ITEM()
RATIONAL_B_SPLINE_CURVE((1.,1.,1.,1.,1.,1.))
REPRESENTATION_ITEM('')
);
#975=(
BOUNDED_CURVE()
B_SPLINE_CURVE(5,(#2469,#2470,#2471,#2472,#2473,#2474),.UNSPECIFIED.,.F.,
 .F.)
B_SPLINE_CURVE_WITH_KNOTS((6,6),(75.4701054440968,77.4701054440982),
 .UNSPECIFIED.)
CURVE()
GEOMETRIC_REPRESENTATION_ITEM()
RATIONAL_B_SPLINE_CURVE((1.,1.,1.,1.,1.,1.))
REPRESENTATION_ITEM('')
);
#976=(
BOUNDED_CURVE()
B_SPLINE_CURVE(5,(#2477,#2478,#2479,#2480,#2481,#2482),.UNSPECIFIED.,.F.,
 .F.)
B_SPLINE_CURVE_WITH_KNOTS((6,6),(0.,0.374574753561838),.UNSPECIFIED.)
CURVE()
GEOMETRIC_REPRESENTATION_ITEM()
RATIONAL_B_SPLINE_CURVE((1.,1.,1.,1.,1.,1.))
REPRESENTATION_ITEM('')
);
#977=(
BOUNDED_CURVE()
B_SPLINE_CURVE(2,(#2511,#2512,#2513,#2514,#2515),.UNSPECIFIED.,.F.,.F.)
B_SPLINE_CURVE_WITH_KNOTS((3,2,3),(-0.670887076472013,1.12911292352783,
2.92911292352778),.UNSPECIFIED.)
CURVE()
GEOMETRIC_REPRESENTATION_ITEM()
RATIONAL_B_SPLINE_CURVE((1.,0.707106781186559,1.,0.707106781186559,1.))
REPRESENTATION_ITEM('')
);
#978=(
BOUNDED_CURVE()
B_SPLINE_CURVE(2,(#2516,#2517,#2518,#2519,#2520),.UNSPECIFIED.,.F.,.F.)
B_SPLINE_CURVE_WITH_KNOTS((3,2,3),(-6.52911292352776,-4.72911292352777,
-2.92911292352778),.UNSPECIFIED.)
CURVE()
GEOMETRIC_REPRESENTATION_ITEM()
RATIONAL_B_SPLINE_CURVE((1.,0.707106781186559,1.,0.707106781186559,1.))
REPRESENTATION_ITEM('')
);
#979=(
BOUNDED_CURVE()
B_SPLINE_CURVE(1,(#2521,#2522),.UNSPECIFIED.,.F.,.F.)
B_SPLINE_CURVE_WITH_KNOTS((2,2),(69.6521065899161,72.8341614426468),
 .UNSPECIFIED.)
CURVE()
GEOMETRIC_REPRESENTATION_ITEM()
RATIONAL_B_SPLINE_CURVE((1.,1.))
REPRESENTATION_ITEM('')
);
#980=(
BOUNDED_CURVE()
B_SPLINE_CURVE(2,(#2523,#2524,#2525,#2526,#2527),.UNSPECIFIED.,.F.,.F.)
B_SPLINE_CURVE_WITH_KNOTS((3,2,3),(6.52911292352776,8.32911292352777,10.1291129235278),
 .UNSPECIFIED.)
CURVE()
GEOMETRIC_REPRESENTATION_ITEM()
RATIONAL_B_SPLINE_CURVE((1.,0.707106781186548,1.,0.707106781186548,1.))
REPRESENTATION_ITEM('')
);
#981=(
BOUNDED_CURVE()
B_SPLINE_CURVE(2,(#2528,#2529,#2530,#2531,#2532),.UNSPECIFIED.,.F.,.F.)
B_SPLINE_CURVE_WITH_KNOTS((3,2,3),(-13.7291129235277,-11.9291129235277,
-10.1291129235278),.UNSPECIFIED.)
CURVE()
GEOMETRIC_REPRESENTATION_ITEM()
RATIONAL_B_SPLINE_CURVE((1.,0.70710678118657,1.,0.70710678118657,1.))
REPRESENTATION_ITEM('')
);
#982=(
BOUNDED_CURVE()
B_SPLINE_CURVE(1,(#2533,#2534),.UNSPECIFIED.,.F.,.F.)
B_SPLINE_CURVE_WITH_KNOTS((2,2),(69.6521065899161,72.8341614426468),
 .UNSPECIFIED.)
CURVE()
GEOMETRIC_REPRESENTATION_ITEM()
RATIONAL_B_SPLINE_CURVE((1.,1.))
REPRESENTATION_ITEM('')
);
#983=(
BOUNDED_CURVE()
B_SPLINE_CURVE(5,(#2539,#2540,#2541,#2542,#2543,#2544),.UNSPECIFIED.,.F.,
 .F.)
B_SPLINE_CURVE_WITH_KNOTS((6,6),(52.9761385547724,53.4190624928496),
 .UNSPECIFIED.)
CURVE()
GEOMETRIC_REPRESENTATION_ITEM()
RATIONAL_B_SPLINE_CURVE((1.,1.,1.,1.,1.,1.))
REPRESENTATION_ITEM('')
);
#984=(
BOUNDED_CURVE()
B_SPLINE_CURVE(5,(#2545,#2546,#2547,#2548,#2549,#2550),.UNSPECIFIED.,.F.,
 .F.)
B_SPLINE_CURVE_WITH_KNOTS((6,6),(0.,0.374574753561838),.UNSPECIFIED.)
CURVE()
GEOMETRIC_REPRESENTATION_ITEM()
RATIONAL_B_SPLINE_CURVE((1.,1.,1.,1.,1.,1.))
REPRESENTATION_ITEM('')
);
#985=(
BOUNDED_CURVE()
B_SPLINE_CURVE(5,(#2551,#2552,#2553,#2554,#2555,#2556,#2557,#2558,#2559,
#2560,#2561,#2562,#2563,#2564,#2565,#2566,#2567,#2568,#2569,#2570,#2571),
 .UNSPECIFIED.,.F.,.F.)
B_SPLINE_CURVE_WITH_KNOTS((6,5,5,5,6),(61.6301759654359,62.5133616454488,
63.7833335428918,65.0533054403348,65.9364911203477),.UNSPECIFIED.)
CURVE()
GEOMETRIC_REPRESENTATION_ITEM()
RATIONAL_B_SPLINE_CURVE((1.,1.,1.,1.,1.,1.,0.965822934755939,0.948734402133909,
0.948734402133909,0.965822934755939,1.,0.965822934755939,0.948734402133909,
0.948734402133909,0.965822934755939,1.,1.,1.,1.,1.,1.))
REPRESENTATION_ITEM('')
);
#986=(
BOUNDED_CURVE()
B_SPLINE_CURVE(5,(#2572,#2573,#2574,#2575,#2576,#2577),.UNSPECIFIED.,.F.,
 .F.)
B_SPLINE_CURVE_WITH_KNOTS((6,6),(74.6542903713547,75.4701054440968),
 .UNSPECIFIED.)
CURVE()
GEOMETRIC_REPRESENTATION_ITEM()
RATIONAL_B_SPLINE_CURVE((1.,1.,1.,1.,1.,1.))
REPRESENTATION_ITEM('')
);
#987=(
BOUNDED_CURVE()
B_SPLINE_CURVE(2,(#2596,#2597,#2598,#2599,#2600),.UNSPECIFIED.,.F.,.F.)
B_SPLINE_CURVE_WITH_KNOTS((3,2,3),(0.,1.74210324684165,3.4842064936833),
 .UNSPECIFIED.)
CURVE()
GEOMETRIC_REPRESENTATION_ITEM()
RATIONAL_B_SPLINE_CURVE((1.,0.707106781186548,1.,0.707106781186548,1.))
REPRESENTATION_ITEM('')
);
#988=(
BOUNDED_CURVE()
B_SPLINE_CURVE(2,(#2601,#2602,#2603,#2604,#2605,#2606,#2607),
 .UNSPECIFIED.,.F.,.F.)
B_SPLINE_CURVE_WITH_KNOTS((3,2,2,3),(-6.9684129873666,-5.89396356654874,
-5.22630974052495,-3.4842064936833),.UNSPECIFIED.)
CURVE()
GEOMETRIC_REPRESENTATION_ITEM()
RATIONAL_B_SPLINE_CURVE((1.,0.819356889503463,0.861538557962616,0.887749891683085,
1.,0.707106781186548,1.))
REPRESENTATION_ITEM('')
);
#989=(
BOUNDED_CURVE()
B_SPLINE_CURVE(1,(#2656,#2657),.UNSPECIFIED.,.F.,.F.)
B_SPLINE_CURVE_WITH_KNOTS((2,2),(69.6521065899161,72.8341614426468),
 .UNSPECIFIED.)
CURVE()
GEOMETRIC_REPRESENTATION_ITEM()
RATIONAL_B_SPLINE_CURVE((1.,1.))
REPRESENTATION_ITEM('')
);
#990=(
BOUNDED_CURVE()
B_SPLINE_CURVE(2,(#2658,#2659,#2660,#2661,#2662),.UNSPECIFIED.,.F.,.F.)
B_SPLINE_CURVE_WITH_KNOTS((3,2,3),(2.92911292352778,4.72911292352777,6.52911292352776),
 .UNSPECIFIED.)
CURVE()
GEOMETRIC_REPRESENTATION_ITEM()
RATIONAL_B_SPLINE_CURVE((1.,0.707106781186559,1.,0.707106781186559,1.))
REPRESENTATION_ITEM('')
);
#991=(
BOUNDED_CURVE()
B_SPLINE_CURVE(2,(#2663,#2664,#2665,#2666,#2667),.UNSPECIFIED.,.F.,.F.)
B_SPLINE_CURVE_WITH_KNOTS((3,2,3),(-2.92911292352778,-1.12911292352783,
0.670887076472013),.UNSPECIFIED.)
CURVE()
GEOMETRIC_REPRESENTATION_ITEM()
RATIONAL_B_SPLINE_CURVE((1.,0.707106781186559,1.,0.707106781186559,1.))
REPRESENTATION_ITEM('')
);
#992=(
BOUNDED_CURVE()
B_SPLINE_CURVE(1,(#2668,#2669),.UNSPECIFIED.,.F.,.F.)
B_SPLINE_CURVE_WITH_KNOTS((2,2),(69.6521065899161,72.8341614426468),
 .UNSPECIFIED.)
CURVE()
GEOMETRIC_REPRESENTATION_ITEM()
RATIONAL_B_SPLINE_CURVE((1.,1.))
REPRESENTATION_ITEM('')
);
#993=(
BOUNDED_CURVE()
B_SPLINE_CURVE(2,(#2670,#2671,#2672,#2673,#2674),.UNSPECIFIED.,.F.,.F.)
B_SPLINE_CURVE_WITH_KNOTS((3,2,3),(10.1291129235278,11.9291129235277,13.7291129235277),
 .UNSPECIFIED.)
CURVE()
GEOMETRIC_REPRESENTATION_ITEM()
RATIONAL_B_SPLINE_CURVE((1.,0.70710678118657,1.,0.70710678118657,1.))
REPRESENTATION_ITEM('')
);
#994=(
BOUNDED_CURVE()
B_SPLINE_CURVE(2,(#2675,#2676,#2677,#2678,#2679),.UNSPECIFIED.,.F.,.F.)
B_SPLINE_CURVE_WITH_KNOTS((3,2,3),(-10.1291129235278,-8.32911292352777,
-6.52911292352776),.UNSPECIFIED.)
CURVE()
GEOMETRIC_REPRESENTATION_ITEM()
RATIONAL_B_SPLINE_CURVE((1.,0.707106781186548,1.,0.707106781186548,1.))
REPRESENTATION_ITEM('')
);
#995=(
BOUNDED_CURVE()
B_SPLINE_CURVE(1,(#2680,#2681),.UNSPECIFIED.,.F.,.F.)
B_SPLINE_CURVE_WITH_KNOTS((2,2),(3.,5.99999999999999),.UNSPECIFIED.)
CURVE()
GEOMETRIC_REPRESENTATION_ITEM()
RATIONAL_B_SPLINE_CURVE((1.,1.))
REPRESENTATION_ITEM('')
);
#996=(
BOUNDED_CURVE()
B_SPLINE_CURVE(2,(#2682,#2683,#2684,#2685,#2686,#2687,#2688),
 .UNSPECIFIED.,.F.,.F.)
B_SPLINE_CURVE_WITH_KNOTS((3,2,2,3),(3.4842064936833,5.22630974052495,5.89396356654874,
6.9684129873666),.UNSPECIFIED.)
CURVE()
GEOMETRIC_REPRESENTATION_ITEM()
RATIONAL_B_SPLINE_CURVE((1.,0.707106781186548,1.,0.887749891683085,0.861538557962616,
0.819356889503463,1.))
REPRESENTATION_ITEM('')
);
#997=(
BOUNDED_CURVE()
B_SPLINE_CURVE(2,(#2689,#2690,#2691,#2692,#2693),.UNSPECIFIED.,.F.,.F.)
B_SPLINE_CURVE_WITH_KNOTS((3,2,3),(-3.4842064936833,-1.74210324684165,0.),
 .UNSPECIFIED.)
CURVE()
GEOMETRIC_REPRESENTATION_ITEM()
RATIONAL_B_SPLINE_CURVE((1.,0.707106781186547,1.,0.707106781186548,1.))
REPRESENTATION_ITEM('')
);
#998=VERTEX_POINT('',#1848);
#999=VERTEX_POINT('',#1849);
#1000=VERTEX_POINT('',#1850);
#1001=VERTEX_POINT('',#1851);
#1002=VERTEX_POINT('',#1852);
#1003=VERTEX_POINT('',#1853);
#1004=VERTEX_POINT('',#1854);
#1005=VERTEX_POINT('',#1855);
#1006=VERTEX_POINT('',#1856);
#1007=VERTEX_POINT('',#1857);
#1008=VERTEX_POINT('',#1858);
#1009=VERTEX_POINT('',#1859);
#1010=VERTEX_POINT('',#1860);
#1011=VERTEX_POINT('',#1861);
#1012=VERTEX_POINT('',#1862);
#1013=VERTEX_POINT('',#1863);
#1014=VERTEX_POINT('',#1864);
#1015=VERTEX_POINT('',#1865);
#1016=VERTEX_POINT('',#1866);
#1017=VERTEX_POINT('',#1867);
#1018=VERTEX_POINT('',#1868);
#1019=VERTEX_POINT('',#1869);
#1020=VERTEX_POINT('',#1870);
#1021=VERTEX_POINT('',#1871);
#1022=VERTEX_POINT('',#1872);
#1023=VERTEX_POINT('',#1873);
#1024=VERTEX_POINT('',#1874);
#1025=VERTEX_POINT('',#1875);
#1026=VERTEX_POINT('',#1876);
#1027=VERTEX_POINT('',#1877);
#1028=VERTEX_POINT('',#1878);
#1029=VERTEX_POINT('',#1879);
#1030=VERTEX_POINT('',#1880);
#1031=VERTEX_POINT('',#1881);
#1032=VERTEX_POINT('',#1882);
#1033=VERTEX_POINT('',#1883);
#1034=VERTEX_POINT('',#1884);
#1035=VERTEX_POINT('',#1885);
#1036=VERTEX_POINT('',#1886);
#1037=VERTEX_POINT('',#1887);
#1038=VERTEX_POINT('',#1888);
#1039=VERTEX_POINT('',#1889);
#1040=VERTEX_POINT('',#1890);
#1041=VERTEX_POINT('',#1891);
#1042=VERTEX_POINT('',#1892);
#1043=VERTEX_POINT('',#1893);
#1044=VERTEX_POINT('',#1894);
#1045=VERTEX_POINT('',#1895);
#1046=VERTEX_POINT('',#1896);
#1047=VERTEX_POINT('',#1897);
#1048=VERTEX_POINT('',#1898);
#1049=VERTEX_POINT('',#1899);
#1050=VERTEX_POINT('',#1900);
#1051=VERTEX_POINT('',#1901);
#1052=VERTEX_POINT('',#1902);
#1053=VERTEX_POINT('',#1903);
#1054=VERTEX_POINT('',#1904);
#1055=VERTEX_POINT('',#1905);
#1056=VERTEX_POINT('',#1906);
#1057=VERTEX_POINT('',#1907);
#1058=VERTEX_POINT('',#1908);
#1059=VERTEX_POINT('',#1909);
#1060=VERTEX_POINT('',#1910);
#1061=VERTEX_POINT('',#1911);
#1062=VERTEX_POINT('',#1912);
#1063=VERTEX_POINT('',#1913);
#1064=VERTEX_POINT('',#1914);
#1065=VERTEX_POINT('',#1915);
#1066=VERTEX_POINT('',#1916);
#1067=VERTEX_POINT('',#1917);
#1068=VERTEX_POINT('',#1918);
#1069=VERTEX_POINT('',#1919);
#1070=VERTEX_POINT('',#1920);
#1071=VERTEX_POINT('',#1921);
#1072=VERTEX_POINT('',#1922);
#1073=VERTEX_POINT('',#1923);
#1074=VERTEX_POINT('',#1924);
#1075=VERTEX_POINT('',#1925);
#1076=VERTEX_POINT('',#1926);
#1077=VERTEX_POINT('',#1927);
#1078=VERTEX_POINT('',#1928);
#1079=VERTEX_POINT('',#1929);
#1080=VERTEX_POINT('',#1930);
#1081=VERTEX_POINT('',#1931);
#1082=VERTEX_POINT('',#1932);
#1083=VERTEX_POINT('',#1933);
#1084=VERTEX_POINT('',#1934);
#1085=VERTEX_POINT('',#1935);
#1086=VERTEX_POINT('',#1936);
#1087=VERTEX_POINT('',#1937);
#1088=VERTEX_POINT('',#1938);
#1089=VERTEX_POINT('',#1939);
#1090=VERTEX_POINT('',#1940);
#1091=VERTEX_POINT('',#1941);
#1092=VERTEX_POINT('',#1942);
#1093=VERTEX_POINT('',#1943);
#1094=VERTEX_POINT('',#1944);
#1095=VERTEX_POINT('',#1945);
#1096=VERTEX_POINT('',#1946);
#1097=VERTEX_POINT('',#1947);
#1098=VERTEX_POINT('',#1948);
#1099=VERTEX_POINT('',#1949);
#1100=VERTEX_POINT('',#1950);
#1101=VERTEX_POINT('',#1951);
#1102=VERTEX_POINT('',#1952);
#1103=VERTEX_POINT('',#1953);
#1104=VERTEX_POINT('',#1954);
#1105=VERTEX_POINT('',#1955);
#1106=VERTEX_POINT('',#1956);
#1107=VERTEX_POINT('',#1957);
#1108=VERTEX_POINT('',#1958);
#1109=VERTEX_POINT('',#1959);
#1110=VERTEX_POINT('',#1960);
#1111=VERTEX_POINT('',#1961);
#1112=VERTEX_POINT('',#1962);
#1113=VERTEX_POINT('',#1963);
#1114=VERTEX_POINT('',#1964);
#1115=VERTEX_POINT('',#1965);
#1116=VERTEX_POINT('',#1966);
#1117=VERTEX_POINT('',#1967);
#1118=VERTEX_POINT('',#1968);
#1119=VERTEX_POINT('',#1969);
#1120=VERTEX_POINT('',#1970);
#1121=VERTEX_POINT('',#1971);
#1122=VERTEX_POINT('',#1972);
#1123=VERTEX_POINT('',#1973);
#1124=(
BOUNDED_SURFACE()
B_SPLINE_SURFACE(1,5,((#1412,#1413,#1414,#1415,#1416,#1417,#1418,#1419,
#1420,#1421,#1422,#1423,#1424,#1425,#1426,#1427,#1428,#1429,#1430,#1431,
#1432,#1433,#1434,#1435,#1436,#1437,#1438,#1439,#1440,#1441,#1442),(#1443,
#1444,#1445,#1446,#1447,#1448,#1449,#1450,#1451,#1452,#1453,#1454,#1455,
#1456,#1457,#1458,#1459,#1460,#1461,#1462,#1463,#1464,#1465,#1466,#1467,
#1468,#1469,#1470,#1471,#1472,#1473)),.UNSPECIFIED.,.F.,.F.,.F.)
B_SPLINE_SURFACE_WITH_KNOTS((2,2),(6,5,5,5,5,5,6),(0.,32.),(50.6796556299146,
51.351459076562,51.7024127128423,52.0572577473233,52.3997337754633,52.7403452021638,
53.4190624928496),.UNSPECIFIED.)
GEOMETRIC_REPRESENTATION_ITEM()
RATIONAL_B_SPLINE_SURFACE(((1.,1.,1.,1.,1.,1.,1.,1.,1.,1.,1.,1.,1.,1.,1.,
1.,1.,1.,1.,1.,1.,1.,1.,1.,1.,1.,1.,1.,1.,1.,1.),(1.,1.,1.,1.,1.,1.,1.,
1.,1.,1.,1.,1.,1.,1.,1.,1.,1.,1.,1.,1.,1.,1.,1.,1.,1.,1.,1.,1.,1.,1.,1.)))
REPRESENTATION_ITEM('')
SURFACE()
);
#1125=(
BOUNDED_SURFACE()
B_SPLINE_SURFACE(1,5,((#1474,#1475,#1476,#1477,#1478,#1479),(#1480,#1481,
#1482,#1483,#1484,#1485)),.UNSPECIFIED.,.F.,.F.,.F.)
B_SPLINE_SURFACE_WITH_KNOTS((2,2),(6,6),(0.,32.),(0.,0.374574753561838),
 .UNSPECIFIED.)
GEOMETRIC_REPRESENTATION_ITEM()
RATIONAL_B_SPLINE_SURFACE(((1.,1.,1.,1.,1.,1.),(1.,1.,1.,1.,1.,1.)))
REPRESENTATION_ITEM('')
SURFACE()
);
#1126=(
BOUNDED_SURFACE()
B_SPLINE_SURFACE(1,5,((#1486,#1487,#1488,#1489,#1490,#1491,#1492,#1493,
#1494,#1495,#1496,#1497,#1498,#1499,#1500,#1501,#1502,#1503,#1504,#1505,
#1506),(#1507,#1508,#1509,#1510,#1511,#1512,#1513,#1514,#1515,#1516,#1517,
#1518,#1519,#1520,#1521,#1522,#1523,#1524,#1525,#1526,#1527)),
 .UNSPECIFIED.,.F.,.F.,.F.)
B_SPLINE_SURFACE_WITH_KNOTS((2,2),(6,5,5,5,6),(0.,32.),(61.6301759654359,
62.5133616454488,63.7833335428918,65.0533054403348,65.9364911203477),
 .UNSPECIFIED.)
GEOMETRIC_REPRESENTATION_ITEM()
RATIONAL_B_SPLINE_SURFACE(((1.,1.,1.,1.,1.,1.,0.965822934755939,0.948734402133909,
0.948734402133909,0.965822934755939,1.,0.965822934755939,0.948734402133909,
0.948734402133909,0.965822934755939,1.,1.,1.,1.,1.,1.),(1.,1.,1.,1.,1.,
1.,0.965822934755939,0.948734402133909,0.948734402133909,0.965822934755939,
1.,0.965822934755939,0.948734402133909,0.948734402133909,0.965822934755939,
1.,1.,1.,1.,1.,1.)))
REPRESENTATION_ITEM('')
SURFACE()
);
#1127=(
BOUNDED_SURFACE()
B_SPLINE_SURFACE(1,5,((#1528,#1529,#1530,#1531,#1532,#1533),(#1534,#1535,
#1536,#1537,#1538,#1539)),.UNSPECIFIED.,.F.,.F.,.F.)
B_SPLINE_SURFACE_WITH_KNOTS((2,2),(6,6),(0.,32.),(74.6542903713547,75.4701054440968),
 .UNSPECIFIED.)
GEOMETRIC_REPRESENTATION_ITEM()
RATIONAL_B_SPLINE_SURFACE(((1.,1.,1.,1.,1.,1.),(1.,1.,1.,1.,1.,1.)))
REPRESENTATION_ITEM('')
SURFACE()
);
#1128=(
BOUNDED_SURFACE()
B_SPLINE_SURFACE(1,5,((#1542,#1543,#1544,#1545,#1546,#1547),(#1548,#1549,
#1550,#1551,#1552,#1553)),.UNSPECIFIED.,.F.,.F.,.F.)
B_SPLINE_SURFACE_WITH_KNOTS((2,2),(6,6),(0.,32.),(0.,0.374574753561838),
 .UNSPECIFIED.)
GEOMETRIC_REPRESENTATION_ITEM()
RATIONAL_B_SPLINE_SURFACE(((1.,1.,1.,1.,1.,1.),(1.,1.,1.,1.,1.,1.)))
REPRESENTATION_ITEM('')
SURFACE()
);
#1129=(
BOUNDED_SURFACE()
B_SPLINE_SURFACE(1,5,((#1554,#1555,#1556,#1557,#1558,#1559,#1560,#1561,
#1562,#1563,#1564,#1565,#1566,#1567,#1568,#1569,#1570,#1571,#1572,#1573,
#1574),(#1575,#1576,#1577,#1578,#1579,#1580,#1581,#1582,#1583,#1584,#1585,
#1586,#1587,#1588,#1589,#1590,#1591,#1592,#1593,#1594,#1595)),
 .UNSPECIFIED.,.F.,.F.,.F.)
B_SPLINE_SURFACE_WITH_KNOTS((2,2),(6,5,5,5,6),(0.,32.),(61.6301759654359,
62.5133616454488,63.7833335428918,65.0533054403348,65.9364911203477),
 .UNSPECIFIED.)
GEOMETRIC_REPRESENTATION_ITEM()
RATIONAL_B_SPLINE_SURFACE(((1.,1.,1.,1.,1.,1.,0.965822934755939,0.948734402133909,
0.948734402133909,0.965822934755939,1.,0.965822934755939,0.948734402133909,
0.948734402133909,0.965822934755939,1.,1.,1.,1.,1.,1.),(1.,1.,1.,1.,1.,
1.,0.965822934755939,0.948734402133909,0.948734402133909,0.965822934755939,
1.,0.965822934755939,0.948734402133909,0.948734402133909,0.965822934755939,
1.,1.,1.,1.,1.,1.)))
REPRESENTATION_ITEM('')
SURFACE()
);
#1130=(
BOUNDED_SURFACE()
B_SPLINE_SURFACE(1,5,((#1596,#1597,#1598,#1599,#1600,#1601),(#1602,#1603,
#1604,#1605,#1606,#1607)),.UNSPECIFIED.,.F.,.F.,.F.)
B_SPLINE_SURFACE_WITH_KNOTS((2,2),(6,6),(0.,32.),(74.6542903713547,75.4701054440968),
 .UNSPECIFIED.)
GEOMETRIC_REPRESENTATION_ITEM()
RATIONAL_B_SPLINE_SURFACE(((1.,1.,1.,1.,1.,1.),(1.,1.,1.,1.,1.,1.)))
REPRESENTATION_ITEM('')
SURFACE()
);
#1131=(
BOUNDED_SURFACE()
B_SPLINE_SURFACE(5,1,((#1666,#1667),(#1668,#1669),(#1670,#1671),(#1672,
#1673),(#1674,#1675),(#1676,#1677)),.UNSPECIFIED.,.F.,.F.,.F.)
B_SPLINE_SURFACE_WITH_KNOTS((6,6),(2,2),(74.6542903713547,75.4701054440968),
(0.,0.14),.UNSPECIFIED.)
GEOMETRIC_REPRESENTATION_ITEM()
RATIONAL_B_SPLINE_SURFACE(((1.,1.),(1.,1.),(1.,1.),(1.,1.),(1.,1.),(1.,
1.)))
REPRESENTATION_ITEM('')
SURFACE()
);
#1132=(
BOUNDED_SURFACE()
B_SPLINE_SURFACE(5,1,((#1678,#1679),(#1680,#1681),(#1682,#1683),(#1684,
#1685),(#1686,#1687),(#1688,#1689),(#1690,#1691),(#1692,#1693),(#1694,#1695),
(#1696,#1697),(#1698,#1699),(#1700,#1701),(#1702,#1703),(#1704,#1705),(#1706,
#1707),(#1708,#1709),(#1710,#1711),(#1712,#1713),(#1714,#1715),(#1716,#1717),
(#1718,#1719)),.UNSPECIFIED.,.F.,.F.,.F.)
B_SPLINE_SURFACE_WITH_KNOTS((6,5,5,5,6),(2,2),(61.6301759654359,62.5133616454488,
63.7833335428918,65.0533054403348,65.9364911203477),(0.,0.14),
 .UNSPECIFIED.)
GEOMETRIC_REPRESENTATION_ITEM()
RATIONAL_B_SPLINE_SURFACE(((1.,1.),(1.,1.),(1.,1.),(1.,1.),(1.,1.),(1.,
1.),(0.965822934755939,0.965822934755939),(0.948734402133909,0.948734402133909),
(0.948734402133909,0.948734402133909),(0.965822934755939,0.965822934755939),
(1.,1.),(0.965822934755939,0.965822934755939),(0.948734402133909,0.948734402133909),
(0.948734402133909,0.948734402133909),(0.965822934755939,0.965822934755939),
(1.,1.),(1.,1.),(1.,1.),(1.,1.),(1.,1.),(1.,1.)))
REPRESENTATION_ITEM('')
SURFACE()
);
#1133=(
BOUNDED_SURFACE()
B_SPLINE_SURFACE(5,1,((#1722,#1723),(#1724,#1725),(#1726,#1727),(#1728,
#1729),(#1730,#1731),(#1732,#1733),(#1734,#1735),(#1736,#1737),(#1738,#1739),
(#1740,#1741),(#1742,#1743),(#1744,#1745),(#1746,#1747),(#1748,#1749),(#1750,
#1751),(#1752,#1753),(#1754,#1755),(#1756,#1757),(#1758,#1759),(#1760,#1761),
(#1762,#1763)),.UNSPECIFIED.,.F.,.F.,.F.)
B_SPLINE_SURFACE_WITH_KNOTS((6,5,5,5,6),(2,2),(-65.9364911203477,-65.0533054403348,
-63.7833335428918,-62.5133616454488,-61.6301759654359),(0.,0.14),
 .UNSPECIFIED.)
GEOMETRIC_REPRESENTATION_ITEM()
RATIONAL_B_SPLINE_SURFACE(((1.,1.),(1.,1.),(1.,1.),(1.,1.),(1.,1.),(1.,
1.),(0.965822934755939,0.965822934755939),(0.948734402133909,0.948734402133909),
(0.948734402133909,0.948734402133909),(0.965822934755939,0.965822934755939),
(1.,1.),(0.965822934755939,0.965822934755939),(0.948734402133909,0.948734402133909),
(0.948734402133909,0.948734402133909),(0.965822934755939,0.965822934755939),
(1.,1.),(1.,1.),(1.,1.),(1.,1.),(1.,1.),(1.,1.)))
REPRESENTATION_ITEM('')
SURFACE()
);
#1134=(
BOUNDED_SURFACE()
B_SPLINE_SURFACE(5,1,((#1764,#1765),(#1766,#1767),(#1768,#1769),(#1770,
#1771),(#1772,#1773),(#1774,#1775)),.UNSPECIFIED.,.F.,.F.,.F.)
B_SPLINE_SURFACE_WITH_KNOTS((6,6),(2,2),(-75.4701054440968,-74.6542903713547),
(0.,0.14),.UNSPECIFIED.)
GEOMETRIC_REPRESENTATION_ITEM()
RATIONAL_B_SPLINE_SURFACE(((1.,1.),(1.,1.),(1.,1.),(1.,1.),(1.,1.),(1.,
1.)))
REPRESENTATION_ITEM('')
SURFACE()
);
#1135=(
BOUNDED_SURFACE()
B_SPLINE_SURFACE(1,5,((#1777,#1778,#1779,#1780,#1781,#1782,#1783,#1784,
#1785,#1786,#1787,#1788,#1789,#1790,#1791,#1792,#1793,#1794,#1795,#1796,
#1797),(#1798,#1799,#1800,#1801,#1802,#1803,#1804,#1805,#1806,#1807,#1808,
#1809,#1810,#1811,#1812,#1813,#1814,#1815,#1816,#1817,#1818)),
 .UNSPECIFIED.,.F.,.F.,.F.)
B_SPLINE_SURFACE_WITH_KNOTS((2,2),(6,5,5,5,6),(0.,2.),(-65.9364911203477,
-65.0533054403348,-63.7833335428918,-62.5133616454488,-61.6301759654359),
 .UNSPECIFIED.)
GEOMETRIC_REPRESENTATION_ITEM()
RATIONAL_B_SPLINE_SURFACE(((1.,1.,1.,1.,1.,1.,0.965822934755939,0.948734402133909,
0.948734402133909,0.965822934755939,1.,0.965822934755939,0.948734402133909,
0.948734402133909,0.965822934755939,1.,1.,1.,1.,1.,1.),(1.,1.,1.,1.,1.,
1.,0.965822934755939,0.948734402133909,0.948734402133909,0.965822934755939,
1.,0.965822934755939,0.948734402133909,0.948734402133909,0.965822934755939,
1.,1.,1.,1.,1.,1.)))
REPRESENTATION_ITEM('')
SURFACE()
);
#1136=(
BOUNDED_SURFACE()
B_SPLINE_SURFACE(1,5,((#1819,#1820,#1821,#1822,#1823,#1824),(#1825,#1826,
#1827,#1828,#1829,#1830)),.UNSPECIFIED.,.F.,.F.,.F.)
B_SPLINE_SURFACE_WITH_KNOTS((2,2),(6,6),(0.,2.),(-75.4701054440968,-74.6542903713547),
 .UNSPECIFIED.)
GEOMETRIC_REPRESENTATION_ITEM()
RATIONAL_B_SPLINE_SURFACE(((1.,1.,1.,1.,1.,1.),(1.,1.,1.,1.,1.,1.)))
REPRESENTATION_ITEM('')
SURFACE()
);
#1137=(
BOUNDED_SURFACE()
B_SPLINE_SURFACE(1,5,((#1831,#1832,#1833,#1834,#1835,#1836),(#1837,#1838,
#1839,#1840,#1841,#1842)),.UNSPECIFIED.,.F.,.F.,.F.)
B_SPLINE_SURFACE_WITH_KNOTS((2,2),(6,6),(0.,2.),(-0.374574753561838,0.),
 .UNSPECIFIED.)
GEOMETRIC_REPRESENTATION_ITEM()
RATIONAL_B_SPLINE_SURFACE(((1.,1.,1.,1.,1.,1.),(1.,1.,1.,1.,1.,1.)))
REPRESENTATION_ITEM('')
SURFACE()
);
#1138=CYLINDRICAL_SURFACE('',#1282,0.5);
#1139=CYLINDRICAL_SURFACE('',#1283,0.200000000000006);
#1140=CYLINDRICAL_SURFACE('',#1284,0.5);
#1141=CYLINDRICAL_SURFACE('',#1285,0.200000000000009);
#1142=CYLINDRICAL_SURFACE('',#1287,0.5);
#1143=CYLINDRICAL_SURFACE('',#1288,0.5);
#1144=CYLINDRICAL_SURFACE('',#1312,0.900000000000003);
#1145=CYLINDRICAL_SURFACE('',#1313,0.900000000000005);
#1146=CYLINDRICAL_SURFACE('',#1314,0.900000000000005);
#1147=CYLINDRICAL_SURFACE('',#1315,0.900000000000006);
#1148=CYLINDRICAL_SURFACE('',#1316,1.10905737244515);
#1149=CYLINDRICAL_SURFACE('',#1317,1.10905737244515);
#1150=CYLINDRICAL_SURFACE('',#1326,0.5);
#1151=CYLINDRICAL_SURFACE('',#1327,0.5);
#1152=B_SPLINE_SURFACE_WITH_KNOTS('',1,5,((#1385,#1386,#1387,#1388,#1389,
#1390),(#1391,#1392,#1393,#1394,#1395,#1396)),.UNSPECIFIED.,.F.,.F.,.F.,
(2,2),(6,6),(-0.99999999999999,7.89178058907798),(0.,1.88284271247462),
 .UNSPECIFIED.);
#1153=B_SPLINE_SURFACE_WITH_KNOTS('',5,1,((#1398,#1399),(#1400,#1401),(#1402,
#1403),(#1404,#1405),(#1406,#1407),(#1408,#1409)),.UNSPECIFIED.,.F.,.F.,
 .F.,(6,6),(2,2),(0.,1.88284271247462),(-1.00000000000001,7.8917805890779),
 .UNSPECIFIED.);
#1154=B_SPLINE_SURFACE_WITH_KNOTS('',5,1,((#1611,#1612),(#1613,#1614),(#1615,
#1616),(#1617,#1618),(#1619,#1620),(#1621,#1622)),.UNSPECIFIED.,.F.,.F.,
 .F.,(6,6),(2,2),(0.,0.292770046533556),(-0.2,26.5984687830289),
 .UNSPECIFIED.);
#1155=B_SPLINE_SURFACE_WITH_KNOTS('',5,1,((#1623,#1624),(#1625,#1626),(#1627,
#1628),(#1629,#1630),(#1631,#1632),(#1633,#1634)),.UNSPECIFIED.,.F.,.F.,
 .F.,(6,6),(2,2),(0.,0.292770046533559),(-0.2,26.5984687830289),
 .UNSPECIFIED.);
#1156=PLANE('',#1279);
#1157=PLANE('',#1280);
#1158=PLANE('',#1281);
#1159=PLANE('',#1286);
#1160=PLANE('',#1289);
#1161=PLANE('',#1290);
#1162=PLANE('',#1291);
#1163=PLANE('',#1292);
#1164=PLANE('',#1293);
#1165=PLANE('',#1294);
#1166=PLANE('',#1295);
#1167=PLANE('',#1296);
#1168=PLANE('',#1297);
#1169=PLANE('',#1298);
#1170=PLANE('',#1299);
#1171=PLANE('',#1300);
#1172=PLANE('',#1301);
#1173=PLANE('',#1302);
#1174=PLANE('',#1303);
#1175=PLANE('',#1304);
#1176=PLANE('',#1305);
#1177=PLANE('',#1306);
#1178=PLANE('',#1307);
#1179=PLANE('',#1308);
#1180=PLANE('',#1309);
#1181=PLANE('',#1310);
#1182=PLANE('',#1311);
#1183=PLANE('',#1318);
#1184=PLANE('',#1319);
#1185=PLANE('',#1320);
#1186=PLANE('',#1321);
#1187=PLANE('',#1322);
#1188=PLANE('',#1323);
#1189=PLANE('',#1324);
#1190=PLANE('',#1325);
#1191=SHAPE_DEFINITION_REPRESENTATION(#1192,#1277);
#1192=PRODUCT_DEFINITION_SHAPE('Document','',#1194);
#1193=PRODUCT_DEFINITION_CONTEXT('3D Mechanical Parts',#1266,'design');
#1194=PRODUCT_DEFINITION('A','First version',#1236,#1193);
#1195=DATE_TIME_ROLE('classification_date');
#1196=DATE_TIME_ROLE('creation_date');
#1197=APPLIED_DATE_AND_TIME_ASSIGNMENT(#1221,#1195,(#1200));
#1198=APPLIED_DATE_AND_TIME_ASSIGNMENT(#1223,#1196,(#1194));
#1199=SECURITY_CLASSIFICATION_LEVEL('unclassified');
#1200=SECURITY_CLASSIFICATION('A','Security for version',#1199);
#1201=APPLIED_SECURITY_CLASSIFICATION_ASSIGNMENT(#1200,(#1236));
#1202=APPROVAL_ROLE('Version approval');
#1203=APPROVAL_ROLE('Version Security approval');
#1204=APPROVAL_ROLE('Definition approval');
#1205=APPROVAL_PERSON_ORGANIZATION(#1254,#1230,#1202);
#1206=APPROVAL_PERSON_ORGANIZATION(#1255,#1231,#1203);
#1207=APPROVAL_PERSON_ORGANIZATION(#1258,#1232,#1204);
#1208=COORDINATED_UNIVERSAL_TIME_OFFSET(5,0,.BEHIND.);
#1209=LOCAL_TIME(0,0,0.,#1208);
#1210=LOCAL_TIME(0,0,0.,#1208);
#1211=LOCAL_TIME(0,0,0.,#1208);
#1212=LOCAL_TIME(0,0,0.,#1208);
#1213=LOCAL_TIME(0,0,0.,#1208);
#1214=CALENDAR_DATE(1999,1,1);
#1215=CALENDAR_DATE(1999,1,1);
#1216=CALENDAR_DATE(1999,1,1);
#1217=CALENDAR_DATE(1999,1,1);
#1218=CALENDAR_DATE(1999,1,1);
#1219=DATE_AND_TIME(#1214,#1209);
#1220=DATE_AND_TIME(#1215,#1210);
#1221=DATE_AND_TIME(#1216,#1211);
#1222=DATE_AND_TIME(#1217,#1212);
#1223=DATE_AND_TIME(#1218,#1213);
#1224=APPROVAL_DATE_TIME(#1219,#1230);
#1225=APPROVAL_DATE_TIME(#1220,#1231);
#1226=APPROVAL_DATE_TIME(#1222,#1232);
#1227=APPROVAL_STATUS('not_yet_approved');
#1228=APPROVAL_STATUS('not_yet_approved');
#1229=APPROVAL_STATUS('approved');
#1230=APPROVAL(#1227,'Version approval');
#1231=APPROVAL(#1228,'Version Security approval');
#1232=APPROVAL(#1229,'Definition approval');
#1233=APPLIED_APPROVAL_ASSIGNMENT(#1230,(#1236));
#1234=APPLIED_APPROVAL_ASSIGNMENT(#1231,(#1200));
#1235=APPLIED_APPROVAL_ASSIGNMENT(#1232,(#1194));
#1236=PRODUCT_DEFINITION_FORMATION_WITH_SPECIFIED_SOURCE('A',
'First version',#1268,.MADE.);
#1237=PERSON_AND_ORGANIZATION_ROLE('design_owner');
#1238=PERSON_AND_ORGANIZATION_ROLE('creator');
#1239=PERSON_AND_ORGANIZATION_ROLE('design_supplier');
#1240=PERSON_AND_ORGANIZATION_ROLE('classification_officer');
#1241=PERSON_AND_ORGANIZATION_ROLE('creator');
#1242=ORGANIZATION('STI','lab','lab');
#1243=ORGANIZATION('STI','unknown','unknown');
#1244=ORGANIZATION('STI','unknown','unknown');
#1245=ORGANIZATION('STI','unknown','unknown');
#1246=ORGANIZATION('STI','unknown','unknown');
#1247=ORGANIZATION('STI','unknown','unknown');
#1248=ORGANIZATION('STI','unknown','unknown');
#1249=PERSON('1','Box','vc60',$,$,$);
#1250=PERSON('2','last','first',$,$,$);
#1251=PERSON('3','President','Mr.',$,$,$);
#1252=PERSON_AND_ORGANIZATION(#1249,#1242);
#1253=PERSON_AND_ORGANIZATION(#1250,#1243);
#1254=PERSON_AND_ORGANIZATION(#1251,#1244);
#1255=PERSON_AND_ORGANIZATION(#1251,#1245);
#1256=PERSON_AND_ORGANIZATION(#1251,#1246);
#1257=PERSON_AND_ORGANIZATION(#1250,#1247);
#1258=PERSON_AND_ORGANIZATION(#1251,#1248);
#1259=APPLIED_PERSON_AND_ORGANIZATION_ASSIGNMENT(#1252,#1237,(#1268));
#1260=APPLIED_PERSON_AND_ORGANIZATION_ASSIGNMENT(#1253,#1238,(#1236));
#1261=APPLIED_PERSON_AND_ORGANIZATION_ASSIGNMENT(#1253,#1239,(#1236));
#1262=APPLIED_PERSON_AND_ORGANIZATION_ASSIGNMENT(#1256,#1240,(#1200));
#1263=APPLIED_PERSON_AND_ORGANIZATION_ASSIGNMENT(#1257,#1241,(#1194));
#1264=PRODUCT_RELATED_PRODUCT_CATEGORY('detail','detail',(#1268));
#1265=APPLICATION_PROTOCOL_DEFINITION('International Standard',
'config_control_design',1994,#1266);
#1266=APPLICATION_CONTEXT(
'configuration controlled 3d designs of mechanical parts and assemblie
s');
#1267=PRODUCT_CONTEXT('3D Mechanical Parts',#1266,'mechanical');
#1268=PRODUCT('Document','Document','',(#1267));
#1269=(
LENGTH_UNIT()
NAMED_UNIT(*)
SI_UNIT(.MILLI.,.METRE.)
);
#1270=(
NAMED_UNIT(*)
PLANE_ANGLE_UNIT()
SI_UNIT($,.RADIAN.)
);
#1271=DIMENSIONAL_EXPONENTS(0.,0.,0.,0.,0.,0.,0.);
#1272=PLANE_ANGLE_MEASURE_WITH_UNIT(PLANE_ANGLE_MEASURE(0.01745329252),
#1270);
#1273=(
CONVERSION_BASED_UNIT('DEGREES',#1272)
NAMED_UNIT(#1271)
PLANE_ANGLE_UNIT()
);
#1274=(
NAMED_UNIT(*)
SI_UNIT($,.STERADIAN.)
SOLID_ANGLE_UNIT()
);
#1275=UNCERTAINTY_MEASURE_WITH_UNIT(LENGTH_MEASURE(0.001),#1269,
'DISTANCE_ACCURACY_VALUE',
'Maximum model space distance between geometric entities at asserted c
onnectivities');
#1276=(
GEOMETRIC_REPRESENTATION_CONTEXT(3)
GLOBAL_UNCERTAINTY_ASSIGNED_CONTEXT((#1275))
GLOBAL_UNIT_ASSIGNED_CONTEXT((#1274,#1273,#1269))
REPRESENTATION_CONTEXT('ID1','3D')
);
#1277=SHAPE_REPRESENTATION('Document',(#1278,#1328),#1276);
#1278=AXIS2_PLACEMENT_3D('',#1382,#1329,#1330);
#1279=AXIS2_PLACEMENT_3D('',#1383,#1331,$);
#1280=AXIS2_PLACEMENT_3D('',#1384,#1332,$);
#1281=AXIS2_PLACEMENT_3D('',#1397,#1333,$);
#1282=AXIS2_PLACEMENT_3D('',#1410,#1334,$);
#1283=AXIS2_PLACEMENT_3D('',#1411,#1335,$);
#1284=AXIS2_PLACEMENT_3D('',#1540,#1336,$);
#1285=AXIS2_PLACEMENT_3D('',#1541,#1337,$);
#1286=AXIS2_PLACEMENT_3D('',#1608,#1338,$);
#1287=AXIS2_PLACEMENT_3D('',#1609,#1339,$);
#1288=AXIS2_PLACEMENT_3D('',#1610,#1340,$);
#1289=AXIS2_PLACEMENT_3D('',#1635,#1341,$);
#1290=AXIS2_PLACEMENT_3D('',#1636,#1342,$);
#1291=AXIS2_PLACEMENT_3D('',#1637,#1343,$);
#1292=AXIS2_PLACEMENT_3D('',#1638,#1344,$);
#1293=AXIS2_PLACEMENT_3D('',#1639,#1345,$);
#1294=AXIS2_PLACEMENT_3D('',#1640,#1346,$);
#1295=AXIS2_PLACEMENT_3D('',#1641,#1347,$);
#1296=AXIS2_PLACEMENT_3D('',#1642,#1348,$);
#1297=AXIS2_PLACEMENT_3D('',#1643,#1349,$);
#1298=AXIS2_PLACEMENT_3D('',#1644,#1350,$);
#1299=AXIS2_PLACEMENT_3D('',#1645,#1351,$);
#1300=AXIS2_PLACEMENT_3D('',#1646,#1352,$);
#1301=AXIS2_PLACEMENT_3D('',#1647,#1353,$);
#1302=AXIS2_PLACEMENT_3D('',#1648,#1354,$);
#1303=AXIS2_PLACEMENT_3D('',#1649,#1355,$);
#1304=AXIS2_PLACEMENT_3D('',#1650,#1356,$);
#1305=AXIS2_PLACEMENT_3D('',#1651,#1357,$);
#1306=AXIS2_PLACEMENT_3D('',#1652,#1358,$);
#1307=AXIS2_PLACEMENT_3D('',#1653,#1359,$);
#1308=AXIS2_PLACEMENT_3D('',#1654,#1360,$);
#1309=AXIS2_PLACEMENT_3D('',#1655,#1361,$);
#1310=AXIS2_PLACEMENT_3D('',#1656,#1362,$);
#1311=AXIS2_PLACEMENT_3D('',#1657,#1363,$);
#1312=AXIS2_PLACEMENT_3D('',#1658,#1364,$);
#1313=AXIS2_PLACEMENT_3D('',#1659,#1365,$);
#1314=AXIS2_PLACEMENT_3D('',#1660,#1366,$);
#1315=AXIS2_PLACEMENT_3D('',#1661,#1367,$);
#1316=AXIS2_PLACEMENT_3D('',#1662,#1368,$);
#1317=AXIS2_PLACEMENT_3D('',#1663,#1369,$);
#1318=AXIS2_PLACEMENT_3D('',#1664,#1370,$);
#1319=AXIS2_PLACEMENT_3D('',#1665,#1371,$);
#1320=AXIS2_PLACEMENT_3D('',#1720,#1372,$);
#1321=AXIS2_PLACEMENT_3D('',#1721,#1373,$);
#1322=AXIS2_PLACEMENT_3D('',#1776,#1374,$);
#1323=AXIS2_PLACEMENT_3D('',#1843,#1375,$);
#1324=AXIS2_PLACEMENT_3D('',#1844,#1376,$);
#1325=AXIS2_PLACEMENT_3D('',#1845,#1377,$);
#1326=AXIS2_PLACEMENT_3D('',#1846,#1378,$);
#1327=AXIS2_PLACEMENT_3D('',#1847,#1379,$);
#1328=AXIS2_PLACEMENT_3D('',#2694,#1380,#1381);
#1329=DIRECTION('',(0.,0.,1.));
#1330=DIRECTION('',(1.,0.,0.));
#1331=DIRECTION('',(0.,1.,0.));
#1332=DIRECTION('',(-1.,0.,0.));
#1333=DIRECTION('',(0.,1.,0.));
#1334=DIRECTION('',(1.,0.,0.));
#1335=DIRECTION('',(1.,2.00836736545895E-14,-2.69450757177505E-14));
#1336=DIRECTION('',(1.,0.,0.));
#1337=DIRECTION('',(1.,1.18226339545091E-13,2.33224266427067E-13));
#1338=DIRECTION('',(-1.,0.,0.));
#1339=DIRECTION('',(0.,1.,0.));
#1340=DIRECTION('',(0.,1.,0.));
#1341=DIRECTION('',(0.725546931916063,4.77515727503364E-18,-0.688172688783264));
#1342=DIRECTION('',(0.725546931916063,5.96894659379206E-19,0.688172688783265));
#1343=DIRECTION('',(0.,0.,1.));
#1344=DIRECTION('',(0.,0.,-1.));
#1345=DIRECTION('',(-1.,0.,0.));
#1346=DIRECTION('',(-1.,0.,0.));
#1347=DIRECTION('',(-0.707106781186529,-0.707106781186565,-2.55140024536099E-16));
#1348=DIRECTION('',(0.,0.,1.));
#1349=DIRECTION('',(0.,1.,0.));
#1350=DIRECTION('',(-1.,0.,0.));
#1351=DIRECTION('',(0.,1.,0.));
#1352=DIRECTION('',(-1.,0.,0.));
#1353=DIRECTION('',(-1.,0.,0.));
#1354=DIRECTION('',(-0.707106781186529,-0.707106781186566,-4.51401581871557E-16));
#1355=DIRECTION('',(0.707106781186547,0.707106781186548,3.92523114670944E-17));
#1356=DIRECTION('',(0.707106781186547,-0.707106781186548,-1.96261557335472E-17));
#1357=DIRECTION('',(-0.707106781186546,0.707106781186549,-9.8130778667736E-17));
#1358=DIRECTION('',(1.,0.,0.));
#1359=DIRECTION('',(0.,-1.,0.));
#1360=DIRECTION('',(0.707106781186548,-0.707106781186547,0.));
#1361=DIRECTION('',(0.707106781186547,0.707106781186548,3.92523114670944E-16));
#1362=DIRECTION('',(-0.707106781186554,0.707106781186541,4.71027737605131E-16));
#1363=DIRECTION('',(-0.70710678118654,-0.707106781186555,-1.96261557335473E-16));
#1364=DIRECTION('',(-1.,-7.89491928622357E-15,7.89491928622329E-15));
#1365=DIRECTION('',(-1.,-3.62291674990408E-28,7.89491928622329E-15));
#1366=DIRECTION('',(-1.,-7.894919286224E-15,7.89491928622328E-15));
#1367=DIRECTION('',(-1.,7.89491928622347E-15,7.89491928622328E-15));
#1368=DIRECTION('',(0.,0.,-1.));
#1369=DIRECTION('',(0.,0.,-1.));
#1370=DIRECTION('',(1.,0.,0.));
#1371=DIRECTION('',(0.,-1.,0.));
#1372=DIRECTION('',(0.,1.,0.));
#1373=DIRECTION('',(1.,0.,0.));
#1374=DIRECTION('',(0.,-1.,0.));
#1375=DIRECTION('',(0.,0.,-1.));
#1376=DIRECTION('',(0.,0.,1.));
#1377=DIRECTION('',(0.,0.,1.));
#1378=DIRECTION('',(0.,1.,0.));
#1379=DIRECTION('',(0.,1.,0.));
#1380=DIRECTION('',(0.,0.,1.));
#1381=DIRECTION('',(1.,0.,0.));
#1382=CARTESIAN_POINT('',(0.,0.,0.));
#1383=CARTESIAN_POINT('',(4.2740577261157,17.,-3.64234536292856));
#1384=CARTESIAN_POINT('',(-8.,17.,-3.64234536292856));
#1385=CARTESIAN_POINT('',(2.09200263122548,6.91289714976801,-0.642345362928562));
#1386=CARTESIAN_POINT('',(2.09200263122548,6.51289714976801,-0.642345362928562));
#1387=CARTESIAN_POINT('',(2.09200263122548,6.11289714976801,-0.642345362928562));
#1388=CARTESIAN_POINT('',(2.0920026312255,5.91289714976801,-0.442345362928559));
#1389=CARTESIAN_POINT('',(2.0920026312255,5.91289714976801,-0.0423453629285609));
#1390=CARTESIAN_POINT('',(2.0920026312255,5.91289714976801,0.357654637071437));
#1391=CARTESIAN_POINT('',(-6.79977795785248,6.91289714976801,-0.642345362928562));
#1392=CARTESIAN_POINT('',(-6.79977795785248,6.51289714976801,-0.642345362928562));
#1393=CARTESIAN_POINT('',(-6.79977795785248,6.11289714976801,-0.642345362928562));
#1394=CARTESIAN_POINT('',(-6.79977795785247,5.91289714976802,-0.442345362928558));
#1395=CARTESIAN_POINT('',(-6.79977795785247,5.91289714976802,-0.0423453629285602));
#1396=CARTESIAN_POINT('',(-6.79977795785247,5.91289714976802,0.357654637071437));
#1397=CARTESIAN_POINT('',(-5.79977795785241,5.91289714976801,1.36270648003441));
#1398=CARTESIAN_POINT('',(2.0920026312255,4.91289714976801,1.36270648003441));
#1399=CARTESIAN_POINT('',(-6.79977795785241,4.91289714976801,1.36270648003441));
#1400=CARTESIAN_POINT('',(2.0920026312255,5.31289714976801,1.36270648003441));
#1401=CARTESIAN_POINT('',(-6.79977795785241,5.31289714976801,1.36270648003441));
#1402=CARTESIAN_POINT('',(2.0920026312255,5.71289714976801,1.36270648003441));
#1403=CARTESIAN_POINT('',(-6.79977795785241,5.71289714976801,1.36270648003441));
#1404=CARTESIAN_POINT('',(2.09200263122549,5.91289714976801,1.16270648003441));
#1405=CARTESIAN_POINT('',(-6.79977795785242,5.91289714976801,1.16270648003441));
#1406=CARTESIAN_POINT('',(2.09200263122549,5.91289714976801,0.762706480034408));
#1407=CARTESIAN_POINT('',(-6.79977795785242,5.91289714976801,0.762706480034408));
#1408=CARTESIAN_POINT('',(2.09200263122549,5.91289714976801,0.362706480034408));
#1409=CARTESIAN_POINT('',(-6.79977795785242,5.91289714976801,0.362706480034408));
#1410=CARTESIAN_POINT('',(1.09200263122543,-16.520249902354,1.36270648003441));
#1411=CARTESIAN_POINT('',(-2.35388766331347,-15.849429509104,1.1627064800344));
#1412=CARTESIAN_POINT('',(-4.30977747353331,7.99891010190503,17.3576541937685));
#1413=CARTESIAN_POINT('',(-4.17738192180819,7.99891010190503,17.3576541937685));
#1414=CARTESIAN_POINT('',(-4.03915061375668,7.99908705146303,17.3576541937685));
#1415=CARTESIAN_POINT('',(-3.8993044425526,7.99575599032104,17.3576541937685));
#1416=CARTESIAN_POINT('',(-3.76206430136985,7.98523195822106,17.3576541937685));
#1417=CARTESIAN_POINT('',(-3.63165108338227,7.96382999490512,17.3576541937685));
#1418=CARTESIAN_POINT('',(-3.56352253581351,7.95264949726588,17.3576541937685));
#1419=CARTESIAN_POINT('',(-3.49655880238748,7.93842283308506,17.3576541937685));
#1420=CARTESIAN_POINT('',(-3.43130297660671,7.92041998647968,17.3576541937685));
#1421=CARTESIAN_POINT('',(-3.36829815197375,7.89791094156676,17.3576541937685));
#1422=CARTESIAN_POINT('',(-3.30808742199116,7.87016568246333,17.3576541937685));
#1423=CARTESIAN_POINT('',(-3.24720907126871,7.84211278200734,17.3576541937685));
#1424=CARTESIAN_POINT('',(-3.19136844288886,7.80967717454286,17.3576541937685));
#1425=CARTESIAN_POINT('',(-3.14042681096554,7.77261514866188,17.3576541937685));
#1426=CARTESIAN_POINT('',(-3.09424544961266,7.73068299295642,17.3576541937685));
#1427=CARTESIAN_POINT('',(-3.05268563294416,7.68363699601847,17.3576541937685));
#1428=CARTESIAN_POINT('',(-3.01257448706418,7.63823090432901,17.3576541937685));
#1429=CARTESIAN_POINT('',(-2.97798995105697,7.58940993476168,17.3576541937685));
#1430=CARTESIAN_POINT('',(-2.94838030502947,7.53761023511527,17.3576541937685));
#1431=CARTESIAN_POINT('',(-2.92319382908869,7.48326795318859,17.3576541937685));
#1432=CARTESIAN_POINT('',(-2.90187880334162,7.42681923678044,17.3576541937685));
#1433=CARTESIAN_POINT('',(-2.88067982667368,7.3706778538766,17.3576541937685));
#1434=CARTESIAN_POINT('',(-2.86331906336812,7.31252567707958,17.3576541937685));
#1435=CARTESIAN_POINT('',(-2.84928849061165,7.25278345949283,17.3576541937685));
#1436=CARTESIAN_POINT('',(-2.83808008559094,7.19187195421976,17.3576541937685));
#1437=CARTESIAN_POINT('',(-2.82918582549267,7.13021191436382,17.3576541937685));
#1438=CARTESIAN_POINT('',(-2.81146273212779,7.00734541044174,17.3576541937685));
#1439=CARTESIAN_POINT('',(-2.80264022653999,6.88097663897371,17.3576541937685));
#1440=CARTESIAN_POINT('',(-2.79973843243869,6.75191093822084,17.3576541937685));
#1441=CARTESIAN_POINT('',(-2.79977747353332,6.62095364644425,17.3576541937685));
#1442=CARTESIAN_POINT('',(-2.79977747353332,6.48891010190504,17.3576541937685));
#1443=CARTESIAN_POINT('',(-4.30977747353331,7.99891010190503,-14.6423458062315));
#1444=CARTESIAN_POINT('',(-4.17738192180819,7.99891010190503,-14.6423458062315));
#1445=CARTESIAN_POINT('',(-4.03915061375668,7.99908705146303,-14.6423458062315));
#1446=CARTESIAN_POINT('',(-3.8993044425526,7.99575599032104,-14.6423458062315));
#1447=CARTESIAN_POINT('',(-3.76206430136985,7.98523195822106,-14.6423458062315));
#1448=CARTESIAN_POINT('',(-3.63165108338227,7.96382999490512,-14.6423458062315));
#1449=CARTESIAN_POINT('',(-3.56352253581351,7.95264949726588,-14.6423458062315));
#1450=CARTESIAN_POINT('',(-3.49655880238748,7.93842283308506,-14.6423458062315));
#1451=CARTESIAN_POINT('',(-3.43130297660671,7.92041998647968,-14.6423458062315));
#1452=CARTESIAN_POINT('',(-3.36829815197375,7.89791094156676,-14.6423458062315));
#1453=CARTESIAN_POINT('',(-3.30808742199116,7.87016568246333,-14.6423458062315));
#1454=CARTESIAN_POINT('',(-3.24720907126871,7.84211278200734,-14.6423458062315));
#1455=CARTESIAN_POINT('',(-3.19136844288886,7.80967717454286,-14.6423458062315));
#1456=CARTESIAN_POINT('',(-3.14042681096554,7.77261514866188,-14.6423458062315));
#1457=CARTESIAN_POINT('',(-3.09424544961266,7.73068299295642,-14.6423458062315));
#1458=CARTESIAN_POINT('',(-3.05268563294416,7.68363699601847,-14.6423458062315));
#1459=CARTESIAN_POINT('',(-3.01257448706418,7.63823090432901,-14.6423458062315));
#1460=CARTESIAN_POINT('',(-2.97798995105697,7.58940993476168,-14.6423458062315));
#1461=CARTESIAN_POINT('',(-2.94838030502947,7.53761023511527,-14.6423458062315));
#1462=CARTESIAN_POINT('',(-2.92319382908869,7.48326795318859,-14.6423458062315));
#1463=CARTESIAN_POINT('',(-2.90187880334162,7.42681923678044,-14.6423458062315));
#1464=CARTESIAN_POINT('',(-2.88067982667368,7.3706778538766,-14.6423458062315));
#1465=CARTESIAN_POINT('',(-2.86331906336812,7.31252567707958,-14.6423458062315));
#1466=CARTESIAN_POINT('',(-2.84928849061165,7.25278345949283,-14.6423458062315));
#1467=CARTESIAN_POINT('',(-2.83808008559094,7.19187195421976,-14.6423458062315));
#1468=CARTESIAN_POINT('',(-2.82918582549267,7.13021191436382,-14.6423458062315));
#1469=CARTESIAN_POINT('',(-2.81146273212779,7.00734541044174,-14.6423458062315));
#1470=CARTESIAN_POINT('',(-2.80264022653999,6.88097663897371,-14.6423458062315));
#1471=CARTESIAN_POINT('',(-2.79973843243869,6.75191093822084,-14.6423458062315));
#1472=CARTESIAN_POINT('',(-2.79977747353332,6.62095364644425,-14.6423458062315));
#1473=CARTESIAN_POINT('',(-2.79977747353332,6.48891010190504,-14.6423458062315));
#1474=CARTESIAN_POINT('',(-1.09267069234632,-16.292237816637,17.3576541937685));
#1475=CARTESIAN_POINT('',(-1.03789269736642,-16.347015811617,17.3576541937685));
#1476=CARTESIAN_POINT('',(-0.983114702386416,-16.401793806597,17.3576541937685));
#1477=CARTESIAN_POINT('',(-0.925856579390413,-16.450584242883,17.3576541937685));
#1478=CARTESIAN_POINT('',(-0.864797807611325,-16.490199101333,17.3576541937685));
#1479=CARTESIAN_POINT('',(-0.799777473533325,-16.520249902354,17.3576541937685));
#1480=CARTESIAN_POINT('',(-1.09267069234632,-16.292237816637,-14.6423458062315));
#1481=CARTESIAN_POINT('',(-1.03789269736642,-16.347015811617,-14.6423458062315));
#1482=CARTESIAN_POINT('',(-0.983114702386416,-16.401793806597,-14.6423458062315));
#1483=CARTESIAN_POINT('',(-0.925856579390413,-16.450584242883,-14.6423458062315));
#1484=CARTESIAN_POINT('',(-0.864797807611325,-16.490199101333,-14.6423458062315));
#1485=CARTESIAN_POINT('',(-0.799777473533325,-16.520249902354,-14.6423458062315));
#1486=CARTESIAN_POINT('',(-2.79977747353332,-1.71714384883001,17.3576541937685));
#1487=CARTESIAN_POINT('',(-2.79977747353332,-1.894040914827,17.3576541937685));
#1488=CARTESIAN_POINT('',(-2.79977747353331,-2.07093798082399,17.3576541937685));
#1489=CARTESIAN_POINT('',(-2.751601382234,-2.23787289300999,17.3576541937685));
#1490=CARTESIAN_POINT('',(-2.6034756204841,-2.33791905818198,17.3576541937685));
#1491=CARTESIAN_POINT('',(-2.47260771845139,-2.45694075442197,17.3576541937685));
#1492=CARTESIAN_POINT('',(-2.28362747333378,-2.62881444522286,17.3576541937685));
#1493=CARTESIAN_POINT('',(-2.13144208837879,-2.83831024621436,17.3576541937685));
#1494=CARTESIAN_POINT('',(-2.02626325742718,-3.07614082946094,17.3576541937685));
#1495=CARTESIAN_POINT('',(-1.97367384195139,-3.32968221741741,17.3576541937685));
#1496=CARTESIAN_POINT('',(-1.9736738419514,-3.58513103544997,17.3576541937685));
#1497=CARTESIAN_POINT('',(-1.97367384195139,-3.84057985348253,17.3576541937685));
#1498=CARTESIAN_POINT('',(-2.0262632574272,-4.09412124143899,17.3576541937685));
#1499=CARTESIAN_POINT('',(-2.13144208837879,-4.33195182468557,17.3576541937685));
#1500=CARTESIAN_POINT('',(-2.28362747333379,-4.54144762567708,17.3576541937685));
#1501=CARTESIAN_POINT('',(-2.47260771845141,-4.71332131647796,17.3576541937685));
#1502=CARTESIAN_POINT('',(-2.60347562048411,-4.83234301271796,17.3576541937685));
#1503=CARTESIAN_POINT('',(-2.75160138223401,-4.93238917788999,17.3576541937685));
#1504=CARTESIAN_POINT('',(-2.79977747353332,-5.09932409007597,17.3576541937685));
#1505=CARTESIAN_POINT('',(-2.79977747353332,-5.276221156073,17.3576541937685));
#1506=CARTESIAN_POINT('',(-2.79977747353332,-5.45311822207001,17.3576541937685));
#1507=CARTESIAN_POINT('',(-2.79977747353332,-1.71714384883001,-14.6423458062315));
#1508=CARTESIAN_POINT('',(-2.79977747353332,-1.894040914827,-14.6423458062315));
#1509=CARTESIAN_POINT('',(-2.79977747353331,-2.07093798082399,-14.6423458062315));
#1510=CARTESIAN_POINT('',(-2.751601382234,-2.23787289300999,-14.6423458062315));
#1511=CARTESIAN_POINT('',(-2.6034756204841,-2.33791905818198,-14.6423458062315));
#1512=CARTESIAN_POINT('',(-2.47260771845139,-2.45694075442197,-14.6423458062315));
#1513=CARTESIAN_POINT('',(-2.28362747333378,-2.62881444522286,-14.6423458062315));
#1514=CARTESIAN_POINT('',(-2.13144208837879,-2.83831024621436,-14.6423458062315));
#1515=CARTESIAN_POINT('',(-2.02626325742718,-3.07614082946094,-14.6423458062315));
#1516=CARTESIAN_POINT('',(-1.97367384195139,-3.32968221741741,-14.6423458062315));
#1517=CARTESIAN_POINT('',(-1.9736738419514,-3.58513103544997,-14.6423458062315));
#1518=CARTESIAN_POINT('',(-1.97367384195139,-3.84057985348253,-14.6423458062315));
#1519=CARTESIAN_POINT('',(-2.0262632574272,-4.09412124143899,-14.6423458062315));
#1520=CARTESIAN_POINT('',(-2.13144208837879,-4.33195182468557,-14.6423458062315));
#1521=CARTESIAN_POINT('',(-2.28362747333379,-4.54144762567708,-14.6423458062315));
#1522=CARTESIAN_POINT('',(-2.47260771845141,-4.71332131647796,-14.6423458062315));
#1523=CARTESIAN_POINT('',(-2.60347562048411,-4.83234301271796,-14.6423458062315));
#1524=CARTESIAN_POINT('',(-2.75160138223401,-4.93238917788999,-14.6423458062315));
#1525=CARTESIAN_POINT('',(-2.79977747353332,-5.09932409007597,-14.6423458062315));
#1526=CARTESIAN_POINT('',(-2.79977747353332,-5.276221156073,-14.6423458062315));
#1527=CARTESIAN_POINT('',(-2.79977747353332,-5.45311822207001,-14.6423458062315));
#1528=CARTESIAN_POINT('',(-2.79977747353332,-14.170917473077,17.3576541937685));
#1529=CARTESIAN_POINT('',(-2.79977747353332,-14.336602898026,17.3576541937685));
#1530=CARTESIAN_POINT('',(-2.79977747353331,-14.502288322975,17.3576541937685));
#1531=CARTESIAN_POINT('',(-2.74119882977031,-14.643709679213,17.3576541937685));
#1532=CARTESIAN_POINT('',(-2.62404154224541,-14.760866966738,17.3576541937685));
#1533=CARTESIAN_POINT('',(-2.5068842547204,-14.878024254263,17.3576541937685));
#1534=CARTESIAN_POINT('',(-2.79977747353332,-14.170917473077,-14.6423458062315));
#1535=CARTESIAN_POINT('',(-2.79977747353332,-14.336602898026,-14.6423458062315));
#1536=CARTESIAN_POINT('',(-2.79977747353331,-14.502288322975,-14.6423458062315));
#1537=CARTESIAN_POINT('',(-2.74119882977031,-14.643709679213,-14.6423458062315));
#1538=CARTESIAN_POINT('',(-2.62404154224541,-14.760866966738,-14.6423458062315));
#1539=CARTESIAN_POINT('',(-2.5068842547204,-14.878024254263,-14.6423458062315));
#1540=CARTESIAN_POINT('',(1.23713988413164,-16.5202499023539,7.35765463707183));
#1541=CARTESIAN_POINT('',(-2.35388766331354,-15.849429509104,7.55765463707178));
#1542=CARTESIAN_POINT('',(-1.09267069234632,-16.292237816637,17.3576541937685));
#1543=CARTESIAN_POINT('',(-1.03789269736642,-16.347015811617,17.3576541937685));
#1544=CARTESIAN_POINT('',(-0.983114702386416,-16.401793806597,17.3576541937685));
#1545=CARTESIAN_POINT('',(-0.925856579390413,-16.450584242883,17.3576541937685));
#1546=CARTESIAN_POINT('',(-0.864797807611325,-16.490199101333,17.3576541937685));
#1547=CARTESIAN_POINT('',(-0.799777473533325,-16.520249902354,17.3576541937685));
#1548=CARTESIAN_POINT('',(-1.09267069234632,-16.292237816637,-14.6423458062315));
#1549=CARTESIAN_POINT('',(-1.03789269736642,-16.347015811617,-14.6423458062315));
#1550=CARTESIAN_POINT('',(-0.983114702386416,-16.401793806597,-14.6423458062315));
#1551=CARTESIAN_POINT('',(-0.925856579390413,-16.450584242883,-14.6423458062315));
#1552=CARTESIAN_POINT('',(-0.864797807611325,-16.490199101333,-14.6423458062315));
#1553=CARTESIAN_POINT('',(-0.799777473533325,-16.520249902354,-14.6423458062315));
#1554=CARTESIAN_POINT('',(-2.79977747353332,-1.71714384883001,17.3576541937685));
#1555=CARTESIAN_POINT('',(-2.79977747353332,-1.894040914827,17.3576541937685));
#1556=CARTESIAN_POINT('',(-2.79977747353331,-2.07093798082399,17.3576541937685));
#1557=CARTESIAN_POINT('',(-2.751601382234,-2.23787289300999,17.3576541937685));
#1558=CARTESIAN_POINT('',(-2.6034756204841,-2.33791905818198,17.3576541937685));
#1559=CARTESIAN_POINT('',(-2.47260771845139,-2.45694075442197,17.3576541937685));
#1560=CARTESIAN_POINT('',(-2.28362747333378,-2.62881444522286,17.3576541937685));
#1561=CARTESIAN_POINT('',(-2.13144208837879,-2.83831024621436,17.3576541937685));
#1562=CARTESIAN_POINT('',(-2.02626325742718,-3.07614082946094,17.3576541937685));
#1563=CARTESIAN_POINT('',(-1.97367384195139,-3.32968221741741,17.3576541937685));
#1564=CARTESIAN_POINT('',(-1.9736738419514,-3.58513103544997,17.3576541937685));
#1565=CARTESIAN_POINT('',(-1.97367384195139,-3.84057985348253,17.3576541937685));
#1566=CARTESIAN_POINT('',(-2.0262632574272,-4.09412124143899,17.3576541937685));
#1567=CARTESIAN_POINT('',(-2.13144208837879,-4.33195182468557,17.3576541937685));
#1568=CARTESIAN_POINT('',(-2.28362747333379,-4.54144762567708,17.3576541937685));
#1569=CARTESIAN_POINT('',(-2.47260771845141,-4.71332131647796,17.3576541937685));
#1570=CARTESIAN_POINT('',(-2.60347562048411,-4.83234301271796,17.3576541937685));
#1571=CARTESIAN_POINT('',(-2.75160138223401,-4.93238917788999,17.3576541937685));
#1572=CARTESIAN_POINT('',(-2.79977747353332,-5.09932409007597,17.3576541937685));
#1573=CARTESIAN_POINT('',(-2.79977747353332,-5.276221156073,17.3576541937685));
#1574=CARTESIAN_POINT('',(-2.79977747353332,-5.45311822207001,17.3576541937685));
#1575=CARTESIAN_POINT('',(-2.79977747353332,-1.71714384883001,-14.6423458062315));
#1576=CARTESIAN_POINT('',(-2.79977747353332,-1.894040914827,-14.6423458062315));
#1577=CARTESIAN_POINT('',(-2.79977747353331,-2.07093798082399,-14.6423458062315));
#1578=CARTESIAN_POINT('',(-2.751601382234,-2.23787289300999,-14.6423458062315));
#1579=CARTESIAN_POINT('',(-2.6034756204841,-2.33791905818198,-14.6423458062315));
#1580=CARTESIAN_POINT('',(-2.47260771845139,-2.45694075442197,-14.6423458062315));
#1581=CARTESIAN_POINT('',(-2.28362747333378,-2.62881444522286,-14.6423458062315));
#1582=CARTESIAN_POINT('',(-2.13144208837879,-2.83831024621436,-14.6423458062315));
#1583=CARTESIAN_POINT('',(-2.02626325742718,-3.07614082946094,-14.6423458062315));
#1584=CARTESIAN_POINT('',(-1.97367384195139,-3.32968221741741,-14.6423458062315));
#1585=CARTESIAN_POINT('',(-1.9736738419514,-3.58513103544997,-14.6423458062315));
#1586=CARTESIAN_POINT('',(-1.97367384195139,-3.84057985348253,-14.6423458062315));
#1587=CARTESIAN_POINT('',(-2.0262632574272,-4.09412124143899,-14.6423458062315));
#1588=CARTESIAN_POINT('',(-2.13144208837879,-4.33195182468557,-14.6423458062315));
#1589=CARTESIAN_POINT('',(-2.28362747333379,-4.54144762567708,-14.6423458062315));
#1590=CARTESIAN_POINT('',(-2.47260771845141,-4.71332131647796,-14.6423458062315));
#1591=CARTESIAN_POINT('',(-2.60347562048411,-4.83234301271796,-14.6423458062315));
#1592=CARTESIAN_POINT('',(-2.75160138223401,-4.93238917788999,-14.6423458062315));
#1593=CARTESIAN_POINT('',(-2.79977747353332,-5.09932409007597,-14.6423458062315));
#1594=CARTESIAN_POINT('',(-2.79977747353332,-5.276221156073,-14.6423458062315));
#1595=CARTESIAN_POINT('',(-2.79977747353332,-5.45311822207001,-14.6423458062315));
#1596=CARTESIAN_POINT('',(-2.79977747353332,-14.170917473077,17.3576541937685));
#1597=CARTESIAN_POINT('',(-2.79977747353332,-14.336602898026,17.3576541937685));
#1598=CARTESIAN_POINT('',(-2.79977747353331,-14.502288322975,17.3576541937685));
#1599=CARTESIAN_POINT('',(-2.74119882977031,-14.643709679213,17.3576541937685));
#1600=CARTESIAN_POINT('',(-2.62404154224541,-14.760866966738,17.3576541937685));
#1601=CARTESIAN_POINT('',(-2.5068842547204,-14.878024254263,17.3576541937685));
#1602=CARTESIAN_POINT('',(-2.79977747353332,-14.170917473077,-14.6423458062315));
#1603=CARTESIAN_POINT('',(-2.79977747353332,-14.336602898026,-14.6423458062315));
#1604=CARTESIAN_POINT('',(-2.79977747353331,-14.502288322975,-14.6423458062315));
#1605=CARTESIAN_POINT('',(-2.74119882977031,-14.643709679213,-14.6423458062315));
#1606=CARTESIAN_POINT('',(-2.62404154224541,-14.760866966738,-14.6423458062315));
#1607=CARTESIAN_POINT('',(-2.5068842547204,-14.878024254263,-14.6423458062315));
#1608=CARTESIAN_POINT('',(1.09200287338504,9.87821888067496,-1.6418401786323));
#1609=CARTESIAN_POINT('',(1.09200287338504,2.97975009764605,7.85765463707184));
#1610=CARTESIAN_POINT('',(1.09200287338504,4.97975009764605,0.862706480030413));
#1611=CARTESIAN_POINT('',(1.23486001624218,10.078218880675,7.37849721332188));
#1612=CARTESIAN_POINT('',(1.23486001624218,-16.720249902354,7.37849721332188));
#1613=CARTESIAN_POINT('',(1.17771715909932,10.078218880675,7.36146050492189));
#1614=CARTESIAN_POINT('',(1.17771715909932,-16.720249902354,7.36146050492189));
#1615=CARTESIAN_POINT('',(1.11803461941678,10.078218880675,7.35294215072189));
#1616=CARTESIAN_POINT('',(1.11803461941678,-16.720249902354,7.35294215072189));
#1617=CARTESIAN_POINT('',(1.09200287338504,10.078218880675,7.30609120262189));
#1618=CARTESIAN_POINT('',(1.09200287338504,-16.720249902354,7.30609120262189));
#1619=CARTESIAN_POINT('',(1.09200287338504,10.078218880675,7.24646272322189));
#1620=CARTESIAN_POINT('',(1.09200287338504,-16.720249902354,7.2464627232219));
#1621=CARTESIAN_POINT('',(1.09200287338504,10.078218880675,7.1868342438219));
#1622=CARTESIAN_POINT('',(1.09200287338504,-16.720249902354,7.1868342438219));
#1623=CARTESIAN_POINT('',(1.23486001624218,-16.7202499023539,1.34186390378037));
#1624=CARTESIAN_POINT('',(1.23486001624219,10.078218880675,1.34186390378037));
#1625=CARTESIAN_POINT('',(1.17771715909933,-16.7202499023539,1.35890061218037));
#1626=CARTESIAN_POINT('',(1.17771715909934,10.078218880675,1.35890061218036));
#1627=CARTESIAN_POINT('',(1.11803461941679,-16.7202499023539,1.36741896638037));
#1628=CARTESIAN_POINT('',(1.1180346194168,10.078218880675,1.36741896638036));
#1629=CARTESIAN_POINT('',(1.09200287338504,-16.720249902354,1.41426991448036));
#1630=CARTESIAN_POINT('',(1.09200287338504,10.078218880675,1.41426991448035));
#1631=CARTESIAN_POINT('',(1.09200287338504,-16.720249902354,1.47389839388036));
#1632=CARTESIAN_POINT('',(1.09200287338504,10.078218880675,1.47389839388035));
#1633=CARTESIAN_POINT('',(1.09200287338504,-16.720249902354,1.53352687328035));
#1634=CARTESIAN_POINT('',(1.09200287338504,10.078218880675,1.53352687328035));
#1635=CARTESIAN_POINT('',(0.801610690043432,32.2288618680411,8.08032343436657));
#1636=CARTESIAN_POINT('',(-0.399956430042284,32.2288618680411,1.90686118747371));
#1637=CARTESIAN_POINT('',(-8.72594227388429,-16.4165413554264,1.36162672243143));
#1638=CARTESIAN_POINT('',(-8.72594227388429,6.29008334097376,7.35368255171162));
#1639=CARTESIAN_POINT('',(-2.79977747353332,6.48891010190504,1.70802393096744));
#1640=CARTESIAN_POINT('',(-2.79977747353332,-5.45311822207001,1.70802393096743));
#1641=CARTESIAN_POINT('',(-2.50688425472041,-14.878024254263,1.70802393096743));
#1642=CARTESIAN_POINT('',(-3.18895548400921,-18.7635646075661,11.3526027941088));
#1643=CARTESIAN_POINT('',(4.2740577261157,9.87821888067496,-3.64234536292856));
#1644=CARTESIAN_POINT('',(1.09200287338504,9.87821888067496,8.25815982136808));
#1645=CARTESIAN_POINT('',(1.0920026312255,5.91289714976801,7.35260279410886));
#1646=CARTESIAN_POINT('',(-2.79977747353332,6.48891010190504,11.3526027941088));
#1647=CARTESIAN_POINT('',(-2.79977747353332,-5.45311822207,11.3526027941088));
#1648=CARTESIAN_POINT('',(-2.50688425472041,-14.878024254263,11.3526027941088));
#1649=CARTESIAN_POINT('',(2.2740577261157,9.87821888067497,-5.6423453629286));
#1650=CARTESIAN_POINT('',(4.2740577261157,-14.520249902354,13.3526027941088));
#1651=CARTESIAN_POINT('',(-1.79977747353332,5.91289714976801,6.35368255171162));
#1652=CARTESIAN_POINT('',(4.2740577261157,-16.520249902354,-3.64234536292856));
#1653=CARTESIAN_POINT('',(-8.,-16.520249902354,-3.64234536292856));
#1654=CARTESIAN_POINT('',(4.2740577261157,-14.5202499023539,-5.64234536292857));
#1655=CARTESIAN_POINT('',(2.2740577261157,17.,-5.64234536292855));
#1656=CARTESIAN_POINT('',(-6.,17.,1.35765463707144));
#1657=CARTESIAN_POINT('',(-8.,-14.520249902354,1.35765463707144));
#1658=CARTESIAN_POINT('',(29.9261643160318,-10.476089898095,4.35765463707104));
#1659=CARTESIAN_POINT('',(29.9261643160318,-10.476089898095,4.35765463707104));
#1660=CARTESIAN_POINT('',(29.9261643160318,3.52391010190505,4.35765463707104));
#1661=CARTESIAN_POINT('',(29.9261643160318,3.52391010190493,4.35765463707104));
#1662=CARTESIAN_POINT('',(-3.29977747353332,14.023910063588,-3.64234536292857));
#1663=CARTESIAN_POINT('',(-3.29977747353332,14.023910063588,-3.64234536292857));
#1664=CARTESIAN_POINT('',(0.249980360414241,-16.0405535657685,1.22162672243143));
#1665=CARTESIAN_POINT('',(-1.34435494321485,-16.0405535657685,1.22162672243143));
#1666=CARTESIAN_POINT('',(-2.79977747353333,-14.170917473077,1.22162672243143));
#1667=CARTESIAN_POINT('',(-2.79977747353333,-14.170917473077,1.36162672243143));
#1668=CARTESIAN_POINT('',(-2.79977747353332,-14.336602898026,1.22162672243144));
#1669=CARTESIAN_POINT('',(-2.79977747353332,-14.336602898026,1.36162672243144));
#1670=CARTESIAN_POINT('',(-2.79977747353331,-14.502288322975,1.22162672243144));
#1671=CARTESIAN_POINT('',(-2.79977747353331,-14.502288322975,1.36162672243144));
#1672=CARTESIAN_POINT('',(-2.74119882977031,-14.643709679213,1.22162672243144));
#1673=CARTESIAN_POINT('',(-2.74119882977031,-14.643709679213,1.36162672243144));
#1674=CARTESIAN_POINT('',(-2.62404154224541,-14.760866966738,1.22162672243144));
#1675=CARTESIAN_POINT('',(-2.62404154224541,-14.760866966738,1.36162672243144));
#1676=CARTESIAN_POINT('',(-2.5068842547204,-14.878024254263,1.22162672243143));
#1677=CARTESIAN_POINT('',(-2.5068842547204,-14.878024254263,1.36162672243143));
#1678=CARTESIAN_POINT('',(-2.79977747353332,-1.71714384883001,1.22162672243143));
#1679=CARTESIAN_POINT('',(-2.79977747353332,-1.71714384883001,1.36162672243143));
#1680=CARTESIAN_POINT('',(-2.79977747353332,-1.894040914827,1.22162672243144));
#1681=CARTESIAN_POINT('',(-2.79977747353332,-1.894040914827,1.36162672243144));
#1682=CARTESIAN_POINT('',(-2.79977747353331,-2.07093798082399,1.22162672243144));
#1683=CARTESIAN_POINT('',(-2.79977747353331,-2.07093798082399,1.36162672243144));
#1684=CARTESIAN_POINT('',(-2.751601382234,-2.23787289300999,1.22162672243144));
#1685=CARTESIAN_POINT('',(-2.751601382234,-2.23787289300999,1.36162672243144));
#1686=CARTESIAN_POINT('',(-2.6034756204841,-2.33791905818198,1.22162672243144));
#1687=CARTESIAN_POINT('',(-2.6034756204841,-2.33791905818198,1.36162672243144));
#1688=CARTESIAN_POINT('',(-2.47260771845139,-2.45694075442197,1.22162672243144));
#1689=CARTESIAN_POINT('',(-2.47260771845139,-2.45694075442197,1.36162672243144));
#1690=CARTESIAN_POINT('',(-2.28362747333378,-2.62881444522286,1.22162672243143));
#1691=CARTESIAN_POINT('',(-2.28362747333378,-2.62881444522286,1.36162672243143));
#1692=CARTESIAN_POINT('',(-2.13144208837879,-2.83831024621436,1.22162672243143));
#1693=CARTESIAN_POINT('',(-2.13144208837879,-2.83831024621436,1.36162672243143));
#1694=CARTESIAN_POINT('',(-2.02626325742718,-3.07614082946094,1.22162672243143));
#1695=CARTESIAN_POINT('',(-2.02626325742718,-3.07614082946094,1.36162672243143));
#1696=CARTESIAN_POINT('',(-1.97367384195139,-3.32968221741741,1.22162672243143));
#1697=CARTESIAN_POINT('',(-1.97367384195139,-3.32968221741741,1.36162672243143));
#1698=CARTESIAN_POINT('',(-1.9736738419514,-3.58513103544997,1.22162672243144));
#1699=CARTESIAN_POINT('',(-1.9736738419514,-3.58513103544997,1.36162672243144));
#1700=CARTESIAN_POINT('',(-1.97367384195139,-3.84057985348253,1.22162672243143));
#1701=CARTESIAN_POINT('',(-1.97367384195139,-3.84057985348253,1.36162672243143));
#1702=CARTESIAN_POINT('',(-2.0262632574272,-4.09412124143899,1.22162672243143));
#1703=CARTESIAN_POINT('',(-2.0262632574272,-4.09412124143899,1.36162672243143));
#1704=CARTESIAN_POINT('',(-2.13144208837879,-4.33195182468557,1.22162672243143));
#1705=CARTESIAN_POINT('',(-2.13144208837879,-4.33195182468557,1.36162672243143));
#1706=CARTESIAN_POINT('',(-2.28362747333379,-4.54144762567708,1.22162672243143));
#1707=CARTESIAN_POINT('',(-2.28362747333379,-4.54144762567708,1.36162672243143));
#1708=CARTESIAN_POINT('',(-2.47260771845141,-4.71332131647796,1.22162672243144));
#1709=CARTESIAN_POINT('',(-2.47260771845141,-4.71332131647796,1.36162672243144));
#1710=CARTESIAN_POINT('',(-2.60347562048411,-4.83234301271796,1.22162672243144));
#1711=CARTESIAN_POINT('',(-2.60347562048411,-4.83234301271796,1.36162672243144));
#1712=CARTESIAN_POINT('',(-2.75160138223401,-4.93238917788999,1.22162672243144));
#1713=CARTESIAN_POINT('',(-2.75160138223401,-4.93238917788999,1.36162672243144));
#1714=CARTESIAN_POINT('',(-2.79977747353332,-5.09932409007597,1.22162672243144));
#1715=CARTESIAN_POINT('',(-2.79977747353332,-5.09932409007597,1.36162672243144));
#1716=CARTESIAN_POINT('',(-2.79977747353332,-5.276221156073,1.22162672243144));
#1717=CARTESIAN_POINT('',(-2.79977747353332,-5.276221156073,1.36162672243144));
#1718=CARTESIAN_POINT('',(-2.79977747353332,-5.45311822207001,1.22162672243143));
#1719=CARTESIAN_POINT('',(-2.79977747353332,-5.45311822207001,1.36162672243143));
#1720=CARTESIAN_POINT('',(0.249980360414241,5.67143162463124,1.22162672243143));
#1721=CARTESIAN_POINT('',(0.245188747081439,5.91289714976801,7.49368255171162));
#1722=CARTESIAN_POINT('',(-2.79977747353332,-5.45311822207001,7.49368255171162));
#1723=CARTESIAN_POINT('',(-2.79977747353332,-5.45311822207001,7.35368255171162));
#1724=CARTESIAN_POINT('',(-2.79977747353332,-5.276221156073,7.49368255171162));
#1725=CARTESIAN_POINT('',(-2.79977747353332,-5.276221156073,7.35368255171162));
#1726=CARTESIAN_POINT('',(-2.79977747353332,-5.09932409007597,7.49368255171162));
#1727=CARTESIAN_POINT('',(-2.79977747353332,-5.09932409007597,7.35368255171162));
#1728=CARTESIAN_POINT('',(-2.75160138223401,-4.93238917788999,7.49368255171162));
#1729=CARTESIAN_POINT('',(-2.75160138223401,-4.93238917788999,7.35368255171162));
#1730=CARTESIAN_POINT('',(-2.60347562048411,-4.83234301271796,7.49368255171162));
#1731=CARTESIAN_POINT('',(-2.60347562048411,-4.83234301271796,7.35368255171162));
#1732=CARTESIAN_POINT('',(-2.47260771845141,-4.71332131647796,7.49368255171162));
#1733=CARTESIAN_POINT('',(-2.47260771845141,-4.71332131647796,7.35368255171162));
#1734=CARTESIAN_POINT('',(-2.28362747333379,-4.54144762567708,7.49368255171162));
#1735=CARTESIAN_POINT('',(-2.28362747333379,-4.54144762567708,7.35368255171162));
#1736=CARTESIAN_POINT('',(-2.13144208837879,-4.33195182468557,7.49368255171162));
#1737=CARTESIAN_POINT('',(-2.13144208837879,-4.33195182468557,7.35368255171162));
#1738=CARTESIAN_POINT('',(-2.0262632574272,-4.09412124143899,7.49368255171162));
#1739=CARTESIAN_POINT('',(-2.0262632574272,-4.09412124143899,7.35368255171162));
#1740=CARTESIAN_POINT('',(-1.97367384195139,-3.84057985348253,7.49368255171162));
#1741=CARTESIAN_POINT('',(-1.97367384195139,-3.84057985348253,7.35368255171162));
#1742=CARTESIAN_POINT('',(-1.9736738419514,-3.58513103544997,7.49368255171162));
#1743=CARTESIAN_POINT('',(-1.9736738419514,-3.58513103544997,7.35368255171162));
#1744=CARTESIAN_POINT('',(-1.97367384195139,-3.32968221741741,7.49368255171162));
#1745=CARTESIAN_POINT('',(-1.97367384195139,-3.32968221741741,7.35368255171162));
#1746=CARTESIAN_POINT('',(-2.02626325742718,-3.07614082946094,7.49368255171162));
#1747=CARTESIAN_POINT('',(-2.02626325742718,-3.07614082946094,7.35368255171162));
#1748=CARTESIAN_POINT('',(-2.13144208837879,-2.83831024621436,7.49368255171162));
#1749=CARTESIAN_POINT('',(-2.13144208837879,-2.83831024621436,7.35368255171162));
#1750=CARTESIAN_POINT('',(-2.28362747333378,-2.62881444522286,7.49368255171162));
#1751=CARTESIAN_POINT('',(-2.28362747333378,-2.62881444522286,7.35368255171162));
#1752=CARTESIAN_POINT('',(-2.47260771845139,-2.45694075442197,7.49368255171162));
#1753=CARTESIAN_POINT('',(-2.47260771845139,-2.45694075442197,7.35368255171162));
#1754=CARTESIAN_POINT('',(-2.6034756204841,-2.33791905818198,7.49368255171162));
#1755=CARTESIAN_POINT('',(-2.6034756204841,-2.33791905818198,7.35368255171162));
#1756=CARTESIAN_POINT('',(-2.751601382234,-2.23787289300999,7.49368255171162));
#1757=CARTESIAN_POINT('',(-2.751601382234,-2.23787289300999,7.35368255171162));
#1758=CARTESIAN_POINT('',(-2.79977747353331,-2.07093798082399,7.49368255171162));
#1759=CARTESIAN_POINT('',(-2.79977747353331,-2.07093798082399,7.35368255171162));
#1760=CARTESIAN_POINT('',(-2.79977747353332,-1.894040914827,7.49368255171162));
#1761=CARTESIAN_POINT('',(-2.79977747353332,-1.894040914827,7.35368255171162));
#1762=CARTESIAN_POINT('',(-2.79977747353332,-1.71714384883001,7.49368255171162));
#1763=CARTESIAN_POINT('',(-2.79977747353332,-1.71714384883001,7.35368255171162));
#1764=CARTESIAN_POINT('',(-2.5068842547204,-14.878024254263,7.49368255171162));
#1765=CARTESIAN_POINT('',(-2.5068842547204,-14.878024254263,7.35368255171162));
#1766=CARTESIAN_POINT('',(-2.62404154224541,-14.760866966738,7.49368255171162));
#1767=CARTESIAN_POINT('',(-2.62404154224541,-14.760866966738,7.35368255171162));
#1768=CARTESIAN_POINT('',(-2.74119882977031,-14.643709679213,7.49368255171162));
#1769=CARTESIAN_POINT('',(-2.74119882977031,-14.643709679213,7.35368255171162));
#1770=CARTESIAN_POINT('',(-2.79977747353331,-14.502288322975,7.49368255171162));
#1771=CARTESIAN_POINT('',(-2.79977747353331,-14.502288322975,7.35368255171162));
#1772=CARTESIAN_POINT('',(-2.79977747353332,-14.336602898026,7.49368255171162));
#1773=CARTESIAN_POINT('',(-2.79977747353332,-14.336602898026,7.35368255171162));
#1774=CARTESIAN_POINT('',(-2.79977747353331,-14.170917473077,7.49368255171162));
#1775=CARTESIAN_POINT('',(-2.79977747353331,-14.170917473077,7.35368255171162));
#1776=CARTESIAN_POINT('',(0.245188747081436,-16.0389224437867,7.49368255171161));
#1777=CARTESIAN_POINT('',(-2.79977747353332,-5.45311822207001,9.35260279410884));
#1778=CARTESIAN_POINT('',(-2.79977747353332,-5.276221156073,9.35260279410884));
#1779=CARTESIAN_POINT('',(-2.79977747353332,-5.09932409007597,9.35260279410884));
#1780=CARTESIAN_POINT('',(-2.75160138223401,-4.93238917788999,9.35260279410884));
#1781=CARTESIAN_POINT('',(-2.60347562048411,-4.83234301271796,9.35260279410884));
#1782=CARTESIAN_POINT('',(-2.47260771845141,-4.71332131647796,9.35260279410884));
#1783=CARTESIAN_POINT('',(-2.28362747333379,-4.54144762567708,9.35260279410883));
#1784=CARTESIAN_POINT('',(-2.13144208837879,-4.33195182468557,9.35260279410884));
#1785=CARTESIAN_POINT('',(-2.0262632574272,-4.09412124143899,9.35260279410884));
#1786=CARTESIAN_POINT('',(-1.97367384195139,-3.84057985348253,9.35260279410883));
#1787=CARTESIAN_POINT('',(-1.9736738419514,-3.58513103544997,9.35260279410884));
#1788=CARTESIAN_POINT('',(-1.97367384195139,-3.32968221741741,9.35260279410883));
#1789=CARTESIAN_POINT('',(-2.02626325742718,-3.07614082946094,9.35260279410884));
#1790=CARTESIAN_POINT('',(-2.13144208837879,-2.83831024621436,9.35260279410884));
#1791=CARTESIAN_POINT('',(-2.28362747333378,-2.62881444522286,9.35260279410883));
#1792=CARTESIAN_POINT('',(-2.47260771845139,-2.45694075442197,9.35260279410884));
#1793=CARTESIAN_POINT('',(-2.6034756204841,-2.33791905818198,9.35260279410884));
#1794=CARTESIAN_POINT('',(-2.751601382234,-2.23787289300999,9.35260279410884));
#1795=CARTESIAN_POINT('',(-2.79977747353331,-2.07093798082399,9.35260279410884));
#1796=CARTESIAN_POINT('',(-2.79977747353332,-1.894040914827,9.35260279410884));
#1797=CARTESIAN_POINT('',(-2.79977747353333,-1.71714384883001,9.35260279410884));
#1798=CARTESIAN_POINT('',(-2.79977747353332,-5.45311822207001,11.3526027941088));
#1799=CARTESIAN_POINT('',(-2.79977747353332,-5.276221156073,11.3526027941088));
#1800=CARTESIAN_POINT('',(-2.79977747353332,-5.09932409007597,11.3526027941088));
#1801=CARTESIAN_POINT('',(-2.75160138223401,-4.93238917788999,11.3526027941088));
#1802=CARTESIAN_POINT('',(-2.60347562048411,-4.83234301271796,11.3526027941088));
#1803=CARTESIAN_POINT('',(-2.47260771845141,-4.71332131647796,11.3526027941088));
#1804=CARTESIAN_POINT('',(-2.28362747333379,-4.54144762567708,11.3526027941088));
#1805=CARTESIAN_POINT('',(-2.13144208837879,-4.33195182468557,11.3526027941088));
#1806=CARTESIAN_POINT('',(-2.0262632574272,-4.09412124143899,11.3526027941088));
#1807=CARTESIAN_POINT('',(-1.97367384195139,-3.84057985348253,11.3526027941088));
#1808=CARTESIAN_POINT('',(-1.9736738419514,-3.58513103544997,11.3526027941088));
#1809=CARTESIAN_POINT('',(-1.97367384195139,-3.32968221741741,11.3526027941088));
#1810=CARTESIAN_POINT('',(-2.02626325742718,-3.07614082946094,11.3526027941088));
#1811=CARTESIAN_POINT('',(-2.13144208837879,-2.83831024621436,11.3526027941088));
#1812=CARTESIAN_POINT('',(-2.28362747333378,-2.62881444522286,11.3526027941088));
#1813=CARTESIAN_POINT('',(-2.47260771845139,-2.45694075442197,11.3526027941088));
#1814=CARTESIAN_POINT('',(-2.6034756204841,-2.33791905818198,11.3526027941088));
#1815=CARTESIAN_POINT('',(-2.751601382234,-2.23787289300999,11.3526027941088));
#1816=CARTESIAN_POINT('',(-2.79977747353331,-2.07093798082399,11.3526027941088));
#1817=CARTESIAN_POINT('',(-2.79977747353332,-1.894040914827,11.3526027941088));
#1818=CARTESIAN_POINT('',(-2.79977747353333,-1.71714384883001,11.3526027941088));
#1819=CARTESIAN_POINT('',(-2.5068842547204,-14.878024254263,9.35260279410884));
#1820=CARTESIAN_POINT('',(-2.62404154224541,-14.760866966738,9.35260279410884));
#1821=CARTESIAN_POINT('',(-2.74119882977031,-14.643709679213,9.35260279410884));
#1822=CARTESIAN_POINT('',(-2.79977747353331,-14.502288322975,9.35260279410884));
#1823=CARTESIAN_POINT('',(-2.79977747353332,-14.336602898026,9.35260279410884));
#1824=CARTESIAN_POINT('',(-2.79977747353332,-14.170917473077,9.35260279410884));
#1825=CARTESIAN_POINT('',(-2.5068842547204,-14.878024254263,11.3526027941088));
#1826=CARTESIAN_POINT('',(-2.62404154224541,-14.760866966738,11.3526027941088));
#1827=CARTESIAN_POINT('',(-2.74119882977031,-14.643709679213,11.3526027941088));
#1828=CARTESIAN_POINT('',(-2.79977747353331,-14.502288322975,11.3526027941088));
#1829=CARTESIAN_POINT('',(-2.79977747353332,-14.336602898026,11.3526027941088));
#1830=CARTESIAN_POINT('',(-2.79977747353332,-14.170917473077,11.3526027941088));
#1831=CARTESIAN_POINT('',(-0.799777473533325,-16.520249902354,9.35260279410884));
#1832=CARTESIAN_POINT('',(-0.864797807611325,-16.490199101333,9.35260279410884));
#1833=CARTESIAN_POINT('',(-0.925856579390413,-16.450584242883,9.35260279410884));
#1834=CARTESIAN_POINT('',(-0.983114702386416,-16.401793806597,9.35260279410884));
#1835=CARTESIAN_POINT('',(-1.03789269736642,-16.347015811617,9.35260279410884));
#1836=CARTESIAN_POINT('',(-1.09267069234632,-16.292237816637,9.35260279410884));
#1837=CARTESIAN_POINT('',(-0.799777473533325,-16.520249902354,11.3526027941088));
#1838=CARTESIAN_POINT('',(-0.864797807611325,-16.490199101333,11.3526027941088));
#1839=CARTESIAN_POINT('',(-0.925856579390413,-16.450584242883,11.3526027941088));
#1840=CARTESIAN_POINT('',(-0.983114702386416,-16.401793806597,11.3526027941088));
#1841=CARTESIAN_POINT('',(-1.03789269736642,-16.347015811617,11.3526027941088));
#1842=CARTESIAN_POINT('',(-1.09267069234632,-16.292237816637,11.3526027941088));
#1843=CARTESIAN_POINT('',(-8.,-16.520249902354,-3.64234536292856));
#1844=CARTESIAN_POINT('',(-8.,-16.520249902354,-0.642345362928562));
#1845=CARTESIAN_POINT('',(-8.,-16.520249902354,-0.642345362928562));
#1846=CARTESIAN_POINT('',(1.09200287338504,2.97975009764605,7.85765463707184));
#1847=CARTESIAN_POINT('',(1.09200287338504,4.97975009764605,0.862706480030413));
#1848=CARTESIAN_POINT('',(-4.38713355699037,13.8055869014088,-3.64234536292856));
#1849=CARTESIAN_POINT('',(-4.38713355699037,13.8055869014088,-0.642345362928563));
#1850=CARTESIAN_POINT('',(-2.79977747353331,6.48891010190504,-0.622972734972422));
#1851=CARTESIAN_POINT('',(-2.79977747353332,5.91289714976802,0.357654637071437));
#1852=CARTESIAN_POINT('',(-2.79977747353331,5.91289714976801,0.362706480034409));
#1853=CARTESIAN_POINT('',(-2.79977747353331,5.67143162463124,1.22162672243144));
#1854=CARTESIAN_POINT('',(-0.799777473533325,-16.520249902354,0.862706480034408));
#1855=CARTESIAN_POINT('',(-1.09267069234632,-16.292237816637,0.917722785089298));
#1856=CARTESIAN_POINT('',(-1.34381603037932,-16.041092478604,1.21984933717727));
#1857=CARTESIAN_POINT('',(-1.34435494321485,-16.0405535657685,1.22162672243143));
#1858=CARTESIAN_POINT('',(-2.79977747353332,-1.71714384883001,1.22162672243143));
#1859=CARTESIAN_POINT('',(-2.79977747353332,-5.45311822207001,1.22162672243143));
#1860=CARTESIAN_POINT('',(-2.79977747353333,-14.170917473077,1.22162672243143));
#1861=CARTESIAN_POINT('',(-2.5068842547204,-14.878024254263,1.22162672243143));
#1862=CARTESIAN_POINT('',(1.0920026312255,5.91289714976801,0.357654637071438));
#1863=CARTESIAN_POINT('',(1.0920026312255,5.91289714976801,0.362706480034408));
#1864=CARTESIAN_POINT('',(-1.09267069234632,-16.292237816637,7.80263833201695));
#1865=CARTESIAN_POINT('',(-0.799777473533325,-16.520249902354,7.85765463707184));
#1866=CARTESIAN_POINT('',(-1.34381603037934,-16.041092478604,7.50051177992894));
#1867=CARTESIAN_POINT('',(-1.3459860651966,-16.0389224437867,7.49368255171162));
#1868=CARTESIAN_POINT('',(-1.09267069234632,-16.292237816637,9.35260279410884));
#1869=CARTESIAN_POINT('',(-0.799777473533325,-16.520249902354,9.35260279410884));
#1870=CARTESIAN_POINT('',(-2.79977747353333,-1.71714384883001,9.35260279410884));
#1871=CARTESIAN_POINT('',(-2.79977747353332,-5.45311822207001,9.35260279410884));
#1872=CARTESIAN_POINT('',(-2.79977747353332,-14.170917473077,9.35260279410884));
#1873=CARTESIAN_POINT('',(-2.5068842547204,-14.878024254263,9.35260279410884));
#1874=CARTESIAN_POINT('',(-2.79977747353332,-1.71714384883001,7.49368255171162));
#1875=CARTESIAN_POINT('',(-2.79977747353332,-5.45311822207001,7.49368255171162));
#1876=CARTESIAN_POINT('',(-2.79977747353331,-14.170917473077,7.49368255171162));
#1877=CARTESIAN_POINT('',(-2.5068842547204,-14.878024254263,7.49368255171162));
#1878=CARTESIAN_POINT('',(1.59200287338504,9.87821888067496,7.85765463707184));
#1879=CARTESIAN_POINT('',(1.0920026482799,9.87821888067497,8.35765463707179));
#1880=CARTESIAN_POINT('',(1.0920026312255,5.91289714976801,8.35765463707178));
#1881=CARTESIAN_POINT('',(1.59200287338504,-16.520249902354,7.85765463707184));
#1882=CARTESIAN_POINT('',(1.09200264827989,9.87821888067496,0.362706480030464));
#1883=CARTESIAN_POINT('',(1.59200287338504,9.87821888067497,0.862706480030413));
#1884=CARTESIAN_POINT('',(1.59200287338504,-16.520249902354,0.862706480030413));
#1885=CARTESIAN_POINT('',(1.23486007329636,9.87821888067497,7.37849723033216));
#1886=CARTESIAN_POINT('',(1.23486001624218,-16.520249902354,7.37849721332189));
#1887=CARTESIAN_POINT('',(1.23486007329636,9.87821888067497,1.34186388677009));
#1888=CARTESIAN_POINT('',(1.23486001624219,-16.5202499023539,1.34186390378037));
#1889=CARTESIAN_POINT('',(1.09200273832195,9.87821888067496,7.1868342438219));
#1890=CARTESIAN_POINT('',(1.09200273832195,9.87821888067497,1.53352687328035));
#1891=CARTESIAN_POINT('',(1.09200287338504,-16.520249902354,7.18683424382191));
#1892=CARTESIAN_POINT('',(1.09200287338504,-16.520249902354,1.53352687328035));
#1893=CARTESIAN_POINT('',(0.59041196780808,-16.5202499023539,7.85765463707184));
#1894=CARTESIAN_POINT('',(0.251666189322449,-16.041092478604,7.50051177992894));
#1895=CARTESIAN_POINT('',(0.245188747081436,-16.0389224437867,7.49368255171161));
#1896=CARTESIAN_POINT('',(0.592005696745282,5.91289714976801,7.85933492046515));
#1897=CARTESIAN_POINT('',(0.245188747081439,5.91289714976801,7.49368255171162));
#1898=CARTESIAN_POINT('',(0.592005696745289,-16.5202499023539,7.85933492046516));
#1899=CARTESIAN_POINT('',(0.592005729299764,5.88048192628545,0.861026162314607));
#1900=CARTESIAN_POINT('',(0.249980360414241,5.67143162463124,1.22162672243143));
#1901=CARTESIAN_POINT('',(0.251666189318698,-16.041092478604,1.21984933717727));
#1902=CARTESIAN_POINT('',(0.590411967807071,-16.520249902354,0.862706480031472));
#1903=CARTESIAN_POINT('',(0.249980360414241,-16.0405535657685,1.22162672243143));
#1904=CARTESIAN_POINT('',(0.592005696745289,-16.5202499023539,0.86102619663709));
#1905=CARTESIAN_POINT('',(0.249980360414241,5.67143162463124,1.36162672243143));
#1906=CARTESIAN_POINT('',(0.249980360414241,-16.0405535657685,1.36162672243143));
#1907=CARTESIAN_POINT('',(-1.34435494321485,-16.0405535657685,1.36162672243143));
#1908=CARTESIAN_POINT('',(-2.5068842547204,-14.878024254263,1.36162672243143));
#1909=CARTESIAN_POINT('',(-2.79977747353333,-14.170917473077,1.36162672243143));
#1910=CARTESIAN_POINT('',(-2.79977747353332,-5.45311822207001,1.36162672243143));
#1911=CARTESIAN_POINT('',(-2.79977747353332,-1.71714384883001,1.36162672243143));
#1912=CARTESIAN_POINT('',(-2.79977747353331,5.67143162463124,1.36162672243144));
#1913=CARTESIAN_POINT('',(0.245188747081436,-16.0389224437867,7.35368255171162));
#1914=CARTESIAN_POINT('',(0.245188747081439,5.91289714976801,7.35368255171162));
#1915=CARTESIAN_POINT('',(-2.79977747353332,-1.71714384883001,7.35368255171162));
#1916=CARTESIAN_POINT('',(-2.79977747353332,-5.45311822207001,7.35368255171162));
#1917=CARTESIAN_POINT('',(-2.79977747353331,-14.170917473077,7.35368255171162));
#1918=CARTESIAN_POINT('',(-2.5068842547204,-14.878024254263,7.35368255171162));
#1919=CARTESIAN_POINT('',(-1.3459860651966,-16.0389224437867,7.35368255171162));
#1920=CARTESIAN_POINT('',(-0.799777473533325,-16.520249902354,11.3526027941088));
#1921=CARTESIAN_POINT('',(1.09200264827989,9.87821888067496,11.3526027941088));
#1922=CARTESIAN_POINT('',(1.0920026312255,5.91289714976801,11.3526027941088));
#1923=CARTESIAN_POINT('',(-2.79977747353333,-1.71714384883001,11.3526027941088));
#1924=CARTESIAN_POINT('',(-2.79977747353332,-5.45311822207001,11.3526027941088));
#1925=CARTESIAN_POINT('',(-2.79977747353332,-14.170917473077,11.3526027941088));
#1926=CARTESIAN_POINT('',(-2.5068842547204,-14.878024254263,11.3526027941088));
#1927=CARTESIAN_POINT('',(-1.09267069234632,-16.292237816637,11.3526027941088));
#1928=CARTESIAN_POINT('',(4.2740577261157,7.87821888067496,11.3526027941088));
#1929=CARTESIAN_POINT('',(2.2740577261157,9.87821888067496,11.3526027941088));
#1930=CARTESIAN_POINT('',(2.2740577261157,-16.520249902354,11.3526027941088));
#1931=CARTESIAN_POINT('',(4.2740577261157,-14.520249902354,11.3526027941088));
#1932=CARTESIAN_POINT('',(-1.79977747353332,5.91289714976801,7.35368255171162));
#1933=CARTESIAN_POINT('',(-2.79977747353332,4.91289714976801,7.35368255171162));
#1934=CARTESIAN_POINT('',(-1.79977747353332,5.91289714976801,11.3526027941088));
#1935=CARTESIAN_POINT('',(-2.79977747353332,4.91289714976801,11.3526027941088));
#1936=CARTESIAN_POINT('',(1.09200287338504,-10.476089898095,3.45765463707126));
#1937=CARTESIAN_POINT('',(4.27405772611569,-10.476089898095,3.45765463707124));
#1938=CARTESIAN_POINT('',(1.09200287338504,3.52391010190496,3.45765463707126));
#1939=CARTESIAN_POINT('',(4.27405772611569,3.52391010190496,3.45765463707124));
#1940=CARTESIAN_POINT('',(-0.799777473533325,-16.520249902354,-0.642345362928562));
#1941=CARTESIAN_POINT('',(2.2740577261157,-16.520249902354,-0.642345362928566));
#1942=CARTESIAN_POINT('',(4.2740577261157,-14.520249902354,-0.642345362928562));
#1943=CARTESIAN_POINT('',(4.2740577261157,7.87821888067497,-0.642345362928562));
#1944=CARTESIAN_POINT('',(1.09200263122549,6.91289714976801,-0.642345362928562));
#1945=CARTESIAN_POINT('',(-2.80789289758494,6.91289714976801,-0.642345362928562));
#1946=CARTESIAN_POINT('',(1.09200264827989,9.87821888067496,-0.642345362928563));
#1947=CARTESIAN_POINT('',(-2.79977747353331,6.48891010190504,-0.642345362928563));
#1948=CARTESIAN_POINT('',(-1.09267069234632,-16.292237816637,-0.642345362928563));
#1949=CARTESIAN_POINT('',(-2.79977747353332,-1.71714384883001,-0.642345362928562));
#1950=CARTESIAN_POINT('',(-2.79977747353332,-5.45311822207001,-0.642345362928562));
#1951=CARTESIAN_POINT('',(-2.79977747353332,-14.170917473077,-0.642345362928562));
#1952=CARTESIAN_POINT('',(-2.5068842547204,-14.878024254263,-0.642345362928562));
#1953=CARTESIAN_POINT('',(2.2740577261157,9.87821888067496,-0.642345362928563));
#1954=CARTESIAN_POINT('',(2.2740577261157,-16.520249902354,-3.64234536292856));
#1955=CARTESIAN_POINT('',(4.2740577261157,-14.520249902354,-3.64234536292856));
#1956=CARTESIAN_POINT('',(-6.,17.,-3.64234536292855));
#1957=CARTESIAN_POINT('',(2.2740577261157,17.,-3.64234536292856));
#1958=CARTESIAN_POINT('',(-6.,17.,-0.642345362928562));
#1959=CARTESIAN_POINT('',(2.2740577261157,17.,-0.642345362928557));
#1960=CARTESIAN_POINT('',(-8.,15.,-3.64234536292856));
#1961=CARTESIAN_POINT('',(-8.,15.,-0.642345362928565));
#1962=CARTESIAN_POINT('',(4.2740577261157,15.,-0.642345362928564));
#1963=CARTESIAN_POINT('',(4.2740577261157,15.,-3.64234536292856));
#1964=CARTESIAN_POINT('',(-6.,-16.520249902354,-0.642345362928561));
#1965=CARTESIAN_POINT('',(-6.,-16.520249902354,-3.64234536292856));
#1966=CARTESIAN_POINT('',(-8.,-14.520249902354,-3.64234536292856));
#1967=CARTESIAN_POINT('',(-8.,-14.520249902354,-0.642345362928564));
#1968=CARTESIAN_POINT('',(4.27405772611571,-10.476089898095,5.25765463707125));
#1969=CARTESIAN_POINT('',(1.09200287338506,-10.476089898095,5.25765463707127));
#1970=CARTESIAN_POINT('',(4.27405772611571,3.52391010190496,5.25765463707125));
#1971=CARTESIAN_POINT('',(1.09200287338504,3.52391010190496,5.25765463707127));
#1972=CARTESIAN_POINT('',(-2.21242139007627,14.2422332257671,-0.642345362928562));
#1973=CARTESIAN_POINT('',(-2.21242139007627,14.2422332257671,-3.64234536292856));
#1974=CARTESIAN_POINT('',(-4.38713355699037,13.8055869014088,-0.642345362928563));
#1975=CARTESIAN_POINT('',(-4.38713355699037,13.8055869014088,-3.64234536292856));
#1976=CARTESIAN_POINT('',(1.0920026312255,5.91289714976801,0.357654637071438));
#1977=CARTESIAN_POINT('',(-2.79977747353332,5.91289714976802,0.357654637071437));
#1978=CARTESIAN_POINT('',(1.0920026312255,5.91289714976801,0.362706480034408));
#1979=CARTESIAN_POINT('',(-2.79977747353331,5.91289714976801,0.362706480034409));
#1980=CARTESIAN_POINT('',(-2.80789289758494,6.91289714976801,-0.642345362928562));
#1981=CARTESIAN_POINT('',(-2.7997696649045,6.77540816146955,-0.642345362928563));
#1982=CARTESIAN_POINT('',(-2.79977747353332,6.62565397241502,-0.642621658558178));
#1983=CARTESIAN_POINT('',(-2.79977747353331,6.48891010190504,-0.622972734972422));
#1984=CARTESIAN_POINT('',(-2.79977747353331,6.48891010190504,-0.622972734972422));
#1985=CARTESIAN_POINT('',(-2.79977747353333,6.21669676349496,-0.583858008546323));
#1986=CARTESIAN_POINT('',(-2.79977747353332,6.00719566141778,-0.482031045787322));
#1987=CARTESIAN_POINT('',(-2.79977747353331,5.91289714976802,-0.265001492600915));
#1988=CARTESIAN_POINT('',(-2.79977747353331,5.91289714976802,0.046326572235261));
#1989=CARTESIAN_POINT('',(-2.79977747353332,5.91289714976802,0.357654637071437));
#1990=CARTESIAN_POINT('',(-2.79977747353332,5.91289714976802,0.357654637071437));
#1991=CARTESIAN_POINT('',(-2.79977747353331,5.91289714976801,0.362706480034409));
#1992=CARTESIAN_POINT('',(-2.79977747353331,5.67143162463124,1.22162672243144));
#1993=CARTESIAN_POINT('',(-2.79977747353332,5.79798400337566,1.1281019476691));
#1994=CARTESIAN_POINT('',(-2.79977747353332,5.87958712908552,0.989627919872191));
#1995=CARTESIAN_POINT('',(-2.79977747353332,5.91289714976801,0.802860787047928));
#1996=CARTESIAN_POINT('',(-2.79977747353332,5.91289714976801,0.582783633541168));
#1997=CARTESIAN_POINT('',(-2.79977747353331,5.91289714976801,0.362706480034409));
#1998=CARTESIAN_POINT('',(-0.799777473533325,-16.520249902354,0.862706480034408));
#1999=CARTESIAN_POINT('',(-0.920242051056498,-16.4645741341415,0.862706480034408));
#2000=CARTESIAN_POINT('',(-1.00527053871468,-16.3796379702688,0.87293846703913));
#2001=CARTESIAN_POINT('',(-1.09267069234632,-16.292237816637,0.917722785089298));
#2002=CARTESIAN_POINT('',(-1.09267069234632,-16.292237816637,0.917722785089298));
#2003=CARTESIAN_POINT('',(-1.19515943519325,-16.1897490737901,0.970238579003768));
#2004=CARTESIAN_POINT('',(-1.29945944645323,-16.0854490625301,1.07044779019152));
#2005=CARTESIAN_POINT('',(-1.34381603037932,-16.041092478604,1.21984933717727));
#2006=CARTESIAN_POINT('',(-1.34435494321485,-16.0405535657685,1.22162672243143));
#2007=CARTESIAN_POINT('',(-1.3441727752911,-16.0407357336922,1.22103581050486));
#2008=CARTESIAN_POINT('',(-1.34399311855103,-16.0409153904323,1.22044330896218));
#2009=CARTESIAN_POINT('',(-1.34381603037932,-16.041092478604,1.21984933717727));
#2010=CARTESIAN_POINT('',(-2.79977747353332,-5.45311822207001,1.22162672243143));
#2011=CARTESIAN_POINT('',(-2.79977747353332,-5.276221156073,1.22162672243144));
#2012=CARTESIAN_POINT('',(-2.79977747353332,-5.09932409007597,1.22162672243144));
#2013=CARTESIAN_POINT('',(-2.75160138223401,-4.93238917788999,1.22162672243144));
#2014=CARTESIAN_POINT('',(-2.60347562048411,-4.83234301271796,1.22162672243144));
#2015=CARTESIAN_POINT('',(-2.47260771845141,-4.71332131647796,1.22162672243144));
#2016=CARTESIAN_POINT('',(-2.28362747333379,-4.54144762567708,1.22162672243143));
#2017=CARTESIAN_POINT('',(-2.13144208837879,-4.33195182468557,1.22162672243143));
#2018=CARTESIAN_POINT('',(-2.0262632574272,-4.09412124143899,1.22162672243143));
#2019=CARTESIAN_POINT('',(-1.97367384195139,-3.84057985348253,1.22162672243143));
#2020=CARTESIAN_POINT('',(-1.9736738419514,-3.58513103544997,1.22162672243144));
#2021=CARTESIAN_POINT('',(-1.97367384195139,-3.32968221741741,1.22162672243143));
#2022=CARTESIAN_POINT('',(-2.02626325742718,-3.07614082946094,1.22162672243143));
#2023=CARTESIAN_POINT('',(-2.13144208837879,-2.83831024621436,1.22162672243143));
#2024=CARTESIAN_POINT('',(-2.28362747333378,-2.62881444522286,1.22162672243143));
#2025=CARTESIAN_POINT('',(-2.47260771845139,-2.45694075442197,1.22162672243144));
#2026=CARTESIAN_POINT('',(-2.6034756204841,-2.33791905818198,1.22162672243144));
#2027=CARTESIAN_POINT('',(-2.751601382234,-2.23787289300999,1.22162672243144));
#2028=CARTESIAN_POINT('',(-2.79977747353331,-2.07093798082399,1.22162672243144));
#2029=CARTESIAN_POINT('',(-2.79977747353332,-1.894040914827,1.22162672243144));
#2030=CARTESIAN_POINT('',(-2.79977747353332,-1.71714384883001,1.22162672243143));
#2031=CARTESIAN_POINT('',(-2.5068842547204,-14.878024254263,1.22162672243143));
#2032=CARTESIAN_POINT('',(-2.62404154224541,-14.760866966738,1.22162672243144));
#2033=CARTESIAN_POINT('',(-2.74119882977031,-14.643709679213,1.22162672243144));
#2034=CARTESIAN_POINT('',(-2.79977747353331,-14.502288322975,1.22162672243144));
#2035=CARTESIAN_POINT('',(-2.79977747353332,-14.336602898026,1.22162672243144));
#2036=CARTESIAN_POINT('',(-2.79977747353333,-14.170917473077,1.22162672243143));
#2037=CARTESIAN_POINT('',(-0.799777473533325,-16.520249902354,0.862706480034408));
#2038=CARTESIAN_POINT('',(-0.799777473533325,-16.520249902354,-0.642345362928562));
#2039=CARTESIAN_POINT('',(-1.09267069234632,-16.292237816637,0.917722785089298));
#2040=CARTESIAN_POINT('',(-1.09267069234632,-16.292237816637,-0.642345362928563));
#2041=CARTESIAN_POINT('',(-2.79977747353331,6.48891010190504,-0.622972734972422));
#2042=CARTESIAN_POINT('',(-2.79977747353331,6.48891010190504,-0.642345362928563));
#2043=CARTESIAN_POINT('',(-2.79977747353332,-1.71714384883001,1.22162672243143));
#2044=CARTESIAN_POINT('',(-2.79977747353332,-1.71714384883001,-0.642345362928562));
#2045=CARTESIAN_POINT('',(-2.79977747353332,-5.45311822207001,1.22162672243143));
#2046=CARTESIAN_POINT('',(-2.79977747353332,-5.45311822207001,-0.642345362928562));
#2047=CARTESIAN_POINT('',(-2.79977747353333,-14.170917473077,1.22162672243143));
#2048=CARTESIAN_POINT('',(-2.79977747353332,-14.170917473077,-0.642345362928562));
#2049=CARTESIAN_POINT('',(-2.5068842547204,-14.878024254263,1.22162672243143));
#2050=CARTESIAN_POINT('',(-2.5068842547204,-14.878024254263,-0.642345362928562));
#2051=CARTESIAN_POINT('',(1.09200263122549,6.91289714976801,-0.642345362928562));
#2052=CARTESIAN_POINT('',(1.09200263122549,6.51289714976801,-0.642345362928562));
#2053=CARTESIAN_POINT('',(1.09200263122549,6.11289714976801,-0.642345362928562));
#2054=CARTESIAN_POINT('',(1.0920026312255,5.91289714976801,-0.442345362928559));
#2055=CARTESIAN_POINT('',(1.0920026312255,5.91289714976801,-0.0423453629285608));
#2056=CARTESIAN_POINT('',(1.0920026312255,5.91289714976801,0.357654637071438));
#2057=CARTESIAN_POINT('',(1.0920026312255,5.91289714976801,0.357654637071438));
#2058=CARTESIAN_POINT('',(1.0920026312255,5.91289714976801,0.362706480034408));
#2059=CARTESIAN_POINT('',(1.09200264827989,9.87821888067496,-0.642345362928563));
#2060=CARTESIAN_POINT('',(1.09200264827989,9.87821888067496,0.362706480030464));
#2061=CARTESIAN_POINT('',(-1.09267069234632,-16.292237816637,7.80263833201695));
#2062=CARTESIAN_POINT('',(-1.00527053871471,-16.3796379702687,7.8474226500671));
#2063=CARTESIAN_POINT('',(-0.920242051056448,-16.4645741341415,7.85765463707184));
#2064=CARTESIAN_POINT('',(-0.799777473533325,-16.520249902354,7.85765463707184));
#2065=CARTESIAN_POINT('',(-0.799777473533325,-16.520249902354,7.85765463707184));
#2066=CARTESIAN_POINT('',(0.59041196780808,-16.5202499023539,7.85765463707184));
#2067=CARTESIAN_POINT('',(-1.34381603037934,-16.041092478604,7.50051177992894));
#2068=CARTESIAN_POINT('',(-1.29945944645338,-16.0854490625299,7.64991332691458));
#2069=CARTESIAN_POINT('',(-1.19515943519333,-16.18974907379,7.75012253810244));
#2070=CARTESIAN_POINT('',(-1.09267069234632,-16.292237816637,7.80263833201695));
#2071=CARTESIAN_POINT('',(-1.34381603037934,-16.041092478604,7.50051177992894));
#2072=CARTESIAN_POINT('',(-1.34450176425798,-16.0404067447253,7.49821175857827));
#2073=CARTESIAN_POINT('',(-1.34522561989998,-16.0396828890833,7.4959350812405));
#2074=CARTESIAN_POINT('',(-1.3459860651966,-16.0389224437867,7.49368255171162));
#2075=CARTESIAN_POINT('',(-1.09267069234632,-16.292237816637,9.35260279410884));
#2076=CARTESIAN_POINT('',(-1.03789269736642,-16.347015811617,9.35260279410884));
#2077=CARTESIAN_POINT('',(-0.983114702386416,-16.401793806597,9.35260279410884));
#2078=CARTESIAN_POINT('',(-0.925856579390413,-16.450584242883,9.35260279410884));
#2079=CARTESIAN_POINT('',(-0.864797807611325,-16.490199101333,9.35260279410884));
#2080=CARTESIAN_POINT('',(-0.799777473533325,-16.520249902354,9.35260279410884));
#2081=CARTESIAN_POINT('',(-2.79977747353333,-1.71714384883001,9.35260279410884));
#2082=CARTESIAN_POINT('',(-2.79977747353332,-1.894040914827,9.35260279410884));
#2083=CARTESIAN_POINT('',(-2.79977747353331,-2.07093798082399,9.35260279410884));
#2084=CARTESIAN_POINT('',(-2.751601382234,-2.23787289300999,9.35260279410884));
#2085=CARTESIAN_POINT('',(-2.6034756204841,-2.33791905818198,9.35260279410884));
#2086=CARTESIAN_POINT('',(-2.47260771845139,-2.45694075442197,9.35260279410884));
#2087=CARTESIAN_POINT('',(-2.28362747333378,-2.62881444522286,9.35260279410883));
#2088=CARTESIAN_POINT('',(-2.13144208837879,-2.83831024621436,9.35260279410884));
#2089=CARTESIAN_POINT('',(-2.02626325742718,-3.07614082946094,9.35260279410884));
#2090=CARTESIAN_POINT('',(-1.97367384195139,-3.32968221741741,9.35260279410883));
#2091=CARTESIAN_POINT('',(-1.9736738419514,-3.58513103544997,9.35260279410884));
#2092=CARTESIAN_POINT('',(-1.97367384195139,-3.84057985348253,9.35260279410883));
#2093=CARTESIAN_POINT('',(-2.0262632574272,-4.09412124143899,9.35260279410884));
#2094=CARTESIAN_POINT('',(-2.13144208837879,-4.33195182468557,9.35260279410884));
#2095=CARTESIAN_POINT('',(-2.28362747333379,-4.54144762567708,9.35260279410883));
#2096=CARTESIAN_POINT('',(-2.47260771845141,-4.71332131647796,9.35260279410884));
#2097=CARTESIAN_POINT('',(-2.60347562048411,-4.83234301271796,9.35260279410884));
#2098=CARTESIAN_POINT('',(-2.75160138223401,-4.93238917788999,9.35260279410884));
#2099=CARTESIAN_POINT('',(-2.79977747353332,-5.09932409007597,9.35260279410884));
#2100=CARTESIAN_POINT('',(-2.79977747353332,-5.276221156073,9.35260279410884));
#2101=CARTESIAN_POINT('',(-2.79977747353332,-5.45311822207001,9.35260279410884));
#2102=CARTESIAN_POINT('',(-2.79977747353332,-14.170917473077,9.35260279410884));
#2103=CARTESIAN_POINT('',(-2.79977747353332,-14.336602898026,9.35260279410884));
#2104=CARTESIAN_POINT('',(-2.79977747353331,-14.502288322975,9.35260279410884));
#2105=CARTESIAN_POINT('',(-2.74119882977031,-14.643709679213,9.35260279410884));
#2106=CARTESIAN_POINT('',(-2.62404154224541,-14.760866966738,9.35260279410884));
#2107=CARTESIAN_POINT('',(-2.5068842547204,-14.878024254263,9.35260279410884));
#2108=CARTESIAN_POINT('',(-2.79977747353332,-1.71714384883001,7.49368255171162));
#2109=CARTESIAN_POINT('',(-2.79977747353332,-1.894040914827,7.49368255171162));
#2110=CARTESIAN_POINT('',(-2.79977747353331,-2.07093798082399,7.49368255171162));
#2111=CARTESIAN_POINT('',(-2.751601382234,-2.23787289300999,7.49368255171162));
#2112=CARTESIAN_POINT('',(-2.6034756204841,-2.33791905818198,7.49368255171162));
#2113=CARTESIAN_POINT('',(-2.47260771845139,-2.45694075442197,7.49368255171162));
#2114=CARTESIAN_POINT('',(-2.28362747333378,-2.62881444522286,7.49368255171162));
#2115=CARTESIAN_POINT('',(-2.13144208837879,-2.83831024621436,7.49368255171162));
#2116=CARTESIAN_POINT('',(-2.02626325742718,-3.07614082946094,7.49368255171162));
#2117=CARTESIAN_POINT('',(-1.97367384195139,-3.32968221741741,7.49368255171162));
#2118=CARTESIAN_POINT('',(-1.9736738419514,-3.58513103544997,7.49368255171162));
#2119=CARTESIAN_POINT('',(-1.97367384195139,-3.84057985348253,7.49368255171162));
#2120=CARTESIAN_POINT('',(-2.0262632574272,-4.09412124143899,7.49368255171162));
#2121=CARTESIAN_POINT('',(-2.13144208837879,-4.33195182468557,7.49368255171162));
#2122=CARTESIAN_POINT('',(-2.28362747333379,-4.54144762567708,7.49368255171162));
#2123=CARTESIAN_POINT('',(-2.47260771845141,-4.71332131647796,7.49368255171162));
#2124=CARTESIAN_POINT('',(-2.60347562048411,-4.83234301271796,7.49368255171162));
#2125=CARTESIAN_POINT('',(-2.75160138223401,-4.93238917788999,7.49368255171162));
#2126=CARTESIAN_POINT('',(-2.79977747353332,-5.09932409007597,7.49368255171162));
#2127=CARTESIAN_POINT('',(-2.79977747353332,-5.276221156073,7.49368255171162));
#2128=CARTESIAN_POINT('',(-2.79977747353332,-5.45311822207001,7.49368255171162));
#2129=CARTESIAN_POINT('',(-2.79977747353331,-14.170917473077,7.49368255171162));
#2130=CARTESIAN_POINT('',(-2.79977747353332,-14.336602898026,7.49368255171162));
#2131=CARTESIAN_POINT('',(-2.79977747353331,-14.502288322975,7.49368255171162));
#2132=CARTESIAN_POINT('',(-2.74119882977031,-14.643709679213,7.49368255171162));
#2133=CARTESIAN_POINT('',(-2.62404154224541,-14.760866966738,7.49368255171162));
#2134=CARTESIAN_POINT('',(-2.5068842547204,-14.878024254263,7.49368255171162));
#2135=CARTESIAN_POINT('',(-1.3459860651966,-16.0389224437867,7.49368255171162));
#2136=CARTESIAN_POINT('',(0.245188747081436,-16.0389224437867,7.49368255171161));
#2137=CARTESIAN_POINT('',(-0.799777473533325,-16.520249902354,9.35260279410884));
#2138=CARTESIAN_POINT('',(-0.799777473533325,-16.520249902354,7.85765463707184));
#2139=CARTESIAN_POINT('',(-1.09267069234632,-16.292237816637,9.35260279410884));
#2140=CARTESIAN_POINT('',(-1.09267069234632,-16.292237816637,7.80263833201695));
#2141=CARTESIAN_POINT('',(-2.79977747353333,-1.71714384883001,9.35260279410884));
#2142=CARTESIAN_POINT('',(-2.79977747353332,-1.71714384883001,7.49368255171162));
#2143=CARTESIAN_POINT('',(-2.79977747353332,-5.45311822207001,9.35260279410884));
#2144=CARTESIAN_POINT('',(-2.79977747353332,-5.45311822207001,7.49368255171162));
#2145=CARTESIAN_POINT('',(-2.79977747353332,-14.170917473077,9.35260279410884));
#2146=CARTESIAN_POINT('',(-2.79977747353331,-14.170917473077,7.49368255171162));
#2147=CARTESIAN_POINT('',(-2.5068842547204,-14.878024254263,9.35260279410884));
#2148=CARTESIAN_POINT('',(-2.5068842547204,-14.878024254263,7.49368255171162));
#2149=CARTESIAN_POINT('',(1.59200287338504,9.87821888067496,7.85765463707184));
#2150=CARTESIAN_POINT('',(1.59200287338504,9.87821888067496,8.06476148419016));
#2151=CARTESIAN_POINT('',(1.44555618439161,9.87821888067496,8.21120810725179));
#2152=CARTESIAN_POINT('',(1.2991094953982,9.87821888067497,8.35765473031342));
#2153=CARTESIAN_POINT('',(1.0920026482799,9.87821888067497,8.35765463707179));
#2154=CARTESIAN_POINT('',(1.0920026312255,5.91289714976801,8.35765463707178));
#2155=CARTESIAN_POINT('',(0.752476250538981,5.91289714976801,8.35765447263269));
#2156=CARTESIAN_POINT('',(0.627252335086896,5.912897149768,8.0420643362517));
#2157=CARTESIAN_POINT('',(0.592323953215922,5.91289714976801,7.95403759824054));
#2158=CARTESIAN_POINT('',(0.592005696745282,5.91289714976802,7.85933492046516));
#2159=CARTESIAN_POINT('',(1.0920026482799,9.87821888067497,8.35765463707179));
#2160=CARTESIAN_POINT('',(1.0920026312255,5.91289714976801,8.35765463707178));
#2161=CARTESIAN_POINT('',(1.59200287338504,-16.520249902354,7.85765463707184));
#2162=CARTESIAN_POINT('',(1.59200287338505,-16.520249902354,8.35765463707184));
#2163=CARTESIAN_POINT('',(1.09200287338504,-16.5202499023539,8.35765463707184));
#2164=CARTESIAN_POINT('',(0.593680342890298,-16.5202499023539,8.35765463707184));
#2165=CARTESIAN_POINT('',(0.592005696745289,-16.5202499023539,7.85933492046516));
#2166=CARTESIAN_POINT('',(1.59200287338504,-16.520249902354,7.85765463707184));
#2167=CARTESIAN_POINT('',(1.59200287338504,9.87821888067496,7.85765463707184));
#2168=CARTESIAN_POINT('',(1.09200264827989,9.87821888067496,0.362706480030464));
#2169=CARTESIAN_POINT('',(1.29910949539819,9.87821888067496,0.362706386788826));
#2170=CARTESIAN_POINT('',(1.44555618439162,9.87821888067496,0.509153009850458));
#2171=CARTESIAN_POINT('',(1.59200287338505,9.87821888067497,0.65559963291209));
#2172=CARTESIAN_POINT('',(1.59200287338504,9.87821888067497,0.862706480030413));
#2173=CARTESIAN_POINT('',(1.59200287338504,9.87821888067497,0.862706480030413));
#2174=CARTESIAN_POINT('',(1.5920028628162,9.87821888067497,1.06981333029975));
#2175=CARTESIAN_POINT('',(1.44555616077923,9.87821888067497,1.21625995725022));
#2176=CARTESIAN_POINT('',(1.3560985380949,9.87821888067497,1.30571753406762));
#2177=CARTESIAN_POINT('',(1.23486007329636,9.87821888067497,1.34186388677009));
#2178=CARTESIAN_POINT('',(1.0920026312255,5.91289714976801,0.362706480034408));
#2179=CARTESIAN_POINT('',(0.959150398843846,5.91289715104598,0.362706544301932));
#2180=CARTESIAN_POINT('',(0.831739239279393,5.91360802990257,0.415592261798733));
#2181=CARTESIAN_POINT('',(0.644298311650601,5.91063616651322,0.60357634566214));
#2182=CARTESIAN_POINT('',(0.592448229859464,5.90790317562357,0.730845322321774));
#2183=CARTESIAN_POINT('',(0.592005729299764,5.88048192628545,0.861026162314607));
#2184=CARTESIAN_POINT('',(1.0920026312255,5.91289714976801,0.362706480034408));
#2185=CARTESIAN_POINT('',(1.09200264827989,9.87821888067496,0.362706480030464));
#2186=CARTESIAN_POINT('',(1.59200287338504,-16.520249902354,0.862706480030413));
#2187=CARTESIAN_POINT('',(1.59200287338504,-16.5202499023539,1.23538447628038));
#2188=CARTESIAN_POINT('',(1.23486001624219,-16.5202499023539,1.34186390378037));
#2189=CARTESIAN_POINT('',(1.59200287338504,-16.520249902354,0.862706480030413));
#2190=CARTESIAN_POINT('',(1.59200287338504,9.87821888067497,0.862706480030413));
#2191=CARTESIAN_POINT('',(1.23486007329636,9.87821888067497,7.37849723033216));
#2192=CARTESIAN_POINT('',(1.35609853809491,9.87821888067496,7.41464358303462));
#2193=CARTESIAN_POINT('',(1.44555616077924,9.87821888067496,7.50410115985202));
#2194=CARTESIAN_POINT('',(1.59200286281624,9.87821888067497,7.6505477868025));
#2195=CARTESIAN_POINT('',(1.59200287338504,9.87821888067496,7.85765463707184));
#2196=CARTESIAN_POINT('',(1.23486001624218,-16.520249902354,7.37849721332189));
#2197=CARTESIAN_POINT('',(1.59200287338503,-16.520249902354,7.48497664082188));
#2198=CARTESIAN_POINT('',(1.59200287338504,-16.520249902354,7.85765463707184));
#2199=CARTESIAN_POINT('',(1.09200273832195,9.87821888067497,1.53352687328035));
#2200=CARTESIAN_POINT('',(1.09200273832195,9.87821888067496,7.1868342438219));
#2201=CARTESIAN_POINT('',(1.09200287338504,-16.520249902354,1.53352687328035));
#2202=CARTESIAN_POINT('',(1.09200287338504,-16.520249902354,7.18683424382191));
#2203=CARTESIAN_POINT('',(1.23486007329636,9.87821888067497,7.37849723033216));
#2204=CARTESIAN_POINT('',(1.23486001624218,-16.520249902354,7.37849721332189));
#2205=CARTESIAN_POINT('',(1.09200273832195,9.87821888067496,7.1868342438219));
#2206=CARTESIAN_POINT('',(1.09200287338504,-16.520249902354,7.18683424382191));
#2207=CARTESIAN_POINT('',(1.09200287338504,-16.520249902354,1.53352687328035));
#2208=CARTESIAN_POINT('',(1.09200273832195,9.87821888067497,1.53352687328035));
#2209=CARTESIAN_POINT('',(1.23486001624219,-16.5202499023539,1.34186390378037));
#2210=CARTESIAN_POINT('',(1.23486007329636,9.87821888067497,1.34186388677009));
#2211=CARTESIAN_POINT('',(1.09200273832195,9.87821888067496,7.1868342438219));
#2212=CARTESIAN_POINT('',(1.0920027767454,9.87821888067496,7.24646272662395));
#2213=CARTESIAN_POINT('',(1.09200281516886,9.87821888067497,7.306091209426));
#2214=CARTESIAN_POINT('',(1.11803460389333,9.87821888067496,7.35294216130606));
#2215=CARTESIAN_POINT('',(1.17771717773006,9.87821888067497,7.36146051853011));
#2216=CARTESIAN_POINT('',(1.23486007329636,9.87821888067497,7.37849723033216));
#2217=CARTESIAN_POINT('',(1.09200287338504,-16.520249902354,7.18683424382191));
#2218=CARTESIAN_POINT('',(1.09200287338504,-16.520249902354,7.2464627232219));
#2219=CARTESIAN_POINT('',(1.09200287338505,-16.520249902354,7.30609120262189));
#2220=CARTESIAN_POINT('',(1.11803461941678,-16.520249902354,7.35294215072189));
#2221=CARTESIAN_POINT('',(1.17771715909933,-16.520249902354,7.36146050492189));
#2222=CARTESIAN_POINT('',(1.23486001624218,-16.520249902354,7.37849721332189));
#2223=CARTESIAN_POINT('',(1.23486007329636,9.87821888067497,1.34186388677009));
#2224=CARTESIAN_POINT('',(1.17771717773006,9.87821888067497,1.35890059857214));
#2225=CARTESIAN_POINT('',(1.11803460389333,9.87821888067497,1.36741895579619));
#2226=CARTESIAN_POINT('',(1.09200281516885,9.87821888067496,1.41426990767624));
#2227=CARTESIAN_POINT('',(1.0920027767454,9.87821888067497,1.4738983904783));
#2228=CARTESIAN_POINT('',(1.09200273832195,9.87821888067497,1.53352687328035));
#2229=CARTESIAN_POINT('',(1.23486001624219,-16.5202499023539,1.34186390378037));
#2230=CARTESIAN_POINT('',(1.17771715909933,-16.5202499023539,1.35890061218037));
#2231=CARTESIAN_POINT('',(1.11803461941679,-16.5202499023539,1.36741896638037));
#2232=CARTESIAN_POINT('',(1.09200287338504,-16.520249902354,1.41426991448036));
#2233=CARTESIAN_POINT('',(1.09200287338504,-16.520249902354,1.47389839388036));
#2234=CARTESIAN_POINT('',(1.09200287338504,-16.520249902354,1.53352687328035));
#2235=CARTESIAN_POINT('',(0.59041196780808,-16.5202499023539,7.85765463707184));
#2236=CARTESIAN_POINT('',(0.590411967808073,-16.5123298665415,7.85765463707183));
#2237=CARTESIAN_POINT('',(0.590233480527019,-16.5044149631302,7.85746645625431));
#2238=CARTESIAN_POINT('',(0.589520919652333,-16.4886088372027,7.85671519662884));
#2239=CARTESIAN_POINT('',(0.588987303597733,-16.4807277077814,7.85615260020279));
#2240=CARTESIAN_POINT('',(0.586859832860501,-16.4571611903285,7.85390958781462));
#2241=CARTESIAN_POINT('',(0.584744491709372,-16.4416179294603,7.85167936376886));
#2242=CARTESIAN_POINT('',(0.576395857517635,-16.3956110053982,7.842877320296));
#2243=CARTESIAN_POINT('',(0.568225417126673,-16.3661624001815,7.83426314822162));
#2244=CARTESIAN_POINT('',(0.537235391255578,-16.2825631664051,7.80159007276068));
#2245=CARTESIAN_POINT('',(0.508382054654589,-16.2341155731672,7.77116972887374));
#2246=CARTESIAN_POINT('',(0.442659847267223,-16.1538252390817,7.70187818809353));
#2247=CARTESIAN_POINT('',(0.405771234824034,-16.121400787596,7.66298617738599));
#2248=CARTESIAN_POINT('',(0.330204799088989,-16.0717197759907,7.58331577416157));
#2249=CARTESIAN_POINT('',(0.291249271011427,-16.0535351588156,7.54224459487979));
#2250=CARTESIAN_POINT('',(0.251666189322449,-16.041092478604,7.50051177992894));
#2251=CARTESIAN_POINT('',(0.245188747081436,-16.0389224437867,7.49368255171161));
#2252=CARTESIAN_POINT('',(0.24734092624896,-16.0396884706322,7.49595161443));
#2253=CARTESIAN_POINT('',(0.249500484748783,-16.0404117233067,7.49822845724777));
#2254=CARTESIAN_POINT('',(0.251666189322449,-16.041092478604,7.50051177992894));
#2255=CARTESIAN_POINT('',(0.592005696745282,5.91289714976801,7.85933492046515));
#2256=CARTESIAN_POINT('',(0.245188747081439,5.91289714976801,7.49368255171162));
#2257=CARTESIAN_POINT('',(0.245188747081436,-16.0389224437867,7.49368255171161));
#2258=CARTESIAN_POINT('',(0.245188747081439,5.91289714976801,7.49368255171162));
#2259=CARTESIAN_POINT('',(0.592005696745289,-16.5202499023539,7.85933492046516));
#2260=CARTESIAN_POINT('',(0.59041196780808,-16.5202499023539,7.85765463707184));
#2261=CARTESIAN_POINT('',(0.592005696745282,5.91289714976801,7.85933492046515));
#2262=CARTESIAN_POINT('',(0.592005696745289,-16.5202499023539,7.85933492046516));
#2263=CARTESIAN_POINT('',(0.251666189322449,-16.041092478604,7.50051177992894));
#2264=CARTESIAN_POINT('',(-1.34381603037934,-16.041092478604,7.50051177992894));
#2265=CARTESIAN_POINT('',(0.592005729299764,5.88048192628545,0.861026162314607));
#2266=CARTESIAN_POINT('',(0.563776026600348,5.87420937948896,0.890789003119378));
#2267=CARTESIAN_POINT('',(0.53593474073481,5.86665681817089,0.920142332406614));
#2268=CARTESIAN_POINT('',(0.414820366633727,5.82577349828444,1.04783435502283));
#2269=CARTESIAN_POINT('',(0.320532216278092,5.77205758998742,1.14724323788266));
#2270=CARTESIAN_POINT('',(0.249980360414241,5.67143162463124,1.22162672243143));
#2271=CARTESIAN_POINT('',(0.251666189318698,-16.041092478604,1.21984933717727));
#2272=CARTESIAN_POINT('',(0.291249271007704,-16.0535351588156,1.17811652222639));
#2273=CARTESIAN_POINT('',(0.33020479908518,-16.0717197759906,1.13704534294469));
#2274=CARTESIAN_POINT('',(0.405771234820261,-16.121400787596,1.05737493972024));
#2275=CARTESIAN_POINT('',(0.442659847263442,-16.1538252390817,1.01848292901271));
#2276=CARTESIAN_POINT('',(0.508382054650813,-16.2341155731672,0.949191388232488));
#2277=CARTESIAN_POINT('',(0.53723539125178,-16.2825631664051,0.918771044345564));
#2278=CARTESIAN_POINT('',(0.568225417122882,-16.3661624001815,0.886097968884617));
#2279=CARTESIAN_POINT('',(0.576395857513848,-16.3956110053982,0.877483796810242));
#2280=CARTESIAN_POINT('',(0.584744491705582,-16.4416179294603,0.868681753337387));
#2281=CARTESIAN_POINT('',(0.586859832856714,-16.4571611903285,0.866451529291624));
#2282=CARTESIAN_POINT('',(0.588987303593928,-16.4807277077812,0.864208516903476));
#2283=CARTESIAN_POINT('',(0.589520919648553,-16.4886088372029,0.863645920477392));
#2284=CARTESIAN_POINT('',(0.590233480523231,-16.5044149631301,0.862894660851935));
#2285=CARTESIAN_POINT('',(0.59041196780429,-16.5123298665415,0.862706480034408));
#2286=CARTESIAN_POINT('',(0.590411967807071,-16.520249902354,0.862706480031472));
#2287=CARTESIAN_POINT('',(0.251666189318698,-16.041092478604,1.21984933717727));
#2288=CARTESIAN_POINT('',(0.251103817292897,-16.0409157057698,1.22044225128817));
#2289=CARTESIAN_POINT('',(0.250541859948456,-16.0407360673547,1.22103472819661));
#2290=CARTESIAN_POINT('',(0.249980360414241,-16.0405535657685,1.22162672243143));
#2291=CARTESIAN_POINT('',(0.249980360414241,5.67143162463124,1.22162672243143));
#2292=CARTESIAN_POINT('',(0.249980360414241,-16.0405535657685,1.22162672243143));
#2293=CARTESIAN_POINT('',(0.590411967807071,-16.520249902354,0.862706480031472));
#2294=CARTESIAN_POINT('',(0.592005696745289,-16.5202499023539,0.86102619663709));
#2295=CARTESIAN_POINT('',(0.592005696745289,-16.5202499023539,0.86102619663709));
#2296=CARTESIAN_POINT('',(0.592005729299764,5.88048192628545,0.861026162314607));
#2297=CARTESIAN_POINT('',(0.592005696745289,-16.5202499023539,0.861026196637089));
#2298=CARTESIAN_POINT('',(0.593680342890307,-16.5202499023539,0.362706480030947));
#2299=CARTESIAN_POINT('',(1.09200287338451,-16.5202499023539,0.362706480030419));
#2300=CARTESIAN_POINT('',(1.59200287338505,-16.520249902354,0.36270648002989));
#2301=CARTESIAN_POINT('',(1.59200287338504,-16.520249902354,0.862706480030413));
#2302=CARTESIAN_POINT('',(0.251666189318698,-16.041092478604,1.21984933717727));
#2303=CARTESIAN_POINT('',(-1.34381603037932,-16.041092478604,1.21984933717727));
#2304=CARTESIAN_POINT('',(0.249980360414241,5.67143162463124,1.22162672243143));
#2305=CARTESIAN_POINT('',(-2.79977747353331,5.67143162463124,1.22162672243144));
#2306=CARTESIAN_POINT('',(0.249980360414241,-16.0405535657685,1.22162672243143));
#2307=CARTESIAN_POINT('',(-1.34435494321485,-16.0405535657685,1.22162672243143));
#2308=CARTESIAN_POINT('',(0.590411967807071,-16.520249902354,0.862706480031472));
#2309=CARTESIAN_POINT('',(-0.799777473533325,-16.520249902354,0.862706480034408));
#2310=CARTESIAN_POINT('',(0.249980360414241,5.67143162463124,1.22162672243143));
#2311=CARTESIAN_POINT('',(0.249980360414241,5.67143162463124,1.36162672243143));
#2312=CARTESIAN_POINT('',(0.249980360414241,5.67143162463124,1.36162672243143));
#2313=CARTESIAN_POINT('',(0.249980360414241,-16.0405535657685,1.36162672243143));
#2314=CARTESIAN_POINT('',(0.249980360414241,-16.0405535657685,1.36162672243143));
#2315=CARTESIAN_POINT('',(0.249980360414241,-16.0405535657685,1.22162672243143));
#2316=CARTESIAN_POINT('',(0.249980360414241,-16.0405535657685,1.36162672243143));
#2317=CARTESIAN_POINT('',(-1.34435494321485,-16.0405535657685,1.36162672243143));
#2318=CARTESIAN_POINT('',(-1.34435494321485,-16.0405535657685,1.36162672243143));
#2319=CARTESIAN_POINT('',(-1.34435494321485,-16.0405535657685,1.22162672243143));
#2320=CARTESIAN_POINT('',(-1.34435494321485,-16.0405535657685,1.36162672243143));
#2321=CARTESIAN_POINT('',(-1.57686080551596,-15.8080477034674,1.36162672243144));
#2322=CARTESIAN_POINT('',(-1.80936666781707,-15.5755418411663,1.36162672243144));
#2323=CARTESIAN_POINT('',(-2.04187253011818,-15.3430359788652,1.36162672243144));
#2324=CARTESIAN_POINT('',(-2.27437839241929,-15.1105301165641,1.36162672243144));
#2325=CARTESIAN_POINT('',(-2.5068842547204,-14.878024254263,1.36162672243143));
#2326=CARTESIAN_POINT('',(-2.5068842547204,-14.878024254263,1.36162672243143));
#2327=CARTESIAN_POINT('',(-2.5068842547204,-14.878024254263,1.22162672243143));
#2328=CARTESIAN_POINT('',(-2.5068842547204,-14.878024254263,1.36162672243143));
#2329=CARTESIAN_POINT('',(-2.62404154224541,-14.760866966738,1.36162672243144));
#2330=CARTESIAN_POINT('',(-2.74119882977031,-14.643709679213,1.36162672243144));
#2331=CARTESIAN_POINT('',(-2.79977747353331,-14.502288322975,1.36162672243144));
#2332=CARTESIAN_POINT('',(-2.79977747353332,-14.336602898026,1.36162672243144));
#2333=CARTESIAN_POINT('',(-2.79977747353333,-14.170917473077,1.36162672243143));
#2334=CARTESIAN_POINT('',(-2.79977747353333,-14.170917473077,1.36162672243143));
#2335=CARTESIAN_POINT('',(-2.79977747353333,-14.170917473077,1.22162672243143));
#2336=CARTESIAN_POINT('',(-2.79977747353333,-14.170917473077,1.36162672243143));
#2337=CARTESIAN_POINT('',(-2.79977747353332,-5.45311822207001,1.36162672243143));
#2338=CARTESIAN_POINT('',(-2.79977747353332,-5.45311822207001,1.36162672243143));
#2339=CARTESIAN_POINT('',(-2.79977747353332,-5.45311822207001,1.22162672243143));
#2340=CARTESIAN_POINT('',(-2.79977747353332,-5.45311822207001,1.36162672243143));
#2341=CARTESIAN_POINT('',(-2.79977747353332,-5.276221156073,1.36162672243144));
#2342=CARTESIAN_POINT('',(-2.79977747353332,-5.09932409007597,1.36162672243144));
#2343=CARTESIAN_POINT('',(-2.75160138223401,-4.93238917788999,1.36162672243144));
#2344=CARTESIAN_POINT('',(-2.60347562048411,-4.83234301271796,1.36162672243144));
#2345=CARTESIAN_POINT('',(-2.47260771845141,-4.71332131647796,1.36162672243144));
#2346=CARTESIAN_POINT('',(-2.28362747333379,-4.54144762567708,1.36162672243143));
#2347=CARTESIAN_POINT('',(-2.13144208837879,-4.33195182468557,1.36162672243143));
#2348=CARTESIAN_POINT('',(-2.0262632574272,-4.09412124143899,1.36162672243143));
#2349=CARTESIAN_POINT('',(-1.97367384195139,-3.84057985348253,1.36162672243143));
#2350=CARTESIAN_POINT('',(-1.9736738419514,-3.58513103544997,1.36162672243144));
#2351=CARTESIAN_POINT('',(-1.97367384195139,-3.32968221741741,1.36162672243143));
#2352=CARTESIAN_POINT('',(-2.02626325742718,-3.07614082946094,1.36162672243143));
#2353=CARTESIAN_POINT('',(-2.13144208837879,-2.83831024621436,1.36162672243143));
#2354=CARTESIAN_POINT('',(-2.28362747333378,-2.62881444522286,1.36162672243143));
#2355=CARTESIAN_POINT('',(-2.47260771845139,-2.45694075442197,1.36162672243144));
#2356=CARTESIAN_POINT('',(-2.6034756204841,-2.33791905818198,1.36162672243144));
#2357=CARTESIAN_POINT('',(-2.751601382234,-2.23787289300999,1.36162672243144));
#2358=CARTESIAN_POINT('',(-2.79977747353331,-2.07093798082399,1.36162672243144));
#2359=CARTESIAN_POINT('',(-2.79977747353332,-1.894040914827,1.36162672243144));
#2360=CARTESIAN_POINT('',(-2.79977747353332,-1.71714384883001,1.36162672243143));
#2361=CARTESIAN_POINT('',(-2.79977747353332,-1.71714384883001,1.36162672243143));
#2362=CARTESIAN_POINT('',(-2.79977747353332,-1.71714384883001,1.22162672243143));
#2363=CARTESIAN_POINT('',(-2.79977747353332,-1.71714384883001,1.36162672243143));
#2364=CARTESIAN_POINT('',(-2.79977747353331,5.67143162463124,1.36162672243144));
#2365=CARTESIAN_POINT('',(-2.79977747353331,5.67143162463124,1.36162672243144));
#2366=CARTESIAN_POINT('',(-2.79977747353331,5.67143162463124,1.22162672243144));
#2367=CARTESIAN_POINT('',(-2.79977747353331,5.67143162463124,1.36162672243144));
#2368=CARTESIAN_POINT('',(0.249980360414241,5.67143162463124,1.36162672243143));
#2369=CARTESIAN_POINT('',(0.245188747081436,-16.0389224437867,7.49368255171161));
#2370=CARTESIAN_POINT('',(0.245188747081436,-16.0389224437867,7.35368255171162));
#2371=CARTESIAN_POINT('',(0.245188747081436,-16.0389224437867,7.35368255171162));
#2372=CARTESIAN_POINT('',(0.245188747081439,5.91289714976801,7.35368255171162));
#2373=CARTESIAN_POINT('',(0.245188747081439,5.91289714976801,7.35368255171162));
#2374=CARTESIAN_POINT('',(0.245188747081439,5.91289714976801,7.49368255171162));
#2375=CARTESIAN_POINT('',(0.245188747081439,5.91289714976801,7.35368255171162));
#2376=CARTESIAN_POINT('',(-1.79977747353332,5.91289714976801,7.35368255171162));
#2377=CARTESIAN_POINT('',(-2.79977747353332,-1.71714384883001,7.35368255171162));
#2378=CARTESIAN_POINT('',(-2.79977747353332,-1.71714384883001,7.49368255171162));
#2379=CARTESIAN_POINT('',(-2.79977747353332,-1.71714384883001,7.35368255171162));
#2380=CARTESIAN_POINT('',(-2.79977747353332,-1.894040914827,7.35368255171162));
#2381=CARTESIAN_POINT('',(-2.79977747353331,-2.07093798082399,7.35368255171162));
#2382=CARTESIAN_POINT('',(-2.751601382234,-2.23787289300999,7.35368255171162));
#2383=CARTESIAN_POINT('',(-2.6034756204841,-2.33791905818198,7.35368255171162));
#2384=CARTESIAN_POINT('',(-2.47260771845139,-2.45694075442197,7.35368255171162));
#2385=CARTESIAN_POINT('',(-2.28362747333378,-2.62881444522286,7.35368255171162));
#2386=CARTESIAN_POINT('',(-2.13144208837879,-2.83831024621436,7.35368255171162));
#2387=CARTESIAN_POINT('',(-2.02626325742718,-3.07614082946094,7.35368255171162));
#2388=CARTESIAN_POINT('',(-1.97367384195139,-3.32968221741741,7.35368255171162));
#2389=CARTESIAN_POINT('',(-1.9736738419514,-3.58513103544997,7.35368255171162));
#2390=CARTESIAN_POINT('',(-1.97367384195139,-3.84057985348253,7.35368255171162));
#2391=CARTESIAN_POINT('',(-2.0262632574272,-4.09412124143899,7.35368255171162));
#2392=CARTESIAN_POINT('',(-2.13144208837879,-4.33195182468557,7.35368255171162));
#2393=CARTESIAN_POINT('',(-2.28362747333379,-4.54144762567708,7.35368255171162));
#2394=CARTESIAN_POINT('',(-2.47260771845141,-4.71332131647796,7.35368255171162));
#2395=CARTESIAN_POINT('',(-2.60347562048411,-4.83234301271796,7.35368255171162));
#2396=CARTESIAN_POINT('',(-2.75160138223401,-4.93238917788999,7.35368255171162));
#2397=CARTESIAN_POINT('',(-2.79977747353332,-5.09932409007597,7.35368255171162));
#2398=CARTESIAN_POINT('',(-2.79977747353332,-5.276221156073,7.35368255171162));
#2399=CARTESIAN_POINT('',(-2.79977747353332,-5.45311822207001,7.35368255171162));
#2400=CARTESIAN_POINT('',(-2.79977747353332,-5.45311822207001,7.35368255171162));
#2401=CARTESIAN_POINT('',(-2.79977747353332,-5.45311822207001,7.49368255171162));
#2402=CARTESIAN_POINT('',(-2.79977747353332,-5.45311822207001,7.35368255171162));
#2403=CARTESIAN_POINT('',(-2.79977747353331,-14.170917473077,7.35368255171162));
#2404=CARTESIAN_POINT('',(-2.79977747353331,-14.170917473077,7.35368255171162));
#2405=CARTESIAN_POINT('',(-2.79977747353331,-14.170917473077,7.49368255171162));
#2406=CARTESIAN_POINT('',(-2.79977747353331,-14.170917473077,7.35368255171162));
#2407=CARTESIAN_POINT('',(-2.79977747353332,-14.336602898026,7.35368255171162));
#2408=CARTESIAN_POINT('',(-2.79977747353331,-14.502288322975,7.35368255171162));
#2409=CARTESIAN_POINT('',(-2.74119882977031,-14.643709679213,7.35368255171162));
#2410=CARTESIAN_POINT('',(-2.62404154224541,-14.760866966738,7.35368255171162));
#2411=CARTESIAN_POINT('',(-2.5068842547204,-14.878024254263,7.35368255171162));
#2412=CARTESIAN_POINT('',(-2.5068842547204,-14.878024254263,7.35368255171162));
#2413=CARTESIAN_POINT('',(-2.5068842547204,-14.878024254263,7.49368255171162));
#2414=CARTESIAN_POINT('',(-2.5068842547204,-14.878024254263,7.35368255171162));
#2415=CARTESIAN_POINT('',(-2.27470461681564,-15.1102038921677,7.35368255171162));
#2416=CARTESIAN_POINT('',(-2.04252497891088,-15.3423835300725,7.35368255171162));
#2417=CARTESIAN_POINT('',(-1.81034534100611,-15.5745631679772,7.35368255171162));
#2418=CARTESIAN_POINT('',(-1.57816570310136,-15.806742805882,7.35368255171162));
#2419=CARTESIAN_POINT('',(-1.3459860651966,-16.0389224437867,7.35368255171162));
#2420=CARTESIAN_POINT('',(-1.3459860651966,-16.0389224437867,7.35368255171162));
#2421=CARTESIAN_POINT('',(-1.3459860651966,-16.0389224437867,7.49368255171162));
#2422=CARTESIAN_POINT('',(-1.3459860651966,-16.0389224437867,7.35368255171162));
#2423=CARTESIAN_POINT('',(0.245188747081436,-16.0389224437867,7.35368255171162));
#2424=CARTESIAN_POINT('',(-0.799777473533325,-16.520249902354,9.35260279410884));
#2425=CARTESIAN_POINT('',(-0.799777473533325,-16.520249902354,11.3526027941088));
#2426=CARTESIAN_POINT('',(-0.799777473533325,-16.520249902354,11.3526027941088));
#2427=CARTESIAN_POINT('',(2.2740577261157,-16.520249902354,11.3526027941088));
#2428=CARTESIAN_POINT('',(1.09200264827989,9.87821888067496,11.3526027941088));
#2429=CARTESIAN_POINT('',(1.0920026312255,5.91289714976801,11.3526027941088));
#2430=CARTESIAN_POINT('',(1.0920026312255,5.91289714976801,11.3526027941088));
#2431=CARTESIAN_POINT('',(-1.79977747353332,5.91289714976801,11.3526027941088));
#2432=CARTESIAN_POINT('',(-2.79977747353333,-1.71714384883001,11.3526027941088));
#2433=CARTESIAN_POINT('',(-2.79977747353333,-1.71714384883001,9.35260279410884));
#2434=CARTESIAN_POINT('',(-2.79977747353333,-1.71714384883001,11.3526027941088));
#2435=CARTESIAN_POINT('',(-2.79977747353332,-1.894040914827,11.3526027941088));
#2436=CARTESIAN_POINT('',(-2.79977747353331,-2.07093798082399,11.3526027941088));
#2437=CARTESIAN_POINT('',(-2.751601382234,-2.23787289300999,11.3526027941088));
#2438=CARTESIAN_POINT('',(-2.6034756204841,-2.33791905818198,11.3526027941088));
#2439=CARTESIAN_POINT('',(-2.47260771845139,-2.45694075442197,11.3526027941088));
#2440=CARTESIAN_POINT('',(-2.28362747333378,-2.62881444522286,11.3526027941088));
#2441=CARTESIAN_POINT('',(-2.13144208837879,-2.83831024621436,11.3526027941088));
#2442=CARTESIAN_POINT('',(-2.02626325742718,-3.07614082946094,11.3526027941088));
#2443=CARTESIAN_POINT('',(-1.97367384195139,-3.32968221741741,11.3526027941088));
#2444=CARTESIAN_POINT('',(-1.9736738419514,-3.58513103544997,11.3526027941088));
#2445=CARTESIAN_POINT('',(-1.97367384195139,-3.84057985348253,11.3526027941088));
#2446=CARTESIAN_POINT('',(-2.0262632574272,-4.09412124143899,11.3526027941088));
#2447=CARTESIAN_POINT('',(-2.13144208837879,-4.33195182468557,11.3526027941088));
#2448=CARTESIAN_POINT('',(-2.28362747333379,-4.54144762567708,11.3526027941088));
#2449=CARTESIAN_POINT('',(-2.47260771845141,-4.71332131647796,11.3526027941088));
#2450=CARTESIAN_POINT('',(-2.60347562048411,-4.83234301271796,11.3526027941088));
#2451=CARTESIAN_POINT('',(-2.75160138223401,-4.93238917788999,11.3526027941088));
#2452=CARTESIAN_POINT('',(-2.79977747353332,-5.09932409007597,11.3526027941088));
#2453=CARTESIAN_POINT('',(-2.79977747353332,-5.276221156073,11.3526027941088));
#2454=CARTESIAN_POINT('',(-2.79977747353332,-5.45311822207001,11.3526027941088));
#2455=CARTESIAN_POINT('',(-2.79977747353332,-5.45311822207001,11.3526027941088));
#2456=CARTESIAN_POINT('',(-2.79977747353332,-5.45311822207001,9.35260279410884));
#2457=CARTESIAN_POINT('',(-2.79977747353332,-5.45311822207001,11.3526027941088));
#2458=CARTESIAN_POINT('',(-2.79977747353332,-14.170917473077,11.3526027941088));
#2459=CARTESIAN_POINT('',(-2.79977747353332,-14.170917473077,11.3526027941088));
#2460=CARTESIAN_POINT('',(-2.79977747353332,-14.170917473077,9.35260279410884));
#2461=CARTESIAN_POINT('',(-2.79977747353332,-14.170917473077,11.3526027941088));
#2462=CARTESIAN_POINT('',(-2.79977747353332,-14.336602898026,11.3526027941088));
#2463=CARTESIAN_POINT('',(-2.79977747353331,-14.502288322975,11.3526027941088));
#2464=CARTESIAN_POINT('',(-2.74119882977031,-14.643709679213,11.3526027941088));
#2465=CARTESIAN_POINT('',(-2.62404154224541,-14.760866966738,11.3526027941088));
#2466=CARTESIAN_POINT('',(-2.5068842547204,-14.878024254263,11.3526027941088));
#2467=CARTESIAN_POINT('',(-2.5068842547204,-14.878024254263,11.3526027941088));
#2468=CARTESIAN_POINT('',(-2.5068842547204,-14.878024254263,9.35260279410884));
#2469=CARTESIAN_POINT('',(-2.5068842547204,-14.878024254263,11.3526027941088));
#2470=CARTESIAN_POINT('',(-2.22404154224559,-15.1608669667378,11.3526027941088));
#2471=CARTESIAN_POINT('',(-1.94119882977077,-15.4437096792126,11.3526027941088));
#2472=CARTESIAN_POINT('',(-1.65835611729595,-15.7265523916874,11.3526027941088));
#2473=CARTESIAN_POINT('',(-1.37551340482113,-16.0093951041622,11.3526027941088));
#2474=CARTESIAN_POINT('',(-1.09267069234632,-16.292237816637,11.3526027941088));
#2475=CARTESIAN_POINT('',(-1.09267069234632,-16.292237816637,11.3526027941088));
#2476=CARTESIAN_POINT('',(-1.09267069234632,-16.292237816637,9.35260279410884));
#2477=CARTESIAN_POINT('',(-1.09267069234632,-16.292237816637,11.3526027941088));
#2478=CARTESIAN_POINT('',(-1.03789269736642,-16.347015811617,11.3526027941088));
#2479=CARTESIAN_POINT('',(-0.983114702386416,-16.401793806597,11.3526027941088));
#2480=CARTESIAN_POINT('',(-0.925856579390413,-16.450584242883,11.3526027941088));
#2481=CARTESIAN_POINT('',(-0.864797807611325,-16.490199101333,11.3526027941088));
#2482=CARTESIAN_POINT('',(-0.799777473533325,-16.520249902354,11.3526027941088));
#2483=CARTESIAN_POINT('',(1.09200264827989,9.87821888067496,11.3526027941088));
#2484=CARTESIAN_POINT('',(1.0920026482799,9.87821888067497,8.35765463707179));
#2485=CARTESIAN_POINT('',(1.0920026312255,5.91289714976801,11.3526027941088));
#2486=CARTESIAN_POINT('',(1.0920026312255,5.91289714976801,8.35765463707178));
#2487=CARTESIAN_POINT('',(2.2740577261157,9.87821888067496,11.3526027941088));
#2488=CARTESIAN_POINT('',(1.09200264827989,9.87821888067496,11.3526027941088));
#2489=CARTESIAN_POINT('',(4.2740577261157,7.87821888067496,11.3526027941088));
#2490=CARTESIAN_POINT('',(2.2740577261157,9.87821888067496,11.3526027941088));
#2491=CARTESIAN_POINT('',(4.2740577261157,-14.520249902354,11.3526027941088));
#2492=CARTESIAN_POINT('',(4.2740577261157,7.87821888067496,11.3526027941088));
#2493=CARTESIAN_POINT('',(4.2740577261157,-14.520249902354,11.3526027941088));
#2494=CARTESIAN_POINT('',(4.2740577261157,-14.520249902354,-0.642345362928562));
#2495=CARTESIAN_POINT('',(2.2740577261157,-16.520249902354,11.3526027941088));
#2496=CARTESIAN_POINT('',(2.2740577261157,-16.520249902354,-0.642345362928566));
#2497=CARTESIAN_POINT('',(2.2740577261157,-16.520249902354,11.3526027941088));
#2498=CARTESIAN_POINT('',(4.2740577261157,-14.520249902354,11.3526027941088));
#2499=CARTESIAN_POINT('',(-2.79977747353332,4.91289714976801,7.35368255171162));
#2500=CARTESIAN_POINT('',(-2.79977747353332,-1.71714384883001,7.35368255171162));
#2501=CARTESIAN_POINT('',(-2.79977747353332,4.91289714976801,11.3526027941088));
#2502=CARTESIAN_POINT('',(-2.79977747353333,-1.71714384883001,11.3526027941088));
#2503=CARTESIAN_POINT('',(-1.79977747353332,5.91289714976801,7.35368255171162));
#2504=CARTESIAN_POINT('',(-1.79977747353332,5.91289714976801,11.3526027941088));
#2505=CARTESIAN_POINT('',(-2.79977747353332,4.91289714976801,7.35368255171162));
#2506=CARTESIAN_POINT('',(-2.79977747353332,4.91289714976801,11.3526027941088));
#2507=CARTESIAN_POINT('',(-1.79977747353332,5.91289714976801,7.35368255171162));
#2508=CARTESIAN_POINT('',(-2.79977747353332,4.91289714976801,7.35368255171162));
#2509=CARTESIAN_POINT('',(-1.79977747353332,5.91289714976801,11.3526027941088));
#2510=CARTESIAN_POINT('',(-2.79977747353332,4.91289714976801,11.3526027941088));
#2511=CARTESIAN_POINT('',(1.09200287338504,-10.476089898095,3.45765463707126));
#2512=CARTESIAN_POINT('',(1.09200287338504,-9.57608989809506,3.45765463707131));
#2513=CARTESIAN_POINT('',(1.09200287338505,-9.57608989809503,4.35765463707127));
#2514=CARTESIAN_POINT('',(1.09200287338506,-9.57608989809498,5.25765463707125));
#2515=CARTESIAN_POINT('',(1.09200287338506,-10.476089898095,5.25765463707127));
#2516=CARTESIAN_POINT('',(4.2740577261157,-10.476089898095,3.45765463707124));
#2517=CARTESIAN_POINT('',(4.2740577261157,-11.376089898095,3.45765463707125));
#2518=CARTESIAN_POINT('',(4.27405772611571,-11.376089898095,4.35765463707124));
#2519=CARTESIAN_POINT('',(4.27405772611572,-11.376089898095,5.25765463707121));
#2520=CARTESIAN_POINT('',(4.27405772611571,-10.476089898095,5.25765463707125));
#2521=CARTESIAN_POINT('',(4.27405772611569,-10.476089898095,3.45765463707124));
#2522=CARTESIAN_POINT('',(1.09200287338504,-10.476089898095,3.45765463707126));
#2523=CARTESIAN_POINT('',(1.09200287338503,3.52391010190496,3.45765463707126));
#2524=CARTESIAN_POINT('',(1.09200287338503,4.423910101905,3.45765463707127));
#2525=CARTESIAN_POINT('',(1.09200287338504,4.42391010190494,4.35765463707127));
#2526=CARTESIAN_POINT('',(1.09200287338504,4.423910101905,5.25765463707127));
#2527=CARTESIAN_POINT('',(1.09200287338504,3.52391010190496,5.25765463707127));
#2528=CARTESIAN_POINT('',(4.2740577261157,3.52391010190496,3.45765463707124));
#2529=CARTESIAN_POINT('',(4.2740577261157,2.62391010190501,3.45765463707129));
#2530=CARTESIAN_POINT('',(4.27405772611571,2.62391010190504,4.35765463707124));
#2531=CARTESIAN_POINT('',(4.27405772611571,2.62391010190501,5.2576546370712));
#2532=CARTESIAN_POINT('',(4.27405772611571,3.52391010190496,5.25765463707125));
#2533=CARTESIAN_POINT('',(4.27405772611569,3.52391010190496,3.45765463707124));
#2534=CARTESIAN_POINT('',(1.09200287338504,3.52391010190496,3.45765463707126));
#2535=CARTESIAN_POINT('',(1.09200263122549,6.91289714976801,-0.642345362928562));
#2536=CARTESIAN_POINT('',(-2.80789289758494,6.91289714976801,-0.642345362928562));
#2537=CARTESIAN_POINT('',(1.09200264827989,9.87821888067496,-0.642345362928563));
#2538=CARTESIAN_POINT('',(1.09200263122549,6.91289714976801,-0.642345362928562));
#2539=CARTESIAN_POINT('',(-2.80789289758494,6.91289714976801,-0.642345362928562));
#2540=CARTESIAN_POINT('',(-2.80299039002931,6.82992023276159,-0.642345362928562));
#2541=CARTESIAN_POINT('',(-2.80055576281383,6.74580924938993,-0.642345362928562));
#2542=CARTESIAN_POINT('',(-2.79976084697099,6.66078801973517,-0.642345362928562));
#2543=CARTESIAN_POINT('',(-2.79977747353332,6.57508036387949,-0.642345362928562));
#2544=CARTESIAN_POINT('',(-2.79977747353331,6.48891010190504,-0.642345362928563));
#2545=CARTESIAN_POINT('',(-1.09267069234632,-16.292237816637,-0.642345362928563));
#2546=CARTESIAN_POINT('',(-1.03789269736642,-16.347015811617,-0.642345362928562));
#2547=CARTESIAN_POINT('',(-0.983114702386416,-16.401793806597,-0.642345362928562));
#2548=CARTESIAN_POINT('',(-0.925856579390413,-16.450584242883,-0.642345362928562));
#2549=CARTESIAN_POINT('',(-0.864797807611325,-16.490199101333,-0.642345362928562));
#2550=CARTESIAN_POINT('',(-0.799777473533325,-16.520249902354,-0.642345362928562));
#2551=CARTESIAN_POINT('',(-2.79977747353332,-1.71714384883001,-0.642345362928562));
#2552=CARTESIAN_POINT('',(-2.79977747353332,-1.894040914827,-0.642345362928562));
#2553=CARTESIAN_POINT('',(-2.79977747353331,-2.07093798082399,-0.642345362928562));
#2554=CARTESIAN_POINT('',(-2.751601382234,-2.23787289300999,-0.642345362928562));
#2555=CARTESIAN_POINT('',(-2.6034756204841,-2.33791905818198,-0.642345362928562));
#2556=CARTESIAN_POINT('',(-2.47260771845139,-2.45694075442197,-0.642345362928562));
#2557=CARTESIAN_POINT('',(-2.28362747333378,-2.62881444522286,-0.642345362928562));
#2558=CARTESIAN_POINT('',(-2.13144208837879,-2.83831024621436,-0.642345362928563));
#2559=CARTESIAN_POINT('',(-2.02626325742718,-3.07614082946094,-0.642345362928563));
#2560=CARTESIAN_POINT('',(-1.97367384195139,-3.32968221741741,-0.642345362928562));
#2561=CARTESIAN_POINT('',(-1.9736738419514,-3.58513103544997,-0.642345362928562));
#2562=CARTESIAN_POINT('',(-1.97367384195139,-3.84057985348253,-0.642345362928562));
#2563=CARTESIAN_POINT('',(-2.0262632574272,-4.09412124143899,-0.642345362928563));
#2564=CARTESIAN_POINT('',(-2.13144208837879,-4.33195182468557,-0.642345362928563));
#2565=CARTESIAN_POINT('',(-2.28362747333379,-4.54144762567708,-0.642345362928562));
#2566=CARTESIAN_POINT('',(-2.47260771845141,-4.71332131647796,-0.642345362928562));
#2567=CARTESIAN_POINT('',(-2.60347562048411,-4.83234301271796,-0.642345362928562));
#2568=CARTESIAN_POINT('',(-2.75160138223401,-4.93238917788999,-0.642345362928562));
#2569=CARTESIAN_POINT('',(-2.79977747353332,-5.09932409007597,-0.642345362928562));
#2570=CARTESIAN_POINT('',(-2.79977747353332,-5.276221156073,-0.642345362928562));
#2571=CARTESIAN_POINT('',(-2.79977747353332,-5.45311822207001,-0.642345362928562));
#2572=CARTESIAN_POINT('',(-2.79977747353332,-14.170917473077,-0.642345362928562));
#2573=CARTESIAN_POINT('',(-2.79977747353332,-14.336602898026,-0.642345362928562));
#2574=CARTESIAN_POINT('',(-2.79977747353331,-14.502288322975,-0.642345362928562));
#2575=CARTESIAN_POINT('',(-2.74119882977031,-14.643709679213,-0.642345362928562));
#2576=CARTESIAN_POINT('',(-2.62404154224541,-14.760866966738,-0.642345362928562));
#2577=CARTESIAN_POINT('',(-2.5068842547204,-14.878024254263,-0.642345362928562));
#2578=CARTESIAN_POINT('',(-2.79977747353331,6.48891010190504,-0.642345362928563));
#2579=CARTESIAN_POINT('',(-2.79977747353332,-1.71714384883001,-0.642345362928562));
#2580=CARTESIAN_POINT('',(-2.79977747353332,-5.45311822207001,-0.642345362928562));
#2581=CARTESIAN_POINT('',(-2.79977747353332,-14.170917473077,-0.642345362928562));
#2582=CARTESIAN_POINT('',(-2.5068842547204,-14.878024254263,-0.642345362928562));
#2583=CARTESIAN_POINT('',(-1.09267069234632,-16.292237816637,-0.642345362928563));
#2584=CARTESIAN_POINT('',(1.09200264827989,9.87821888067496,-0.642345362928563));
#2585=CARTESIAN_POINT('',(2.2740577261157,9.87821888067496,-0.642345362928563));
#2586=CARTESIAN_POINT('',(2.2740577261157,9.87821888067496,-0.642345362928563));
#2587=CARTESIAN_POINT('',(4.2740577261157,7.87821888067497,-0.642345362928562));
#2588=CARTESIAN_POINT('',(2.2740577261157,-16.520249902354,-0.642345362928566));
#2589=CARTESIAN_POINT('',(4.2740577261157,-14.520249902354,-0.642345362928562));
#2590=CARTESIAN_POINT('',(4.2740577261157,7.87821888067497,-0.642345362928562));
#2591=CARTESIAN_POINT('',(4.2740577261157,15.,-0.642345362928564));
#2592=CARTESIAN_POINT('',(2.2740577261157,9.87821888067496,-0.642345362928563));
#2593=CARTESIAN_POINT('',(2.2740577261157,9.87821888067496,11.3526027941088));
#2594=CARTESIAN_POINT('',(4.2740577261157,7.87821888067497,-0.642345362928562));
#2595=CARTESIAN_POINT('',(4.2740577261157,7.87821888067496,11.3526027941088));
#2596=CARTESIAN_POINT('',(-4.38713355699037,13.8055869014088,-3.64234536292856));
#2597=CARTESIAN_POINT('',(-4.60545671916952,14.8929429848659,-3.64234536292856));
#2598=CARTESIAN_POINT('',(-3.51810063571247,15.111266147045,-3.64234536292856));
#2599=CARTESIAN_POINT('',(-2.43074455225542,15.3295893092242,-3.64234536292856));
#2600=CARTESIAN_POINT('',(-2.21242139007627,14.2422332257671,-3.64234536292856));
#2601=CARTESIAN_POINT('',(-4.38713355699037,13.8055869014088,-0.642345362928563));
#2602=CARTESIAN_POINT('',(-4.27092883090613,13.2268305542904,-0.642345362928562));
#2603=CARTESIAN_POINT('',(-3.7259422738843,13.,-0.642345362928562));
#2604=CARTESIAN_POINT('',(-3.41338210158223,12.8699083560523,-0.642345362928562));
#2605=CARTESIAN_POINT('',(-3.08145431135417,12.9365539801309,-0.642345362928562));
#2606=CARTESIAN_POINT('',(-1.99409822789712,13.1548771423101,-0.642345362928562));
#2607=CARTESIAN_POINT('',(-2.21242139007627,14.2422332257671,-0.642345362928562));
#2608=CARTESIAN_POINT('',(4.2740577261157,-14.520249902354,-3.64234536292856));
#2609=CARTESIAN_POINT('',(4.2740577261157,7.87821888067497,-3.64234536292856));
#2610=CARTESIAN_POINT('',(4.2740577261157,15.,-3.64234536292856));
#2611=CARTESIAN_POINT('',(4.2740577261157,-14.520249902354,-3.64234536292856));
#2612=CARTESIAN_POINT('',(4.2740577261157,-14.520249902354,-0.642345362928562));
#2613=CARTESIAN_POINT('',(2.2740577261157,-16.520249902354,-3.64234536292856));
#2614=CARTESIAN_POINT('',(2.2740577261157,-16.520249902354,-0.642345362928566));
#2615=CARTESIAN_POINT('',(2.2740577261157,-16.520249902354,-3.64234536292856));
#2616=CARTESIAN_POINT('',(4.2740577261157,-14.520249902354,-3.64234536292856));
#2617=CARTESIAN_POINT('',(2.2740577261157,-16.520249902354,-0.642345362928566));
#2618=CARTESIAN_POINT('',(4.2740577261157,-14.520249902354,-0.642345362928562));
#2619=CARTESIAN_POINT('',(2.2740577261157,17.,-3.64234536292856));
#2620=CARTESIAN_POINT('',(-6.,17.,-3.64234536292855));
#2621=CARTESIAN_POINT('',(2.2740577261157,17.,-0.642345362928557));
#2622=CARTESIAN_POINT('',(-6.,17.,-0.642345362928562));
#2623=CARTESIAN_POINT('',(-8.,15.,-3.64234536292856));
#2624=CARTESIAN_POINT('',(-8.,-14.520249902354,-3.64234536292856));
#2625=CARTESIAN_POINT('',(-8.,15.,-0.642345362928565));
#2626=CARTESIAN_POINT('',(-8.,-14.520249902354,-0.642345362928564));
#2627=CARTESIAN_POINT('',(2.2740577261157,17.,-3.64234536292856));
#2628=CARTESIAN_POINT('',(2.2740577261157,17.,-0.642345362928557));
#2629=CARTESIAN_POINT('',(-6.,17.,-0.642345362928562));
#2630=CARTESIAN_POINT('',(-6.,17.,-3.64234536292855));
#2631=CARTESIAN_POINT('',(-8.,15.,-0.642345362928565));
#2632=CARTESIAN_POINT('',(-8.,15.,-3.64234536292856));
#2633=CARTESIAN_POINT('',(4.2740577261157,15.,-3.64234536292856));
#2634=CARTESIAN_POINT('',(4.2740577261157,15.,-0.642345362928564));
#2635=CARTESIAN_POINT('',(4.2740577261157,15.,-3.64234536292856));
#2636=CARTESIAN_POINT('',(2.2740577261157,17.,-3.64234536292856));
#2637=CARTESIAN_POINT('',(4.2740577261157,15.,-0.642345362928564));
#2638=CARTESIAN_POINT('',(2.2740577261157,17.,-0.642345362928557));
#2639=CARTESIAN_POINT('',(-6.,17.,-3.64234536292855));
#2640=CARTESIAN_POINT('',(-8.,15.,-3.64234536292856));
#2641=CARTESIAN_POINT('',(-6.,17.,-0.642345362928562));
#2642=CARTESIAN_POINT('',(-8.,15.,-0.642345362928565));
#2643=CARTESIAN_POINT('',(-6.,-16.520249902354,-0.642345362928561));
#2644=CARTESIAN_POINT('',(-0.799777473533325,-16.520249902354,-0.642345362928562));
#2645=CARTESIAN_POINT('',(-6.,-16.520249902354,-3.64234536292856));
#2646=CARTESIAN_POINT('',(-0.799777473533322,-16.520249902354,-3.64234536292856));
#2647=CARTESIAN_POINT('',(2.2740577261157,-16.520249902354,-3.64234536292856));
#2648=CARTESIAN_POINT('',(-8.,-14.520249902354,-0.642345362928564));
#2649=CARTESIAN_POINT('',(-8.,-14.520249902354,-3.64234536292856));
#2650=CARTESIAN_POINT('',(-6.,-16.520249902354,-0.642345362928561));
#2651=CARTESIAN_POINT('',(-6.,-16.520249902354,-3.64234536292856));
#2652=CARTESIAN_POINT('',(-8.,-14.520249902354,-3.64234536292856));
#2653=CARTESIAN_POINT('',(-6.,-16.520249902354,-3.64234536292856));
#2654=CARTESIAN_POINT('',(-8.,-14.520249902354,-0.642345362928564));
#2655=CARTESIAN_POINT('',(-6.,-16.520249902354,-0.642345362928561));
#2656=CARTESIAN_POINT('',(4.2740577261157,-10.476089898095,5.25765463707125));
#2657=CARTESIAN_POINT('',(1.09200287338506,-10.476089898095,5.25765463707127));
#2658=CARTESIAN_POINT('',(1.09200287338506,-10.476089898095,5.25765463707127));
#2659=CARTESIAN_POINT('',(1.09200287338506,-11.376089898095,5.25765463707124));
#2660=CARTESIAN_POINT('',(1.09200287338505,-11.376089898095,4.35765463707127));
#2661=CARTESIAN_POINT('',(1.09200287338504,-11.376089898095,3.45765463707128));
#2662=CARTESIAN_POINT('',(1.09200287338504,-10.476089898095,3.45765463707126));
#2663=CARTESIAN_POINT('',(4.27405772611571,-10.476089898095,5.25765463707125));
#2664=CARTESIAN_POINT('',(4.27405772611572,-9.57608989809498,5.25765463707123));
#2665=CARTESIAN_POINT('',(4.27405772611571,-9.57608989809503,4.35765463707124));
#2666=CARTESIAN_POINT('',(4.2740577261157,-9.57608989809506,3.45765463707128));
#2667=CARTESIAN_POINT('',(4.2740577261157,-10.476089898095,3.45765463707124));
#2668=CARTESIAN_POINT('',(4.2740577261157,3.52391010190496,5.25765463707125));
#2669=CARTESIAN_POINT('',(1.09200287338506,3.52391010190496,5.25765463707127));
#2670=CARTESIAN_POINT('',(1.09200287338504,3.52391010190496,5.25765463707127));
#2671=CARTESIAN_POINT('',(1.09200287338504,2.62391010190501,5.25765463707122));
#2672=CARTESIAN_POINT('',(1.09200287338504,2.62391010190504,4.35765463707127));
#2673=CARTESIAN_POINT('',(1.09200287338503,2.62391010190501,3.45765463707131));
#2674=CARTESIAN_POINT('',(1.09200287338503,3.52391010190496,3.45765463707126));
#2675=CARTESIAN_POINT('',(4.27405772611571,3.52391010190496,5.25765463707125));
#2676=CARTESIAN_POINT('',(4.27405772611571,4.423910101905,5.25765463707124));
#2677=CARTESIAN_POINT('',(4.27405772611571,4.42391010190494,4.35765463707124));
#2678=CARTESIAN_POINT('',(4.2740577261157,4.423910101905,3.45765463707125));
#2679=CARTESIAN_POINT('',(4.2740577261157,3.52391010190496,3.45765463707124));
#2680=CARTESIAN_POINT('',(-2.21242139007627,14.2422332257671,-0.642345362928563));
#2681=CARTESIAN_POINT('',(-2.21242139007627,14.2422332257671,-3.64234536292856));
#2682=CARTESIAN_POINT('',(-2.21242139007627,14.2422332257671,-3.64234536292856));
#2683=CARTESIAN_POINT('',(-1.99409822789712,13.1548771423101,-3.64234536292856));
#2684=CARTESIAN_POINT('',(-3.08145431135417,12.9365539801309,-3.64234536292856));
#2685=CARTESIAN_POINT('',(-3.41338210158223,12.8699083560523,-3.64234536292856));
#2686=CARTESIAN_POINT('',(-3.7259422738843,13.,-3.64234536292856));
#2687=CARTESIAN_POINT('',(-4.27092883090613,13.2268305542904,-3.64234536292856));
#2688=CARTESIAN_POINT('',(-4.38713355699037,13.8055869014088,-3.64234536292856));
#2689=CARTESIAN_POINT('',(-2.21242139007627,14.2422332257671,-0.642345362928562));
#2690=CARTESIAN_POINT('',(-2.43074455225542,15.3295893092242,-0.642345362928562));
#2691=CARTESIAN_POINT('',(-3.51810063571247,15.111266147045,-0.642345362928563));
#2692=CARTESIAN_POINT('',(-4.60545671916952,14.8929429848659,-0.642345362928563));
#2693=CARTESIAN_POINT('',(-4.38713355699037,13.8055869014088,-0.642345362928563));
#2694=CARTESIAN_POINT('',(0.,0.,0.));
ENDSEC;
END-ISO-10303-21;
