ISO-10303-21;
HEADER;
/* Generated by software containing ST-Developer
 * from STEP Tools, Inc. (www.steptools.com) 
 */
/* OPTION: using custom schema-name function */

FILE_DESCRIPTION(
/* description */ (''),
/* implementation_level */ '2;1');

FILE_NAME(
/* name */ 'HINGE_~3',
/* time_stamp */ '2026-03-16T00:38:10+03:00',
/* author */ (''),
/* organization */ (''),
/* preprocessor_version */ 'ST-DEVELOPER v16.5',
/* originating_system */ '',
/* authorisation */ '');

FILE_SCHEMA (('CONFIG_CONTROL_DESIGN'));
ENDSEC;

DATA;
#10=SHAPE_REPRESENTATION_RELATIONSHIP('','',#2009,#13);
#11=MANIFOLD_SOLID_BREP('brep_1',#14);
#12=MANIFOLD_SOLID_BREP('brep_1',#15);
#13=ADVANCED_BREP_SHAPE_REPRESENTATION('brep_rep_0',(#11,#12,#2094),#2008);
#14=CLOSED_SHELL('',(#32,#33,#34,#35,#36,#37,#38,#39,#40,#41,#42,#43,#44,
#45,#46,#47,#48,#49,#50,#51,#52,#53,#54,#55,#56,#57,#58,#59,#60,#61,#62,
#63,#64,#65,#66,#67,#68,#69,#70,#71,#72,#73,#74,#75,#76,#77,#78,#79,#80,
#81,#82,#83,#84,#85,#86));
#15=CLOSED_SHELL('',(#87,#88,#89,#90,#91,#92,#93,#94,#95,#96,#97,#98,#99,
#100,#101,#102,#103,#104,#105,#106,#107,#108,#109,#110,#111,#112,#113,#114,
#115,#116,#117,#118,#119,#120,#121,#122,#123,#124,#125,#126,#127,#128,#129,
#130,#131,#132,#133,#134,#135,#136,#137,#138,#139,#140,#141));
#16=FACE_BOUND('',#255,.T.);
#17=FACE_BOUND('',#271,.T.);
#18=FACE_BOUND('',#275,.T.);
#19=FACE_BOUND('',#280,.T.);
#20=FACE_BOUND('',#281,.T.);
#21=FACE_BOUND('',#298,.T.);
#22=FACE_BOUND('',#301,.T.);
#23=FACE_BOUND('',#307,.T.);
#24=FACE_BOUND('',#318,.T.);
#25=FACE_BOUND('',#334,.T.);
#26=FACE_BOUND('',#338,.T.);
#27=FACE_BOUND('',#343,.T.);
#28=FACE_BOUND('',#344,.T.);
#29=FACE_BOUND('',#361,.T.);
#30=FACE_BOUND('',#364,.T.);
#31=FACE_BOUND('',#370,.T.);
#32=ADVANCED_FACE('',(#142),#1885,.T.);
#33=ADVANCED_FACE('',(#143),#1886,.T.);
#34=ADVANCED_FACE('',(#144,#16),#1845,.T.);
#35=ADVANCED_FACE('',(#145),#1887,.T.);
#36=ADVANCED_FACE('',(#146),#1888,.T.);
#37=ADVANCED_FACE('',(#147),#1846,.T.);
#38=ADVANCED_FACE('',(#148),#1847,.T.);
#39=ADVANCED_FACE('',(#149),#1889,.T.);
#40=ADVANCED_FACE('',(#150),#1848,.T.);
#41=ADVANCED_FACE('',(#151),#1849,.T.);
#42=ADVANCED_FACE('',(#152),#1890,.T.);
#43=ADVANCED_FACE('',(#153),#1850,.T.);
#44=ADVANCED_FACE('',(#154),#1891,.T.);
#45=ADVANCED_FACE('',(#155),#1892,.T.);
#46=ADVANCED_FACE('',(#156),#1893,.T.);
#47=ADVANCED_FACE('',(#157),#1894,.T.);
#48=ADVANCED_FACE('',(#158),#1879,.T.);
#49=ADVANCED_FACE('',(#159,#17),#1832,.T.);
#50=ADVANCED_FACE('',(#160),#1833,.T.);
#51=ADVANCED_FACE('',(#161),#1880,.T.);
#52=ADVANCED_FACE('',(#162,#18),#1834,.T.);
#53=ADVANCED_FACE('',(#163),#1840,.T.);
#54=ADVANCED_FACE('',(#164),#1822,.T.);
#55=ADVANCED_FACE('',(#165),#1835,.T.);
#56=ADVANCED_FACE('',(#166,#19,#20),#1836,.T.);
#57=ADVANCED_FACE('',(#167),#1881,.T.);
#58=ADVANCED_FACE('',(#168),#1881,.T.);
#59=ADVANCED_FACE('',(#169),#1837,.T.);
#60=ADVANCED_FACE('',(#170),#1837,.T.);
#61=ADVANCED_FACE('',(#171),#1882,.T.);
#62=ADVANCED_FACE('',(#172),#1882,.T.);
#63=ADVANCED_FACE('',(#173),#1838,.T.);
#64=ADVANCED_FACE('',(#174),#1838,.T.);
#65=ADVANCED_FACE('',(#175),#1883,.T.);
#66=ADVANCED_FACE('',(#176),#1883,.T.);
#67=ADVANCED_FACE('',(#177),#1839,.T.);
#68=ADVANCED_FACE('',(#178),#1839,.T.);
#69=ADVANCED_FACE('',(#179),#1884,.T.);
#70=ADVANCED_FACE('',(#180),#1884,.T.);
#71=ADVANCED_FACE('',(#181),#1840,.T.);
#72=ADVANCED_FACE('',(#182,#21),#1842,.T.);
#73=ADVANCED_FACE('',(#183),#1823,.T.);
#74=ADVANCED_FACE('',(#184,#22),#1843,.T.);
#75=ADVANCED_FACE('',(#185),#1824,.T.);
#76=ADVANCED_FACE('',(#186),#1844,.T.);
#77=ADVANCED_FACE('',(#187),#1851,.T.);
#78=ADVANCED_FACE('',(#188),#1916,.T.);
#79=ADVANCED_FACE('',(#189,#23),#1852,.T.);
#80=ADVANCED_FACE('',(#190),#1917,.T.);
#81=ADVANCED_FACE('',(#191),#1915,.T.);
#82=ADVANCED_FACE('',(#192),#1841,.T.);
#83=ADVANCED_FACE('',(#193),#1841,.T.);
#84=ADVANCED_FACE('',(#194),#1918,.T.);
#85=ADVANCED_FACE('',(#195),#1825,.T.);
#86=ADVANCED_FACE('',(#196),#1826,.T.);
#87=ADVANCED_FACE('',(#197),#1901,.T.);
#88=ADVANCED_FACE('',(#198),#1902,.T.);
#89=ADVANCED_FACE('',(#199,#24),#1866,.T.);
#90=ADVANCED_FACE('',(#200),#1903,.T.);
#91=ADVANCED_FACE('',(#201),#1904,.T.);
#92=ADVANCED_FACE('',(#202),#1867,.T.);
#93=ADVANCED_FACE('',(#203),#1868,.T.);
#94=ADVANCED_FACE('',(#204),#1905,.T.);
#95=ADVANCED_FACE('',(#205),#1869,.T.);
#96=ADVANCED_FACE('',(#206),#1870,.T.);
#97=ADVANCED_FACE('',(#207),#1906,.T.);
#98=ADVANCED_FACE('',(#208),#1871,.T.);
#99=ADVANCED_FACE('',(#209),#1907,.T.);
#100=ADVANCED_FACE('',(#210),#1908,.T.);
#101=ADVANCED_FACE('',(#211),#1909,.T.);
#102=ADVANCED_FACE('',(#212),#1910,.T.);
#103=ADVANCED_FACE('',(#213),#1895,.T.);
#104=ADVANCED_FACE('',(#214,#25),#1853,.T.);
#105=ADVANCED_FACE('',(#215),#1854,.T.);
#106=ADVANCED_FACE('',(#216),#1896,.T.);
#107=ADVANCED_FACE('',(#217,#26),#1855,.T.);
#108=ADVANCED_FACE('',(#218),#1874,.T.);
#109=ADVANCED_FACE('',(#219),#1827,.T.);
#110=ADVANCED_FACE('',(#220),#1856,.T.);
#111=ADVANCED_FACE('',(#221,#27,#28),#1857,.T.);
#112=ADVANCED_FACE('',(#222),#1911,.T.);
#113=ADVANCED_FACE('',(#223),#1897,.T.);
#114=ADVANCED_FACE('',(#224),#1875,.T.);
#115=ADVANCED_FACE('',(#225),#1858,.T.);
#116=ADVANCED_FACE('',(#226),#1912,.T.);
#117=ADVANCED_FACE('',(#227),#1898,.T.);
#118=ADVANCED_FACE('',(#228),#1876,.T.);
#119=ADVANCED_FACE('',(#229),#1859,.T.);
#120=ADVANCED_FACE('',(#230),#1913,.T.);
#121=ADVANCED_FACE('',(#231),#1899,.T.);
#122=ADVANCED_FACE('',(#232),#1877,.T.);
#123=ADVANCED_FACE('',(#233),#1860,.T.);
#124=ADVANCED_FACE('',(#234),#1914,.T.);
#125=ADVANCED_FACE('',(#235),#1900,.T.);
#126=ADVANCED_FACE('',(#236),#1861,.T.);
#127=ADVANCED_FACE('',(#237,#29),#1863,.T.);
#128=ADVANCED_FACE('',(#238),#1828,.T.);
#129=ADVANCED_FACE('',(#239,#30),#1864,.T.);
#130=ADVANCED_FACE('',(#240),#1829,.T.);
#131=ADVANCED_FACE('',(#241),#1865,.T.);
#132=ADVANCED_FACE('',(#242),#1872,.T.);
#133=ADVANCED_FACE('',(#243),#1920,.T.);
#134=ADVANCED_FACE('',(#244,#31),#1873,.T.);
#135=ADVANCED_FACE('',(#245),#1921,.T.);
#136=ADVANCED_FACE('',(#246),#1919,.T.);
#137=ADVANCED_FACE('',(#247),#1878,.T.);
#138=ADVANCED_FACE('',(#248),#1862,.T.);
#139=ADVANCED_FACE('',(#249),#1922,.T.);
#140=ADVANCED_FACE('',(#250),#1830,.T.);
#141=ADVANCED_FACE('',(#251),#1831,.T.);
#142=FACE_OUTER_BOUND('',#252,.T.);
#143=FACE_OUTER_BOUND('',#253,.T.);
#144=FACE_OUTER_BOUND('',#254,.T.);
#145=FACE_OUTER_BOUND('',#256,.T.);
#146=FACE_OUTER_BOUND('',#257,.T.);
#147=FACE_OUTER_BOUND('',#258,.T.);
#148=FACE_OUTER_BOUND('',#259,.T.);
#149=FACE_OUTER_BOUND('',#260,.T.);
#150=FACE_OUTER_BOUND('',#261,.T.);
#151=FACE_OUTER_BOUND('',#262,.T.);
#152=FACE_OUTER_BOUND('',#263,.T.);
#153=FACE_OUTER_BOUND('',#264,.T.);
#154=FACE_OUTER_BOUND('',#265,.T.);
#155=FACE_OUTER_BOUND('',#266,.T.);
#156=FACE_OUTER_BOUND('',#267,.T.);
#157=FACE_OUTER_BOUND('',#268,.T.);
#158=FACE_OUTER_BOUND('',#269,.T.);
#159=FACE_OUTER_BOUND('',#270,.T.);
#160=FACE_OUTER_BOUND('',#272,.T.);
#161=FACE_OUTER_BOUND('',#273,.T.);
#162=FACE_OUTER_BOUND('',#274,.T.);
#163=FACE_OUTER_BOUND('',#276,.T.);
#164=FACE_OUTER_BOUND('',#277,.T.);
#165=FACE_OUTER_BOUND('',#278,.T.);
#166=FACE_OUTER_BOUND('',#279,.T.);
#167=FACE_OUTER_BOUND('',#282,.T.);
#168=FACE_OUTER_BOUND('',#283,.T.);
#169=FACE_OUTER_BOUND('',#284,.T.);
#170=FACE_OUTER_BOUND('',#285,.T.);
#171=FACE_OUTER_BOUND('',#286,.T.);
#172=FACE_OUTER_BOUND('',#287,.T.);
#173=FACE_OUTER_BOUND('',#288,.T.);
#174=FACE_OUTER_BOUND('',#289,.T.);
#175=FACE_OUTER_BOUND('',#290,.T.);
#176=FACE_OUTER_BOUND('',#291,.T.);
#177=FACE_OUTER_BOUND('',#292,.T.);
#178=FACE_OUTER_BOUND('',#293,.T.);
#179=FACE_OUTER_BOUND('',#294,.T.);
#180=FACE_OUTER_BOUND('',#295,.T.);
#181=FACE_OUTER_BOUND('',#296,.T.);
#182=FACE_OUTER_BOUND('',#297,.T.);
#183=FACE_OUTER_BOUND('',#299,.T.);
#184=FACE_OUTER_BOUND('',#300,.T.);
#185=FACE_OUTER_BOUND('',#302,.T.);
#186=FACE_OUTER_BOUND('',#303,.T.);
#187=FACE_OUTER_BOUND('',#304,.T.);
#188=FACE_OUTER_BOUND('',#305,.T.);
#189=FACE_OUTER_BOUND('',#306,.T.);
#190=FACE_OUTER_BOUND('',#308,.T.);
#191=FACE_OUTER_BOUND('',#309,.T.);
#192=FACE_OUTER_BOUND('',#310,.T.);
#193=FACE_OUTER_BOUND('',#311,.T.);
#194=FACE_OUTER_BOUND('',#312,.T.);
#195=FACE_OUTER_BOUND('',#313,.T.);
#196=FACE_OUTER_BOUND('',#314,.T.);
#197=FACE_OUTER_BOUND('',#315,.T.);
#198=FACE_OUTER_BOUND('',#316,.T.);
#199=FACE_OUTER_BOUND('',#317,.T.);
#200=FACE_OUTER_BOUND('',#319,.T.);
#201=FACE_OUTER_BOUND('',#320,.T.);
#202=FACE_OUTER_BOUND('',#321,.T.);
#203=FACE_OUTER_BOUND('',#322,.T.);
#204=FACE_OUTER_BOUND('',#323,.T.);
#205=FACE_OUTER_BOUND('',#324,.T.);
#206=FACE_OUTER_BOUND('',#325,.T.);
#207=FACE_OUTER_BOUND('',#326,.T.);
#208=FACE_OUTER_BOUND('',#327,.T.);
#209=FACE_OUTER_BOUND('',#328,.T.);
#210=FACE_OUTER_BOUND('',#329,.T.);
#211=FACE_OUTER_BOUND('',#330,.T.);
#212=FACE_OUTER_BOUND('',#331,.T.);
#213=FACE_OUTER_BOUND('',#332,.T.);
#214=FACE_OUTER_BOUND('',#333,.T.);
#215=FACE_OUTER_BOUND('',#335,.T.);
#216=FACE_OUTER_BOUND('',#336,.T.);
#217=FACE_OUTER_BOUND('',#337,.T.);
#218=FACE_OUTER_BOUND('',#339,.T.);
#219=FACE_OUTER_BOUND('',#340,.T.);
#220=FACE_OUTER_BOUND('',#341,.T.);
#221=FACE_OUTER_BOUND('',#342,.T.);
#222=FACE_OUTER_BOUND('',#345,.T.);
#223=FACE_OUTER_BOUND('',#346,.T.);
#224=FACE_OUTER_BOUND('',#347,.T.);
#225=FACE_OUTER_BOUND('',#348,.T.);
#226=FACE_OUTER_BOUND('',#349,.T.);
#227=FACE_OUTER_BOUND('',#350,.T.);
#228=FACE_OUTER_BOUND('',#351,.T.);
#229=FACE_OUTER_BOUND('',#352,.T.);
#230=FACE_OUTER_BOUND('',#353,.T.);
#231=FACE_OUTER_BOUND('',#354,.T.);
#232=FACE_OUTER_BOUND('',#355,.T.);
#233=FACE_OUTER_BOUND('',#356,.T.);
#234=FACE_OUTER_BOUND('',#357,.T.);
#235=FACE_OUTER_BOUND('',#358,.T.);
#236=FACE_OUTER_BOUND('',#359,.T.);
#237=FACE_OUTER_BOUND('',#360,.T.);
#238=FACE_OUTER_BOUND('',#362,.T.);
#239=FACE_OUTER_BOUND('',#363,.T.);
#240=FACE_OUTER_BOUND('',#365,.T.);
#241=FACE_OUTER_BOUND('',#366,.T.);
#242=FACE_OUTER_BOUND('',#367,.T.);
#243=FACE_OUTER_BOUND('',#368,.T.);
#244=FACE_OUTER_BOUND('',#369,.T.);
#245=FACE_OUTER_BOUND('',#371,.T.);
#246=FACE_OUTER_BOUND('',#372,.T.);
#247=FACE_OUTER_BOUND('',#373,.T.);
#248=FACE_OUTER_BOUND('',#374,.T.);
#249=FACE_OUTER_BOUND('',#375,.T.);
#250=FACE_OUTER_BOUND('',#376,.T.);
#251=FACE_OUTER_BOUND('',#377,.T.);
#252=EDGE_LOOP('',(#378,#379,#380,#381));
#253=EDGE_LOOP('',(#382,#383,#384,#385));
#254=EDGE_LOOP('',(#386,#387,#388,#389,#390,#391,#392,#393,#394,#395,#396));
#255=EDGE_LOOP('',(#397,#398));
#256=EDGE_LOOP('',(#399,#400,#401,#402));
#257=EDGE_LOOP('',(#403,#404,#405,#406));
#258=EDGE_LOOP('',(#407,#408,#409,#410));
#259=EDGE_LOOP('',(#411,#412,#413,#414,#415,#416,#417,#418));
#260=EDGE_LOOP('',(#419,#420,#421,#422,#423,#424));
#261=EDGE_LOOP('',(#425,#426,#427,#428,#429));
#262=EDGE_LOOP('',(#430,#431,#432,#433,#434));
#263=EDGE_LOOP('',(#435,#436,#437,#438,#439,#440));
#264=EDGE_LOOP('',(#441,#442,#443,#444,#445,#446,#447,#448));
#265=EDGE_LOOP('',(#449,#450,#451,#452));
#266=EDGE_LOOP('',(#453,#454,#455,#456));
#267=EDGE_LOOP('',(#457,#458,#459,#460));
#268=EDGE_LOOP('',(#461,#462,#463,#464));
#269=EDGE_LOOP('',(#465,#466,#467,#468,#469));
#270=EDGE_LOOP('',(#470,#471,#472,#473,#474,#475,#476,#477,#478,#479,#480));
#271=EDGE_LOOP('',(#481,#482));
#272=EDGE_LOOP('',(#483,#484,#485,#486));
#273=EDGE_LOOP('',(#487,#488,#489,#490,#491));
#274=EDGE_LOOP('',(#492,#493,#494,#495,#496,#497,#498,#499,#500,#501,#502));
#275=EDGE_LOOP('',(#503,#504));
#276=EDGE_LOOP('',(#505,#506,#507,#508));
#277=EDGE_LOOP('',(#509,#510,#511,#512));
#278=EDGE_LOOP('',(#513,#514,#515,#516));
#279=EDGE_LOOP('',(#517,#518,#519,#520,#521,#522,#523,#524,#525,#526,#527,
#528,#529,#530,#531,#532,#533,#534,#535,#536));
#280=EDGE_LOOP('',(#537,#538));
#281=EDGE_LOOP('',(#539,#540));
#282=EDGE_LOOP('',(#541,#542,#543,#544));
#283=EDGE_LOOP('',(#545,#546,#547,#548));
#284=EDGE_LOOP('',(#549,#550,#551,#552));
#285=EDGE_LOOP('',(#553,#554,#555,#556));
#286=EDGE_LOOP('',(#557,#558,#559,#560));
#287=EDGE_LOOP('',(#561,#562,#563,#564));
#288=EDGE_LOOP('',(#565,#566,#567,#568));
#289=EDGE_LOOP('',(#569,#570,#571,#572));
#290=EDGE_LOOP('',(#573,#574,#575,#576));
#291=EDGE_LOOP('',(#577,#578,#579,#580));
#292=EDGE_LOOP('',(#581,#582,#583,#584));
#293=EDGE_LOOP('',(#585,#586,#587,#588));
#294=EDGE_LOOP('',(#589,#590,#591,#592));
#295=EDGE_LOOP('',(#593,#594,#595,#596));
#296=EDGE_LOOP('',(#597,#598,#599,#600));
#297=EDGE_LOOP('',(#601,#602,#603,#604,#605,#606));
#298=EDGE_LOOP('',(#607,#608));
#299=EDGE_LOOP('',(#609,#610,#611,#612));
#300=EDGE_LOOP('',(#613,#614,#615,#616));
#301=EDGE_LOOP('',(#617,#618));
#302=EDGE_LOOP('',(#619,#620,#621,#622));
#303=EDGE_LOOP('',(#623,#624,#625,#626,#627,#628));
#304=EDGE_LOOP('',(#629,#630,#631,#632));
#305=EDGE_LOOP('',(#633,#634,#635,#636));
#306=EDGE_LOOP('',(#637,#638,#639,#640,#641,#642,#643,#644,#645,#646,#647));
#307=EDGE_LOOP('',(#648,#649));
#308=EDGE_LOOP('',(#650,#651,#652,#653));
#309=EDGE_LOOP('',(#654,#655,#656,#657));
#310=EDGE_LOOP('',(#658,#659,#660,#661,#662));
#311=EDGE_LOOP('',(#663,#664,#665,#666,#667));
#312=EDGE_LOOP('',(#668,#669,#670,#671,#672,#673,#674,#675,#676,#677,#678,
#679));
#313=EDGE_LOOP('',(#680,#681,#682,#683));
#314=EDGE_LOOP('',(#684,#685,#686,#687));
#315=EDGE_LOOP('',(#688,#689,#690,#691));
#316=EDGE_LOOP('',(#692,#693,#694,#695));
#317=EDGE_LOOP('',(#696,#697,#698,#699,#700,#701,#702,#703,#704,#705,#706));
#318=EDGE_LOOP('',(#707,#708));
#319=EDGE_LOOP('',(#709,#710,#711,#712));
#320=EDGE_LOOP('',(#713,#714,#715,#716));
#321=EDGE_LOOP('',(#717,#718,#719,#720));
#322=EDGE_LOOP('',(#721,#722,#723,#724,#725,#726,#727,#728));
#323=EDGE_LOOP('',(#729,#730,#731,#732,#733,#734));
#324=EDGE_LOOP('',(#735,#736,#737,#738,#739));
#325=EDGE_LOOP('',(#740,#741,#742,#743,#744));
#326=EDGE_LOOP('',(#745,#746,#747,#748,#749,#750));
#327=EDGE_LOOP('',(#751,#752,#753,#754,#755,#756,#757,#758));
#328=EDGE_LOOP('',(#759,#760,#761,#762));
#329=EDGE_LOOP('',(#763,#764,#765,#766));
#330=EDGE_LOOP('',(#767,#768,#769,#770));
#331=EDGE_LOOP('',(#771,#772,#773,#774));
#332=EDGE_LOOP('',(#775,#776,#777,#778,#779));
#333=EDGE_LOOP('',(#780,#781,#782,#783,#784,#785,#786,#787,#788,#789,#790));
#334=EDGE_LOOP('',(#791,#792));
#335=EDGE_LOOP('',(#793,#794,#795,#796));
#336=EDGE_LOOP('',(#797,#798,#799,#800,#801));
#337=EDGE_LOOP('',(#802,#803,#804,#805,#806,#807,#808,#809,#810,#811,#812));
#338=EDGE_LOOP('',(#813,#814));
#339=EDGE_LOOP('',(#815,#816,#817,#818));
#340=EDGE_LOOP('',(#819,#820,#821,#822));
#341=EDGE_LOOP('',(#823,#824,#825,#826));
#342=EDGE_LOOP('',(#827,#828,#829,#830,#831,#832,#833,#834,#835,#836,#837,
#838,#839,#840,#841,#842,#843,#844,#845,#846));
#343=EDGE_LOOP('',(#847,#848));
#344=EDGE_LOOP('',(#849,#850));
#345=EDGE_LOOP('',(#851,#852,#853,#854));
#346=EDGE_LOOP('',(#855,#856,#857,#858));
#347=EDGE_LOOP('',(#859,#860,#861,#862));
#348=EDGE_LOOP('',(#863,#864,#865,#866));
#349=EDGE_LOOP('',(#867,#868,#869,#870));
#350=EDGE_LOOP('',(#871,#872,#873,#874));
#351=EDGE_LOOP('',(#875,#876,#877,#878));
#352=EDGE_LOOP('',(#879,#880,#881,#882));
#353=EDGE_LOOP('',(#883,#884,#885,#886));
#354=EDGE_LOOP('',(#887,#888,#889,#890));
#355=EDGE_LOOP('',(#891,#892,#893,#894));
#356=EDGE_LOOP('',(#895,#896,#897,#898));
#357=EDGE_LOOP('',(#899,#900,#901,#902));
#358=EDGE_LOOP('',(#903,#904,#905,#906));
#359=EDGE_LOOP('',(#907,#908,#909,#910));
#360=EDGE_LOOP('',(#911,#912,#913,#914,#915,#916));
#361=EDGE_LOOP('',(#917,#918));
#362=EDGE_LOOP('',(#919,#920,#921,#922));
#363=EDGE_LOOP('',(#923,#924,#925,#926));
#364=EDGE_LOOP('',(#927,#928));
#365=EDGE_LOOP('',(#929,#930,#931,#932));
#366=EDGE_LOOP('',(#933,#934,#935,#936,#937,#938));
#367=EDGE_LOOP('',(#939,#940,#941,#942));
#368=EDGE_LOOP('',(#943,#944,#945,#946));
#369=EDGE_LOOP('',(#947,#948,#949,#950,#951,#952,#953,#954,#955,#956,#957));
#370=EDGE_LOOP('',(#958,#959));
#371=EDGE_LOOP('',(#960,#961,#962,#963));
#372=EDGE_LOOP('',(#964,#965,#966,#967));
#373=EDGE_LOOP('',(#968,#969,#970,#971,#972));
#374=EDGE_LOOP('',(#973,#974,#975,#976,#977));
#375=EDGE_LOOP('',(#978,#979,#980,#981,#982,#983,#984,#985,#986,#987,#988,
#989));
#376=EDGE_LOOP('',(#990,#991,#992,#993));
#377=EDGE_LOOP('',(#994,#995,#996,#997));
#378=ORIENTED_EDGE('',*,*,#1016,.T.);
#379=ORIENTED_EDGE('',*,*,#1019,.T.);
#380=ORIENTED_EDGE('',*,*,#1018,.T.);
#381=ORIENTED_EDGE('',*,*,#1017,.T.);
#382=ORIENTED_EDGE('',*,*,#1037,.T.);
#383=ORIENTED_EDGE('',*,*,#1040,.T.);
#384=ORIENTED_EDGE('',*,*,#1039,.T.);
#385=ORIENTED_EDGE('',*,*,#1038,.T.);
#386=ORIENTED_EDGE('',*,*,#1123,.T.);
#387=ORIENTED_EDGE('',*,*,#1003,.T.);
#388=ORIENTED_EDGE('',*,*,#999,.T.);
#389=ORIENTED_EDGE('',*,*,#1086,.F.);
#390=ORIENTED_EDGE('',*,*,#1085,.F.);
#391=ORIENTED_EDGE('',*,*,#1084,.F.);
#392=ORIENTED_EDGE('',*,*,#1083,.F.);
#393=ORIENTED_EDGE('',*,*,#1082,.F.);
#394=ORIENTED_EDGE('',*,*,#1081,.F.);
#395=ORIENTED_EDGE('',*,*,#1124,.F.);
#396=ORIENTED_EDGE('',*,*,#1121,.F.);
#397=ORIENTED_EDGE('',*,*,#1150,.T.);
#398=ORIENTED_EDGE('',*,*,#1152,.T.);
#399=ORIENTED_EDGE('',*,*,#1042,.T.);
#400=ORIENTED_EDGE('',*,*,#1045,.T.);
#401=ORIENTED_EDGE('',*,*,#1044,.T.);
#402=ORIENTED_EDGE('',*,*,#1043,.T.);
#403=ORIENTED_EDGE('',*,*,#1046,.T.);
#404=ORIENTED_EDGE('',*,*,#1049,.T.);
#405=ORIENTED_EDGE('',*,*,#1048,.T.);
#406=ORIENTED_EDGE('',*,*,#1047,.T.);
#407=ORIENTED_EDGE('',*,*,#1050,.F.);
#408=ORIENTED_EDGE('',*,*,#1128,.F.);
#409=ORIENTED_EDGE('',*,*,#1144,.F.);
#410=ORIENTED_EDGE('',*,*,#1129,.F.);
#411=ORIENTED_EDGE('',*,*,#1054,.F.);
#412=ORIENTED_EDGE('',*,*,#1053,.F.);
#413=ORIENTED_EDGE('',*,*,#1052,.F.);
#414=ORIENTED_EDGE('',*,*,#1120,.F.);
#415=ORIENTED_EDGE('',*,*,#1020,.T.);
#416=ORIENTED_EDGE('',*,*,#1004,.T.);
#417=ORIENTED_EDGE('',*,*,#1008,.T.);
#418=ORIENTED_EDGE('',*,*,#1051,.F.);
#419=ORIENTED_EDGE('',*,*,#1130,.T.);
#420=ORIENTED_EDGE('',*,*,#1148,.T.);
#421=ORIENTED_EDGE('',*,*,#1056,.T.);
#422=ORIENTED_EDGE('',*,*,#1053,.T.);
#423=ORIENTED_EDGE('',*,*,#1055,.T.);
#424=ORIENTED_EDGE('',*,*,#1050,.T.);
#425=ORIENTED_EDGE('',*,*,#1009,.T.);
#426=ORIENTED_EDGE('',*,*,#1013,.T.);
#427=ORIENTED_EDGE('',*,*,#1024,.T.);
#428=ORIENTED_EDGE('',*,*,#1057,.F.);
#429=ORIENTED_EDGE('',*,*,#1051,.T.);
#430=ORIENTED_EDGE('',*,*,#1059,.F.);
#431=ORIENTED_EDGE('',*,*,#1058,.F.);
#432=ORIENTED_EDGE('',*,*,#1026,.T.);
#433=ORIENTED_EDGE('',*,*,#1015,.T.);
#434=ORIENTED_EDGE('',*,*,#1011,.T.);
#435=ORIENTED_EDGE('',*,*,#1131,.T.);
#436=ORIENTED_EDGE('',*,*,#1140,.T.);
#437=ORIENTED_EDGE('',*,*,#1064,.T.);
#438=ORIENTED_EDGE('',*,*,#1063,.T.);
#439=ORIENTED_EDGE('',*,*,#1065,.T.);
#440=ORIENTED_EDGE('',*,*,#1147,.T.);
#441=ORIENTED_EDGE('',*,*,#1060,.T.);
#442=ORIENTED_EDGE('',*,*,#1059,.T.);
#443=ORIENTED_EDGE('',*,*,#1012,.T.);
#444=ORIENTED_EDGE('',*,*,#1006,.T.);
#445=ORIENTED_EDGE('',*,*,#1021,.T.);
#446=ORIENTED_EDGE('',*,*,#1119,.F.);
#447=ORIENTED_EDGE('',*,*,#1062,.T.);
#448=ORIENTED_EDGE('',*,*,#1063,.F.);
#449=ORIENTED_EDGE('',*,*,#1019,.F.);
#450=ORIENTED_EDGE('',*,*,#1041,.T.);
#451=ORIENTED_EDGE('',*,*,#1017,.F.);
#452=ORIENTED_EDGE('',*,*,#1066,.T.);
#453=ORIENTED_EDGE('',*,*,#1040,.F.);
#454=ORIENTED_EDGE('',*,*,#1068,.T.);
#455=ORIENTED_EDGE('',*,*,#1038,.F.);
#456=ORIENTED_EDGE('',*,*,#1067,.T.);
#457=ORIENTED_EDGE('',*,*,#1045,.F.);
#458=ORIENTED_EDGE('',*,*,#1070,.T.);
#459=ORIENTED_EDGE('',*,*,#1043,.F.);
#460=ORIENTED_EDGE('',*,*,#1069,.T.);
#461=ORIENTED_EDGE('',*,*,#1049,.F.);
#462=ORIENTED_EDGE('',*,*,#1072,.T.);
#463=ORIENTED_EDGE('',*,*,#1047,.F.);
#464=ORIENTED_EDGE('',*,*,#1071,.T.);
#465=ORIENTED_EDGE('',*,*,#1132,.T.);
#466=ORIENTED_EDGE('',*,*,#1141,.T.);
#467=ORIENTED_EDGE('',*,*,#1073,.T.);
#468=ORIENTED_EDGE('',*,*,#1076,.F.);
#469=ORIENTED_EDGE('',*,*,#1031,.T.);
#470=ORIENTED_EDGE('',*,*,#1093,.T.);
#471=ORIENTED_EDGE('',*,*,#1106,.T.);
#472=ORIENTED_EDGE('',*,*,#1077,.F.);
#473=ORIENTED_EDGE('',*,*,#1029,.T.);
#474=ORIENTED_EDGE('',*,*,#1036,.F.);
#475=ORIENTED_EDGE('',*,*,#1080,.T.);
#476=ORIENTED_EDGE('',*,*,#1098,.T.);
#477=ORIENTED_EDGE('',*,*,#1097,.T.);
#478=ORIENTED_EDGE('',*,*,#1096,.T.);
#479=ORIENTED_EDGE('',*,*,#1095,.T.);
#480=ORIENTED_EDGE('',*,*,#1094,.T.);
#481=ORIENTED_EDGE('',*,*,#1037,.F.);
#482=ORIENTED_EDGE('',*,*,#1068,.F.);
#483=ORIENTED_EDGE('',*,*,#1133,.T.);
#484=ORIENTED_EDGE('',*,*,#1142,.T.);
#485=ORIENTED_EDGE('',*,*,#1074,.T.);
#486=ORIENTED_EDGE('',*,*,#1141,.F.);
#487=ORIENTED_EDGE('',*,*,#1134,.T.);
#488=ORIENTED_EDGE('',*,*,#1139,.T.);
#489=ORIENTED_EDGE('',*,*,#1077,.T.);
#490=ORIENTED_EDGE('',*,*,#1075,.T.);
#491=ORIENTED_EDGE('',*,*,#1142,.F.);
#492=ORIENTED_EDGE('',*,*,#1099,.T.);
#493=ORIENTED_EDGE('',*,*,#1100,.T.);
#494=ORIENTED_EDGE('',*,*,#1101,.T.);
#495=ORIENTED_EDGE('',*,*,#1102,.T.);
#496=ORIENTED_EDGE('',*,*,#1103,.T.);
#497=ORIENTED_EDGE('',*,*,#1104,.T.);
#498=ORIENTED_EDGE('',*,*,#1079,.T.);
#499=ORIENTED_EDGE('',*,*,#1001,.T.);
#500=ORIENTED_EDGE('',*,*,#1028,.T.);
#501=ORIENTED_EDGE('',*,*,#1076,.T.);
#502=ORIENTED_EDGE('',*,*,#1078,.T.);
#503=ORIENTED_EDGE('',*,*,#1018,.F.);
#504=ORIENTED_EDGE('',*,*,#1066,.F.);
#505=ORIENTED_EDGE('',*,*,#1035,.T.);
#506=ORIENTED_EDGE('',*,*,#1033,.F.);
#507=ORIENTED_EDGE('',*,*,#1036,.T.);
#508=ORIENTED_EDGE('',*,*,#1030,.T.);
#509=ORIENTED_EDGE('',*,*,#1014,.T.);
#510=ORIENTED_EDGE('',*,*,#1013,.F.);
#511=ORIENTED_EDGE('',*,*,#1010,.F.);
#512=ORIENTED_EDGE('',*,*,#1015,.F.);
#513=ORIENTED_EDGE('',*,*,#1025,.T.);
#514=ORIENTED_EDGE('',*,*,#1024,.F.);
#515=ORIENTED_EDGE('',*,*,#1014,.F.);
#516=ORIENTED_EDGE('',*,*,#1026,.F.);
#517=ORIENTED_EDGE('',*,*,#1127,.T.);
#518=ORIENTED_EDGE('',*,*,#1128,.T.);
#519=ORIENTED_EDGE('',*,*,#1055,.F.);
#520=ORIENTED_EDGE('',*,*,#1054,.T.);
#521=ORIENTED_EDGE('',*,*,#1057,.T.);
#522=ORIENTED_EDGE('',*,*,#1025,.F.);
#523=ORIENTED_EDGE('',*,*,#1058,.T.);
#524=ORIENTED_EDGE('',*,*,#1060,.F.);
#525=ORIENTED_EDGE('',*,*,#1064,.F.);
#526=ORIENTED_EDGE('',*,*,#1125,.F.);
#527=ORIENTED_EDGE('',*,*,#1122,.T.);
#528=ORIENTED_EDGE('',*,*,#1124,.T.);
#529=ORIENTED_EDGE('',*,*,#1108,.T.);
#530=ORIENTED_EDGE('',*,*,#1078,.F.);
#531=ORIENTED_EDGE('',*,*,#1073,.F.);
#532=ORIENTED_EDGE('',*,*,#1074,.F.);
#533=ORIENTED_EDGE('',*,*,#1075,.F.);
#534=ORIENTED_EDGE('',*,*,#1106,.F.);
#535=ORIENTED_EDGE('',*,*,#1107,.T.);
#536=ORIENTED_EDGE('',*,*,#1105,.T.);
#537=ORIENTED_EDGE('',*,*,#1046,.F.);
#538=ORIENTED_EDGE('',*,*,#1072,.F.);
#539=ORIENTED_EDGE('',*,*,#1042,.F.);
#540=ORIENTED_EDGE('',*,*,#1070,.F.);
#541=ORIENTED_EDGE('',*,*,#1108,.F.);
#542=ORIENTED_EDGE('',*,*,#1081,.T.);
#543=ORIENTED_EDGE('',*,*,#1110,.T.);
#544=ORIENTED_EDGE('',*,*,#1099,.F.);
#545=ORIENTED_EDGE('',*,*,#1109,.T.);
#546=ORIENTED_EDGE('',*,*,#1087,.T.);
#547=ORIENTED_EDGE('',*,*,#1107,.F.);
#548=ORIENTED_EDGE('',*,*,#1093,.F.);
#549=ORIENTED_EDGE('',*,*,#1082,.T.);
#550=ORIENTED_EDGE('',*,*,#1112,.T.);
#551=ORIENTED_EDGE('',*,*,#1100,.F.);
#552=ORIENTED_EDGE('',*,*,#1110,.F.);
#553=ORIENTED_EDGE('',*,*,#1088,.T.);
#554=ORIENTED_EDGE('',*,*,#1109,.F.);
#555=ORIENTED_EDGE('',*,*,#1094,.F.);
#556=ORIENTED_EDGE('',*,*,#1111,.T.);
#557=ORIENTED_EDGE('',*,*,#1083,.T.);
#558=ORIENTED_EDGE('',*,*,#1114,.T.);
#559=ORIENTED_EDGE('',*,*,#1101,.F.);
#560=ORIENTED_EDGE('',*,*,#1112,.F.);
#561=ORIENTED_EDGE('',*,*,#1089,.T.);
#562=ORIENTED_EDGE('',*,*,#1111,.F.);
#563=ORIENTED_EDGE('',*,*,#1095,.F.);
#564=ORIENTED_EDGE('',*,*,#1113,.T.);
#565=ORIENTED_EDGE('',*,*,#1084,.T.);
#566=ORIENTED_EDGE('',*,*,#1116,.T.);
#567=ORIENTED_EDGE('',*,*,#1102,.F.);
#568=ORIENTED_EDGE('',*,*,#1114,.F.);
#569=ORIENTED_EDGE('',*,*,#1115,.T.);
#570=ORIENTED_EDGE('',*,*,#1090,.T.);
#571=ORIENTED_EDGE('',*,*,#1113,.F.);
#572=ORIENTED_EDGE('',*,*,#1096,.F.);
#573=ORIENTED_EDGE('',*,*,#1091,.T.);
#574=ORIENTED_EDGE('',*,*,#1115,.F.);
#575=ORIENTED_EDGE('',*,*,#1097,.F.);
#576=ORIENTED_EDGE('',*,*,#1117,.T.);
#577=ORIENTED_EDGE('',*,*,#1116,.F.);
#578=ORIENTED_EDGE('',*,*,#1085,.T.);
#579=ORIENTED_EDGE('',*,*,#1118,.T.);
#580=ORIENTED_EDGE('',*,*,#1103,.F.);
#581=ORIENTED_EDGE('',*,*,#1086,.T.);
#582=ORIENTED_EDGE('',*,*,#1000,.T.);
#583=ORIENTED_EDGE('',*,*,#1104,.F.);
#584=ORIENTED_EDGE('',*,*,#1118,.F.);
#585=ORIENTED_EDGE('',*,*,#1092,.T.);
#586=ORIENTED_EDGE('',*,*,#1117,.F.);
#587=ORIENTED_EDGE('',*,*,#1098,.F.);
#588=ORIENTED_EDGE('',*,*,#1034,.T.);
#589=ORIENTED_EDGE('',*,*,#1034,.F.);
#590=ORIENTED_EDGE('',*,*,#1080,.F.);
#591=ORIENTED_EDGE('',*,*,#1033,.T.);
#592=ORIENTED_EDGE('',*,*,#1032,.F.);
#593=ORIENTED_EDGE('',*,*,#1000,.F.);
#594=ORIENTED_EDGE('',*,*,#999,.F.);
#595=ORIENTED_EDGE('',*,*,#998,.T.);
#596=ORIENTED_EDGE('',*,*,#1079,.F.);
#597=ORIENTED_EDGE('',*,*,#1002,.T.);
#598=ORIENTED_EDGE('',*,*,#1001,.F.);
#599=ORIENTED_EDGE('',*,*,#998,.F.);
#600=ORIENTED_EDGE('',*,*,#1003,.F.);
#601=ORIENTED_EDGE('',*,*,#1023,.T.);
#602=ORIENTED_EDGE('',*,*,#1052,.T.);
#603=ORIENTED_EDGE('',*,*,#1056,.F.);
#604=ORIENTED_EDGE('',*,*,#1061,.F.);
#605=ORIENTED_EDGE('',*,*,#1065,.F.);
#606=ORIENTED_EDGE('',*,*,#1062,.F.);
#607=ORIENTED_EDGE('',*,*,#1044,.F.);
#608=ORIENTED_EDGE('',*,*,#1069,.F.);
#609=ORIENTED_EDGE('',*,*,#1120,.T.);
#610=ORIENTED_EDGE('',*,*,#1023,.F.);
#611=ORIENTED_EDGE('',*,*,#1119,.T.);
#612=ORIENTED_EDGE('',*,*,#1022,.T.);
#613=ORIENTED_EDGE('',*,*,#1022,.F.);
#614=ORIENTED_EDGE('',*,*,#1021,.F.);
#615=ORIENTED_EDGE('',*,*,#1007,.T.);
#616=ORIENTED_EDGE('',*,*,#1020,.F.);
#617=ORIENTED_EDGE('',*,*,#1048,.F.);
#618=ORIENTED_EDGE('',*,*,#1071,.F.);
#619=ORIENTED_EDGE('',*,*,#1007,.F.);
#620=ORIENTED_EDGE('',*,*,#1006,.F.);
#621=ORIENTED_EDGE('',*,*,#1005,.T.);
#622=ORIENTED_EDGE('',*,*,#1004,.F.);
#623=ORIENTED_EDGE('',*,*,#1008,.F.);
#624=ORIENTED_EDGE('',*,*,#1005,.F.);
#625=ORIENTED_EDGE('',*,*,#1012,.F.);
#626=ORIENTED_EDGE('',*,*,#1011,.F.);
#627=ORIENTED_EDGE('',*,*,#1010,.T.);
#628=ORIENTED_EDGE('',*,*,#1009,.F.);
#629=ORIENTED_EDGE('',*,*,#1143,.T.);
#630=ORIENTED_EDGE('',*,*,#1125,.T.);
#631=ORIENTED_EDGE('',*,*,#1140,.F.);
#632=ORIENTED_EDGE('',*,*,#1136,.F.);
#633=ORIENTED_EDGE('',*,*,#1137,.T.);
#634=ORIENTED_EDGE('',*,*,#1121,.T.);
#635=ORIENTED_EDGE('',*,*,#1122,.F.);
#636=ORIENTED_EDGE('',*,*,#1143,.F.);
#637=ORIENTED_EDGE('',*,*,#1126,.T.);
#638=ORIENTED_EDGE('',*,*,#1105,.F.);
#639=ORIENTED_EDGE('',*,*,#1087,.F.);
#640=ORIENTED_EDGE('',*,*,#1088,.F.);
#641=ORIENTED_EDGE('',*,*,#1089,.F.);
#642=ORIENTED_EDGE('',*,*,#1090,.F.);
#643=ORIENTED_EDGE('',*,*,#1091,.F.);
#644=ORIENTED_EDGE('',*,*,#1092,.F.);
#645=ORIENTED_EDGE('',*,*,#1032,.T.);
#646=ORIENTED_EDGE('',*,*,#1035,.F.);
#647=ORIENTED_EDGE('',*,*,#1027,.T.);
#648=ORIENTED_EDGE('',*,*,#1067,.F.);
#649=ORIENTED_EDGE('',*,*,#1039,.F.);
#650=ORIENTED_EDGE('',*,*,#1138,.T.);
#651=ORIENTED_EDGE('',*,*,#1144,.T.);
#652=ORIENTED_EDGE('',*,*,#1127,.F.);
#653=ORIENTED_EDGE('',*,*,#1126,.F.);
#654=ORIENTED_EDGE('',*,*,#1135,.F.);
#655=ORIENTED_EDGE('',*,*,#1147,.F.);
#656=ORIENTED_EDGE('',*,*,#1061,.T.);
#657=ORIENTED_EDGE('',*,*,#1148,.F.);
#658=ORIENTED_EDGE('',*,*,#1031,.F.);
#659=ORIENTED_EDGE('',*,*,#1028,.F.);
#660=ORIENTED_EDGE('',*,*,#1002,.F.);
#661=ORIENTED_EDGE('',*,*,#1123,.F.);
#662=ORIENTED_EDGE('',*,*,#1145,.F.);
#663=ORIENTED_EDGE('',*,*,#1027,.F.);
#664=ORIENTED_EDGE('',*,*,#1030,.F.);
#665=ORIENTED_EDGE('',*,*,#1029,.F.);
#666=ORIENTED_EDGE('',*,*,#1139,.F.);
#667=ORIENTED_EDGE('',*,*,#1146,.F.);
#668=ORIENTED_EDGE('',*,*,#1129,.T.);
#669=ORIENTED_EDGE('',*,*,#1138,.F.);
#670=ORIENTED_EDGE('',*,*,#1146,.T.);
#671=ORIENTED_EDGE('',*,*,#1134,.F.);
#672=ORIENTED_EDGE('',*,*,#1133,.F.);
#673=ORIENTED_EDGE('',*,*,#1132,.F.);
#674=ORIENTED_EDGE('',*,*,#1145,.T.);
#675=ORIENTED_EDGE('',*,*,#1137,.F.);
#676=ORIENTED_EDGE('',*,*,#1136,.T.);
#677=ORIENTED_EDGE('',*,*,#1131,.F.);
#678=ORIENTED_EDGE('',*,*,#1135,.T.);
#679=ORIENTED_EDGE('',*,*,#1130,.F.);
#680=ORIENTED_EDGE('',*,*,#1150,.F.);
#681=ORIENTED_EDGE('',*,*,#1149,.T.);
#682=ORIENTED_EDGE('',*,*,#1016,.F.);
#683=ORIENTED_EDGE('',*,*,#1151,.F.);
#684=ORIENTED_EDGE('',*,*,#1151,.T.);
#685=ORIENTED_EDGE('',*,*,#1041,.F.);
#686=ORIENTED_EDGE('',*,*,#1149,.F.);
#687=ORIENTED_EDGE('',*,*,#1152,.F.);
#688=ORIENTED_EDGE('',*,*,#1172,.F.);
#689=ORIENTED_EDGE('',*,*,#1173,.F.);
#690=ORIENTED_EDGE('',*,*,#1174,.F.);
#691=ORIENTED_EDGE('',*,*,#1171,.F.);
#692=ORIENTED_EDGE('',*,*,#1193,.F.);
#693=ORIENTED_EDGE('',*,*,#1194,.F.);
#694=ORIENTED_EDGE('',*,*,#1195,.F.);
#695=ORIENTED_EDGE('',*,*,#1192,.F.);
#696=ORIENTED_EDGE('',*,*,#1276,.T.);
#697=ORIENTED_EDGE('',*,*,#1279,.T.);
#698=ORIENTED_EDGE('',*,*,#1236,.T.);
#699=ORIENTED_EDGE('',*,*,#1237,.T.);
#700=ORIENTED_EDGE('',*,*,#1238,.T.);
#701=ORIENTED_EDGE('',*,*,#1239,.T.);
#702=ORIENTED_EDGE('',*,*,#1240,.T.);
#703=ORIENTED_EDGE('',*,*,#1241,.T.);
#704=ORIENTED_EDGE('',*,*,#1154,.F.);
#705=ORIENTED_EDGE('',*,*,#1158,.F.);
#706=ORIENTED_EDGE('',*,*,#1278,.F.);
#707=ORIENTED_EDGE('',*,*,#1307,.F.);
#708=ORIENTED_EDGE('',*,*,#1305,.F.);
#709=ORIENTED_EDGE('',*,*,#1198,.F.);
#710=ORIENTED_EDGE('',*,*,#1199,.F.);
#711=ORIENTED_EDGE('',*,*,#1200,.F.);
#712=ORIENTED_EDGE('',*,*,#1197,.F.);
#713=ORIENTED_EDGE('',*,*,#1202,.F.);
#714=ORIENTED_EDGE('',*,*,#1203,.F.);
#715=ORIENTED_EDGE('',*,*,#1204,.F.);
#716=ORIENTED_EDGE('',*,*,#1201,.F.);
#717=ORIENTED_EDGE('',*,*,#1284,.T.);
#718=ORIENTED_EDGE('',*,*,#1299,.T.);
#719=ORIENTED_EDGE('',*,*,#1283,.T.);
#720=ORIENTED_EDGE('',*,*,#1205,.T.);
#721=ORIENTED_EDGE('',*,*,#1206,.T.);
#722=ORIENTED_EDGE('',*,*,#1163,.F.);
#723=ORIENTED_EDGE('',*,*,#1159,.F.);
#724=ORIENTED_EDGE('',*,*,#1175,.F.);
#725=ORIENTED_EDGE('',*,*,#1275,.T.);
#726=ORIENTED_EDGE('',*,*,#1207,.T.);
#727=ORIENTED_EDGE('',*,*,#1208,.T.);
#728=ORIENTED_EDGE('',*,*,#1209,.T.);
#729=ORIENTED_EDGE('',*,*,#1205,.F.);
#730=ORIENTED_EDGE('',*,*,#1210,.F.);
#731=ORIENTED_EDGE('',*,*,#1208,.F.);
#732=ORIENTED_EDGE('',*,*,#1211,.F.);
#733=ORIENTED_EDGE('',*,*,#1303,.F.);
#734=ORIENTED_EDGE('',*,*,#1285,.F.);
#735=ORIENTED_EDGE('',*,*,#1206,.F.);
#736=ORIENTED_EDGE('',*,*,#1212,.T.);
#737=ORIENTED_EDGE('',*,*,#1179,.F.);
#738=ORIENTED_EDGE('',*,*,#1168,.F.);
#739=ORIENTED_EDGE('',*,*,#1164,.F.);
#740=ORIENTED_EDGE('',*,*,#1166,.F.);
#741=ORIENTED_EDGE('',*,*,#1170,.F.);
#742=ORIENTED_EDGE('',*,*,#1181,.F.);
#743=ORIENTED_EDGE('',*,*,#1213,.T.);
#744=ORIENTED_EDGE('',*,*,#1214,.T.);
#745=ORIENTED_EDGE('',*,*,#1302,.F.);
#746=ORIENTED_EDGE('',*,*,#1220,.F.);
#747=ORIENTED_EDGE('',*,*,#1218,.F.);
#748=ORIENTED_EDGE('',*,*,#1219,.F.);
#749=ORIENTED_EDGE('',*,*,#1295,.F.);
#750=ORIENTED_EDGE('',*,*,#1286,.F.);
#751=ORIENTED_EDGE('',*,*,#1218,.T.);
#752=ORIENTED_EDGE('',*,*,#1217,.F.);
#753=ORIENTED_EDGE('',*,*,#1274,.T.);
#754=ORIENTED_EDGE('',*,*,#1176,.F.);
#755=ORIENTED_EDGE('',*,*,#1161,.F.);
#756=ORIENTED_EDGE('',*,*,#1167,.F.);
#757=ORIENTED_EDGE('',*,*,#1214,.F.);
#758=ORIENTED_EDGE('',*,*,#1215,.F.);
#759=ORIENTED_EDGE('',*,*,#1221,.F.);
#760=ORIENTED_EDGE('',*,*,#1172,.T.);
#761=ORIENTED_EDGE('',*,*,#1196,.F.);
#762=ORIENTED_EDGE('',*,*,#1174,.T.);
#763=ORIENTED_EDGE('',*,*,#1222,.F.);
#764=ORIENTED_EDGE('',*,*,#1193,.T.);
#765=ORIENTED_EDGE('',*,*,#1223,.F.);
#766=ORIENTED_EDGE('',*,*,#1195,.T.);
#767=ORIENTED_EDGE('',*,*,#1224,.F.);
#768=ORIENTED_EDGE('',*,*,#1198,.T.);
#769=ORIENTED_EDGE('',*,*,#1225,.F.);
#770=ORIENTED_EDGE('',*,*,#1200,.T.);
#771=ORIENTED_EDGE('',*,*,#1226,.F.);
#772=ORIENTED_EDGE('',*,*,#1202,.T.);
#773=ORIENTED_EDGE('',*,*,#1227,.F.);
#774=ORIENTED_EDGE('',*,*,#1204,.T.);
#775=ORIENTED_EDGE('',*,*,#1186,.F.);
#776=ORIENTED_EDGE('',*,*,#1231,.T.);
#777=ORIENTED_EDGE('',*,*,#1228,.F.);
#778=ORIENTED_EDGE('',*,*,#1296,.F.);
#779=ORIENTED_EDGE('',*,*,#1287,.F.);
#780=ORIENTED_EDGE('',*,*,#1249,.F.);
#781=ORIENTED_EDGE('',*,*,#1250,.F.);
#782=ORIENTED_EDGE('',*,*,#1251,.F.);
#783=ORIENTED_EDGE('',*,*,#1252,.F.);
#784=ORIENTED_EDGE('',*,*,#1253,.F.);
#785=ORIENTED_EDGE('',*,*,#1235,.F.);
#786=ORIENTED_EDGE('',*,*,#1191,.T.);
#787=ORIENTED_EDGE('',*,*,#1184,.F.);
#788=ORIENTED_EDGE('',*,*,#1232,.T.);
#789=ORIENTED_EDGE('',*,*,#1261,.F.);
#790=ORIENTED_EDGE('',*,*,#1248,.F.);
#791=ORIENTED_EDGE('',*,*,#1223,.T.);
#792=ORIENTED_EDGE('',*,*,#1192,.T.);
#793=ORIENTED_EDGE('',*,*,#1296,.T.);
#794=ORIENTED_EDGE('',*,*,#1229,.F.);
#795=ORIENTED_EDGE('',*,*,#1297,.F.);
#796=ORIENTED_EDGE('',*,*,#1288,.F.);
#797=ORIENTED_EDGE('',*,*,#1297,.T.);
#798=ORIENTED_EDGE('',*,*,#1230,.F.);
#799=ORIENTED_EDGE('',*,*,#1232,.F.);
#800=ORIENTED_EDGE('',*,*,#1294,.F.);
#801=ORIENTED_EDGE('',*,*,#1289,.F.);
#802=ORIENTED_EDGE('',*,*,#1233,.F.);
#803=ORIENTED_EDGE('',*,*,#1231,.F.);
#804=ORIENTED_EDGE('',*,*,#1183,.F.);
#805=ORIENTED_EDGE('',*,*,#1156,.F.);
#806=ORIENTED_EDGE('',*,*,#1234,.F.);
#807=ORIENTED_EDGE('',*,*,#1259,.F.);
#808=ORIENTED_EDGE('',*,*,#1258,.F.);
#809=ORIENTED_EDGE('',*,*,#1257,.F.);
#810=ORIENTED_EDGE('',*,*,#1256,.F.);
#811=ORIENTED_EDGE('',*,*,#1255,.F.);
#812=ORIENTED_EDGE('',*,*,#1254,.F.);
#813=ORIENTED_EDGE('',*,*,#1221,.T.);
#814=ORIENTED_EDGE('',*,*,#1173,.T.);
#815=ORIENTED_EDGE('',*,*,#1185,.F.);
#816=ORIENTED_EDGE('',*,*,#1191,.F.);
#817=ORIENTED_EDGE('',*,*,#1188,.T.);
#818=ORIENTED_EDGE('',*,*,#1190,.F.);
#819=ORIENTED_EDGE('',*,*,#1170,.T.);
#820=ORIENTED_EDGE('',*,*,#1165,.T.);
#821=ORIENTED_EDGE('',*,*,#1168,.T.);
#822=ORIENTED_EDGE('',*,*,#1169,.F.);
#823=ORIENTED_EDGE('',*,*,#1181,.T.);
#824=ORIENTED_EDGE('',*,*,#1169,.T.);
#825=ORIENTED_EDGE('',*,*,#1179,.T.);
#826=ORIENTED_EDGE('',*,*,#1180,.F.);
#827=ORIENTED_EDGE('',*,*,#1260,.F.);
#828=ORIENTED_EDGE('',*,*,#1262,.F.);
#829=ORIENTED_EDGE('',*,*,#1261,.T.);
#830=ORIENTED_EDGE('',*,*,#1230,.T.);
#831=ORIENTED_EDGE('',*,*,#1229,.T.);
#832=ORIENTED_EDGE('',*,*,#1228,.T.);
#833=ORIENTED_EDGE('',*,*,#1233,.T.);
#834=ORIENTED_EDGE('',*,*,#1263,.F.);
#835=ORIENTED_EDGE('',*,*,#1279,.F.);
#836=ORIENTED_EDGE('',*,*,#1277,.F.);
#837=ORIENTED_EDGE('',*,*,#1280,.T.);
#838=ORIENTED_EDGE('',*,*,#1219,.T.);
#839=ORIENTED_EDGE('',*,*,#1215,.T.);
#840=ORIENTED_EDGE('',*,*,#1213,.F.);
#841=ORIENTED_EDGE('',*,*,#1180,.T.);
#842=ORIENTED_EDGE('',*,*,#1212,.F.);
#843=ORIENTED_EDGE('',*,*,#1209,.F.);
#844=ORIENTED_EDGE('',*,*,#1210,.T.);
#845=ORIENTED_EDGE('',*,*,#1283,.F.);
#846=ORIENTED_EDGE('',*,*,#1282,.F.);
#847=ORIENTED_EDGE('',*,*,#1227,.T.);
#848=ORIENTED_EDGE('',*,*,#1201,.T.);
#849=ORIENTED_EDGE('',*,*,#1225,.T.);
#850=ORIENTED_EDGE('',*,*,#1197,.T.);
#851=ORIENTED_EDGE('',*,*,#1254,.T.);
#852=ORIENTED_EDGE('',*,*,#1265,.F.);
#853=ORIENTED_EDGE('',*,*,#1236,.F.);
#854=ORIENTED_EDGE('',*,*,#1263,.T.);
#855=ORIENTED_EDGE('',*,*,#1248,.T.);
#856=ORIENTED_EDGE('',*,*,#1262,.T.);
#857=ORIENTED_EDGE('',*,*,#1242,.F.);
#858=ORIENTED_EDGE('',*,*,#1264,.F.);
#859=ORIENTED_EDGE('',*,*,#1265,.T.);
#860=ORIENTED_EDGE('',*,*,#1255,.T.);
#861=ORIENTED_EDGE('',*,*,#1267,.F.);
#862=ORIENTED_EDGE('',*,*,#1237,.F.);
#863=ORIENTED_EDGE('',*,*,#1266,.F.);
#864=ORIENTED_EDGE('',*,*,#1249,.T.);
#865=ORIENTED_EDGE('',*,*,#1264,.T.);
#866=ORIENTED_EDGE('',*,*,#1243,.F.);
#867=ORIENTED_EDGE('',*,*,#1267,.T.);
#868=ORIENTED_EDGE('',*,*,#1256,.T.);
#869=ORIENTED_EDGE('',*,*,#1269,.F.);
#870=ORIENTED_EDGE('',*,*,#1238,.F.);
#871=ORIENTED_EDGE('',*,*,#1268,.F.);
#872=ORIENTED_EDGE('',*,*,#1250,.T.);
#873=ORIENTED_EDGE('',*,*,#1266,.T.);
#874=ORIENTED_EDGE('',*,*,#1244,.F.);
#875=ORIENTED_EDGE('',*,*,#1269,.T.);
#876=ORIENTED_EDGE('',*,*,#1257,.T.);
#877=ORIENTED_EDGE('',*,*,#1271,.F.);
#878=ORIENTED_EDGE('',*,*,#1239,.F.);
#879=ORIENTED_EDGE('',*,*,#1251,.T.);
#880=ORIENTED_EDGE('',*,*,#1268,.T.);
#881=ORIENTED_EDGE('',*,*,#1245,.F.);
#882=ORIENTED_EDGE('',*,*,#1270,.F.);
#883=ORIENTED_EDGE('',*,*,#1272,.F.);
#884=ORIENTED_EDGE('',*,*,#1252,.T.);
#885=ORIENTED_EDGE('',*,*,#1270,.T.);
#886=ORIENTED_EDGE('',*,*,#1246,.F.);
#887=ORIENTED_EDGE('',*,*,#1258,.T.);
#888=ORIENTED_EDGE('',*,*,#1273,.F.);
#889=ORIENTED_EDGE('',*,*,#1240,.F.);
#890=ORIENTED_EDGE('',*,*,#1271,.T.);
#891=ORIENTED_EDGE('',*,*,#1273,.T.);
#892=ORIENTED_EDGE('',*,*,#1259,.T.);
#893=ORIENTED_EDGE('',*,*,#1155,.F.);
#894=ORIENTED_EDGE('',*,*,#1241,.F.);
#895=ORIENTED_EDGE('',*,*,#1189,.F.);
#896=ORIENTED_EDGE('',*,*,#1253,.T.);
#897=ORIENTED_EDGE('',*,*,#1272,.T.);
#898=ORIENTED_EDGE('',*,*,#1247,.F.);
#899=ORIENTED_EDGE('',*,*,#1187,.T.);
#900=ORIENTED_EDGE('',*,*,#1188,.F.);
#901=ORIENTED_EDGE('',*,*,#1235,.T.);
#902=ORIENTED_EDGE('',*,*,#1189,.T.);
#903=ORIENTED_EDGE('',*,*,#1234,.T.);
#904=ORIENTED_EDGE('',*,*,#1153,.F.);
#905=ORIENTED_EDGE('',*,*,#1154,.T.);
#906=ORIENTED_EDGE('',*,*,#1155,.T.);
#907=ORIENTED_EDGE('',*,*,#1158,.T.);
#908=ORIENTED_EDGE('',*,*,#1153,.T.);
#909=ORIENTED_EDGE('',*,*,#1156,.T.);
#910=ORIENTED_EDGE('',*,*,#1157,.F.);
#911=ORIENTED_EDGE('',*,*,#1217,.T.);
#912=ORIENTED_EDGE('',*,*,#1220,.T.);
#913=ORIENTED_EDGE('',*,*,#1216,.T.);
#914=ORIENTED_EDGE('',*,*,#1211,.T.);
#915=ORIENTED_EDGE('',*,*,#1207,.F.);
#916=ORIENTED_EDGE('',*,*,#1178,.F.);
#917=ORIENTED_EDGE('',*,*,#1224,.T.);
#918=ORIENTED_EDGE('',*,*,#1199,.T.);
#919=ORIENTED_EDGE('',*,*,#1177,.F.);
#920=ORIENTED_EDGE('',*,*,#1274,.F.);
#921=ORIENTED_EDGE('',*,*,#1178,.T.);
#922=ORIENTED_EDGE('',*,*,#1275,.F.);
#923=ORIENTED_EDGE('',*,*,#1175,.T.);
#924=ORIENTED_EDGE('',*,*,#1162,.F.);
#925=ORIENTED_EDGE('',*,*,#1176,.T.);
#926=ORIENTED_EDGE('',*,*,#1177,.T.);
#927=ORIENTED_EDGE('',*,*,#1226,.T.);
#928=ORIENTED_EDGE('',*,*,#1203,.T.);
#929=ORIENTED_EDGE('',*,*,#1159,.T.);
#930=ORIENTED_EDGE('',*,*,#1160,.F.);
#931=ORIENTED_EDGE('',*,*,#1161,.T.);
#932=ORIENTED_EDGE('',*,*,#1162,.T.);
#933=ORIENTED_EDGE('',*,*,#1164,.T.);
#934=ORIENTED_EDGE('',*,*,#1165,.F.);
#935=ORIENTED_EDGE('',*,*,#1166,.T.);
#936=ORIENTED_EDGE('',*,*,#1167,.T.);
#937=ORIENTED_EDGE('',*,*,#1160,.T.);
#938=ORIENTED_EDGE('',*,*,#1163,.T.);
#939=ORIENTED_EDGE('',*,*,#1291,.T.);
#940=ORIENTED_EDGE('',*,*,#1295,.T.);
#941=ORIENTED_EDGE('',*,*,#1280,.F.);
#942=ORIENTED_EDGE('',*,*,#1298,.F.);
#943=ORIENTED_EDGE('',*,*,#1298,.T.);
#944=ORIENTED_EDGE('',*,*,#1277,.T.);
#945=ORIENTED_EDGE('',*,*,#1276,.F.);
#946=ORIENTED_EDGE('',*,*,#1292,.F.);
#947=ORIENTED_EDGE('',*,*,#1182,.F.);
#948=ORIENTED_EDGE('',*,*,#1190,.T.);
#949=ORIENTED_EDGE('',*,*,#1187,.F.);
#950=ORIENTED_EDGE('',*,*,#1247,.T.);
#951=ORIENTED_EDGE('',*,*,#1246,.T.);
#952=ORIENTED_EDGE('',*,*,#1245,.T.);
#953=ORIENTED_EDGE('',*,*,#1244,.T.);
#954=ORIENTED_EDGE('',*,*,#1243,.T.);
#955=ORIENTED_EDGE('',*,*,#1242,.T.);
#956=ORIENTED_EDGE('',*,*,#1260,.T.);
#957=ORIENTED_EDGE('',*,*,#1281,.F.);
#958=ORIENTED_EDGE('',*,*,#1194,.T.);
#959=ORIENTED_EDGE('',*,*,#1222,.T.);
#960=ORIENTED_EDGE('',*,*,#1281,.T.);
#961=ORIENTED_EDGE('',*,*,#1282,.T.);
#962=ORIENTED_EDGE('',*,*,#1299,.F.);
#963=ORIENTED_EDGE('',*,*,#1293,.F.);
#964=ORIENTED_EDGE('',*,*,#1303,.T.);
#965=ORIENTED_EDGE('',*,*,#1216,.F.);
#966=ORIENTED_EDGE('',*,*,#1302,.T.);
#967=ORIENTED_EDGE('',*,*,#1290,.T.);
#968=ORIENTED_EDGE('',*,*,#1300,.T.);
#969=ORIENTED_EDGE('',*,*,#1278,.T.);
#970=ORIENTED_EDGE('',*,*,#1157,.T.);
#971=ORIENTED_EDGE('',*,*,#1183,.T.);
#972=ORIENTED_EDGE('',*,*,#1186,.T.);
#973=ORIENTED_EDGE('',*,*,#1301,.T.);
#974=ORIENTED_EDGE('',*,*,#1294,.T.);
#975=ORIENTED_EDGE('',*,*,#1184,.T.);
#976=ORIENTED_EDGE('',*,*,#1185,.T.);
#977=ORIENTED_EDGE('',*,*,#1182,.T.);
#978=ORIENTED_EDGE('',*,*,#1285,.T.);
#979=ORIENTED_EDGE('',*,*,#1290,.F.);
#980=ORIENTED_EDGE('',*,*,#1286,.T.);
#981=ORIENTED_EDGE('',*,*,#1291,.F.);
#982=ORIENTED_EDGE('',*,*,#1292,.T.);
#983=ORIENTED_EDGE('',*,*,#1300,.F.);
#984=ORIENTED_EDGE('',*,*,#1287,.T.);
#985=ORIENTED_EDGE('',*,*,#1288,.T.);
#986=ORIENTED_EDGE('',*,*,#1289,.T.);
#987=ORIENTED_EDGE('',*,*,#1301,.F.);
#988=ORIENTED_EDGE('',*,*,#1293,.T.);
#989=ORIENTED_EDGE('',*,*,#1284,.F.);
#990=ORIENTED_EDGE('',*,*,#1306,.T.);
#991=ORIENTED_EDGE('',*,*,#1171,.T.);
#992=ORIENTED_EDGE('',*,*,#1304,.F.);
#993=ORIENTED_EDGE('',*,*,#1305,.T.);
#994=ORIENTED_EDGE('',*,*,#1307,.T.);
#995=ORIENTED_EDGE('',*,*,#1304,.T.);
#996=ORIENTED_EDGE('',*,*,#1196,.T.);
#997=ORIENTED_EDGE('',*,*,#1306,.F.);
#998=EDGE_CURVE('',#1620,#1619,#1410,.T.);
#999=EDGE_CURVE('',#1620,#1621,#1411,.T.);
#1000=EDGE_CURVE('',#1621,#1618,#1412,.T.);
#1001=EDGE_CURVE('',#1619,#1622,#1413,.T.);
#1002=EDGE_CURVE('',#1623,#1622,#1414,.T.);
#1003=EDGE_CURVE('',#1623,#1620,#1415,.T.);
#1004=EDGE_CURVE('',#1624,#1625,#1416,.T.);
#1005=EDGE_CURVE('',#1626,#1625,#1417,.T.);
#1006=EDGE_CURVE('',#1626,#1627,#1418,.T.);
#1007=EDGE_CURVE('',#1627,#1624,#1419,.T.);
#1008=EDGE_CURVE('',#1625,#1628,#1308,.T.);
#1009=EDGE_CURVE('',#1628,#1629,#1309,.T.);
#1010=EDGE_CURVE('',#1630,#1629,#1420,.T.);
#1011=EDGE_CURVE('',#1630,#1631,#1421,.T.);
#1012=EDGE_CURVE('',#1631,#1626,#1422,.T.);
#1013=EDGE_CURVE('',#1629,#1632,#1423,.T.);
#1014=EDGE_CURVE('',#1633,#1632,#1424,.T.);
#1015=EDGE_CURVE('',#1633,#1630,#1425,.T.);
#1016=EDGE_CURVE('',#1634,#1635,#1426,.T.);
#1017=EDGE_CURVE('',#1636,#1634,#1310,.T.);
#1018=EDGE_CURVE('',#1637,#1636,#1427,.T.);
#1019=EDGE_CURVE('',#1635,#1637,#1311,.T.);
#1020=EDGE_CURVE('',#1638,#1624,#1312,.T.);
#1021=EDGE_CURVE('',#1627,#1639,#1428,.T.);
#1022=EDGE_CURVE('',#1639,#1638,#1313,.T.);
#1023=EDGE_CURVE('',#1643,#1642,#1314,.T.);
#1024=EDGE_CURVE('',#1632,#1644,#1315,.T.);
#1025=EDGE_CURVE('',#1645,#1644,#1316,.T.);
#1026=EDGE_CURVE('',#1645,#1633,#1317,.T.);
#1027=EDGE_CURVE('',#1646,#1706,#1318,.T.);
#1028=EDGE_CURVE('',#1622,#1647,#1319,.T.);
#1029=EDGE_CURVE('',#1648,#1649,#1320,.T.);
#1030=EDGE_CURVE('',#1649,#1646,#1429,.T.);
#1031=EDGE_CURVE('',#1647,#1713,#1430,.T.);
#1032=EDGE_CURVE('',#1650,#1651,#1431,.T.);
#1033=EDGE_CURVE('',#1652,#1651,#1432,.T.);
#1034=EDGE_CURVE('',#1653,#1650,#1433,.T.);
#1035=EDGE_CURVE('',#1646,#1651,#1434,.T.);
#1036=EDGE_CURVE('',#1652,#1649,#1435,.T.);
#1037=EDGE_CURVE('',#1654,#1655,#1436,.T.);
#1038=EDGE_CURVE('',#1656,#1654,#1321,.T.);
#1039=EDGE_CURVE('',#1657,#1656,#1437,.T.);
#1040=EDGE_CURVE('',#1655,#1657,#1322,.T.);
#1041=EDGE_CURVE('',#1635,#1634,#1438,.T.);
#1042=EDGE_CURVE('',#1658,#1659,#1439,.T.);
#1043=EDGE_CURVE('',#1660,#1658,#1440,.T.);
#1044=EDGE_CURVE('',#1661,#1660,#1441,.T.);
#1045=EDGE_CURVE('',#1659,#1661,#1442,.T.);
#1046=EDGE_CURVE('',#1662,#1663,#1443,.T.);
#1047=EDGE_CURVE('',#1640,#1662,#1444,.T.);
#1048=EDGE_CURVE('',#1641,#1640,#1445,.T.);
#1049=EDGE_CURVE('',#1663,#1641,#1446,.T.);
#1050=EDGE_CURVE('',#1664,#1708,#1323,.T.);
#1051=EDGE_CURVE('',#1665,#1628,#1324,.T.);
#1052=EDGE_CURVE('',#1642,#1666,#1325,.T.);
#1053=EDGE_CURVE('',#1666,#1667,#1326,.T.);
#1054=EDGE_CURVE('',#1667,#1665,#1327,.T.);
#1055=EDGE_CURVE('',#1667,#1664,#1447,.T.);
#1056=EDGE_CURVE('',#1668,#1666,#1448,.T.);
#1057=EDGE_CURVE('',#1665,#1644,#1328,.T.);
#1058=EDGE_CURVE('',#1645,#1669,#1449,.T.);
#1059=EDGE_CURVE('',#1669,#1631,#1329,.T.);
#1060=EDGE_CURVE('',#1671,#1669,#1450,.T.);
#1061=EDGE_CURVE('',#1673,#1668,#1330,.T.);
#1062=EDGE_CURVE('',#1643,#1672,#1451,.T.);
#1063=EDGE_CURVE('',#1671,#1672,#1331,.T.);
#1064=EDGE_CURVE('',#1670,#1671,#1452,.T.);
#1065=EDGE_CURVE('',#1672,#1673,#1453,.T.);
#1066=EDGE_CURVE('',#1636,#1637,#1454,.T.);
#1067=EDGE_CURVE('',#1656,#1657,#1455,.T.);
#1068=EDGE_CURVE('',#1655,#1654,#1456,.T.);
#1069=EDGE_CURVE('',#1660,#1661,#1457,.T.);
#1070=EDGE_CURVE('',#1659,#1658,#1458,.T.);
#1071=EDGE_CURVE('',#1640,#1641,#1459,.T.);
#1072=EDGE_CURVE('',#1663,#1662,#1460,.T.);
#1073=EDGE_CURVE('',#1674,#1675,#1461,.T.);
#1074=EDGE_CURVE('',#1676,#1674,#1462,.T.);
#1075=EDGE_CURVE('',#1677,#1676,#1463,.T.);
#1076=EDGE_CURVE('',#1647,#1675,#1464,.T.);
#1077=EDGE_CURVE('',#1648,#1677,#1465,.T.);
#1078=EDGE_CURVE('',#1675,#1690,#1332,.T.);
#1079=EDGE_CURVE('',#1618,#1619,#1466,.T.);
#1080=EDGE_CURVE('',#1652,#1653,#1467,.T.);
#1081=EDGE_CURVE('',#1678,#1679,#1468,.T.);
#1082=EDGE_CURVE('',#1679,#1680,#1469,.T.);
#1083=EDGE_CURVE('',#1680,#1681,#1470,.T.);
#1084=EDGE_CURVE('',#1681,#1682,#1333,.T.);
#1085=EDGE_CURVE('',#1682,#1683,#1471,.T.);
#1086=EDGE_CURVE('',#1683,#1621,#1472,.T.);
#1087=EDGE_CURVE('',#1685,#1684,#1473,.T.);
#1088=EDGE_CURVE('',#1686,#1685,#1474,.T.);
#1089=EDGE_CURVE('',#1687,#1686,#1475,.T.);
#1090=EDGE_CURVE('',#1688,#1687,#1334,.T.);
#1091=EDGE_CURVE('',#1689,#1688,#1476,.T.);
#1092=EDGE_CURVE('',#1650,#1689,#1477,.T.);
#1093=EDGE_CURVE('',#1692,#1691,#1478,.T.);
#1094=EDGE_CURVE('',#1693,#1692,#1479,.T.);
#1095=EDGE_CURVE('',#1694,#1693,#1480,.T.);
#1096=EDGE_CURVE('',#1695,#1694,#1481,.T.);
#1097=EDGE_CURVE('',#1696,#1695,#1482,.T.);
#1098=EDGE_CURVE('',#1653,#1696,#1483,.T.);
#1099=EDGE_CURVE('',#1690,#1697,#1484,.T.);
#1100=EDGE_CURVE('',#1697,#1698,#1485,.T.);
#1101=EDGE_CURVE('',#1698,#1699,#1486,.T.);
#1102=EDGE_CURVE('',#1699,#1700,#1487,.T.);
#1103=EDGE_CURVE('',#1700,#1701,#1488,.T.);
#1104=EDGE_CURVE('',#1701,#1618,#1489,.T.);
#1105=EDGE_CURVE('',#1684,#1707,#1490,.T.);
#1106=EDGE_CURVE('',#1691,#1677,#1335,.T.);
#1107=EDGE_CURVE('',#1691,#1684,#1491,.T.);
#1108=EDGE_CURVE('',#1678,#1690,#1492,.T.);
#1109=EDGE_CURVE('',#1692,#1685,#1493,.T.);
#1110=EDGE_CURVE('',#1679,#1697,#1494,.T.);
#1111=EDGE_CURVE('',#1693,#1686,#1495,.T.);
#1112=EDGE_CURVE('',#1680,#1698,#1496,.T.);
#1113=EDGE_CURVE('',#1694,#1687,#1497,.T.);
#1114=EDGE_CURVE('',#1681,#1699,#1498,.T.);
#1115=EDGE_CURVE('',#1695,#1688,#1499,.T.);
#1116=EDGE_CURVE('',#1682,#1700,#1500,.T.);
#1117=EDGE_CURVE('',#1696,#1689,#1501,.T.);
#1118=EDGE_CURVE('',#1683,#1701,#1502,.T.);
#1119=EDGE_CURVE('',#1643,#1639,#1503,.T.);
#1120=EDGE_CURVE('',#1638,#1642,#1504,.T.);
#1121=EDGE_CURVE('',#1702,#1703,#1336,.T.);
#1122=EDGE_CURVE('',#1704,#1703,#1337,.T.);
#1123=EDGE_CURVE('',#1702,#1623,#1338,.T.);
#1124=EDGE_CURVE('',#1703,#1678,#1505,.T.);
#1125=EDGE_CURVE('',#1704,#1670,#1339,.T.);
#1126=EDGE_CURVE('',#1706,#1707,#1340,.T.);
#1127=EDGE_CURVE('',#1707,#1705,#1341,.T.);
#1128=EDGE_CURVE('',#1705,#1664,#1342,.T.);
#1129=EDGE_CURVE('',#1708,#1709,#1343,.T.);
#1130=EDGE_CURVE('',#1708,#1710,#1344,.T.);
#1131=EDGE_CURVE('',#1711,#1712,#1345,.T.);
#1132=EDGE_CURVE('',#1713,#1714,#1346,.T.);
#1133=EDGE_CURVE('',#1714,#1715,#1506,.T.);
#1134=EDGE_CURVE('',#1715,#1716,#1347,.T.);
#1135=EDGE_CURVE('',#1711,#1710,#1348,.T.);
#1136=EDGE_CURVE('',#1717,#1712,#1349,.T.);
#1137=EDGE_CURVE('',#1717,#1702,#1350,.T.);
#1138=EDGE_CURVE('',#1706,#1709,#1351,.T.);
#1139=EDGE_CURVE('',#1716,#1648,#1507,.T.);
#1140=EDGE_CURVE('',#1712,#1670,#1352,.T.);
#1141=EDGE_CURVE('',#1714,#1674,#1508,.T.);
#1142=EDGE_CURVE('',#1715,#1676,#1509,.T.);
#1143=EDGE_CURVE('',#1717,#1704,#1353,.T.);
#1144=EDGE_CURVE('',#1709,#1705,#1354,.T.);
#1145=EDGE_CURVE('',#1713,#1702,#1355,.T.);
#1146=EDGE_CURVE('',#1706,#1716,#1356,.T.);
#1147=EDGE_CURVE('',#1673,#1711,#1357,.T.);
#1148=EDGE_CURVE('',#1710,#1668,#1358,.T.);
#1149=EDGE_CURVE('',#1718,#1635,#1510,.T.);
#1150=EDGE_CURVE('',#1718,#1719,#1511,.T.);
#1151=EDGE_CURVE('',#1719,#1634,#1512,.T.);
#1152=EDGE_CURVE('',#1719,#1718,#1513,.T.);
#1153=EDGE_CURVE('',#1722,#1721,#1514,.T.);
#1154=EDGE_CURVE('',#1722,#1723,#1515,.T.);
#1155=EDGE_CURVE('',#1723,#1720,#1516,.T.);
#1156=EDGE_CURVE('',#1721,#1724,#1517,.T.);
#1157=EDGE_CURVE('',#1725,#1724,#1518,.T.);
#1158=EDGE_CURVE('',#1725,#1722,#1519,.T.);
#1159=EDGE_CURVE('',#1726,#1727,#1520,.T.);
#1160=EDGE_CURVE('',#1728,#1727,#1521,.T.);
#1161=EDGE_CURVE('',#1728,#1729,#1522,.T.);
#1162=EDGE_CURVE('',#1729,#1726,#1523,.T.);
#1163=EDGE_CURVE('',#1727,#1730,#1359,.T.);
#1164=EDGE_CURVE('',#1730,#1731,#1360,.T.);
#1165=EDGE_CURVE('',#1732,#1731,#1524,.T.);
#1166=EDGE_CURVE('',#1732,#1733,#1525,.T.);
#1167=EDGE_CURVE('',#1733,#1728,#1526,.T.);
#1168=EDGE_CURVE('',#1731,#1734,#1527,.T.);
#1169=EDGE_CURVE('',#1735,#1734,#1528,.T.);
#1170=EDGE_CURVE('',#1735,#1732,#1529,.T.);
#1171=EDGE_CURVE('',#1736,#1737,#1530,.T.);
#1172=EDGE_CURVE('',#1738,#1736,#1361,.T.);
#1173=EDGE_CURVE('',#1739,#1738,#1531,.T.);
#1174=EDGE_CURVE('',#1737,#1739,#1362,.T.);
#1175=EDGE_CURVE('',#1740,#1726,#1363,.T.);
#1176=EDGE_CURVE('',#1729,#1741,#1532,.T.);
#1177=EDGE_CURVE('',#1741,#1740,#1364,.T.);
#1178=EDGE_CURVE('',#1745,#1744,#1365,.T.);
#1179=EDGE_CURVE('',#1734,#1746,#1366,.T.);
#1180=EDGE_CURVE('',#1747,#1746,#1367,.T.);
#1181=EDGE_CURVE('',#1747,#1735,#1368,.T.);
#1182=EDGE_CURVE('',#1748,#1808,#1369,.T.);
#1183=EDGE_CURVE('',#1724,#1749,#1370,.T.);
#1184=EDGE_CURVE('',#1750,#1751,#1371,.T.);
#1185=EDGE_CURVE('',#1751,#1748,#1533,.T.);
#1186=EDGE_CURVE('',#1749,#1815,#1534,.T.);
#1187=EDGE_CURVE('',#1752,#1753,#1535,.T.);
#1188=EDGE_CURVE('',#1754,#1753,#1536,.T.);
#1189=EDGE_CURVE('',#1755,#1752,#1537,.T.);
#1190=EDGE_CURVE('',#1748,#1753,#1538,.T.);
#1191=EDGE_CURVE('',#1754,#1751,#1539,.T.);
#1192=EDGE_CURVE('',#1756,#1757,#1540,.T.);
#1193=EDGE_CURVE('',#1758,#1756,#1372,.T.);
#1194=EDGE_CURVE('',#1759,#1758,#1541,.T.);
#1195=EDGE_CURVE('',#1757,#1759,#1373,.T.);
#1196=EDGE_CURVE('',#1737,#1736,#1542,.T.);
#1197=EDGE_CURVE('',#1760,#1761,#1543,.T.);
#1198=EDGE_CURVE('',#1762,#1760,#1544,.T.);
#1199=EDGE_CURVE('',#1763,#1762,#1545,.T.);
#1200=EDGE_CURVE('',#1761,#1763,#1546,.T.);
#1201=EDGE_CURVE('',#1764,#1765,#1547,.T.);
#1202=EDGE_CURVE('',#1742,#1764,#1548,.T.);
#1203=EDGE_CURVE('',#1743,#1742,#1549,.T.);
#1204=EDGE_CURVE('',#1765,#1743,#1550,.T.);
#1205=EDGE_CURVE('',#1766,#1810,#1374,.T.);
#1206=EDGE_CURVE('',#1767,#1730,#1375,.T.);
#1207=EDGE_CURVE('',#1744,#1768,#1376,.T.);
#1208=EDGE_CURVE('',#1768,#1769,#1377,.T.);
#1209=EDGE_CURVE('',#1769,#1767,#1378,.T.);
#1210=EDGE_CURVE('',#1769,#1766,#1551,.T.);
#1211=EDGE_CURVE('',#1770,#1768,#1552,.T.);
#1212=EDGE_CURVE('',#1767,#1746,#1379,.T.);
#1213=EDGE_CURVE('',#1747,#1771,#1553,.T.);
#1214=EDGE_CURVE('',#1771,#1733,#1380,.T.);
#1215=EDGE_CURVE('',#1773,#1771,#1554,.T.);
#1216=EDGE_CURVE('',#1775,#1770,#1381,.T.);
#1217=EDGE_CURVE('',#1745,#1774,#1555,.T.);
#1218=EDGE_CURVE('',#1773,#1774,#1382,.T.);
#1219=EDGE_CURVE('',#1772,#1773,#1556,.T.);
#1220=EDGE_CURVE('',#1774,#1775,#1557,.T.);
#1221=EDGE_CURVE('',#1738,#1739,#1558,.T.);
#1222=EDGE_CURVE('',#1758,#1759,#1559,.T.);
#1223=EDGE_CURVE('',#1757,#1756,#1560,.T.);
#1224=EDGE_CURVE('',#1762,#1763,#1561,.T.);
#1225=EDGE_CURVE('',#1761,#1760,#1562,.T.);
#1226=EDGE_CURVE('',#1742,#1743,#1563,.T.);
#1227=EDGE_CURVE('',#1765,#1764,#1564,.T.);
#1228=EDGE_CURVE('',#1776,#1777,#1565,.T.);
#1229=EDGE_CURVE('',#1778,#1776,#1566,.T.);
#1230=EDGE_CURVE('',#1779,#1778,#1567,.T.);
#1231=EDGE_CURVE('',#1749,#1777,#1568,.T.);
#1232=EDGE_CURVE('',#1750,#1779,#1569,.T.);
#1233=EDGE_CURVE('',#1777,#1792,#1383,.T.);
#1234=EDGE_CURVE('',#1720,#1721,#1570,.T.);
#1235=EDGE_CURVE('',#1754,#1755,#1571,.T.);
#1236=EDGE_CURVE('',#1780,#1781,#1572,.T.);
#1237=EDGE_CURVE('',#1781,#1782,#1573,.T.);
#1238=EDGE_CURVE('',#1782,#1783,#1574,.T.);
#1239=EDGE_CURVE('',#1783,#1784,#1384,.T.);
#1240=EDGE_CURVE('',#1784,#1785,#1575,.T.);
#1241=EDGE_CURVE('',#1785,#1723,#1576,.T.);
#1242=EDGE_CURVE('',#1787,#1786,#1577,.T.);
#1243=EDGE_CURVE('',#1788,#1787,#1578,.T.);
#1244=EDGE_CURVE('',#1789,#1788,#1579,.T.);
#1245=EDGE_CURVE('',#1790,#1789,#1385,.T.);
#1246=EDGE_CURVE('',#1791,#1790,#1580,.T.);
#1247=EDGE_CURVE('',#1752,#1791,#1581,.T.);
#1248=EDGE_CURVE('',#1794,#1793,#1582,.T.);
#1249=EDGE_CURVE('',#1795,#1794,#1583,.T.);
#1250=EDGE_CURVE('',#1796,#1795,#1584,.T.);
#1251=EDGE_CURVE('',#1797,#1796,#1585,.T.);
#1252=EDGE_CURVE('',#1798,#1797,#1586,.T.);
#1253=EDGE_CURVE('',#1755,#1798,#1587,.T.);
#1254=EDGE_CURVE('',#1792,#1799,#1588,.T.);
#1255=EDGE_CURVE('',#1799,#1800,#1589,.T.);
#1256=EDGE_CURVE('',#1800,#1801,#1590,.T.);
#1257=EDGE_CURVE('',#1801,#1802,#1591,.T.);
#1258=EDGE_CURVE('',#1802,#1803,#1592,.T.);
#1259=EDGE_CURVE('',#1803,#1720,#1593,.T.);
#1260=EDGE_CURVE('',#1786,#1809,#1594,.T.);
#1261=EDGE_CURVE('',#1793,#1779,#1386,.T.);
#1262=EDGE_CURVE('',#1793,#1786,#1595,.T.);
#1263=EDGE_CURVE('',#1780,#1792,#1596,.T.);
#1264=EDGE_CURVE('',#1794,#1787,#1597,.T.);
#1265=EDGE_CURVE('',#1781,#1799,#1598,.T.);
#1266=EDGE_CURVE('',#1795,#1788,#1599,.T.);
#1267=EDGE_CURVE('',#1782,#1800,#1600,.T.);
#1268=EDGE_CURVE('',#1796,#1789,#1601,.T.);
#1269=EDGE_CURVE('',#1783,#1801,#1602,.T.);
#1270=EDGE_CURVE('',#1797,#1790,#1603,.T.);
#1271=EDGE_CURVE('',#1784,#1802,#1604,.T.);
#1272=EDGE_CURVE('',#1798,#1791,#1605,.T.);
#1273=EDGE_CURVE('',#1785,#1803,#1606,.T.);
#1274=EDGE_CURVE('',#1745,#1741,#1607,.T.);
#1275=EDGE_CURVE('',#1740,#1744,#1608,.T.);
#1276=EDGE_CURVE('',#1804,#1805,#1387,.T.);
#1277=EDGE_CURVE('',#1806,#1805,#1388,.T.);
#1278=EDGE_CURVE('',#1804,#1725,#1389,.T.);
#1279=EDGE_CURVE('',#1805,#1780,#1609,.T.);
#1280=EDGE_CURVE('',#1806,#1772,#1390,.T.);
#1281=EDGE_CURVE('',#1808,#1809,#1391,.T.);
#1282=EDGE_CURVE('',#1809,#1807,#1392,.T.);
#1283=EDGE_CURVE('',#1807,#1766,#1393,.T.);
#1284=EDGE_CURVE('',#1810,#1811,#1394,.T.);
#1285=EDGE_CURVE('',#1810,#1812,#1395,.T.);
#1286=EDGE_CURVE('',#1813,#1814,#1396,.T.);
#1287=EDGE_CURVE('',#1815,#1816,#1397,.T.);
#1288=EDGE_CURVE('',#1816,#1817,#1610,.T.);
#1289=EDGE_CURVE('',#1817,#1818,#1398,.T.);
#1290=EDGE_CURVE('',#1813,#1812,#1399,.T.);
#1291=EDGE_CURVE('',#1819,#1814,#1400,.T.);
#1292=EDGE_CURVE('',#1819,#1804,#1401,.T.);
#1293=EDGE_CURVE('',#1808,#1811,#1402,.T.);
#1294=EDGE_CURVE('',#1818,#1750,#1611,.T.);
#1295=EDGE_CURVE('',#1814,#1772,#1403,.T.);
#1296=EDGE_CURVE('',#1816,#1776,#1612,.T.);
#1297=EDGE_CURVE('',#1817,#1778,#1613,.T.);
#1298=EDGE_CURVE('',#1819,#1806,#1404,.T.);
#1299=EDGE_CURVE('',#1811,#1807,#1405,.T.);
#1300=EDGE_CURVE('',#1815,#1804,#1406,.T.);
#1301=EDGE_CURVE('',#1808,#1818,#1407,.T.);
#1302=EDGE_CURVE('',#1775,#1813,#1408,.T.);
#1303=EDGE_CURVE('',#1812,#1770,#1409,.T.);
#1304=EDGE_CURVE('',#1820,#1737,#1614,.T.);
#1305=EDGE_CURVE('',#1820,#1821,#1615,.T.);
#1306=EDGE_CURVE('',#1821,#1736,#1616,.T.);
#1307=EDGE_CURVE('',#1821,#1820,#1617,.T.);
#1308=B_SPLINE_CURVE_WITH_KNOTS('',1,(#2477,#2478),.UNSPECIFIED.,.F.,.F.,
(2,2),(0.,0.218019749002175),.UNSPECIFIED.);
#1309=B_SPLINE_CURVE_WITH_KNOTS('',1,(#2479,#2480),.UNSPECIFIED.,.F.,.F.,
(2,2),(0.,1.78198025099913),.UNSPECIFIED.);
#1310=B_SPLINE_CURVE_WITH_KNOTS('',1,(#2514,#2515),.UNSPECIFIED.,.F.,.F.,
(2,2),(-1.4141433548057,0.),.UNSPECIFIED.);
#1311=B_SPLINE_CURVE_WITH_KNOTS('',1,(#2521,#2522),.UNSPECIFIED.,.F.,.F.,
(2,2),(-1.4141433548057,0.),.UNSPECIFIED.);
#1312=B_SPLINE_CURVE_WITH_KNOTS('',1,(#2523,#2524),.UNSPECIFIED.,.F.,.F.,
(2,2),(0.,8.71779925100699),.UNSPECIFIED.);
#1313=B_SPLINE_CURVE_WITH_KNOTS('',1,(#2528,#2529),.UNSPECIFIED.,.F.,.F.,
(2,2),(0.,6.0000000000004),.UNSPECIFIED.);
#1314=B_SPLINE_CURVE_WITH_KNOTS('',1,(#2530,#2531),.UNSPECIFIED.,.F.,.F.,
(2,2),(0.,6.0000000000004),.UNSPECIFIED.);
#1315=B_SPLINE_CURVE_WITH_KNOTS('',1,(#2532,#2533),.UNSPECIFIED.,.F.,.F.,
(2,2),(0.,1.89178058907794),.UNSPECIFIED.);
#1316=B_SPLINE_CURVE_WITH_KNOTS('',1,(#2534,#2535),.UNSPECIFIED.,.F.,.F.,
(2,2),(-6.0000000000004,0.),.UNSPECIFIED.);
#1317=B_SPLINE_CURVE_WITH_KNOTS('',1,(#2536,#2537),.UNSPECIFIED.,.F.,.F.,
(2,2),(0.,1.89178058907795),.UNSPECIFIED.);
#1318=B_SPLINE_CURVE_WITH_KNOTS('',1,(#2538,#2539),.UNSPECIFIED.,.F.,.F.,
(2,2),(0.,1.00186740840313),.UNSPECIFIED.);
#1319=B_SPLINE_CURVE_WITH_KNOTS('',1,(#2540,#2541),.UNSPECIFIED.,.F.,.F.,
(2,2),(0.,0.46651584139596),.UNSPECIFIED.);
#1320=B_SPLINE_CURVE_WITH_KNOTS('',1,(#2542,#2543),.UNSPECIFIED.,.F.,.F.,
(2,2),(0.,0.46651584139596),.UNSPECIFIED.);
#1321=B_SPLINE_CURVE_WITH_KNOTS('',1,(#2573,#2574),.UNSPECIFIED.,.F.,.F.,
(2,2),(-2.25,0.),.UNSPECIFIED.);
#1322=B_SPLINE_CURVE_WITH_KNOTS('',1,(#2580,#2581),.UNSPECIFIED.,.F.,.F.,
(2,2),(-2.25,0.),.UNSPECIFIED.);
#1323=B_SPLINE_CURVE_WITH_KNOTS('',1,(#2615,#2616),.UNSPECIFIED.,.F.,.F.,
(2,2),(0.,5.42811347689857),.UNSPECIFIED.);
#1324=B_SPLINE_CURVE_WITH_KNOTS('',1,(#2617,#2618),.UNSPECIFIED.,.F.,.F.,
(2,2),(0.,3.44472412731292),.UNSPECIFIED.);
#1325=B_SPLINE_CURVE_WITH_KNOTS('',1,(#2619,#2620,#2621),.UNSPECIFIED.,
 .F.,.F.,(2,1,2),(0.,7.20605369901503,7.63004099859901),.UNSPECIFIED.);
#1326=B_SPLINE_CURVE_WITH_KNOTS('',1,(#2622,#2623),.UNSPECIFIED.,.F.,.F.,
(2,2),(0.,3.89178058907792),.UNSPECIFIED.);
#1327=B_SPLINE_CURVE_WITH_KNOTS('',1,(#2624,#2625,#2626),.UNSPECIFIED.,
 .F.,.F.,(2,1,2),(0.,0.423987299583985,20.945084646984),.UNSPECIFIED.);
#1328=B_SPLINE_CURVE_WITH_KNOTS('',1,(#2633,#2634),.UNSPECIFIED.,.F.,.F.,
(2,2),(0.,1.48806240513898),.UNSPECIFIED.);
#1329=B_SPLINE_CURVE_WITH_KNOTS('',1,(#2638,#2639),.UNSPECIFIED.,.F.,.F.,
(2,2),(0.,3.44472412731299),.UNSPECIFIED.);
#1330=B_SPLINE_CURVE_WITH_KNOTS('',1,(#2645,#2646),.UNSPECIFIED.,.F.,.F.,
(2,2),(0.,6.10796944230741),.UNSPECIFIED.);
#1331=B_SPLINE_CURVE_WITH_KNOTS('',1,(#2652,#2653),.UNSPECIFIED.,.F.,.F.,
(2,2),(-3.89178058907792,0.),.UNSPECIFIED.);
#1332=B_SPLINE_CURVE_WITH_KNOTS('',1,(#2710,#2711),.UNSPECIFIED.,.F.,.F.,
(2,2),(30.855662708706,31.7145187634999),.UNSPECIFIED.);
#1333=B_SPLINE_CURVE_WITH_KNOTS('',1,(#2730,#2731),.UNSPECIFIED.,.F.,.F.,
(2,2),(8.58100480217089,9.28863349890693),.UNSPECIFIED.);
#1334=B_SPLINE_CURVE_WITH_KNOTS('',1,(#2755,#2756),.UNSPECIFIED.,.F.,.F.,
(2,2),(1.81299475481209,2.52062345154812),.UNSPECIFIED.);
#1335=B_SPLINE_CURVE_WITH_KNOTS('',1,(#2826,#2827),.UNSPECIFIED.,.F.,.F.,
(2,2),(4.64203102167807,5.50088707647208),.UNSPECIFIED.);
#1336=B_SPLINE_CURVE_WITH_KNOTS('',1,(#2894,#2895),.UNSPECIFIED.,.F.,.F.,
(2,2),(29.9261645595231,36.8179451486011),.UNSPECIFIED.);
#1337=B_SPLINE_CURVE_WITH_KNOTS('',2,(#2896,#2897,#2898),.UNSPECIFIED.,
 .F.,.F.,(3,3),(9.08362933471097E-7,3.01089015493816),.UNSPECIFIED.);
#1338=B_SPLINE_CURVE_WITH_KNOTS('',1,(#2899,#2900),.UNSPECIFIED.,.F.,.F.,
(2,2),(1.08510115696886,2.08696856537199),.UNSPECIFIED.);
#1339=B_SPLINE_CURVE_WITH_KNOTS('',1,(#2907,#2908),.UNSPECIFIED.,.F.,.F.,
(2,2),(-0.0340837416263791,0.),.UNSPECIFIED.);
#1340=B_SPLINE_CURVE_WITH_KNOTS('',1,(#2909,#2910),.UNSPECIFIED.,.F.,.F.,
(2,2),(29.9261645595231,36.817945148601),.UNSPECIFIED.);
#1341=B_SPLINE_CURVE_WITH_KNOTS('',2,(#2911,#2912,#2913),.UNSPECIFIED.,
 .F.,.F.,(3,3),(6.83964325890425,9.85053340383528),.UNSPECIFIED.);
#1342=B_SPLINE_CURVE_WITH_KNOTS('',1,(#2914,#2915),.UNSPECIFIED.,.F.,.F.,
(2,2),(1.266967690517,1.3010514321439),.UNSPECIFIED.);
#1343=B_SPLINE_CURVE_WITH_KNOTS('',3,(#2916,#2917,#2918,#2919),
 .UNSPECIFIED.,.F.,.F.,(4,4),(0.00024020812669475,0.0483600699960896),
 .UNSPECIFIED.);
#1344=B_SPLINE_CURVE_WITH_KNOTS('',3,(#2920,#2921,#2922,#2923,#2924,#2925),
 .UNSPECIFIED.,.F.,.F.,(4,2,4),(0.0381165123410892,0.377297636323858,0.671180884780298),
 .UNSPECIFIED.);
#1345=B_SPLINE_CURVE_WITH_KNOTS('',3,(#2926,#2927,#2928,#2929,#2930,#2931),
 .UNSPECIFIED.,.F.,.F.,(4,2,4),(0.0663035170516381,0.360186765512335,0.699367889494673),
 .UNSPECIFIED.);
#1346=B_SPLINE_CURVE_WITH_KNOTS('',3,(#2932,#2933,#2934,#2935,#2936,#2937,
#2938,#2939,#2940,#2941,#2942,#2943,#2944,#2945),.UNSPECIFIED.,.F.,.F.,
(4,2,2,2,2,2,4),(0.,0.470745558427967,0.941291751077221,1.41340626237428,
1.6495052500214,1.76746845243443,1.8854349522888),.UNSPECIFIED.);
#1347=B_SPLINE_CURVE_WITH_KNOTS('',3,(#2949,#2950,#2951,#2952,#2953,#2954,
#2955,#2956,#2957,#2958,#2959,#2960,#2961,#2962),.UNSPECIFIED.,.F.,.F.,
(4,2,2,2,2,2,4),(0.,0.117966499905404,0.235929701200901,0.472028688994594,
0.944143200617302,1.41468939356978,1.88543495229156),.UNSPECIFIED.);
#1348=B_SPLINE_CURVE_WITH_KNOTS('',1,(#2963,#2964),.UNSPECIFIED.,.F.,.F.,
(2,2),(-102.152400620903,-94.5629082617321),.UNSPECIFIED.);
#1349=B_SPLINE_CURVE_WITH_KNOTS('',3,(#2965,#2966,#2967,#2968),
 .UNSPECIFIED.,.F.,.F.,(4,4),(0.00023632489545177,0.0483561873536337),
 .UNSPECIFIED.);
#1350=B_SPLINE_CURVE_WITH_KNOTS('',3,(#2969,#2970,#2971,#2972,#2973,#2974,
#2975,#2976,#2977,#2978),.UNSPECIFIED.,.F.,.F.,(4,2,2,2,4),(0.,0.733338202555591,
1.47113438052243,2.2138937421116,2.95436540594113),.UNSPECIFIED.);
#1351=B_SPLINE_CURVE_WITH_KNOTS('',3,(#2979,#2980,#2981,#2982,#2983,#2984,
#2985,#2986,#2987,#2988),.UNSPECIFIED.,.F.,.F.,(4,2,2,2,4),(0.,0.740471663830069,
1.4832310254193,2.22102720338546,2.95436540594113),.UNSPECIFIED.);
#1352=B_SPLINE_CURVE_WITH_KNOTS('',1,(#2992,#2993),.UNSPECIFIED.,.F.,.F.,
(2,2),(0.286253481708172,5.71436695860674),.UNSPECIFIED.);
#1353=B_SPLINE_CURVE_WITH_KNOTS('',1,(#3000,#3001),.UNSPECIFIED.,.F.,.F.,
(2,2),(31.3565437908827,36.817945148601),.UNSPECIFIED.);
#1354=B_SPLINE_CURVE_WITH_KNOTS('',1,(#3002,#3003),.UNSPECIFIED.,.F.,.F.,
(2,2),(31.3565437908827,36.817945148601),.UNSPECIFIED.);
#1355=B_SPLINE_CURVE_WITH_KNOTS('',1,(#3004,#3005),.UNSPECIFIED.,.F.,.F.,
(2,2),(100.510598312659,103.357654441318),.UNSPECIFIED.);
#1356=B_SPLINE_CURVE_WITH_KNOTS('',1,(#3006,#3007),.UNSPECIFIED.,.F.,.F.,
(2,2),(93.3576544413161,95.7047105699754),.UNSPECIFIED.);
#1357=B_SPLINE_CURVE_WITH_KNOTS('',3,(#3008,#3009,#3010,#3011,#3012,#3013,
#3014,#3015,#3016,#3017,#3018,#3019,#3020,#3021,#3022,#3023,#3024,#3025,
#3026,#3027,#3028,#3029,#3030,#3031,#3032,#3033,#3034,#3035,#3036,#3037,
#3038,#3039),.UNSPECIFIED.,.F.,.F.,(4,3,2,3,2,3,2,3,2,3,2,3,4),(-2.73940686293538,
-2.06068962212869,-2.06068957224933,-1.72007824979089,-1.72007814554805,
-1.37760229766591,-1.37760211740827,-1.02275731364975,-1.02275708292747,
-0.671803688243741,-0.671803446647319,-0.554324672032503,-0.488992329715961),
 .UNSPECIFIED.);
#1358=B_SPLINE_CURVE_WITH_KNOTS('',3,(#3040,#3041,#3042,#3043,#3044,#3045,
#3046,#3047,#3048,#3049,#3050,#3051,#3052,#3053,#3054,#3055,#3056,#3057,
#3058,#3059,#3060,#3061,#3062,#3063,#3064,#3065,#3066,#3067,#3068,#3069,
#3070,#3071),.UNSPECIFIED.,.F.,.F.,(4,3,2,3,2,3,2,3,2,3,2,3,4),(-2.250353615545,
-2.18508219090247,-2.06760341628772,-2.06760317469119,-1.71664978000732,
-1.71664954928496,-1.36180474552633,-1.36180456526864,-1.01932871738632,
-1.01932861314362,-0.67871729068581,-0.678717240806261,0.),
 .UNSPECIFIED.);
#1359=B_SPLINE_CURVE_WITH_KNOTS('',1,(#3389,#3390),.UNSPECIFIED.,.F.,.F.,
(2,2),(0.,0.218019749002175),.UNSPECIFIED.);
#1360=B_SPLINE_CURVE_WITH_KNOTS('',1,(#3391,#3392),.UNSPECIFIED.,.F.,.F.,
(2,2),(0.,1.78198025099913),.UNSPECIFIED.);
#1361=B_SPLINE_CURVE_WITH_KNOTS('',1,(#3426,#3427),.UNSPECIFIED.,.F.,.F.,
(2,2),(-1.4141433548057,0.),.UNSPECIFIED.);
#1362=B_SPLINE_CURVE_WITH_KNOTS('',1,(#3433,#3434),.UNSPECIFIED.,.F.,.F.,
(2,2),(-1.4141433548057,0.),.UNSPECIFIED.);
#1363=B_SPLINE_CURVE_WITH_KNOTS('',1,(#3435,#3436),.UNSPECIFIED.,.F.,.F.,
(2,2),(0.,8.71779925100699),.UNSPECIFIED.);
#1364=B_SPLINE_CURVE_WITH_KNOTS('',1,(#3440,#3441),.UNSPECIFIED.,.F.,.F.,
(2,2),(0.,6.0000000000004),.UNSPECIFIED.);
#1365=B_SPLINE_CURVE_WITH_KNOTS('',1,(#3442,#3443),.UNSPECIFIED.,.F.,.F.,
(2,2),(0.,6.0000000000004),.UNSPECIFIED.);
#1366=B_SPLINE_CURVE_WITH_KNOTS('',1,(#3444,#3445),.UNSPECIFIED.,.F.,.F.,
(2,2),(0.,1.89178058907794),.UNSPECIFIED.);
#1367=B_SPLINE_CURVE_WITH_KNOTS('',1,(#3446,#3447),.UNSPECIFIED.,.F.,.F.,
(2,2),(-6.0000000000004,0.),.UNSPECIFIED.);
#1368=B_SPLINE_CURVE_WITH_KNOTS('',1,(#3448,#3449),.UNSPECIFIED.,.F.,.F.,
(2,2),(0.,1.89178058907795),.UNSPECIFIED.);
#1369=B_SPLINE_CURVE_WITH_KNOTS('',1,(#3450,#3451),.UNSPECIFIED.,.F.,.F.,
(2,2),(0.,1.00186740840313),.UNSPECIFIED.);
#1370=B_SPLINE_CURVE_WITH_KNOTS('',1,(#3452,#3453),.UNSPECIFIED.,.F.,.F.,
(2,2),(0.,0.46651584139596),.UNSPECIFIED.);
#1371=B_SPLINE_CURVE_WITH_KNOTS('',1,(#3454,#3455),.UNSPECIFIED.,.F.,.F.,
(2,2),(0.,0.46651584139596),.UNSPECIFIED.);
#1372=B_SPLINE_CURVE_WITH_KNOTS('',1,(#3485,#3486),.UNSPECIFIED.,.F.,.F.,
(2,2),(-2.25,0.),.UNSPECIFIED.);
#1373=B_SPLINE_CURVE_WITH_KNOTS('',1,(#3492,#3493),.UNSPECIFIED.,.F.,.F.,
(2,2),(-2.25,0.),.UNSPECIFIED.);
#1374=B_SPLINE_CURVE_WITH_KNOTS('',1,(#3527,#3528),.UNSPECIFIED.,.F.,.F.,
(2,2),(0.,5.42811347689857),.UNSPECIFIED.);
#1375=B_SPLINE_CURVE_WITH_KNOTS('',1,(#3529,#3530),.UNSPECIFIED.,.F.,.F.,
(2,2),(0.,3.44472412731292),.UNSPECIFIED.);
#1376=B_SPLINE_CURVE_WITH_KNOTS('',1,(#3531,#3532,#3533),.UNSPECIFIED.,
 .F.,.F.,(2,1,2),(0.,7.20605369901503,7.63004099859901),.UNSPECIFIED.);
#1377=B_SPLINE_CURVE_WITH_KNOTS('',1,(#3534,#3535),.UNSPECIFIED.,.F.,.F.,
(2,2),(0.,3.89178058907792),.UNSPECIFIED.);
#1378=B_SPLINE_CURVE_WITH_KNOTS('',1,(#3536,#3537,#3538),.UNSPECIFIED.,
 .F.,.F.,(2,1,2),(0.,0.423987299583985,20.945084646984),.UNSPECIFIED.);
#1379=B_SPLINE_CURVE_WITH_KNOTS('',1,(#3545,#3546),.UNSPECIFIED.,.F.,.F.,
(2,2),(0.,1.48806240513898),.UNSPECIFIED.);
#1380=B_SPLINE_CURVE_WITH_KNOTS('',1,(#3550,#3551),.UNSPECIFIED.,.F.,.F.,
(2,2),(0.,3.44472412731299),.UNSPECIFIED.);
#1381=B_SPLINE_CURVE_WITH_KNOTS('',1,(#3557,#3558),.UNSPECIFIED.,.F.,.F.,
(2,2),(0.,6.10796944230741),.UNSPECIFIED.);
#1382=B_SPLINE_CURVE_WITH_KNOTS('',1,(#3564,#3565),.UNSPECIFIED.,.F.,.F.,
(2,2),(-3.89178058907792,0.),.UNSPECIFIED.);
#1383=B_SPLINE_CURVE_WITH_KNOTS('',1,(#3622,#3623),.UNSPECIFIED.,.F.,.F.,
(2,2),(30.855662708706,31.7145187634999),.UNSPECIFIED.);
#1384=B_SPLINE_CURVE_WITH_KNOTS('',1,(#3642,#3643),.UNSPECIFIED.,.F.,.F.,
(2,2),(8.58100480217089,9.28863349890693),.UNSPECIFIED.);
#1385=B_SPLINE_CURVE_WITH_KNOTS('',1,(#3667,#3668),.UNSPECIFIED.,.F.,.F.,
(2,2),(1.81299475481209,2.52062345154812),.UNSPECIFIED.);
#1386=B_SPLINE_CURVE_WITH_KNOTS('',1,(#3738,#3739),.UNSPECIFIED.,.F.,.F.,
(2,2),(4.64203102167807,5.50088707647208),.UNSPECIFIED.);
#1387=B_SPLINE_CURVE_WITH_KNOTS('',1,(#3806,#3807),.UNSPECIFIED.,.F.,.F.,
(2,2),(29.9261645595231,36.8179451486011),.UNSPECIFIED.);
#1388=B_SPLINE_CURVE_WITH_KNOTS('',2,(#3808,#3809,#3810),.UNSPECIFIED.,
 .F.,.F.,(3,3),(9.08362933471097E-7,3.01089015493816),.UNSPECIFIED.);
#1389=B_SPLINE_CURVE_WITH_KNOTS('',1,(#3811,#3812),.UNSPECIFIED.,.F.,.F.,
(2,2),(1.08510115696886,2.08696856537199),.UNSPECIFIED.);
#1390=B_SPLINE_CURVE_WITH_KNOTS('',1,(#3819,#3820),.UNSPECIFIED.,.F.,.F.,
(2,2),(-0.0340837416263791,0.),.UNSPECIFIED.);
#1391=B_SPLINE_CURVE_WITH_KNOTS('',1,(#3821,#3822),.UNSPECIFIED.,.F.,.F.,
(2,2),(29.9261645595231,36.817945148601),.UNSPECIFIED.);
#1392=B_SPLINE_CURVE_WITH_KNOTS('',2,(#3823,#3824,#3825),.UNSPECIFIED.,
 .F.,.F.,(3,3),(6.83964325890425,9.85053340383528),.UNSPECIFIED.);
#1393=B_SPLINE_CURVE_WITH_KNOTS('',1,(#3826,#3827),.UNSPECIFIED.,.F.,.F.,
(2,2),(1.266967690517,1.3010514321439),.UNSPECIFIED.);
#1394=B_SPLINE_CURVE_WITH_KNOTS('',3,(#3828,#3829,#3830,#3831),
 .UNSPECIFIED.,.F.,.F.,(4,4),(0.00024020812669475,0.0483600699960896),
 .UNSPECIFIED.);
#1395=B_SPLINE_CURVE_WITH_KNOTS('',3,(#3832,#3833,#3834,#3835,#3836,#3837),
 .UNSPECIFIED.,.F.,.F.,(4,2,4),(0.0381165123410892,0.377297636323858,0.671180884780298),
 .UNSPECIFIED.);
#1396=B_SPLINE_CURVE_WITH_KNOTS('',3,(#3838,#3839,#3840,#3841,#3842,#3843),
 .UNSPECIFIED.,.F.,.F.,(4,2,4),(0.0663035170516381,0.360186765512335,0.699367889494673),
 .UNSPECIFIED.);
#1397=B_SPLINE_CURVE_WITH_KNOTS('',3,(#3844,#3845,#3846,#3847,#3848,#3849,
#3850,#3851,#3852,#3853,#3854,#3855,#3856,#3857),.UNSPECIFIED.,.F.,.F.,
(4,2,2,2,2,2,4),(0.,0.470745558427967,0.941291751077221,1.41340626237428,
1.6495052500214,1.76746845243443,1.8854349522888),.UNSPECIFIED.);
#1398=B_SPLINE_CURVE_WITH_KNOTS('',3,(#3861,#3862,#3863,#3864,#3865,#3866,
#3867,#3868,#3869,#3870,#3871,#3872,#3873,#3874),.UNSPECIFIED.,.F.,.F.,
(4,2,2,2,2,2,4),(0.,0.117966499905404,0.235929701200901,0.472028688994594,
0.944143200617302,1.41468939356978,1.88543495229156),.UNSPECIFIED.);
#1399=B_SPLINE_CURVE_WITH_KNOTS('',1,(#3875,#3876),.UNSPECIFIED.,.F.,.F.,
(2,2),(-102.152400620903,-94.5629082617321),.UNSPECIFIED.);
#1400=B_SPLINE_CURVE_WITH_KNOTS('',3,(#3877,#3878,#3879,#3880),
 .UNSPECIFIED.,.F.,.F.,(4,4),(0.00023632489545177,0.0483561873536337),
 .UNSPECIFIED.);
#1401=B_SPLINE_CURVE_WITH_KNOTS('',3,(#3881,#3882,#3883,#3884,#3885,#3886,
#3887,#3888,#3889,#3890),.UNSPECIFIED.,.F.,.F.,(4,2,2,2,4),(0.,0.733338202555591,
1.47113438052243,2.2138937421116,2.95436540594113),.UNSPECIFIED.);
#1402=B_SPLINE_CURVE_WITH_KNOTS('',3,(#3891,#3892,#3893,#3894,#3895,#3896,
#3897,#3898,#3899,#3900),.UNSPECIFIED.,.F.,.F.,(4,2,2,2,4),(0.,0.740471663830069,
1.4832310254193,2.22102720338546,2.95436540594113),.UNSPECIFIED.);
#1403=B_SPLINE_CURVE_WITH_KNOTS('',1,(#3904,#3905),.UNSPECIFIED.,.F.,.F.,
(2,2),(0.286253481708172,5.71436695860674),.UNSPECIFIED.);
#1404=B_SPLINE_CURVE_WITH_KNOTS('',1,(#3912,#3913),.UNSPECIFIED.,.F.,.F.,
(2,2),(31.3565437908827,36.817945148601),.UNSPECIFIED.);
#1405=B_SPLINE_CURVE_WITH_KNOTS('',1,(#3914,#3915),.UNSPECIFIED.,.F.,.F.,
(2,2),(31.3565437908827,36.817945148601),.UNSPECIFIED.);
#1406=B_SPLINE_CURVE_WITH_KNOTS('',1,(#3916,#3917),.UNSPECIFIED.,.F.,.F.,
(2,2),(100.510598312659,103.357654441318),.UNSPECIFIED.);
#1407=B_SPLINE_CURVE_WITH_KNOTS('',1,(#3918,#3919),.UNSPECIFIED.,.F.,.F.,
(2,2),(93.3576544413161,95.7047105699754),.UNSPECIFIED.);
#1408=B_SPLINE_CURVE_WITH_KNOTS('',3,(#3920,#3921,#3922,#3923,#3924,#3925,
#3926,#3927,#3928,#3929,#3930,#3931,#3932,#3933,#3934,#3935,#3936,#3937,
#3938,#3939,#3940,#3941,#3942,#3943,#3944,#3945,#3946,#3947,#3948,#3949,
#3950,#3951),.UNSPECIFIED.,.F.,.F.,(4,3,2,3,2,3,2,3,2,3,2,3,4),(-2.73940686293538,
-2.06068962212869,-2.06068957224933,-1.72007824979089,-1.72007814554805,
-1.37760229766591,-1.37760211740827,-1.02275731364975,-1.02275708292747,
-0.671803688243741,-0.671803446647319,-0.554324672032503,-0.488992329715961),
 .UNSPECIFIED.);
#1409=B_SPLINE_CURVE_WITH_KNOTS('',3,(#3952,#3953,#3954,#3955,#3956,#3957,
#3958,#3959,#3960,#3961,#3962,#3963,#3964,#3965,#3966,#3967,#3968,#3969,
#3970,#3971,#3972,#3973,#3974,#3975,#3976,#3977,#3978,#3979,#3980,#3981,
#3982,#3983),.UNSPECIFIED.,.F.,.F.,(4,3,2,3,2,3,2,3,2,3,2,3,4),(-2.250353615545,
-2.18508219090247,-2.06760341628772,-2.06760317469119,-1.71664978000732,
-1.71664954928496,-1.36180474552633,-1.36180456526864,-1.01932871738632,
-1.01932861314362,-0.67871729068581,-0.678717240806261,0.),
 .UNSPECIFIED.);
#1410=(
BOUNDED_CURVE()
B_SPLINE_CURVE(1,(#2440,#2441),.UNSPECIFIED.,.F.,.F.)
B_SPLINE_CURVE_WITH_KNOTS((2,2),(-2.7500000000007,0.),.UNSPECIFIED.)
CURVE()
GEOMETRIC_REPRESENTATION_ITEM()
RATIONAL_B_SPLINE_CURVE((1.,1.))
REPRESENTATION_ITEM('')
);
#1411=(
BOUNDED_CURVE()
B_SPLINE_CURVE(2,(#2442,#2443,#2444),.UNSPECIFIED.,.F.,.F.)
B_SPLINE_CURVE_WITH_KNOTS((3,3),(0.,4.13437977320421),.UNSPECIFIED.)
CURVE()
GEOMETRIC_REPRESENTATION_ITEM()
RATIONAL_B_SPLINE_CURVE((1.,0.74958840465599,1.))
REPRESENTATION_ITEM('')
);
#1412=(
BOUNDED_CURVE()
B_SPLINE_CURVE(1,(#2445,#2446),.UNSPECIFIED.,.F.,.F.)
B_SPLINE_CURVE_WITH_KNOTS((2,2),(0.,2.7500000000004),.UNSPECIFIED.)
CURVE()
GEOMETRIC_REPRESENTATION_ITEM()
RATIONAL_B_SPLINE_CURVE((1.,1.))
REPRESENTATION_ITEM('')
);
#1413=(
BOUNDED_CURVE()
B_SPLINE_CURVE(5,(#2447,#2448,#2449,#2450,#2451,#2452),.UNSPECIFIED.,.F.,
 .F.)
B_SPLINE_CURVE_WITH_KNOTS((6,6),(0.,2.54300471164352),.UNSPECIFIED.)
CURVE()
GEOMETRIC_REPRESENTATION_ITEM()
RATIONAL_B_SPLINE_CURVE((1.,1.,1.,1.,1.,1.))
REPRESENTATION_ITEM('')
);
#1414=(
BOUNDED_CURVE()
B_SPLINE_CURVE(1,(#2453,#2454),.UNSPECIFIED.,.F.,.F.)
B_SPLINE_CURVE_WITH_KNOTS((2,2),(-2.7500000000007,0.),.UNSPECIFIED.)
CURVE()
GEOMETRIC_REPRESENTATION_ITEM()
RATIONAL_B_SPLINE_CURVE((1.,1.))
REPRESENTATION_ITEM('')
);
#1415=(
BOUNDED_CURVE()
B_SPLINE_CURVE(5,(#2455,#2456,#2457,#2458,#2459,#2460),.UNSPECIFIED.,.F.,
 .F.)
B_SPLINE_CURVE_WITH_KNOTS((6,6),(0.,2.54300471164352),.UNSPECIFIED.)
CURVE()
GEOMETRIC_REPRESENTATION_ITEM()
RATIONAL_B_SPLINE_CURVE((1.,1.,1.,1.,1.,1.))
REPRESENTATION_ITEM('')
);
#1416=(
BOUNDED_CURVE()
B_SPLINE_CURVE(5,(#2461,#2462,#2463,#2464,#2465,#2466),.UNSPECIFIED.,.F.,
 .F.)
B_SPLINE_CURVE_WITH_KNOTS((6,6),(0.,0.815815072742179),.UNSPECIFIED.)
CURVE()
GEOMETRIC_REPRESENTATION_ITEM()
RATIONAL_B_SPLINE_CURVE((1.,1.,1.,1.,1.,1.))
REPRESENTATION_ITEM('')
);
#1417=(
BOUNDED_CURVE()
B_SPLINE_CURVE(1,(#2467,#2468),.UNSPECIFIED.,.F.,.F.)
B_SPLINE_CURVE_WITH_KNOTS((2,2),(-6.0000000000004,0.),.UNSPECIFIED.)
CURVE()
GEOMETRIC_REPRESENTATION_ITEM()
RATIONAL_B_SPLINE_CURVE((1.,1.))
REPRESENTATION_ITEM('')
);
#1418=(
BOUNDED_CURVE()
B_SPLINE_CURVE(5,(#2469,#2470,#2471,#2472,#2473,#2474),.UNSPECIFIED.,.F.,
 .F.)
B_SPLINE_CURVE_WITH_KNOTS((6,6),(0.,0.815815072742178),.UNSPECIFIED.)
CURVE()
GEOMETRIC_REPRESENTATION_ITEM()
RATIONAL_B_SPLINE_CURVE((1.,1.,1.,1.,1.,1.))
REPRESENTATION_ITEM('')
);
#1419=(
BOUNDED_CURVE()
B_SPLINE_CURVE(1,(#2475,#2476),.UNSPECIFIED.,.F.,.F.)
B_SPLINE_CURVE_WITH_KNOTS((2,2),(0.,6.0000000000004),.UNSPECIFIED.)
CURVE()
GEOMETRIC_REPRESENTATION_ITEM()
RATIONAL_B_SPLINE_CURVE((1.,1.))
REPRESENTATION_ITEM('')
);
#1420=(
BOUNDED_CURVE()
B_SPLINE_CURVE(1,(#2481,#2482),.UNSPECIFIED.,.F.,.F.)
B_SPLINE_CURVE_WITH_KNOTS((2,2),(-6.0000000000004,0.),.UNSPECIFIED.)
CURVE()
GEOMETRIC_REPRESENTATION_ITEM()
RATIONAL_B_SPLINE_CURVE((1.,1.))
REPRESENTATION_ITEM('')
);
#1421=(
BOUNDED_CURVE()
B_SPLINE_CURVE(5,(#2483,#2484,#2485,#2486,#2487,#2488),.UNSPECIFIED.,.F.,
 .F.)
B_SPLINE_CURVE_WITH_KNOTS((6,6),(0.,1.78198025099917),.UNSPECIFIED.)
CURVE()
GEOMETRIC_REPRESENTATION_ITEM()
RATIONAL_B_SPLINE_CURVE((1.,1.,1.,1.,1.,1.))
REPRESENTATION_ITEM('')
);
#1422=(
BOUNDED_CURVE()
B_SPLINE_CURVE(5,(#2489,#2490,#2491,#2492,#2493,#2494),.UNSPECIFIED.,.F.,
 .F.)
B_SPLINE_CURVE_WITH_KNOTS((6,6),(0.,0.218019749002132),.UNSPECIFIED.)
CURVE()
GEOMETRIC_REPRESENTATION_ITEM()
RATIONAL_B_SPLINE_CURVE((1.,1.,1.,1.,1.,1.))
REPRESENTATION_ITEM('')
);
#1423=(
BOUNDED_CURVE()
B_SPLINE_CURVE(5,(#2495,#2496,#2497,#2498,#2499,#2500),.UNSPECIFIED.,.F.,
 .F.)
B_SPLINE_CURVE_WITH_KNOTS((6,6),(0.,0.374574753561829),.UNSPECIFIED.)
CURVE()
GEOMETRIC_REPRESENTATION_ITEM()
RATIONAL_B_SPLINE_CURVE((1.,1.,1.,1.,1.,1.))
REPRESENTATION_ITEM('')
);
#1424=(
BOUNDED_CURVE()
B_SPLINE_CURVE(1,(#2501,#2502),.UNSPECIFIED.,.F.,.F.)
B_SPLINE_CURVE_WITH_KNOTS((2,2),(-6.0000000000004,0.),.UNSPECIFIED.)
CURVE()
GEOMETRIC_REPRESENTATION_ITEM()
RATIONAL_B_SPLINE_CURVE((1.,1.))
REPRESENTATION_ITEM('')
);
#1425=(
BOUNDED_CURVE()
B_SPLINE_CURVE(5,(#2503,#2504,#2505,#2506,#2507,#2508),.UNSPECIFIED.,.F.,
 .F.)
B_SPLINE_CURVE_WITH_KNOTS((6,6),(0.,0.374574753561825),.UNSPECIFIED.)
CURVE()
GEOMETRIC_REPRESENTATION_ITEM()
RATIONAL_B_SPLINE_CURVE((1.,1.,1.,1.,1.,1.))
REPRESENTATION_ITEM('')
);
#1426=(
BOUNDED_CURVE()
B_SPLINE_CURVE(2,(#2509,#2510,#2511,#2512,#2513),.UNSPECIFIED.,.F.,.F.)
B_SPLINE_CURVE_WITH_KNOTS((3,2,3),(-4.00000000000017,-2.00000000000011,
0.),.UNSPECIFIED.)
CURVE()
GEOMETRIC_REPRESENTATION_ITEM()
RATIONAL_B_SPLINE_CURVE((1.,0.707106781186527,1.,0.707106781186527,1.))
REPRESENTATION_ITEM('')
);
#1427=(
BOUNDED_CURVE()
B_SPLINE_CURVE(2,(#2516,#2517,#2518,#2519,#2520),.UNSPECIFIED.,.F.,.F.)
B_SPLINE_CURVE_WITH_KNOTS((3,2,3),(-3.99999999999996,-1.99999999999998,
0.),.UNSPECIFIED.)
CURVE()
GEOMETRIC_REPRESENTATION_ITEM()
RATIONAL_B_SPLINE_CURVE((1.,0.707106781186548,1.,0.707106781186548,1.))
REPRESENTATION_ITEM('')
);
#1428=(
BOUNDED_CURVE()
B_SPLINE_CURVE(2,(#2525,#2526,#2527),.UNSPECIFIED.,.F.,.F.)
B_SPLINE_CURVE_WITH_KNOTS((3,3),(0.,8.71779925100699),.UNSPECIFIED.)
CURVE()
GEOMETRIC_REPRESENTATION_ITEM()
RATIONAL_B_SPLINE_CURVE((1.,1.,1.))
REPRESENTATION_ITEM('')
);
#1429=(
BOUNDED_CURVE()
B_SPLINE_CURVE(1,(#2544,#2545),.UNSPECIFIED.,.F.,.F.)
B_SPLINE_CURVE_WITH_KNOTS((2,2),(0.,2.25),.UNSPECIFIED.)
CURVE()
GEOMETRIC_REPRESENTATION_ITEM()
RATIONAL_B_SPLINE_CURVE((1.,1.))
REPRESENTATION_ITEM('')
);
#1430=(
BOUNDED_CURVE()
B_SPLINE_CURVE(2,(#2546,#2547,#2548),.UNSPECIFIED.,.F.,.F.)
B_SPLINE_CURVE_WITH_KNOTS((3,3),(-3.05000000000017,-2.32263553793797),
 .UNSPECIFIED.)
CURVE()
GEOMETRIC_REPRESENTATION_ITEM()
RATIONAL_B_SPLINE_CURVE((1.,0.983960526887512,1.))
REPRESENTATION_ITEM('')
);
#1431=(
BOUNDED_CURVE()
B_SPLINE_CURVE(2,(#2549,#2550,#2551),.UNSPECIFIED.,.F.,.F.)
B_SPLINE_CURVE_WITH_KNOTS((3,3),(0.,4.13437977320437),.UNSPECIFIED.)
CURVE()
GEOMETRIC_REPRESENTATION_ITEM()
RATIONAL_B_SPLINE_CURVE((1.,0.749588404655977,1.))
REPRESENTATION_ITEM('')
);
#1432=(
BOUNDED_CURVE()
B_SPLINE_CURVE(1,(#2552,#2553),.UNSPECIFIED.,.F.,.F.)
B_SPLINE_CURVE_WITH_KNOTS((2,2),(-2.25,0.),.UNSPECIFIED.)
CURVE()
GEOMETRIC_REPRESENTATION_ITEM()
RATIONAL_B_SPLINE_CURVE((1.,1.))
REPRESENTATION_ITEM('')
);
#1433=(
BOUNDED_CURVE()
B_SPLINE_CURVE(1,(#2554,#2555),.UNSPECIFIED.,.F.,.F.)
B_SPLINE_CURVE_WITH_KNOTS((2,2),(0.,2.25),.UNSPECIFIED.)
CURVE()
GEOMETRIC_REPRESENTATION_ITEM()
RATIONAL_B_SPLINE_CURVE((1.,1.))
REPRESENTATION_ITEM('')
);
#1434=(
BOUNDED_CURVE()
B_SPLINE_CURVE(5,(#2556,#2557,#2558,#2559,#2560,#2561),.UNSPECIFIED.,.F.,
 .F.)
B_SPLINE_CURVE_WITH_KNOTS((6,6),(-2.54300471164352,0.),.UNSPECIFIED.)
CURVE()
GEOMETRIC_REPRESENTATION_ITEM()
RATIONAL_B_SPLINE_CURVE((1.,1.,1.,1.,1.,1.))
REPRESENTATION_ITEM('')
);
#1435=(
BOUNDED_CURVE()
B_SPLINE_CURVE(5,(#2562,#2563,#2564,#2565,#2566,#2567),.UNSPECIFIED.,.F.,
 .F.)
B_SPLINE_CURVE_WITH_KNOTS((6,6),(-2.54300471164352,0.),.UNSPECIFIED.)
CURVE()
GEOMETRIC_REPRESENTATION_ITEM()
RATIONAL_B_SPLINE_CURVE((1.,1.,1.,1.,1.,1.))
REPRESENTATION_ITEM('')
);
#1436=(
BOUNDED_CURVE()
B_SPLINE_CURVE(2,(#2568,#2569,#2570,#2571,#2572),.UNSPECIFIED.,.F.,.F.)
B_SPLINE_CURVE_WITH_KNOTS((3,2,3),(-3.99999999999998,-1.99999999999999,
0.),.UNSPECIFIED.)
CURVE()
GEOMETRIC_REPRESENTATION_ITEM()
RATIONAL_B_SPLINE_CURVE((1.,0.707106781186548,1.,0.707106781186548,1.))
REPRESENTATION_ITEM('')
);
#1437=(
BOUNDED_CURVE()
B_SPLINE_CURVE(2,(#2575,#2576,#2577,#2578,#2579),.UNSPECIFIED.,.F.,.F.)
B_SPLINE_CURVE_WITH_KNOTS((3,2,3),(-4.,-2.,0.),.UNSPECIFIED.)
CURVE()
GEOMETRIC_REPRESENTATION_ITEM()
RATIONAL_B_SPLINE_CURVE((1.,0.707106781186548,1.,0.707106781186548,1.))
REPRESENTATION_ITEM('')
);
#1438=(
BOUNDED_CURVE()
B_SPLINE_CURVE(2,(#2582,#2583,#2584,#2585,#2586),.UNSPECIFIED.,.F.,.F.)
B_SPLINE_CURVE_WITH_KNOTS((3,2,3),(0.,2.,4.),.UNSPECIFIED.)
CURVE()
GEOMETRIC_REPRESENTATION_ITEM()
RATIONAL_B_SPLINE_CURVE((1.,0.707106781186548,1.,0.707106781186548,1.))
REPRESENTATION_ITEM('')
);
#1439=(
BOUNDED_CURVE()
B_SPLINE_CURVE(2,(#2587,#2588,#2589,#2590,#2591),.UNSPECIFIED.,.F.,.F.)
B_SPLINE_CURVE_WITH_KNOTS((3,2,3),(-3.60000000000004,-1.80000000000001,
0.),.UNSPECIFIED.)
CURVE()
GEOMETRIC_REPRESENTATION_ITEM()
RATIONAL_B_SPLINE_CURVE((1.,0.707106781186548,1.,0.707106781186548,1.))
REPRESENTATION_ITEM('')
);
#1440=(
BOUNDED_CURVE()
B_SPLINE_CURVE(1,(#2592,#2593),.UNSPECIFIED.,.F.,.F.)
B_SPLINE_CURVE_WITH_KNOTS((2,2),(-3.89178058907792,0.),.UNSPECIFIED.)
CURVE()
GEOMETRIC_REPRESENTATION_ITEM()
RATIONAL_B_SPLINE_CURVE((1.,1.))
REPRESENTATION_ITEM('')
);
#1441=(
BOUNDED_CURVE()
B_SPLINE_CURVE(2,(#2594,#2595,#2596,#2597,#2598),.UNSPECIFIED.,.F.,.F.)
B_SPLINE_CURVE_WITH_KNOTS((3,2,3),(-3.60000000000008,-1.80000000000004,
0.),.UNSPECIFIED.)
CURVE()
GEOMETRIC_REPRESENTATION_ITEM()
RATIONAL_B_SPLINE_CURVE((1.,0.707106781186548,1.,0.707106781186548,1.))
REPRESENTATION_ITEM('')
);
#1442=(
BOUNDED_CURVE()
B_SPLINE_CURVE(1,(#2599,#2600),.UNSPECIFIED.,.F.,.F.)
B_SPLINE_CURVE_WITH_KNOTS((2,2),(-3.89178058907792,0.),.UNSPECIFIED.)
CURVE()
GEOMETRIC_REPRESENTATION_ITEM()
RATIONAL_B_SPLINE_CURVE((1.,1.))
REPRESENTATION_ITEM('')
);
#1443=(
BOUNDED_CURVE()
B_SPLINE_CURVE(2,(#2601,#2602,#2603,#2604,#2605),.UNSPECIFIED.,.F.,.F.)
B_SPLINE_CURVE_WITH_KNOTS((3,2,3),(-3.5999999999998,-1.79999999999984,0.),
 .UNSPECIFIED.)
CURVE()
GEOMETRIC_REPRESENTATION_ITEM()
RATIONAL_B_SPLINE_CURVE((1.,0.707106781186559,1.,0.707106781186559,1.))
REPRESENTATION_ITEM('')
);
#1444=(
BOUNDED_CURVE()
B_SPLINE_CURVE(1,(#2606,#2607),.UNSPECIFIED.,.F.,.F.)
B_SPLINE_CURVE_WITH_KNOTS((2,2),(-3.89178058907792,0.),.UNSPECIFIED.)
CURVE()
GEOMETRIC_REPRESENTATION_ITEM()
RATIONAL_B_SPLINE_CURVE((1.,1.))
REPRESENTATION_ITEM('')
);
#1445=(
BOUNDED_CURVE()
B_SPLINE_CURVE(2,(#2608,#2609,#2610,#2611,#2612),.UNSPECIFIED.,.F.,.F.)
B_SPLINE_CURVE_WITH_KNOTS((3,2,3),(-3.60000000000008,-1.80000000000004,
0.),.UNSPECIFIED.)
CURVE()
GEOMETRIC_REPRESENTATION_ITEM()
RATIONAL_B_SPLINE_CURVE((1.,0.707106781186548,1.,0.707106781186548,1.))
REPRESENTATION_ITEM('')
);
#1446=(
BOUNDED_CURVE()
B_SPLINE_CURVE(1,(#2613,#2614),.UNSPECIFIED.,.F.,.F.)
B_SPLINE_CURVE_WITH_KNOTS((2,2),(-3.89178058907792,0.),.UNSPECIFIED.)
CURVE()
GEOMETRIC_REPRESENTATION_ITEM()
RATIONAL_B_SPLINE_CURVE((1.,1.))
REPRESENTATION_ITEM('')
);
#1447=(
BOUNDED_CURVE()
B_SPLINE_CURVE(2,(#2627,#2628,#2629),.UNSPECIFIED.,.F.,.F.)
B_SPLINE_CURVE_WITH_KNOTS((3,3),(-2.76911936714183,0.),.UNSPECIFIED.)
CURVE()
GEOMETRIC_REPRESENTATION_ITEM()
RATIONAL_B_SPLINE_CURVE((1.,0.913068674557916,1.))
REPRESENTATION_ITEM('')
);
#1448=(
BOUNDED_CURVE()
B_SPLINE_CURVE(2,(#2630,#2631,#2632),.UNSPECIFIED.,.F.,.F.)
B_SPLINE_CURVE_WITH_KNOTS((3,3),(-0.581072473987245,0.),.UNSPECIFIED.)
CURVE()
GEOMETRIC_REPRESENTATION_ITEM()
RATIONAL_B_SPLINE_CURVE((1.,0.995636875025661,1.))
REPRESENTATION_ITEM('')
);
#1449=(
BOUNDED_CURVE()
B_SPLINE_CURVE(2,(#2635,#2636,#2637),.UNSPECIFIED.,.F.,.F.)
B_SPLINE_CURVE_WITH_KNOTS((3,3),(0.,1.48806240513898),.UNSPECIFIED.)
CURVE()
GEOMETRIC_REPRESENTATION_ITEM()
RATIONAL_B_SPLINE_CURVE((1.,1.,1.))
REPRESENTATION_ITEM('')
);
#1450=(
BOUNDED_CURVE()
B_SPLINE_CURVE(2,(#2640,#2641,#2642,#2643,#2644),.UNSPECIFIED.,.F.,.F.)
B_SPLINE_CURVE_WITH_KNOTS((3,2,3),(0.,0.423987299582961,20.945084646983),
 .UNSPECIFIED.)
CURVE()
GEOMETRIC_REPRESENTATION_ITEM()
RATIONAL_B_SPLINE_CURVE((1.,1.,1.,1.,1.))
REPRESENTATION_ITEM('')
);
#1451=(
BOUNDED_CURVE()
B_SPLINE_CURVE(2,(#2647,#2648,#2649,#2650,#2651),.UNSPECIFIED.,.F.,.F.)
B_SPLINE_CURVE_WITH_KNOTS((3,2,3),(0.,7.20605369901503,7.63004099859799),
 .UNSPECIFIED.)
CURVE()
GEOMETRIC_REPRESENTATION_ITEM()
RATIONAL_B_SPLINE_CURVE((1.,1.,1.,1.,1.))
REPRESENTATION_ITEM('')
);
#1452=(
BOUNDED_CURVE()
B_SPLINE_CURVE(2,(#2654,#2655,#2656),.UNSPECIFIED.,.F.,.F.)
B_SPLINE_CURVE_WITH_KNOTS((3,3),(-2.76911936714242,0.),.UNSPECIFIED.)
CURVE()
GEOMETRIC_REPRESENTATION_ITEM()
RATIONAL_B_SPLINE_CURVE((1.,0.913068674558088,1.))
REPRESENTATION_ITEM('')
);
#1453=(
BOUNDED_CURVE()
B_SPLINE_CURVE(2,(#2657,#2658,#2659),.UNSPECIFIED.,.F.,.F.)
B_SPLINE_CURVE_WITH_KNOTS((3,3),(-0.581072473988297,0.),.UNSPECIFIED.)
CURVE()
GEOMETRIC_REPRESENTATION_ITEM()
RATIONAL_B_SPLINE_CURVE((1.,0.995636875025651,1.))
REPRESENTATION_ITEM('')
);
#1454=(
BOUNDED_CURVE()
B_SPLINE_CURVE(2,(#2660,#2661,#2662,#2663,#2664),.UNSPECIFIED.,.F.,.F.)
B_SPLINE_CURVE_WITH_KNOTS((3,2,3),(-3.99999999999996,-1.99999999999998,
0.),.UNSPECIFIED.)
CURVE()
GEOMETRIC_REPRESENTATION_ITEM()
RATIONAL_B_SPLINE_CURVE((1.,0.707106781186548,1.,0.707106781186548,1.))
REPRESENTATION_ITEM('')
);
#1455=(
BOUNDED_CURVE()
B_SPLINE_CURVE(2,(#2665,#2666,#2667,#2668,#2669),.UNSPECIFIED.,.F.,.F.)
B_SPLINE_CURVE_WITH_KNOTS((3,2,3),(-4.00000000000023,-2.00000000000017,
0.),.UNSPECIFIED.)
CURVE()
GEOMETRIC_REPRESENTATION_ITEM()
RATIONAL_B_SPLINE_CURVE((1.,0.707106781186527,1.,0.707106781186527,1.))
REPRESENTATION_ITEM('')
);
#1456=(
BOUNDED_CURVE()
B_SPLINE_CURVE(2,(#2670,#2671,#2672,#2673,#2674),.UNSPECIFIED.,.F.,.F.)
B_SPLINE_CURVE_WITH_KNOTS((3,2,3),(-3.99999999999998,-1.99999999999999,
0.),.UNSPECIFIED.)
CURVE()
GEOMETRIC_REPRESENTATION_ITEM()
RATIONAL_B_SPLINE_CURVE((1.,0.707106781186548,1.,0.707106781186548,1.))
REPRESENTATION_ITEM('')
);
#1457=(
BOUNDED_CURVE()
B_SPLINE_CURVE(2,(#2675,#2676,#2677,#2678,#2679),.UNSPECIFIED.,.F.,.F.)
B_SPLINE_CURVE_WITH_KNOTS((3,2,3),(-3.60000000000004,-1.80000000000001,
0.),.UNSPECIFIED.)
CURVE()
GEOMETRIC_REPRESENTATION_ITEM()
RATIONAL_B_SPLINE_CURVE((1.,0.707106781186548,1.,0.707106781186548,1.))
REPRESENTATION_ITEM('')
);
#1458=(
BOUNDED_CURVE()
B_SPLINE_CURVE(2,(#2680,#2681,#2682,#2683,#2684),.UNSPECIFIED.,.F.,.F.)
B_SPLINE_CURVE_WITH_KNOTS((3,2,3),(-3.59999999999987,-1.79999999999994,
0.),.UNSPECIFIED.)
CURVE()
GEOMETRIC_REPRESENTATION_ITEM()
RATIONAL_B_SPLINE_CURVE((1.,0.70710678118657,1.,0.70710678118657,1.))
REPRESENTATION_ITEM('')
);
#1459=(
BOUNDED_CURVE()
B_SPLINE_CURVE(2,(#2685,#2686,#2687,#2688,#2689),.UNSPECIFIED.,.F.,.F.)
B_SPLINE_CURVE_WITH_KNOTS((3,2,3),(-3.60000000000007,-1.80000000000004,
0.),.UNSPECIFIED.)
CURVE()
GEOMETRIC_REPRESENTATION_ITEM()
RATIONAL_B_SPLINE_CURVE((1.,0.707106781186536,1.,0.707106781186536,1.))
REPRESENTATION_ITEM('')
);
#1460=(
BOUNDED_CURVE()
B_SPLINE_CURVE(2,(#2690,#2691,#2692,#2693,#2694),.UNSPECIFIED.,.F.,.F.)
B_SPLINE_CURVE_WITH_KNOTS((3,2,3),(-3.59999999999998,-1.79999999999998,
0.),.UNSPECIFIED.)
CURVE()
GEOMETRIC_REPRESENTATION_ITEM()
RATIONAL_B_SPLINE_CURVE((1.,0.707106781186559,1.,0.707106781186559,1.))
REPRESENTATION_ITEM('')
);
#1461=(
BOUNDED_CURVE()
B_SPLINE_CURVE(2,(#2695,#2696,#2697),.UNSPECIFIED.,.F.,.F.)
B_SPLINE_CURVE_WITH_KNOTS((3,3),(-3.05000000000405,0.),.UNSPECIFIED.)
CURVE()
GEOMETRIC_REPRESENTATION_ITEM()
RATIONAL_B_SPLINE_CURVE((1.,0.707106781185572,1.))
REPRESENTATION_ITEM('')
);
#1462=(
BOUNDED_CURVE()
B_SPLINE_CURVE(2,(#2698,#2699,#2700),.UNSPECIFIED.,.F.,.F.)
B_SPLINE_CURVE_WITH_KNOTS((3,3),(-5.00000000000405,-3.05000000000405),
 .UNSPECIFIED.)
CURVE()
GEOMETRIC_REPRESENTATION_ITEM()
RATIONAL_B_SPLINE_CURVE((1.,1.,1.))
REPRESENTATION_ITEM('')
);
#1463=(
BOUNDED_CURVE()
B_SPLINE_CURVE(2,(#2701,#2702,#2703),.UNSPECIFIED.,.F.,.F.)
B_SPLINE_CURVE_WITH_KNOTS((3,3),(-8.0500000000083,-5.00000000000405),
 .UNSPECIFIED.)
CURVE()
GEOMETRIC_REPRESENTATION_ITEM()
RATIONAL_B_SPLINE_CURVE((1.,0.707106781185558,1.))
REPRESENTATION_ITEM('')
);
#1464=(
BOUNDED_CURVE()
B_SPLINE_CURVE(1,(#2704,#2705,#2706),.UNSPECIFIED.,.F.,.F.)
B_SPLINE_CURVE_WITH_KNOTS((2,1,2),(0.,4.13984940631795,6.89178058907793),
 .UNSPECIFIED.)
CURVE()
GEOMETRIC_REPRESENTATION_ITEM()
RATIONAL_B_SPLINE_CURVE((1.,1.,1.))
REPRESENTATION_ITEM('')
);
#1465=(
BOUNDED_CURVE()
B_SPLINE_CURVE(1,(#2707,#2708,#2709),.UNSPECIFIED.,.F.,.F.)
B_SPLINE_CURVE_WITH_KNOTS((2,1,2),(-4.13984940631795,0.,2.75193118275998),
 .UNSPECIFIED.)
CURVE()
GEOMETRIC_REPRESENTATION_ITEM()
RATIONAL_B_SPLINE_CURVE((1.,1.,1.))
REPRESENTATION_ITEM('')
);
#1466=(
BOUNDED_CURVE()
B_SPLINE_CURVE(2,(#2712,#2713,#2714),.UNSPECIFIED.,.F.,.F.)
B_SPLINE_CURVE_WITH_KNOTS((3,3),(0.,4.13437977320439),.UNSPECIFIED.)
CURVE()
GEOMETRIC_REPRESENTATION_ITEM()
RATIONAL_B_SPLINE_CURVE((1.,0.749588404655958,1.))
REPRESENTATION_ITEM('')
);
#1467=(
BOUNDED_CURVE()
B_SPLINE_CURVE(2,(#2715,#2716,#2717),.UNSPECIFIED.,.F.,.F.)
B_SPLINE_CURVE_WITH_KNOTS((3,3),(0.,4.13437977320416),.UNSPECIFIED.)
CURVE()
GEOMETRIC_REPRESENTATION_ITEM()
RATIONAL_B_SPLINE_CURVE((1.,0.749588404655999,1.))
REPRESENTATION_ITEM('')
);
#1468=(
BOUNDED_CURVE()
B_SPLINE_CURVE(2,(#2718,#2719,#2720),.UNSPECIFIED.,.F.,.F.)
B_SPLINE_CURVE_WITH_KNOTS((3,3),(31.5585560338946,32.8421504810056),
 .UNSPECIFIED.)
CURVE()
GEOMETRIC_REPRESENTATION_ITEM()
RATIONAL_B_SPLINE_CURVE((1.,0.923879496624931,1.))
REPRESENTATION_ITEM('')
);
#1469=(
BOUNDED_CURVE()
B_SPLINE_CURVE(5,(#2721,#2722,#2723,#2724,#2725,#2726),.UNSPECIFIED.,.F.,
 .F.)
B_SPLINE_CURVE_WITH_KNOTS((6,6),(32.8421504810056,34.1036728499202),
 .UNSPECIFIED.)
CURVE()
GEOMETRIC_REPRESENTATION_ITEM()
RATIONAL_B_SPLINE_CURVE((1.,1.,1.,1.,1.,1.))
REPRESENTATION_ITEM('')
);
#1470=(
BOUNDED_CURVE()
B_SPLINE_CURVE(2,(#2727,#2728,#2729),.UNSPECIFIED.,.F.,.F.)
B_SPLINE_CURVE_WITH_KNOTS((3,3),(34.1036728499202,35.3877348932764),
 .UNSPECIFIED.)
CURVE()
GEOMETRIC_REPRESENTATION_ITEM()
RATIONAL_B_SPLINE_CURVE((1.,0.923879532511376,1.))
REPRESENTATION_ITEM('')
);
#1471=(
BOUNDED_CURVE()
B_SPLINE_CURVE(2,(#2732,#2733,#2734,#2735,#2736),.UNSPECIFIED.,.F.,.F.)
B_SPLINE_CURVE_WITH_KNOTS((3,2,3),(36.0953635900124,36.7475574033983,37.3997512167841),
 .UNSPECIFIED.)
CURVE()
GEOMETRIC_REPRESENTATION_ITEM()
RATIONAL_B_SPLINE_CURVE((1.,0.918066465357198,1.,0.918066465357198,1.))
REPRESENTATION_ITEM('')
);
#1472=(
BOUNDED_CURVE()
B_SPLINE_CURVE(5,(#2737,#2738,#2739,#2740,#2741,#2742),.UNSPECIFIED.,.F.,
 .F.)
B_SPLINE_CURVE_WITH_KNOTS((6,6),(37.3997512167841,39.4371774608406),
 .UNSPECIFIED.)
CURVE()
GEOMETRIC_REPRESENTATION_ITEM()
RATIONAL_B_SPLINE_CURVE((1.,1.,1.,1.,1.,1.))
REPRESENTATION_ITEM('')
);
#1473=(
BOUNDED_CURVE()
B_SPLINE_CURVE(2,(#2743,#2744,#2745),.UNSPECIFIED.,.F.,.F.)
B_SPLINE_CURVE_WITH_KNOTS((3,3),(-32.8421504810056,-31.5585560339343),
 .UNSPECIFIED.)
CURVE()
GEOMETRIC_REPRESENTATION_ITEM()
RATIONAL_B_SPLINE_CURVE((1.,0.923879496624972,1.))
REPRESENTATION_ITEM('')
);
#1474=(
BOUNDED_CURVE()
B_SPLINE_CURVE(5,(#2746,#2747,#2748,#2749,#2750,#2751),.UNSPECIFIED.,.F.,
 .F.)
B_SPLINE_CURVE_WITH_KNOTS((6,6),(-34.1036728499202,-32.8421504810056),
 .UNSPECIFIED.)
CURVE()
GEOMETRIC_REPRESENTATION_ITEM()
RATIONAL_B_SPLINE_CURVE((1.,1.,1.,1.,1.,1.))
REPRESENTATION_ITEM('')
);
#1475=(
BOUNDED_CURVE()
B_SPLINE_CURVE(2,(#2752,#2753,#2754),.UNSPECIFIED.,.F.,.F.)
B_SPLINE_CURVE_WITH_KNOTS((3,3),(-35.3877348932764,-34.1036728499202),
 .UNSPECIFIED.)
CURVE()
GEOMETRIC_REPRESENTATION_ITEM()
RATIONAL_B_SPLINE_CURVE((1.,0.92387953251135,1.))
REPRESENTATION_ITEM('')
);
#1476=(
BOUNDED_CURVE()
B_SPLINE_CURVE(2,(#2757,#2758,#2759,#2760,#2761),.UNSPECIFIED.,.F.,.F.)
B_SPLINE_CURVE_WITH_KNOTS((3,2,3),(-37.3997512167841,-36.7475574033983,
-36.0953635900124),.UNSPECIFIED.)
CURVE()
GEOMETRIC_REPRESENTATION_ITEM()
RATIONAL_B_SPLINE_CURVE((1.,0.918066465357199,1.,0.918066465357199,1.))
REPRESENTATION_ITEM('')
);
#1477=(
BOUNDED_CURVE()
B_SPLINE_CURVE(5,(#2762,#2763,#2764,#2765,#2766,#2767),.UNSPECIFIED.,.F.,
 .F.)
B_SPLINE_CURVE_WITH_KNOTS((6,6),(-39.4371774608406,-37.3997512167841),
 .UNSPECIFIED.)
CURVE()
GEOMETRIC_REPRESENTATION_ITEM()
RATIONAL_B_SPLINE_CURVE((1.,1.,1.,1.,1.,1.))
REPRESENTATION_ITEM('')
);
#1478=(
BOUNDED_CURVE()
B_SPLINE_CURVE(2,(#2768,#2769,#2770),.UNSPECIFIED.,.F.,.F.)
B_SPLINE_CURVE_WITH_KNOTS((3,3),(-32.8421504810056,-31.5585544815702),
 .UNSPECIFIED.)
CURVE()
GEOMETRIC_REPRESENTATION_ITEM()
RATIONAL_B_SPLINE_CURVE((1.,0.923879496624911,1.))
REPRESENTATION_ITEM('')
);
#1479=(
BOUNDED_CURVE()
B_SPLINE_CURVE(5,(#2771,#2772,#2773,#2774,#2775,#2776),.UNSPECIFIED.,.F.,
 .F.)
B_SPLINE_CURVE_WITH_KNOTS((6,6),(-34.1036728499202,-32.8421504810056),
 .UNSPECIFIED.)
CURVE()
GEOMETRIC_REPRESENTATION_ITEM()
RATIONAL_B_SPLINE_CURVE((1.,1.,1.,1.,1.,1.))
REPRESENTATION_ITEM('')
);
#1480=(
BOUNDED_CURVE()
B_SPLINE_CURVE(2,(#2777,#2778,#2779),.UNSPECIFIED.,.F.,.F.)
B_SPLINE_CURVE_WITH_KNOTS((3,3),(-35.3877348932764,-34.1036728499202),
 .UNSPECIFIED.)
CURVE()
GEOMETRIC_REPRESENTATION_ITEM()
RATIONAL_B_SPLINE_CURVE((1.,0.92387953251135,1.))
REPRESENTATION_ITEM('')
);
#1481=(
BOUNDED_CURVE()
B_SPLINE_CURVE(2,(#2780,#2781,#2782),.UNSPECIFIED.,.F.,.F.)
B_SPLINE_CURVE_WITH_KNOTS((3,3),(-12.7005467948943,-11.9929180981583),
 .UNSPECIFIED.)
CURVE()
GEOMETRIC_REPRESENTATION_ITEM()
RATIONAL_B_SPLINE_CURVE((1.,1.,1.))
REPRESENTATION_ITEM('')
);
#1482=(
BOUNDED_CURVE()
B_SPLINE_CURVE(2,(#2783,#2784,#2785,#2786,#2787),.UNSPECIFIED.,.F.,.F.)
B_SPLINE_CURVE_WITH_KNOTS((3,2,3),(-37.3997512167841,-36.7475574033983,
-36.0953635900124),.UNSPECIFIED.)
CURVE()
GEOMETRIC_REPRESENTATION_ITEM()
RATIONAL_B_SPLINE_CURVE((1.,0.918066465357199,1.,0.918066465357199,1.))
REPRESENTATION_ITEM('')
);
#1483=(
BOUNDED_CURVE()
B_SPLINE_CURVE(5,(#2788,#2789,#2790,#2791,#2792,#2793),.UNSPECIFIED.,.F.,
 .F.)
B_SPLINE_CURVE_WITH_KNOTS((6,6),(-39.4371774608406,-37.3997512167841),
 .UNSPECIFIED.)
CURVE()
GEOMETRIC_REPRESENTATION_ITEM()
RATIONAL_B_SPLINE_CURVE((1.,1.,1.,1.,1.,1.))
REPRESENTATION_ITEM('')
);
#1484=(
BOUNDED_CURVE()
B_SPLINE_CURVE(2,(#2794,#2795,#2796),.UNSPECIFIED.,.F.,.F.)
B_SPLINE_CURVE_WITH_KNOTS((3,3),(31.5585544815757,32.8421504810056),
 .UNSPECIFIED.)
CURVE()
GEOMETRIC_REPRESENTATION_ITEM()
RATIONAL_B_SPLINE_CURVE((1.,0.923879496624974,1.))
REPRESENTATION_ITEM('')
);
#1485=(
BOUNDED_CURVE()
B_SPLINE_CURVE(5,(#2797,#2798,#2799,#2800,#2801,#2802),.UNSPECIFIED.,.F.,
 .F.)
B_SPLINE_CURVE_WITH_KNOTS((6,6),(32.8421504810056,34.1036728499202),
 .UNSPECIFIED.)
CURVE()
GEOMETRIC_REPRESENTATION_ITEM()
RATIONAL_B_SPLINE_CURVE((1.,1.,1.,1.,1.,1.))
REPRESENTATION_ITEM('')
);
#1486=(
BOUNDED_CURVE()
B_SPLINE_CURVE(2,(#2803,#2804,#2805),.UNSPECIFIED.,.F.,.F.)
B_SPLINE_CURVE_WITH_KNOTS((3,3),(34.1036728499202,35.3877348932764),
 .UNSPECIFIED.)
CURVE()
GEOMETRIC_REPRESENTATION_ITEM()
RATIONAL_B_SPLINE_CURVE((1.,0.923879532511358,1.))
REPRESENTATION_ITEM('')
);
#1487=(
BOUNDED_CURVE()
B_SPLINE_CURVE(2,(#2806,#2807,#2808),.UNSPECIFIED.,.F.,.F.)
B_SPLINE_CURVE_WITH_KNOTS((3,3),(-21.4083562500879,-20.7007275533518),
 .UNSPECIFIED.)
CURVE()
GEOMETRIC_REPRESENTATION_ITEM()
RATIONAL_B_SPLINE_CURVE((1.,1.,1.))
REPRESENTATION_ITEM('')
);
#1488=(
BOUNDED_CURVE()
B_SPLINE_CURVE(2,(#2809,#2810,#2811,#2812,#2813),.UNSPECIFIED.,.F.,.F.)
B_SPLINE_CURVE_WITH_KNOTS((3,2,3),(36.0953635900124,36.7475574033983,37.3997512167841),
 .UNSPECIFIED.)
CURVE()
GEOMETRIC_REPRESENTATION_ITEM()
RATIONAL_B_SPLINE_CURVE((1.,0.918066465357192,1.,0.918066465357192,1.))
REPRESENTATION_ITEM('')
);
#1489=(
BOUNDED_CURVE()
B_SPLINE_CURVE(5,(#2814,#2815,#2816,#2817,#2818,#2819),.UNSPECIFIED.,.F.,
 .F.)
B_SPLINE_CURVE_WITH_KNOTS((6,6),(37.3997512167841,39.4371774608406),
 .UNSPECIFIED.)
CURVE()
GEOMETRIC_REPRESENTATION_ITEM()
RATIONAL_B_SPLINE_CURVE((1.,1.,1.,1.,1.,1.))
REPRESENTATION_ITEM('')
);
#1490=(
BOUNDED_CURVE()
B_SPLINE_CURVE(5,(#2820,#2821,#2822,#2823,#2824,#2825),.UNSPECIFIED.,.F.,
 .F.)
B_SPLINE_CURVE_WITH_KNOTS((6,6),(4.64203102167808,6.03623864347923),
 .UNSPECIFIED.)
CURVE()
GEOMETRIC_REPRESENTATION_ITEM()
RATIONAL_B_SPLINE_CURVE((1.,1.,1.,1.,1.,1.))
REPRESENTATION_ITEM('')
);
#1491=(
BOUNDED_CURVE()
B_SPLINE_CURVE(1,(#2828,#2829),.UNSPECIFIED.,.F.,.F.)
B_SPLINE_CURVE_WITH_KNOTS((2,2),(15.7499997524512,17.9999997524513),
 .UNSPECIFIED.)
CURVE()
GEOMETRIC_REPRESENTATION_ITEM()
RATIONAL_B_SPLINE_CURVE((1.,1.))
REPRESENTATION_ITEM('')
);
#1492=(
BOUNDED_CURVE()
B_SPLINE_CURVE(1,(#2830,#2831),.UNSPECIFIED.,.F.,.F.)
B_SPLINE_CURVE_WITH_KNOTS((2,2),(7.99999975245087,10.7499997524512),
 .UNSPECIFIED.)
CURVE()
GEOMETRIC_REPRESENTATION_ITEM()
RATIONAL_B_SPLINE_CURVE((1.,1.))
REPRESENTATION_ITEM('')
);
#1493=(
BOUNDED_CURVE()
B_SPLINE_CURVE(1,(#2832,#2833),.UNSPECIFIED.,.F.,.F.)
B_SPLINE_CURVE_WITH_KNOTS((2,2),(15.7499997524485,17.9999997524513),
 .UNSPECIFIED.)
CURVE()
GEOMETRIC_REPRESENTATION_ITEM()
RATIONAL_B_SPLINE_CURVE((1.,1.))
REPRESENTATION_ITEM('')
);
#1494=(
BOUNDED_CURVE()
B_SPLINE_CURVE(1,(#2834,#2835),.UNSPECIFIED.,.F.,.F.)
B_SPLINE_CURVE_WITH_KNOTS((2,2),(7.99999975245087,10.7499997524512),
 .UNSPECIFIED.)
CURVE()
GEOMETRIC_REPRESENTATION_ITEM()
RATIONAL_B_SPLINE_CURVE((1.,1.))
REPRESENTATION_ITEM('')
);
#1495=(
BOUNDED_CURVE()
B_SPLINE_CURVE(1,(#2836,#2837),.UNSPECIFIED.,.F.,.F.)
B_SPLINE_CURVE_WITH_KNOTS((2,2),(15.7499997524473,17.9999997524513),
 .UNSPECIFIED.)
CURVE()
GEOMETRIC_REPRESENTATION_ITEM()
RATIONAL_B_SPLINE_CURVE((1.,1.))
REPRESENTATION_ITEM('')
);
#1496=(
BOUNDED_CURVE()
B_SPLINE_CURVE(1,(#2838,#2839),.UNSPECIFIED.,.F.,.F.)
B_SPLINE_CURVE_WITH_KNOTS((2,2),(7.99999975245087,10.7499997524512),
 .UNSPECIFIED.)
CURVE()
GEOMETRIC_REPRESENTATION_ITEM()
RATIONAL_B_SPLINE_CURVE((1.,1.))
REPRESENTATION_ITEM('')
);
#1497=(
BOUNDED_CURVE()
B_SPLINE_CURVE(1,(#2840,#2841),.UNSPECIFIED.,.F.,.F.)
B_SPLINE_CURVE_WITH_KNOTS((2,2),(15.7499997524458,17.9999997524513),
 .UNSPECIFIED.)
CURVE()
GEOMETRIC_REPRESENTATION_ITEM()
RATIONAL_B_SPLINE_CURVE((1.,1.))
REPRESENTATION_ITEM('')
);
#1498=(
BOUNDED_CURVE()
B_SPLINE_CURVE(1,(#2842,#2843),.UNSPECIFIED.,.F.,.F.)
B_SPLINE_CURVE_WITH_KNOTS((2,2),(7.99999975245087,10.7499997524512),
 .UNSPECIFIED.)
CURVE()
GEOMETRIC_REPRESENTATION_ITEM()
RATIONAL_B_SPLINE_CURVE((1.,1.))
REPRESENTATION_ITEM('')
);
#1499=(
BOUNDED_CURVE()
B_SPLINE_CURVE(1,(#2844,#2845),.UNSPECIFIED.,.F.,.F.)
B_SPLINE_CURVE_WITH_KNOTS((2,2),(15.7499997524448,17.9999997524513),
 .UNSPECIFIED.)
CURVE()
GEOMETRIC_REPRESENTATION_ITEM()
RATIONAL_B_SPLINE_CURVE((1.,1.))
REPRESENTATION_ITEM('')
);
#1500=(
BOUNDED_CURVE()
B_SPLINE_CURVE(1,(#2846,#2847),.UNSPECIFIED.,.F.,.F.)
B_SPLINE_CURVE_WITH_KNOTS((2,2),(7.99999975245087,10.7499997524512),
 .UNSPECIFIED.)
CURVE()
GEOMETRIC_REPRESENTATION_ITEM()
RATIONAL_B_SPLINE_CURVE((1.,1.))
REPRESENTATION_ITEM('')
);
#1501=(
BOUNDED_CURVE()
B_SPLINE_CURVE(1,(#2848,#2849),.UNSPECIFIED.,.F.,.F.)
B_SPLINE_CURVE_WITH_KNOTS((2,2),(15.7499997524437,17.9999997524513),
 .UNSPECIFIED.)
CURVE()
GEOMETRIC_REPRESENTATION_ITEM()
RATIONAL_B_SPLINE_CURVE((1.,1.))
REPRESENTATION_ITEM('')
);
#1502=(
BOUNDED_CURVE()
B_SPLINE_CURVE(1,(#2850,#2851),.UNSPECIFIED.,.F.,.F.)
B_SPLINE_CURVE_WITH_KNOTS((2,2),(7.99999975245087,10.7499997524512),
 .UNSPECIFIED.)
CURVE()
GEOMETRIC_REPRESENTATION_ITEM()
RATIONAL_B_SPLINE_CURVE((1.,1.))
REPRESENTATION_ITEM('')
);
#1503=(
BOUNDED_CURVE()
B_SPLINE_CURVE(5,(#2852,#2853,#2854,#2855,#2856,#2857,#2858,#2859,#2860,
#2861,#2862,#2863,#2864,#2865,#2866,#2867,#2868,#2869,#2870,#2871,#2872),
 .UNSPECIFIED.,.F.,.F.)
B_SPLINE_CURVE_WITH_KNOTS((6,5,5,5,6),(-0.883185680012923,0.,1.34884012822613,
2.69768025645228,3.58086593646524),.UNSPECIFIED.)
CURVE()
GEOMETRIC_REPRESENTATION_ITEM()
RATIONAL_B_SPLINE_CURVE((1.,1.,1.,1.,1.,1.,0.965822934755958,0.948734402133937,
0.948734402133937,0.965822934755958,1.,0.965822934755956,0.948734402133934,
0.948734402133934,0.965822934755956,1.,1.,1.,1.,1.,1.))
REPRESENTATION_ITEM('')
);
#1504=(
BOUNDED_CURVE()
B_SPLINE_CURVE(5,(#2873,#2874,#2875,#2876,#2877,#2878,#2879,#2880,#2881,
#2882,#2883,#2884,#2885,#2886,#2887,#2888,#2889,#2890,#2891,#2892,#2893),
 .UNSPECIFIED.,.F.,.F.)
B_SPLINE_CURVE_WITH_KNOTS((6,5,5,5,6),(-0.883185680012952,-1.11022302462516E-16,
1.3488401282262,2.69768025645237,3.58086593646531),.UNSPECIFIED.)
CURVE()
GEOMETRIC_REPRESENTATION_ITEM()
RATIONAL_B_SPLINE_CURVE((1.,1.,1.,1.,1.,1.,0.96582293475594,0.94873440213391,
0.94873440213391,0.96582293475594,1.,0.965822934755953,0.94873440213393,
0.94873440213393,0.965822934755954,1.,1.,1.,1.,1.,1.))
REPRESENTATION_ITEM('')
);
#1505=(
BOUNDED_CURVE()
B_SPLINE_CURVE(5,(#2901,#2902,#2903,#2904,#2905,#2906),.UNSPECIFIED.,.F.,
 .F.)
B_SPLINE_CURVE_WITH_KNOTS((6,6),(1.39420762180098,2.78841524360197),
 .UNSPECIFIED.)
CURVE()
GEOMETRIC_REPRESENTATION_ITEM()
RATIONAL_B_SPLINE_CURVE((1.,1.,1.,1.,1.,1.))
REPRESENTATION_ITEM('')
);
#1506=(
BOUNDED_CURVE()
B_SPLINE_CURVE(2,(#2946,#2947,#2948),.UNSPECIFIED.,.F.,.F.)
B_SPLINE_CURVE_WITH_KNOTS((3,3),(3.05000000000405,5.00000000000405),
 .UNSPECIFIED.)
CURVE()
GEOMETRIC_REPRESENTATION_ITEM()
RATIONAL_B_SPLINE_CURVE((1.,1.,1.))
REPRESENTATION_ITEM('')
);
#1507=(
BOUNDED_CURVE()
B_SPLINE_CURVE(2,(#2989,#2990,#2991),.UNSPECIFIED.,.F.,.F.)
B_SPLINE_CURVE_WITH_KNOTS((3,3),(-0.727364462062135,0.),.UNSPECIFIED.)
CURVE()
GEOMETRIC_REPRESENTATION_ITEM()
RATIONAL_B_SPLINE_CURVE((1.,0.983960526887516,1.))
REPRESENTATION_ITEM('')
);
#1508=(
BOUNDED_CURVE()
B_SPLINE_CURVE(1,(#2994,#2995,#2996),.UNSPECIFIED.,.F.,.F.)
B_SPLINE_CURVE_WITH_KNOTS((2,1,2),(0.305065738357546,4.13984940631795,6.89178058907793),
 .UNSPECIFIED.)
CURVE()
GEOMETRIC_REPRESENTATION_ITEM()
RATIONAL_B_SPLINE_CURVE((1.,1.,1.))
REPRESENTATION_ITEM('')
);
#1509=(
BOUNDED_CURVE()
B_SPLINE_CURVE(1,(#2997,#2998,#2999),.UNSPECIFIED.,.F.,.F.)
B_SPLINE_CURVE_WITH_KNOTS((2,1,2),(-3.8347836679604,0.,2.75193118275998),
 .UNSPECIFIED.)
CURVE()
GEOMETRIC_REPRESENTATION_ITEM()
RATIONAL_B_SPLINE_CURVE((1.,1.,1.))
REPRESENTATION_ITEM('')
);
#1510=(
BOUNDED_CURVE()
B_SPLINE_CURVE(1,(#3072,#3073),.UNSPECIFIED.,.F.,.F.)
B_SPLINE_CURVE_WITH_KNOTS((2,2),(0.,1.83595934960748),.UNSPECIFIED.)
CURVE()
GEOMETRIC_REPRESENTATION_ITEM()
RATIONAL_B_SPLINE_CURVE((1.,1.))
REPRESENTATION_ITEM('')
);
#1511=(
BOUNDED_CURVE()
B_SPLINE_CURVE(2,(#3074,#3075,#3076,#3077,#3078),.UNSPECIFIED.,.F.,.F.)
B_SPLINE_CURVE_WITH_KNOTS((3,2,3),(-15.1245687743722,-11.3434265807782,
-7.56228438718415),.UNSPECIFIED.)
CURVE()
GEOMETRIC_REPRESENTATION_ITEM()
RATIONAL_B_SPLINE_CURVE((1.,0.707106781186463,1.,0.707106781186463,1.))
REPRESENTATION_ITEM('')
);
#1512=(
BOUNDED_CURVE()
B_SPLINE_CURVE(1,(#3079,#3080),.UNSPECIFIED.,.F.,.F.)
B_SPLINE_CURVE_WITH_KNOTS((2,2),(0.,1.83595934960748),.UNSPECIFIED.)
CURVE()
GEOMETRIC_REPRESENTATION_ITEM()
RATIONAL_B_SPLINE_CURVE((1.,1.))
REPRESENTATION_ITEM('')
);
#1513=(
BOUNDED_CURVE()
B_SPLINE_CURVE(2,(#3081,#3082,#3083,#3084,#3085),.UNSPECIFIED.,.F.,.F.)
B_SPLINE_CURVE_WITH_KNOTS((3,2,3),(-7.56228438718415,-3.78114219359207,
0.),.UNSPECIFIED.)
CURVE()
GEOMETRIC_REPRESENTATION_ITEM()
RATIONAL_B_SPLINE_CURVE((1.,0.707106781186643,1.,0.707106781186643,1.))
REPRESENTATION_ITEM('')
);
#1514=(
BOUNDED_CURVE()
B_SPLINE_CURVE(1,(#3352,#3353),.UNSPECIFIED.,.F.,.F.)
B_SPLINE_CURVE_WITH_KNOTS((2,2),(-2.7500000000007,0.),.UNSPECIFIED.)
CURVE()
GEOMETRIC_REPRESENTATION_ITEM()
RATIONAL_B_SPLINE_CURVE((1.,1.))
REPRESENTATION_ITEM('')
);
#1515=(
BOUNDED_CURVE()
B_SPLINE_CURVE(2,(#3354,#3355,#3356),.UNSPECIFIED.,.F.,.F.)
B_SPLINE_CURVE_WITH_KNOTS((3,3),(0.,4.13437977320421),.UNSPECIFIED.)
CURVE()
GEOMETRIC_REPRESENTATION_ITEM()
RATIONAL_B_SPLINE_CURVE((1.,0.74958840465599,1.))
REPRESENTATION_ITEM('')
);
#1516=(
BOUNDED_CURVE()
B_SPLINE_CURVE(1,(#3357,#3358),.UNSPECIFIED.,.F.,.F.)
B_SPLINE_CURVE_WITH_KNOTS((2,2),(0.,2.7500000000004),.UNSPECIFIED.)
CURVE()
GEOMETRIC_REPRESENTATION_ITEM()
RATIONAL_B_SPLINE_CURVE((1.,1.))
REPRESENTATION_ITEM('')
);
#1517=(
BOUNDED_CURVE()
B_SPLINE_CURVE(5,(#3359,#3360,#3361,#3362,#3363,#3364),.UNSPECIFIED.,.F.,
 .F.)
B_SPLINE_CURVE_WITH_KNOTS((6,6),(0.,2.54300471164352),.UNSPECIFIED.)
CURVE()
GEOMETRIC_REPRESENTATION_ITEM()
RATIONAL_B_SPLINE_CURVE((1.,1.,1.,1.,1.,1.))
REPRESENTATION_ITEM('')
);
#1518=(
BOUNDED_CURVE()
B_SPLINE_CURVE(1,(#3365,#3366),.UNSPECIFIED.,.F.,.F.)
B_SPLINE_CURVE_WITH_KNOTS((2,2),(-2.7500000000007,0.),.UNSPECIFIED.)
CURVE()
GEOMETRIC_REPRESENTATION_ITEM()
RATIONAL_B_SPLINE_CURVE((1.,1.))
REPRESENTATION_ITEM('')
);
#1519=(
BOUNDED_CURVE()
B_SPLINE_CURVE(5,(#3367,#3368,#3369,#3370,#3371,#3372),.UNSPECIFIED.,.F.,
 .F.)
B_SPLINE_CURVE_WITH_KNOTS((6,6),(0.,2.54300471164352),.UNSPECIFIED.)
CURVE()
GEOMETRIC_REPRESENTATION_ITEM()
RATIONAL_B_SPLINE_CURVE((1.,1.,1.,1.,1.,1.))
REPRESENTATION_ITEM('')
);
#1520=(
BOUNDED_CURVE()
B_SPLINE_CURVE(5,(#3373,#3374,#3375,#3376,#3377,#3378),.UNSPECIFIED.,.F.,
 .F.)
B_SPLINE_CURVE_WITH_KNOTS((6,6),(0.,0.815815072742179),.UNSPECIFIED.)
CURVE()
GEOMETRIC_REPRESENTATION_ITEM()
RATIONAL_B_SPLINE_CURVE((1.,1.,1.,1.,1.,1.))
REPRESENTATION_ITEM('')
);
#1521=(
BOUNDED_CURVE()
B_SPLINE_CURVE(1,(#3379,#3380),.UNSPECIFIED.,.F.,.F.)
B_SPLINE_CURVE_WITH_KNOTS((2,2),(-6.0000000000004,0.),.UNSPECIFIED.)
CURVE()
GEOMETRIC_REPRESENTATION_ITEM()
RATIONAL_B_SPLINE_CURVE((1.,1.))
REPRESENTATION_ITEM('')
);
#1522=(
BOUNDED_CURVE()
B_SPLINE_CURVE(5,(#3381,#3382,#3383,#3384,#3385,#3386),.UNSPECIFIED.,.F.,
 .F.)
B_SPLINE_CURVE_WITH_KNOTS((6,6),(0.,0.815815072742178),.UNSPECIFIED.)
CURVE()
GEOMETRIC_REPRESENTATION_ITEM()
RATIONAL_B_SPLINE_CURVE((1.,1.,1.,1.,1.,1.))
REPRESENTATION_ITEM('')
);
#1523=(
BOUNDED_CURVE()
B_SPLINE_CURVE(1,(#3387,#3388),.UNSPECIFIED.,.F.,.F.)
B_SPLINE_CURVE_WITH_KNOTS((2,2),(0.,6.0000000000004),.UNSPECIFIED.)
CURVE()
GEOMETRIC_REPRESENTATION_ITEM()
RATIONAL_B_SPLINE_CURVE((1.,1.))
REPRESENTATION_ITEM('')
);
#1524=(
BOUNDED_CURVE()
B_SPLINE_CURVE(1,(#3393,#3394),.UNSPECIFIED.,.F.,.F.)
B_SPLINE_CURVE_WITH_KNOTS((2,2),(-6.0000000000004,0.),.UNSPECIFIED.)
CURVE()
GEOMETRIC_REPRESENTATION_ITEM()
RATIONAL_B_SPLINE_CURVE((1.,1.))
REPRESENTATION_ITEM('')
);
#1525=(
BOUNDED_CURVE()
B_SPLINE_CURVE(5,(#3395,#3396,#3397,#3398,#3399,#3400),.UNSPECIFIED.,.F.,
 .F.)
B_SPLINE_CURVE_WITH_KNOTS((6,6),(0.,1.78198025099917),.UNSPECIFIED.)
CURVE()
GEOMETRIC_REPRESENTATION_ITEM()
RATIONAL_B_SPLINE_CURVE((1.,1.,1.,1.,1.,1.))
REPRESENTATION_ITEM('')
);
#1526=(
BOUNDED_CURVE()
B_SPLINE_CURVE(5,(#3401,#3402,#3403,#3404,#3405,#3406),.UNSPECIFIED.,.F.,
 .F.)
B_SPLINE_CURVE_WITH_KNOTS((6,6),(0.,0.218019749002132),.UNSPECIFIED.)
CURVE()
GEOMETRIC_REPRESENTATION_ITEM()
RATIONAL_B_SPLINE_CURVE((1.,1.,1.,1.,1.,1.))
REPRESENTATION_ITEM('')
);
#1527=(
BOUNDED_CURVE()
B_SPLINE_CURVE(5,(#3407,#3408,#3409,#3410,#3411,#3412),.UNSPECIFIED.,.F.,
 .F.)
B_SPLINE_CURVE_WITH_KNOTS((6,6),(0.,0.374574753561829),.UNSPECIFIED.)
CURVE()
GEOMETRIC_REPRESENTATION_ITEM()
RATIONAL_B_SPLINE_CURVE((1.,1.,1.,1.,1.,1.))
REPRESENTATION_ITEM('')
);
#1528=(
BOUNDED_CURVE()
B_SPLINE_CURVE(1,(#3413,#3414),.UNSPECIFIED.,.F.,.F.)
B_SPLINE_CURVE_WITH_KNOTS((2,2),(-6.0000000000004,0.),.UNSPECIFIED.)
CURVE()
GEOMETRIC_REPRESENTATION_ITEM()
RATIONAL_B_SPLINE_CURVE((1.,1.))
REPRESENTATION_ITEM('')
);
#1529=(
BOUNDED_CURVE()
B_SPLINE_CURVE(5,(#3415,#3416,#3417,#3418,#3419,#3420),.UNSPECIFIED.,.F.,
 .F.)
B_SPLINE_CURVE_WITH_KNOTS((6,6),(0.,0.374574753561825),.UNSPECIFIED.)
CURVE()
GEOMETRIC_REPRESENTATION_ITEM()
RATIONAL_B_SPLINE_CURVE((1.,1.,1.,1.,1.,1.))
REPRESENTATION_ITEM('')
);
#1530=(
BOUNDED_CURVE()
B_SPLINE_CURVE(2,(#3421,#3422,#3423,#3424,#3425),.UNSPECIFIED.,.F.,.F.)
B_SPLINE_CURVE_WITH_KNOTS((3,2,3),(-4.00000000000017,-2.00000000000011,
0.),.UNSPECIFIED.)
CURVE()
GEOMETRIC_REPRESENTATION_ITEM()
RATIONAL_B_SPLINE_CURVE((1.,0.707106781186527,1.,0.707106781186527,1.))
REPRESENTATION_ITEM('')
);
#1531=(
BOUNDED_CURVE()
B_SPLINE_CURVE(2,(#3428,#3429,#3430,#3431,#3432),.UNSPECIFIED.,.F.,.F.)
B_SPLINE_CURVE_WITH_KNOTS((3,2,3),(-3.99999999999996,-1.99999999999998,
0.),.UNSPECIFIED.)
CURVE()
GEOMETRIC_REPRESENTATION_ITEM()
RATIONAL_B_SPLINE_CURVE((1.,0.707106781186548,1.,0.707106781186548,1.))
REPRESENTATION_ITEM('')
);
#1532=(
BOUNDED_CURVE()
B_SPLINE_CURVE(2,(#3437,#3438,#3439),.UNSPECIFIED.,.F.,.F.)
B_SPLINE_CURVE_WITH_KNOTS((3,3),(0.,8.71779925100699),.UNSPECIFIED.)
CURVE()
GEOMETRIC_REPRESENTATION_ITEM()
RATIONAL_B_SPLINE_CURVE((1.,1.,1.))
REPRESENTATION_ITEM('')
);
#1533=(
BOUNDED_CURVE()
B_SPLINE_CURVE(1,(#3456,#3457),.UNSPECIFIED.,.F.,.F.)
B_SPLINE_CURVE_WITH_KNOTS((2,2),(0.,2.25),.UNSPECIFIED.)
CURVE()
GEOMETRIC_REPRESENTATION_ITEM()
RATIONAL_B_SPLINE_CURVE((1.,1.))
REPRESENTATION_ITEM('')
);
#1534=(
BOUNDED_CURVE()
B_SPLINE_CURVE(2,(#3458,#3459,#3460),.UNSPECIFIED.,.F.,.F.)
B_SPLINE_CURVE_WITH_KNOTS((3,3),(-3.05000000000017,-2.32263553793797),
 .UNSPECIFIED.)
CURVE()
GEOMETRIC_REPRESENTATION_ITEM()
RATIONAL_B_SPLINE_CURVE((1.,0.983960526887512,1.))
REPRESENTATION_ITEM('')
);
#1535=(
BOUNDED_CURVE()
B_SPLINE_CURVE(2,(#3461,#3462,#3463),.UNSPECIFIED.,.F.,.F.)
B_SPLINE_CURVE_WITH_KNOTS((3,3),(0.,4.13437977320437),.UNSPECIFIED.)
CURVE()
GEOMETRIC_REPRESENTATION_ITEM()
RATIONAL_B_SPLINE_CURVE((1.,0.749588404655977,1.))
REPRESENTATION_ITEM('')
);
#1536=(
BOUNDED_CURVE()
B_SPLINE_CURVE(1,(#3464,#3465),.UNSPECIFIED.,.F.,.F.)
B_SPLINE_CURVE_WITH_KNOTS((2,2),(-2.25,0.),.UNSPECIFIED.)
CURVE()
GEOMETRIC_REPRESENTATION_ITEM()
RATIONAL_B_SPLINE_CURVE((1.,1.))
REPRESENTATION_ITEM('')
);
#1537=(
BOUNDED_CURVE()
B_SPLINE_CURVE(1,(#3466,#3467),.UNSPECIFIED.,.F.,.F.)
B_SPLINE_CURVE_WITH_KNOTS((2,2),(0.,2.25),.UNSPECIFIED.)
CURVE()
GEOMETRIC_REPRESENTATION_ITEM()
RATIONAL_B_SPLINE_CURVE((1.,1.))
REPRESENTATION_ITEM('')
);
#1538=(
BOUNDED_CURVE()
B_SPLINE_CURVE(5,(#3468,#3469,#3470,#3471,#3472,#3473),.UNSPECIFIED.,.F.,
 .F.)
B_SPLINE_CURVE_WITH_KNOTS((6,6),(-2.54300471164352,0.),.UNSPECIFIED.)
CURVE()
GEOMETRIC_REPRESENTATION_ITEM()
RATIONAL_B_SPLINE_CURVE((1.,1.,1.,1.,1.,1.))
REPRESENTATION_ITEM('')
);
#1539=(
BOUNDED_CURVE()
B_SPLINE_CURVE(5,(#3474,#3475,#3476,#3477,#3478,#3479),.UNSPECIFIED.,.F.,
 .F.)
B_SPLINE_CURVE_WITH_KNOTS((6,6),(-2.54300471164352,0.),.UNSPECIFIED.)
CURVE()
GEOMETRIC_REPRESENTATION_ITEM()
RATIONAL_B_SPLINE_CURVE((1.,1.,1.,1.,1.,1.))
REPRESENTATION_ITEM('')
);
#1540=(
BOUNDED_CURVE()
B_SPLINE_CURVE(2,(#3480,#3481,#3482,#3483,#3484),.UNSPECIFIED.,.F.,.F.)
B_SPLINE_CURVE_WITH_KNOTS((3,2,3),(-3.99999999999998,-1.99999999999999,
0.),.UNSPECIFIED.)
CURVE()
GEOMETRIC_REPRESENTATION_ITEM()
RATIONAL_B_SPLINE_CURVE((1.,0.707106781186548,1.,0.707106781186548,1.))
REPRESENTATION_ITEM('')
);
#1541=(
BOUNDED_CURVE()
B_SPLINE_CURVE(2,(#3487,#3488,#3489,#3490,#3491),.UNSPECIFIED.,.F.,.F.)
B_SPLINE_CURVE_WITH_KNOTS((3,2,3),(-4.,-2.,0.),.UNSPECIFIED.)
CURVE()
GEOMETRIC_REPRESENTATION_ITEM()
RATIONAL_B_SPLINE_CURVE((1.,0.707106781186548,1.,0.707106781186548,1.))
REPRESENTATION_ITEM('')
);
#1542=(
BOUNDED_CURVE()
B_SPLINE_CURVE(2,(#3494,#3495,#3496,#3497,#3498),.UNSPECIFIED.,.F.,.F.)
B_SPLINE_CURVE_WITH_KNOTS((3,2,3),(0.,2.,4.),.UNSPECIFIED.)
CURVE()
GEOMETRIC_REPRESENTATION_ITEM()
RATIONAL_B_SPLINE_CURVE((1.,0.707106781186548,1.,0.707106781186548,1.))
REPRESENTATION_ITEM('')
);
#1543=(
BOUNDED_CURVE()
B_SPLINE_CURVE(2,(#3499,#3500,#3501,#3502,#3503),.UNSPECIFIED.,.F.,.F.)
B_SPLINE_CURVE_WITH_KNOTS((3,2,3),(-3.60000000000004,-1.80000000000001,
0.),.UNSPECIFIED.)
CURVE()
GEOMETRIC_REPRESENTATION_ITEM()
RATIONAL_B_SPLINE_CURVE((1.,0.707106781186548,1.,0.707106781186548,1.))
REPRESENTATION_ITEM('')
);
#1544=(
BOUNDED_CURVE()
B_SPLINE_CURVE(1,(#3504,#3505),.UNSPECIFIED.,.F.,.F.)
B_SPLINE_CURVE_WITH_KNOTS((2,2),(-3.89178058907792,0.),.UNSPECIFIED.)
CURVE()
GEOMETRIC_REPRESENTATION_ITEM()
RATIONAL_B_SPLINE_CURVE((1.,1.))
REPRESENTATION_ITEM('')
);
#1545=(
BOUNDED_CURVE()
B_SPLINE_CURVE(2,(#3506,#3507,#3508,#3509,#3510),.UNSPECIFIED.,.F.,.F.)
B_SPLINE_CURVE_WITH_KNOTS((3,2,3),(-3.60000000000008,-1.80000000000004,
0.),.UNSPECIFIED.)
CURVE()
GEOMETRIC_REPRESENTATION_ITEM()
RATIONAL_B_SPLINE_CURVE((1.,0.707106781186548,1.,0.707106781186548,1.))
REPRESENTATION_ITEM('')
);
#1546=(
BOUNDED_CURVE()
B_SPLINE_CURVE(1,(#3511,#3512),.UNSPECIFIED.,.F.,.F.)
B_SPLINE_CURVE_WITH_KNOTS((2,2),(-3.89178058907792,0.),.UNSPECIFIED.)
CURVE()
GEOMETRIC_REPRESENTATION_ITEM()
RATIONAL_B_SPLINE_CURVE((1.,1.))
REPRESENTATION_ITEM('')
);
#1547=(
BOUNDED_CURVE()
B_SPLINE_CURVE(2,(#3513,#3514,#3515,#3516,#3517),.UNSPECIFIED.,.F.,.F.)
B_SPLINE_CURVE_WITH_KNOTS((3,2,3),(-3.5999999999998,-1.79999999999984,0.),
 .UNSPECIFIED.)
CURVE()
GEOMETRIC_REPRESENTATION_ITEM()
RATIONAL_B_SPLINE_CURVE((1.,0.707106781186559,1.,0.707106781186559,1.))
REPRESENTATION_ITEM('')
);
#1548=(
BOUNDED_CURVE()
B_SPLINE_CURVE(1,(#3518,#3519),.UNSPECIFIED.,.F.,.F.)
B_SPLINE_CURVE_WITH_KNOTS((2,2),(-3.89178058907792,0.),.UNSPECIFIED.)
CURVE()
GEOMETRIC_REPRESENTATION_ITEM()
RATIONAL_B_SPLINE_CURVE((1.,1.))
REPRESENTATION_ITEM('')
);
#1549=(
BOUNDED_CURVE()
B_SPLINE_CURVE(2,(#3520,#3521,#3522,#3523,#3524),.UNSPECIFIED.,.F.,.F.)
B_SPLINE_CURVE_WITH_KNOTS((3,2,3),(-3.60000000000008,-1.80000000000004,
0.),.UNSPECIFIED.)
CURVE()
GEOMETRIC_REPRESENTATION_ITEM()
RATIONAL_B_SPLINE_CURVE((1.,0.707106781186548,1.,0.707106781186548,1.))
REPRESENTATION_ITEM('')
);
#1550=(
BOUNDED_CURVE()
B_SPLINE_CURVE(1,(#3525,#3526),.UNSPECIFIED.,.F.,.F.)
B_SPLINE_CURVE_WITH_KNOTS((2,2),(-3.89178058907792,0.),.UNSPECIFIED.)
CURVE()
GEOMETRIC_REPRESENTATION_ITEM()
RATIONAL_B_SPLINE_CURVE((1.,1.))
REPRESENTATION_ITEM('')
);
#1551=(
BOUNDED_CURVE()
B_SPLINE_CURVE(2,(#3539,#3540,#3541),.UNSPECIFIED.,.F.,.F.)
B_SPLINE_CURVE_WITH_KNOTS((3,3),(-2.76911936714183,0.),.UNSPECIFIED.)
CURVE()
GEOMETRIC_REPRESENTATION_ITEM()
RATIONAL_B_SPLINE_CURVE((1.,0.913068674557916,1.))
REPRESENTATION_ITEM('')
);
#1552=(
BOUNDED_CURVE()
B_SPLINE_CURVE(2,(#3542,#3543,#3544),.UNSPECIFIED.,.F.,.F.)
B_SPLINE_CURVE_WITH_KNOTS((3,3),(-0.581072473987245,0.),.UNSPECIFIED.)
CURVE()
GEOMETRIC_REPRESENTATION_ITEM()
RATIONAL_B_SPLINE_CURVE((1.,0.995636875025661,1.))
REPRESENTATION_ITEM('')
);
#1553=(
BOUNDED_CURVE()
B_SPLINE_CURVE(2,(#3547,#3548,#3549),.UNSPECIFIED.,.F.,.F.)
B_SPLINE_CURVE_WITH_KNOTS((3,3),(0.,1.48806240513898),.UNSPECIFIED.)
CURVE()
GEOMETRIC_REPRESENTATION_ITEM()
RATIONAL_B_SPLINE_CURVE((1.,1.,1.))
REPRESENTATION_ITEM('')
);
#1554=(
BOUNDED_CURVE()
B_SPLINE_CURVE(2,(#3552,#3553,#3554,#3555,#3556),.UNSPECIFIED.,.F.,.F.)
B_SPLINE_CURVE_WITH_KNOTS((3,2,3),(0.,0.423987299582961,20.945084646983),
 .UNSPECIFIED.)
CURVE()
GEOMETRIC_REPRESENTATION_ITEM()
RATIONAL_B_SPLINE_CURVE((1.,1.,1.,1.,1.))
REPRESENTATION_ITEM('')
);
#1555=(
BOUNDED_CURVE()
B_SPLINE_CURVE(2,(#3559,#3560,#3561,#3562,#3563),.UNSPECIFIED.,.F.,.F.)
B_SPLINE_CURVE_WITH_KNOTS((3,2,3),(0.,7.20605369901503,7.63004099859799),
 .UNSPECIFIED.)
CURVE()
GEOMETRIC_REPRESENTATION_ITEM()
RATIONAL_B_SPLINE_CURVE((1.,1.,1.,1.,1.))
REPRESENTATION_ITEM('')
);
#1556=(
BOUNDED_CURVE()
B_SPLINE_CURVE(2,(#3566,#3567,#3568),.UNSPECIFIED.,.F.,.F.)
B_SPLINE_CURVE_WITH_KNOTS((3,3),(-2.76911936714242,0.),.UNSPECIFIED.)
CURVE()
GEOMETRIC_REPRESENTATION_ITEM()
RATIONAL_B_SPLINE_CURVE((1.,0.913068674558088,1.))
REPRESENTATION_ITEM('')
);
#1557=(
BOUNDED_CURVE()
B_SPLINE_CURVE(2,(#3569,#3570,#3571),.UNSPECIFIED.,.F.,.F.)
B_SPLINE_CURVE_WITH_KNOTS((3,3),(-0.581072473988297,0.),.UNSPECIFIED.)
CURVE()
GEOMETRIC_REPRESENTATION_ITEM()
RATIONAL_B_SPLINE_CURVE((1.,0.995636875025651,1.))
REPRESENTATION_ITEM('')
);
#1558=(
BOUNDED_CURVE()
B_SPLINE_CURVE(2,(#3572,#3573,#3574,#3575,#3576),.UNSPECIFIED.,.F.,.F.)
B_SPLINE_CURVE_WITH_KNOTS((3,2,3),(-3.99999999999996,-1.99999999999998,
0.),.UNSPECIFIED.)
CURVE()
GEOMETRIC_REPRESENTATION_ITEM()
RATIONAL_B_SPLINE_CURVE((1.,0.707106781186548,1.,0.707106781186548,1.))
REPRESENTATION_ITEM('')
);
#1559=(
BOUNDED_CURVE()
B_SPLINE_CURVE(2,(#3577,#3578,#3579,#3580,#3581),.UNSPECIFIED.,.F.,.F.)
B_SPLINE_CURVE_WITH_KNOTS((3,2,3),(-4.00000000000023,-2.00000000000017,
0.),.UNSPECIFIED.)
CURVE()
GEOMETRIC_REPRESENTATION_ITEM()
RATIONAL_B_SPLINE_CURVE((1.,0.707106781186527,1.,0.707106781186527,1.))
REPRESENTATION_ITEM('')
);
#1560=(
BOUNDED_CURVE()
B_SPLINE_CURVE(2,(#3582,#3583,#3584,#3585,#3586),.UNSPECIFIED.,.F.,.F.)
B_SPLINE_CURVE_WITH_KNOTS((3,2,3),(-3.99999999999998,-1.99999999999999,
0.),.UNSPECIFIED.)
CURVE()
GEOMETRIC_REPRESENTATION_ITEM()
RATIONAL_B_SPLINE_CURVE((1.,0.707106781186548,1.,0.707106781186548,1.))
REPRESENTATION_ITEM('')
);
#1561=(
BOUNDED_CURVE()
B_SPLINE_CURVE(2,(#3587,#3588,#3589,#3590,#3591),.UNSPECIFIED.,.F.,.F.)
B_SPLINE_CURVE_WITH_KNOTS((3,2,3),(-3.60000000000004,-1.80000000000001,
0.),.UNSPECIFIED.)
CURVE()
GEOMETRIC_REPRESENTATION_ITEM()
RATIONAL_B_SPLINE_CURVE((1.,0.707106781186548,1.,0.707106781186548,1.))
REPRESENTATION_ITEM('')
);
#1562=(
BOUNDED_CURVE()
B_SPLINE_CURVE(2,(#3592,#3593,#3594,#3595,#3596),.UNSPECIFIED.,.F.,.F.)
B_SPLINE_CURVE_WITH_KNOTS((3,2,3),(-3.59999999999987,-1.79999999999994,
0.),.UNSPECIFIED.)
CURVE()
GEOMETRIC_REPRESENTATION_ITEM()
RATIONAL_B_SPLINE_CURVE((1.,0.70710678118657,1.,0.70710678118657,1.))
REPRESENTATION_ITEM('')
);
#1563=(
BOUNDED_CURVE()
B_SPLINE_CURVE(2,(#3597,#3598,#3599,#3600,#3601),.UNSPECIFIED.,.F.,.F.)
B_SPLINE_CURVE_WITH_KNOTS((3,2,3),(-3.60000000000007,-1.80000000000004,
0.),.UNSPECIFIED.)
CURVE()
GEOMETRIC_REPRESENTATION_ITEM()
RATIONAL_B_SPLINE_CURVE((1.,0.707106781186536,1.,0.707106781186536,1.))
REPRESENTATION_ITEM('')
);
#1564=(
BOUNDED_CURVE()
B_SPLINE_CURVE(2,(#3602,#3603,#3604,#3605,#3606),.UNSPECIFIED.,.F.,.F.)
B_SPLINE_CURVE_WITH_KNOTS((3,2,3),(-3.59999999999998,-1.79999999999998,
0.),.UNSPECIFIED.)
CURVE()
GEOMETRIC_REPRESENTATION_ITEM()
RATIONAL_B_SPLINE_CURVE((1.,0.707106781186559,1.,0.707106781186559,1.))
REPRESENTATION_ITEM('')
);
#1565=(
BOUNDED_CURVE()
B_SPLINE_CURVE(2,(#3607,#3608,#3609),.UNSPECIFIED.,.F.,.F.)
B_SPLINE_CURVE_WITH_KNOTS((3,3),(-3.05000000000405,0.),.UNSPECIFIED.)
CURVE()
GEOMETRIC_REPRESENTATION_ITEM()
RATIONAL_B_SPLINE_CURVE((1.,0.707106781185572,1.))
REPRESENTATION_ITEM('')
);
#1566=(
BOUNDED_CURVE()
B_SPLINE_CURVE(2,(#3610,#3611,#3612),.UNSPECIFIED.,.F.,.F.)
B_SPLINE_CURVE_WITH_KNOTS((3,3),(-5.00000000000405,-3.05000000000405),
 .UNSPECIFIED.)
CURVE()
GEOMETRIC_REPRESENTATION_ITEM()
RATIONAL_B_SPLINE_CURVE((1.,1.,1.))
REPRESENTATION_ITEM('')
);
#1567=(
BOUNDED_CURVE()
B_SPLINE_CURVE(2,(#3613,#3614,#3615),.UNSPECIFIED.,.F.,.F.)
B_SPLINE_CURVE_WITH_KNOTS((3,3),(-8.0500000000083,-5.00000000000405),
 .UNSPECIFIED.)
CURVE()
GEOMETRIC_REPRESENTATION_ITEM()
RATIONAL_B_SPLINE_CURVE((1.,0.707106781185558,1.))
REPRESENTATION_ITEM('')
);
#1568=(
BOUNDED_CURVE()
B_SPLINE_CURVE(1,(#3616,#3617,#3618),.UNSPECIFIED.,.F.,.F.)
B_SPLINE_CURVE_WITH_KNOTS((2,1,2),(0.,4.13984940631795,6.89178058907793),
 .UNSPECIFIED.)
CURVE()
GEOMETRIC_REPRESENTATION_ITEM()
RATIONAL_B_SPLINE_CURVE((1.,1.,1.))
REPRESENTATION_ITEM('')
);
#1569=(
BOUNDED_CURVE()
B_SPLINE_CURVE(1,(#3619,#3620,#3621),.UNSPECIFIED.,.F.,.F.)
B_SPLINE_CURVE_WITH_KNOTS((2,1,2),(-4.13984940631795,0.,2.75193118275998),
 .UNSPECIFIED.)
CURVE()
GEOMETRIC_REPRESENTATION_ITEM()
RATIONAL_B_SPLINE_CURVE((1.,1.,1.))
REPRESENTATION_ITEM('')
);
#1570=(
BOUNDED_CURVE()
B_SPLINE_CURVE(2,(#3624,#3625,#3626),.UNSPECIFIED.,.F.,.F.)
B_SPLINE_CURVE_WITH_KNOTS((3,3),(0.,4.13437977320439),.UNSPECIFIED.)
CURVE()
GEOMETRIC_REPRESENTATION_ITEM()
RATIONAL_B_SPLINE_CURVE((1.,0.749588404655958,1.))
REPRESENTATION_ITEM('')
);
#1571=(
BOUNDED_CURVE()
B_SPLINE_CURVE(2,(#3627,#3628,#3629),.UNSPECIFIED.,.F.,.F.)
B_SPLINE_CURVE_WITH_KNOTS((3,3),(0.,4.13437977320416),.UNSPECIFIED.)
CURVE()
GEOMETRIC_REPRESENTATION_ITEM()
RATIONAL_B_SPLINE_CURVE((1.,0.749588404655999,1.))
REPRESENTATION_ITEM('')
);
#1572=(
BOUNDED_CURVE()
B_SPLINE_CURVE(2,(#3630,#3631,#3632),.UNSPECIFIED.,.F.,.F.)
B_SPLINE_CURVE_WITH_KNOTS((3,3),(31.5585560338946,32.8421504810056),
 .UNSPECIFIED.)
CURVE()
GEOMETRIC_REPRESENTATION_ITEM()
RATIONAL_B_SPLINE_CURVE((1.,0.923879496624931,1.))
REPRESENTATION_ITEM('')
);
#1573=(
BOUNDED_CURVE()
B_SPLINE_CURVE(5,(#3633,#3634,#3635,#3636,#3637,#3638),.UNSPECIFIED.,.F.,
 .F.)
B_SPLINE_CURVE_WITH_KNOTS((6,6),(32.8421504810056,34.1036728499202),
 .UNSPECIFIED.)
CURVE()
GEOMETRIC_REPRESENTATION_ITEM()
RATIONAL_B_SPLINE_CURVE((1.,1.,1.,1.,1.,1.))
REPRESENTATION_ITEM('')
);
#1574=(
BOUNDED_CURVE()
B_SPLINE_CURVE(2,(#3639,#3640,#3641),.UNSPECIFIED.,.F.,.F.)
B_SPLINE_CURVE_WITH_KNOTS((3,3),(34.1036728499202,35.3877348932764),
 .UNSPECIFIED.)
CURVE()
GEOMETRIC_REPRESENTATION_ITEM()
RATIONAL_B_SPLINE_CURVE((1.,0.923879532511376,1.))
REPRESENTATION_ITEM('')
);
#1575=(
BOUNDED_CURVE()
B_SPLINE_CURVE(2,(#3644,#3645,#3646,#3647,#3648),.UNSPECIFIED.,.F.,.F.)
B_SPLINE_CURVE_WITH_KNOTS((3,2,3),(36.0953635900124,36.7475574033983,37.3997512167841),
 .UNSPECIFIED.)
CURVE()
GEOMETRIC_REPRESENTATION_ITEM()
RATIONAL_B_SPLINE_CURVE((1.,0.918066465357198,1.,0.918066465357198,1.))
REPRESENTATION_ITEM('')
);
#1576=(
BOUNDED_CURVE()
B_SPLINE_CURVE(5,(#3649,#3650,#3651,#3652,#3653,#3654),.UNSPECIFIED.,.F.,
 .F.)
B_SPLINE_CURVE_WITH_KNOTS((6,6),(37.3997512167841,39.4371774608406),
 .UNSPECIFIED.)
CURVE()
GEOMETRIC_REPRESENTATION_ITEM()
RATIONAL_B_SPLINE_CURVE((1.,1.,1.,1.,1.,1.))
REPRESENTATION_ITEM('')
);
#1577=(
BOUNDED_CURVE()
B_SPLINE_CURVE(2,(#3655,#3656,#3657),.UNSPECIFIED.,.F.,.F.)
B_SPLINE_CURVE_WITH_KNOTS((3,3),(-32.8421504810056,-31.5585560339343),
 .UNSPECIFIED.)
CURVE()
GEOMETRIC_REPRESENTATION_ITEM()
RATIONAL_B_SPLINE_CURVE((1.,0.923879496624972,1.))
REPRESENTATION_ITEM('')
);
#1578=(
BOUNDED_CURVE()
B_SPLINE_CURVE(5,(#3658,#3659,#3660,#3661,#3662,#3663),.UNSPECIFIED.,.F.,
 .F.)
B_SPLINE_CURVE_WITH_KNOTS((6,6),(-34.1036728499202,-32.8421504810056),
 .UNSPECIFIED.)
CURVE()
GEOMETRIC_REPRESENTATION_ITEM()
RATIONAL_B_SPLINE_CURVE((1.,1.,1.,1.,1.,1.))
REPRESENTATION_ITEM('')
);
#1579=(
BOUNDED_CURVE()
B_SPLINE_CURVE(2,(#3664,#3665,#3666),.UNSPECIFIED.,.F.,.F.)
B_SPLINE_CURVE_WITH_KNOTS((3,3),(-35.3877348932764,-34.1036728499202),
 .UNSPECIFIED.)
CURVE()
GEOMETRIC_REPRESENTATION_ITEM()
RATIONAL_B_SPLINE_CURVE((1.,0.92387953251135,1.))
REPRESENTATION_ITEM('')
);
#1580=(
BOUNDED_CURVE()
B_SPLINE_CURVE(2,(#3669,#3670,#3671,#3672,#3673),.UNSPECIFIED.,.F.,.F.)
B_SPLINE_CURVE_WITH_KNOTS((3,2,3),(-37.3997512167841,-36.7475574033983,
-36.0953635900124),.UNSPECIFIED.)
CURVE()
GEOMETRIC_REPRESENTATION_ITEM()
RATIONAL_B_SPLINE_CURVE((1.,0.918066465357199,1.,0.918066465357199,1.))
REPRESENTATION_ITEM('')
);
#1581=(
BOUNDED_CURVE()
B_SPLINE_CURVE(5,(#3674,#3675,#3676,#3677,#3678,#3679),.UNSPECIFIED.,.F.,
 .F.)
B_SPLINE_CURVE_WITH_KNOTS((6,6),(-39.4371774608406,-37.3997512167841),
 .UNSPECIFIED.)
CURVE()
GEOMETRIC_REPRESENTATION_ITEM()
RATIONAL_B_SPLINE_CURVE((1.,1.,1.,1.,1.,1.))
REPRESENTATION_ITEM('')
);
#1582=(
BOUNDED_CURVE()
B_SPLINE_CURVE(2,(#3680,#3681,#3682),.UNSPECIFIED.,.F.,.F.)
B_SPLINE_CURVE_WITH_KNOTS((3,3),(-32.8421504810056,-31.5585544815702),
 .UNSPECIFIED.)
CURVE()
GEOMETRIC_REPRESENTATION_ITEM()
RATIONAL_B_SPLINE_CURVE((1.,0.923879496624911,1.))
REPRESENTATION_ITEM('')
);
#1583=(
BOUNDED_CURVE()
B_SPLINE_CURVE(5,(#3683,#3684,#3685,#3686,#3687,#3688),.UNSPECIFIED.,.F.,
 .F.)
B_SPLINE_CURVE_WITH_KNOTS((6,6),(-34.1036728499202,-32.8421504810056),
 .UNSPECIFIED.)
CURVE()
GEOMETRIC_REPRESENTATION_ITEM()
RATIONAL_B_SPLINE_CURVE((1.,1.,1.,1.,1.,1.))
REPRESENTATION_ITEM('')
);
#1584=(
BOUNDED_CURVE()
B_SPLINE_CURVE(2,(#3689,#3690,#3691),.UNSPECIFIED.,.F.,.F.)
B_SPLINE_CURVE_WITH_KNOTS((3,3),(-35.3877348932764,-34.1036728499202),
 .UNSPECIFIED.)
CURVE()
GEOMETRIC_REPRESENTATION_ITEM()
RATIONAL_B_SPLINE_CURVE((1.,0.92387953251135,1.))
REPRESENTATION_ITEM('')
);
#1585=(
BOUNDED_CURVE()
B_SPLINE_CURVE(2,(#3692,#3693,#3694),.UNSPECIFIED.,.F.,.F.)
B_SPLINE_CURVE_WITH_KNOTS((3,3),(-12.7005467948943,-11.9929180981583),
 .UNSPECIFIED.)
CURVE()
GEOMETRIC_REPRESENTATION_ITEM()
RATIONAL_B_SPLINE_CURVE((1.,1.,1.))
REPRESENTATION_ITEM('')
);
#1586=(
BOUNDED_CURVE()
B_SPLINE_CURVE(2,(#3695,#3696,#3697,#3698,#3699),.UNSPECIFIED.,.F.,.F.)
B_SPLINE_CURVE_WITH_KNOTS((3,2,3),(-37.3997512167841,-36.7475574033983,
-36.0953635900124),.UNSPECIFIED.)
CURVE()
GEOMETRIC_REPRESENTATION_ITEM()
RATIONAL_B_SPLINE_CURVE((1.,0.918066465357199,1.,0.918066465357199,1.))
REPRESENTATION_ITEM('')
);
#1587=(
BOUNDED_CURVE()
B_SPLINE_CURVE(5,(#3700,#3701,#3702,#3703,#3704,#3705),.UNSPECIFIED.,.F.,
 .F.)
B_SPLINE_CURVE_WITH_KNOTS((6,6),(-39.4371774608406,-37.3997512167841),
 .UNSPECIFIED.)
CURVE()
GEOMETRIC_REPRESENTATION_ITEM()
RATIONAL_B_SPLINE_CURVE((1.,1.,1.,1.,1.,1.))
REPRESENTATION_ITEM('')
);
#1588=(
BOUNDED_CURVE()
B_SPLINE_CURVE(2,(#3706,#3707,#3708),.UNSPECIFIED.,.F.,.F.)
B_SPLINE_CURVE_WITH_KNOTS((3,3),(31.5585544815757,32.8421504810056),
 .UNSPECIFIED.)
CURVE()
GEOMETRIC_REPRESENTATION_ITEM()
RATIONAL_B_SPLINE_CURVE((1.,0.923879496624974,1.))
REPRESENTATION_ITEM('')
);
#1589=(
BOUNDED_CURVE()
B_SPLINE_CURVE(5,(#3709,#3710,#3711,#3712,#3713,#3714),.UNSPECIFIED.,.F.,
 .F.)
B_SPLINE_CURVE_WITH_KNOTS((6,6),(32.8421504810056,34.1036728499202),
 .UNSPECIFIED.)
CURVE()
GEOMETRIC_REPRESENTATION_ITEM()
RATIONAL_B_SPLINE_CURVE((1.,1.,1.,1.,1.,1.))
REPRESENTATION_ITEM('')
);
#1590=(
BOUNDED_CURVE()
B_SPLINE_CURVE(2,(#3715,#3716,#3717),.UNSPECIFIED.,.F.,.F.)
B_SPLINE_CURVE_WITH_KNOTS((3,3),(34.1036728499202,35.3877348932764),
 .UNSPECIFIED.)
CURVE()
GEOMETRIC_REPRESENTATION_ITEM()
RATIONAL_B_SPLINE_CURVE((1.,0.923879532511358,1.))
REPRESENTATION_ITEM('')
);
#1591=(
BOUNDED_CURVE()
B_SPLINE_CURVE(2,(#3718,#3719,#3720),.UNSPECIFIED.,.F.,.F.)
B_SPLINE_CURVE_WITH_KNOTS((3,3),(-21.4083562500879,-20.7007275533518),
 .UNSPECIFIED.)
CURVE()
GEOMETRIC_REPRESENTATION_ITEM()
RATIONAL_B_SPLINE_CURVE((1.,1.,1.))
REPRESENTATION_ITEM('')
);
#1592=(
BOUNDED_CURVE()
B_SPLINE_CURVE(2,(#3721,#3722,#3723,#3724,#3725),.UNSPECIFIED.,.F.,.F.)
B_SPLINE_CURVE_WITH_KNOTS((3,2,3),(36.0953635900124,36.7475574033983,37.3997512167841),
 .UNSPECIFIED.)
CURVE()
GEOMETRIC_REPRESENTATION_ITEM()
RATIONAL_B_SPLINE_CURVE((1.,0.918066465357192,1.,0.918066465357192,1.))
REPRESENTATION_ITEM('')
);
#1593=(
BOUNDED_CURVE()
B_SPLINE_CURVE(5,(#3726,#3727,#3728,#3729,#3730,#3731),.UNSPECIFIED.,.F.,
 .F.)
B_SPLINE_CURVE_WITH_KNOTS((6,6),(37.3997512167841,39.4371774608406),
 .UNSPECIFIED.)
CURVE()
GEOMETRIC_REPRESENTATION_ITEM()
RATIONAL_B_SPLINE_CURVE((1.,1.,1.,1.,1.,1.))
REPRESENTATION_ITEM('')
);
#1594=(
BOUNDED_CURVE()
B_SPLINE_CURVE(5,(#3732,#3733,#3734,#3735,#3736,#3737),.UNSPECIFIED.,.F.,
 .F.)
B_SPLINE_CURVE_WITH_KNOTS((6,6),(4.64203102167808,6.03623864347923),
 .UNSPECIFIED.)
CURVE()
GEOMETRIC_REPRESENTATION_ITEM()
RATIONAL_B_SPLINE_CURVE((1.,1.,1.,1.,1.,1.))
REPRESENTATION_ITEM('')
);
#1595=(
BOUNDED_CURVE()
B_SPLINE_CURVE(1,(#3740,#3741),.UNSPECIFIED.,.F.,.F.)
B_SPLINE_CURVE_WITH_KNOTS((2,2),(15.7499997524512,17.9999997524513),
 .UNSPECIFIED.)
CURVE()
GEOMETRIC_REPRESENTATION_ITEM()
RATIONAL_B_SPLINE_CURVE((1.,1.))
REPRESENTATION_ITEM('')
);
#1596=(
BOUNDED_CURVE()
B_SPLINE_CURVE(1,(#3742,#3743),.UNSPECIFIED.,.F.,.F.)
B_SPLINE_CURVE_WITH_KNOTS((2,2),(7.99999975245087,10.7499997524512),
 .UNSPECIFIED.)
CURVE()
GEOMETRIC_REPRESENTATION_ITEM()
RATIONAL_B_SPLINE_CURVE((1.,1.))
REPRESENTATION_ITEM('')
);
#1597=(
BOUNDED_CURVE()
B_SPLINE_CURVE(1,(#3744,#3745),.UNSPECIFIED.,.F.,.F.)
B_SPLINE_CURVE_WITH_KNOTS((2,2),(15.7499997524485,17.9999997524513),
 .UNSPECIFIED.)
CURVE()
GEOMETRIC_REPRESENTATION_ITEM()
RATIONAL_B_SPLINE_CURVE((1.,1.))
REPRESENTATION_ITEM('')
);
#1598=(
BOUNDED_CURVE()
B_SPLINE_CURVE(1,(#3746,#3747),.UNSPECIFIED.,.F.,.F.)
B_SPLINE_CURVE_WITH_KNOTS((2,2),(7.99999975245087,10.7499997524512),
 .UNSPECIFIED.)
CURVE()
GEOMETRIC_REPRESENTATION_ITEM()
RATIONAL_B_SPLINE_CURVE((1.,1.))
REPRESENTATION_ITEM('')
);
#1599=(
BOUNDED_CURVE()
B_SPLINE_CURVE(1,(#3748,#3749),.UNSPECIFIED.,.F.,.F.)
B_SPLINE_CURVE_WITH_KNOTS((2,2),(15.7499997524473,17.9999997524513),
 .UNSPECIFIED.)
CURVE()
GEOMETRIC_REPRESENTATION_ITEM()
RATIONAL_B_SPLINE_CURVE((1.,1.))
REPRESENTATION_ITEM('')
);
#1600=(
BOUNDED_CURVE()
B_SPLINE_CURVE(1,(#3750,#3751),.UNSPECIFIED.,.F.,.F.)
B_SPLINE_CURVE_WITH_KNOTS((2,2),(7.99999975245087,10.7499997524512),
 .UNSPECIFIED.)
CURVE()
GEOMETRIC_REPRESENTATION_ITEM()
RATIONAL_B_SPLINE_CURVE((1.,1.))
REPRESENTATION_ITEM('')
);
#1601=(
BOUNDED_CURVE()
B_SPLINE_CURVE(1,(#3752,#3753),.UNSPECIFIED.,.F.,.F.)
B_SPLINE_CURVE_WITH_KNOTS((2,2),(15.7499997524458,17.9999997524513),
 .UNSPECIFIED.)
CURVE()
GEOMETRIC_REPRESENTATION_ITEM()
RATIONAL_B_SPLINE_CURVE((1.,1.))
REPRESENTATION_ITEM('')
);
#1602=(
BOUNDED_CURVE()
B_SPLINE_CURVE(1,(#3754,#3755),.UNSPECIFIED.,.F.,.F.)
B_SPLINE_CURVE_WITH_KNOTS((2,2),(7.99999975245087,10.7499997524512),
 .UNSPECIFIED.)
CURVE()
GEOMETRIC_REPRESENTATION_ITEM()
RATIONAL_B_SPLINE_CURVE((1.,1.))
REPRESENTATION_ITEM('')
);
#1603=(
BOUNDED_CURVE()
B_SPLINE_CURVE(1,(#3756,#3757),.UNSPECIFIED.,.F.,.F.)
B_SPLINE_CURVE_WITH_KNOTS((2,2),(15.7499997524448,17.9999997524513),
 .UNSPECIFIED.)
CURVE()
GEOMETRIC_REPRESENTATION_ITEM()
RATIONAL_B_SPLINE_CURVE((1.,1.))
REPRESENTATION_ITEM('')
);
#1604=(
BOUNDED_CURVE()
B_SPLINE_CURVE(1,(#3758,#3759),.UNSPECIFIED.,.F.,.F.)
B_SPLINE_CURVE_WITH_KNOTS((2,2),(7.99999975245087,10.7499997524512),
 .UNSPECIFIED.)
CURVE()
GEOMETRIC_REPRESENTATION_ITEM()
RATIONAL_B_SPLINE_CURVE((1.,1.))
REPRESENTATION_ITEM('')
);
#1605=(
BOUNDED_CURVE()
B_SPLINE_CURVE(1,(#3760,#3761),.UNSPECIFIED.,.F.,.F.)
B_SPLINE_CURVE_WITH_KNOTS((2,2),(15.7499997524437,17.9999997524513),
 .UNSPECIFIED.)
CURVE()
GEOMETRIC_REPRESENTATION_ITEM()
RATIONAL_B_SPLINE_CURVE((1.,1.))
REPRESENTATION_ITEM('')
);
#1606=(
BOUNDED_CURVE()
B_SPLINE_CURVE(1,(#3762,#3763),.UNSPECIFIED.,.F.,.F.)
B_SPLINE_CURVE_WITH_KNOTS((2,2),(7.99999975245087,10.7499997524512),
 .UNSPECIFIED.)
CURVE()
GEOMETRIC_REPRESENTATION_ITEM()
RATIONAL_B_SPLINE_CURVE((1.,1.))
REPRESENTATION_ITEM('')
);
#1607=(
BOUNDED_CURVE()
B_SPLINE_CURVE(5,(#3764,#3765,#3766,#3767,#3768,#3769,#3770,#3771,#3772,
#3773,#3774,#3775,#3776,#3777,#3778,#3779,#3780,#3781,#3782,#3783,#3784),
 .UNSPECIFIED.,.F.,.F.)
B_SPLINE_CURVE_WITH_KNOTS((6,5,5,5,6),(-0.883185680012923,0.,1.34884012822613,
2.69768025645228,3.58086593646524),.UNSPECIFIED.)
CURVE()
GEOMETRIC_REPRESENTATION_ITEM()
RATIONAL_B_SPLINE_CURVE((1.,1.,1.,1.,1.,1.,0.965822934755958,0.948734402133937,
0.948734402133937,0.965822934755958,1.,0.965822934755956,0.948734402133934,
0.948734402133934,0.965822934755956,1.,1.,1.,1.,1.,1.))
REPRESENTATION_ITEM('')
);
#1608=(
BOUNDED_CURVE()
B_SPLINE_CURVE(5,(#3785,#3786,#3787,#3788,#3789,#3790,#3791,#3792,#3793,
#3794,#3795,#3796,#3797,#3798,#3799,#3800,#3801,#3802,#3803,#3804,#3805),
 .UNSPECIFIED.,.F.,.F.)
B_SPLINE_CURVE_WITH_KNOTS((6,5,5,5,6),(-0.883185680012952,-1.11022302462516E-16,
1.3488401282262,2.69768025645237,3.58086593646531),.UNSPECIFIED.)
CURVE()
GEOMETRIC_REPRESENTATION_ITEM()
RATIONAL_B_SPLINE_CURVE((1.,1.,1.,1.,1.,1.,0.96582293475594,0.94873440213391,
0.94873440213391,0.96582293475594,1.,0.965822934755953,0.94873440213393,
0.94873440213393,0.965822934755954,1.,1.,1.,1.,1.,1.))
REPRESENTATION_ITEM('')
);
#1609=(
BOUNDED_CURVE()
B_SPLINE_CURVE(5,(#3813,#3814,#3815,#3816,#3817,#3818),.UNSPECIFIED.,.F.,
 .F.)
B_SPLINE_CURVE_WITH_KNOTS((6,6),(1.39420762180098,2.78841524360197),
 .UNSPECIFIED.)
CURVE()
GEOMETRIC_REPRESENTATION_ITEM()
RATIONAL_B_SPLINE_CURVE((1.,1.,1.,1.,1.,1.))
REPRESENTATION_ITEM('')
);
#1610=(
BOUNDED_CURVE()
B_SPLINE_CURVE(2,(#3858,#3859,#3860),.UNSPECIFIED.,.F.,.F.)
B_SPLINE_CURVE_WITH_KNOTS((3,3),(3.05000000000405,5.00000000000405),
 .UNSPECIFIED.)
CURVE()
GEOMETRIC_REPRESENTATION_ITEM()
RATIONAL_B_SPLINE_CURVE((1.,1.,1.))
REPRESENTATION_ITEM('')
);
#1611=(
BOUNDED_CURVE()
B_SPLINE_CURVE(2,(#3901,#3902,#3903),.UNSPECIFIED.,.F.,.F.)
B_SPLINE_CURVE_WITH_KNOTS((3,3),(-0.727364462062135,0.),.UNSPECIFIED.)
CURVE()
GEOMETRIC_REPRESENTATION_ITEM()
RATIONAL_B_SPLINE_CURVE((1.,0.983960526887516,1.))
REPRESENTATION_ITEM('')
);
#1612=(
BOUNDED_CURVE()
B_SPLINE_CURVE(1,(#3906,#3907,#3908),.UNSPECIFIED.,.F.,.F.)
B_SPLINE_CURVE_WITH_KNOTS((2,1,2),(0.305065738357546,4.13984940631795,6.89178058907793),
 .UNSPECIFIED.)
CURVE()
GEOMETRIC_REPRESENTATION_ITEM()
RATIONAL_B_SPLINE_CURVE((1.,1.,1.))
REPRESENTATION_ITEM('')
);
#1613=(
BOUNDED_CURVE()
B_SPLINE_CURVE(1,(#3909,#3910,#3911),.UNSPECIFIED.,.F.,.F.)
B_SPLINE_CURVE_WITH_KNOTS((2,1,2),(-3.8347836679604,0.,2.75193118275998),
 .UNSPECIFIED.)
CURVE()
GEOMETRIC_REPRESENTATION_ITEM()
RATIONAL_B_SPLINE_CURVE((1.,1.,1.))
REPRESENTATION_ITEM('')
);
#1614=(
BOUNDED_CURVE()
B_SPLINE_CURVE(1,(#3984,#3985),.UNSPECIFIED.,.F.,.F.)
B_SPLINE_CURVE_WITH_KNOTS((2,2),(0.,1.83595934960748),.UNSPECIFIED.)
CURVE()
GEOMETRIC_REPRESENTATION_ITEM()
RATIONAL_B_SPLINE_CURVE((1.,1.))
REPRESENTATION_ITEM('')
);
#1615=(
BOUNDED_CURVE()
B_SPLINE_CURVE(2,(#3986,#3987,#3988,#3989,#3990),.UNSPECIFIED.,.F.,.F.)
B_SPLINE_CURVE_WITH_KNOTS((3,2,3),(-15.1245687743722,-11.3434265807782,
-7.56228438718415),.UNSPECIFIED.)
CURVE()
GEOMETRIC_REPRESENTATION_ITEM()
RATIONAL_B_SPLINE_CURVE((1.,0.707106781186463,1.,0.707106781186463,1.))
REPRESENTATION_ITEM('')
);
#1616=(
BOUNDED_CURVE()
B_SPLINE_CURVE(1,(#3991,#3992),.UNSPECIFIED.,.F.,.F.)
B_SPLINE_CURVE_WITH_KNOTS((2,2),(0.,1.83595934960748),.UNSPECIFIED.)
CURVE()
GEOMETRIC_REPRESENTATION_ITEM()
RATIONAL_B_SPLINE_CURVE((1.,1.))
REPRESENTATION_ITEM('')
);
#1617=(
BOUNDED_CURVE()
B_SPLINE_CURVE(2,(#3993,#3994,#3995,#3996,#3997),.UNSPECIFIED.,.F.,.F.)
B_SPLINE_CURVE_WITH_KNOTS((3,2,3),(-7.56228438718415,-3.78114219359207,
0.),.UNSPECIFIED.)
CURVE()
GEOMETRIC_REPRESENTATION_ITEM()
RATIONAL_B_SPLINE_CURVE((1.,0.707106781186643,1.,0.707106781186643,1.))
REPRESENTATION_ITEM('')
);
#1618=VERTEX_POINT('',#2338);
#1619=VERTEX_POINT('',#2339);
#1620=VERTEX_POINT('',#2340);
#1621=VERTEX_POINT('',#2341);
#1622=VERTEX_POINT('',#2342);
#1623=VERTEX_POINT('',#2343);
#1624=VERTEX_POINT('',#2344);
#1625=VERTEX_POINT('',#2345);
#1626=VERTEX_POINT('',#2346);
#1627=VERTEX_POINT('',#2347);
#1628=VERTEX_POINT('',#2348);
#1629=VERTEX_POINT('',#2349);
#1630=VERTEX_POINT('',#2350);
#1631=VERTEX_POINT('',#2351);
#1632=VERTEX_POINT('',#2352);
#1633=VERTEX_POINT('',#2353);
#1634=VERTEX_POINT('',#2354);
#1635=VERTEX_POINT('',#2355);
#1636=VERTEX_POINT('',#2356);
#1637=VERTEX_POINT('',#2357);
#1638=VERTEX_POINT('',#2358);
#1639=VERTEX_POINT('',#2359);
#1640=VERTEX_POINT('',#2360);
#1641=VERTEX_POINT('',#2361);
#1642=VERTEX_POINT('',#2362);
#1643=VERTEX_POINT('',#2363);
#1644=VERTEX_POINT('',#2364);
#1645=VERTEX_POINT('',#2365);
#1646=VERTEX_POINT('',#2366);
#1647=VERTEX_POINT('',#2367);
#1648=VERTEX_POINT('',#2368);
#1649=VERTEX_POINT('',#2369);
#1650=VERTEX_POINT('',#2370);
#1651=VERTEX_POINT('',#2371);
#1652=VERTEX_POINT('',#2372);
#1653=VERTEX_POINT('',#2373);
#1654=VERTEX_POINT('',#2374);
#1655=VERTEX_POINT('',#2375);
#1656=VERTEX_POINT('',#2376);
#1657=VERTEX_POINT('',#2377);
#1658=VERTEX_POINT('',#2378);
#1659=VERTEX_POINT('',#2379);
#1660=VERTEX_POINT('',#2380);
#1661=VERTEX_POINT('',#2381);
#1662=VERTEX_POINT('',#2382);
#1663=VERTEX_POINT('',#2383);
#1664=VERTEX_POINT('',#2384);
#1665=VERTEX_POINT('',#2385);
#1666=VERTEX_POINT('',#2386);
#1667=VERTEX_POINT('',#2387);
#1668=VERTEX_POINT('',#2388);
#1669=VERTEX_POINT('',#2389);
#1670=VERTEX_POINT('',#2390);
#1671=VERTEX_POINT('',#2391);
#1672=VERTEX_POINT('',#2392);
#1673=VERTEX_POINT('',#2393);
#1674=VERTEX_POINT('',#2394);
#1675=VERTEX_POINT('',#2395);
#1676=VERTEX_POINT('',#2396);
#1677=VERTEX_POINT('',#2397);
#1678=VERTEX_POINT('',#2398);
#1679=VERTEX_POINT('',#2399);
#1680=VERTEX_POINT('',#2400);
#1681=VERTEX_POINT('',#2401);
#1682=VERTEX_POINT('',#2402);
#1683=VERTEX_POINT('',#2403);
#1684=VERTEX_POINT('',#2404);
#1685=VERTEX_POINT('',#2405);
#1686=VERTEX_POINT('',#2406);
#1687=VERTEX_POINT('',#2407);
#1688=VERTEX_POINT('',#2408);
#1689=VERTEX_POINT('',#2409);
#1690=VERTEX_POINT('',#2410);
#1691=VERTEX_POINT('',#2411);
#1692=VERTEX_POINT('',#2412);
#1693=VERTEX_POINT('',#2413);
#1694=VERTEX_POINT('',#2414);
#1695=VERTEX_POINT('',#2415);
#1696=VERTEX_POINT('',#2416);
#1697=VERTEX_POINT('',#2417);
#1698=VERTEX_POINT('',#2418);
#1699=VERTEX_POINT('',#2419);
#1700=VERTEX_POINT('',#2420);
#1701=VERTEX_POINT('',#2421);
#1702=VERTEX_POINT('',#2422);
#1703=VERTEX_POINT('',#2423);
#1704=VERTEX_POINT('',#2424);
#1705=VERTEX_POINT('',#2425);
#1706=VERTEX_POINT('',#2426);
#1707=VERTEX_POINT('',#2427);
#1708=VERTEX_POINT('',#2428);
#1709=VERTEX_POINT('',#2429);
#1710=VERTEX_POINT('',#2430);
#1711=VERTEX_POINT('',#2431);
#1712=VERTEX_POINT('',#2432);
#1713=VERTEX_POINT('',#2433);
#1714=VERTEX_POINT('',#2434);
#1715=VERTEX_POINT('',#2435);
#1716=VERTEX_POINT('',#2436);
#1717=VERTEX_POINT('',#2437);
#1718=VERTEX_POINT('',#2438);
#1719=VERTEX_POINT('',#2439);
#1720=VERTEX_POINT('',#3250);
#1721=VERTEX_POINT('',#3251);
#1722=VERTEX_POINT('',#3252);
#1723=VERTEX_POINT('',#3253);
#1724=VERTEX_POINT('',#3254);
#1725=VERTEX_POINT('',#3255);
#1726=VERTEX_POINT('',#3256);
#1727=VERTEX_POINT('',#3257);
#1728=VERTEX_POINT('',#3258);
#1729=VERTEX_POINT('',#3259);
#1730=VERTEX_POINT('',#3260);
#1731=VERTEX_POINT('',#3261);
#1732=VERTEX_POINT('',#3262);
#1733=VERTEX_POINT('',#3263);
#1734=VERTEX_POINT('',#3264);
#1735=VERTEX_POINT('',#3265);
#1736=VERTEX_POINT('',#3266);
#1737=VERTEX_POINT('',#3267);
#1738=VERTEX_POINT('',#3268);
#1739=VERTEX_POINT('',#3269);
#1740=VERTEX_POINT('',#3270);
#1741=VERTEX_POINT('',#3271);
#1742=VERTEX_POINT('',#3272);
#1743=VERTEX_POINT('',#3273);
#1744=VERTEX_POINT('',#3274);
#1745=VERTEX_POINT('',#3275);
#1746=VERTEX_POINT('',#3276);
#1747=VERTEX_POINT('',#3277);
#1748=VERTEX_POINT('',#3278);
#1749=VERTEX_POINT('',#3279);
#1750=VERTEX_POINT('',#3280);
#1751=VERTEX_POINT('',#3281);
#1752=VERTEX_POINT('',#3282);
#1753=VERTEX_POINT('',#3283);
#1754=VERTEX_POINT('',#3284);
#1755=VERTEX_POINT('',#3285);
#1756=VERTEX_POINT('',#3286);
#1757=VERTEX_POINT('',#3287);
#1758=VERTEX_POINT('',#3288);
#1759=VERTEX_POINT('',#3289);
#1760=VERTEX_POINT('',#3290);
#1761=VERTEX_POINT('',#3291);
#1762=VERTEX_POINT('',#3292);
#1763=VERTEX_POINT('',#3293);
#1764=VERTEX_POINT('',#3294);
#1765=VERTEX_POINT('',#3295);
#1766=VERTEX_POINT('',#3296);
#1767=VERTEX_POINT('',#3297);
#1768=VERTEX_POINT('',#3298);
#1769=VERTEX_POINT('',#3299);
#1770=VERTEX_POINT('',#3300);
#1771=VERTEX_POINT('',#3301);
#1772=VERTEX_POINT('',#3302);
#1773=VERTEX_POINT('',#3303);
#1774=VERTEX_POINT('',#3304);
#1775=VERTEX_POINT('',#3305);
#1776=VERTEX_POINT('',#3306);
#1777=VERTEX_POINT('',#3307);
#1778=VERTEX_POINT('',#3308);
#1779=VERTEX_POINT('',#3309);
#1780=VERTEX_POINT('',#3310);
#1781=VERTEX_POINT('',#3311);
#1782=VERTEX_POINT('',#3312);
#1783=VERTEX_POINT('',#3313);
#1784=VERTEX_POINT('',#3314);
#1785=VERTEX_POINT('',#3315);
#1786=VERTEX_POINT('',#3316);
#1787=VERTEX_POINT('',#3317);
#1788=VERTEX_POINT('',#3318);
#1789=VERTEX_POINT('',#3319);
#1790=VERTEX_POINT('',#3320);
#1791=VERTEX_POINT('',#3321);
#1792=VERTEX_POINT('',#3322);
#1793=VERTEX_POINT('',#3323);
#1794=VERTEX_POINT('',#3324);
#1795=VERTEX_POINT('',#3325);
#1796=VERTEX_POINT('',#3326);
#1797=VERTEX_POINT('',#3327);
#1798=VERTEX_POINT('',#3328);
#1799=VERTEX_POINT('',#3329);
#1800=VERTEX_POINT('',#3330);
#1801=VERTEX_POINT('',#3331);
#1802=VERTEX_POINT('',#3332);
#1803=VERTEX_POINT('',#3333);
#1804=VERTEX_POINT('',#3334);
#1805=VERTEX_POINT('',#3335);
#1806=VERTEX_POINT('',#3336);
#1807=VERTEX_POINT('',#3337);
#1808=VERTEX_POINT('',#3338);
#1809=VERTEX_POINT('',#3339);
#1810=VERTEX_POINT('',#3340);
#1811=VERTEX_POINT('',#3341);
#1812=VERTEX_POINT('',#3342);
#1813=VERTEX_POINT('',#3343);
#1814=VERTEX_POINT('',#3344);
#1815=VERTEX_POINT('',#3345);
#1816=VERTEX_POINT('',#3346);
#1817=VERTEX_POINT('',#3347);
#1818=VERTEX_POINT('',#3348);
#1819=VERTEX_POINT('',#3349);
#1820=VERTEX_POINT('',#3350);
#1821=VERTEX_POINT('',#3351);
#1822=(
BOUNDED_SURFACE()
B_SPLINE_SURFACE(5,1,((#2200,#2201),(#2202,#2203),(#2204,#2205),(#2206,
#2207),(#2208,#2209),(#2210,#2211)),.UNSPECIFIED.,.F.,.F.,.F.)
B_SPLINE_SURFACE_WITH_KNOTS((6,6),(2,2),(0.,0.374574753561838),(0.,39.),
 .UNSPECIFIED.)
GEOMETRIC_REPRESENTATION_ITEM()
RATIONAL_B_SPLINE_SURFACE(((1.,1.),(1.,1.),(1.,1.),(1.,1.),(1.,1.),(1.,
1.)))
REPRESENTATION_ITEM('')
SURFACE()
);
#1823=(
BOUNDED_SURFACE()
B_SPLINE_SURFACE(5,1,((#2224,#2225),(#2226,#2227),(#2228,#2229),(#2230,
#2231),(#2232,#2233),(#2234,#2235),(#2236,#2237),(#2238,#2239),(#2240,#2241),
(#2242,#2243),(#2244,#2245),(#2246,#2247),(#2248,#2249),(#2250,#2251),(#2252,
#2253),(#2254,#2255),(#2256,#2257),(#2258,#2259),(#2260,#2261),(#2262,#2263),
(#2264,#2265)),.UNSPECIFIED.,.F.,.F.,.F.)
B_SPLINE_SURFACE_WITH_KNOTS((6,5,5,5,6),(2,2),(61.6301759654359,62.5133616454488,
63.7833335428918,65.0533054403348,65.9364911203477),(0.,39.),
 .UNSPECIFIED.)
GEOMETRIC_REPRESENTATION_ITEM()
RATIONAL_B_SPLINE_SURFACE(((1.,1.),(1.,1.),(1.,1.),(1.,1.),(1.,1.),(1.,
1.),(0.965822934755939,0.965822934755939),(0.948734402133909,0.948734402133909),
(0.948734402133909,0.948734402133909),(0.965822934755939,0.965822934755939),
(1.,1.),(0.965822934755939,0.965822934755939),(0.948734402133909,0.948734402133909),
(0.948734402133909,0.948734402133909),(0.965822934755939,0.965822934755939),
(1.,1.),(1.,1.),(1.,1.),(1.,1.),(1.,1.),(1.,1.)))
REPRESENTATION_ITEM('')
SURFACE()
);
#1824=(
BOUNDED_SURFACE()
B_SPLINE_SURFACE(5,1,((#2267,#2268),(#2269,#2270),(#2271,#2272),(#2273,
#2274),(#2275,#2276),(#2277,#2278)),.UNSPECIFIED.,.F.,.F.,.F.)
B_SPLINE_SURFACE_WITH_KNOTS((6,6),(2,2),(74.6542903713547,75.4701054440968),
(0.,39.),.UNSPECIFIED.)
GEOMETRIC_REPRESENTATION_ITEM()
RATIONAL_B_SPLINE_SURFACE(((1.,1.),(1.,1.),(1.,1.),(1.,1.),(1.,1.),(1.,
1.)))
REPRESENTATION_ITEM('')
SURFACE()
);
#1825=(
BOUNDED_SURFACE()
B_SPLINE_SURFACE(2,1,((#2300,#2301),(#2302,#2303),(#2304,#2305),(#2306,
#2307),(#2308,#2309)),.UNSPECIFIED.,.F.,.F.,.F.)
B_SPLINE_SURFACE_WITH_KNOTS((3,2,3),(2,2),(7.56228438718415,11.3434265807782,
15.1245687743722),(0.,1.83595934960748),.UNSPECIFIED.)
GEOMETRIC_REPRESENTATION_ITEM()
RATIONAL_B_SPLINE_SURFACE(((1.,1.),(0.707106781186463,0.707106781186527),
(1.,1.),(0.707106781186463,0.707106781186527),(1.,1.)))
REPRESENTATION_ITEM('')
SURFACE()
);
#1826=(
BOUNDED_SURFACE()
B_SPLINE_SURFACE(2,1,((#2310,#2311),(#2312,#2313),(#2314,#2315),(#2316,
#2317),(#2318,#2319)),.UNSPECIFIED.,.F.,.F.,.F.)
B_SPLINE_SURFACE_WITH_KNOTS((3,2,3),(2,2),(0.,3.78114219359207,7.56228438718415),
(0.,1.83595934960748),.UNSPECIFIED.)
GEOMETRIC_REPRESENTATION_ITEM()
RATIONAL_B_SPLINE_SURFACE(((1.,1.),(0.707106781186643,0.707106781186548),
(1.,1.),(0.707106781186643,0.707106781186548),(1.,1.)))
REPRESENTATION_ITEM('')
SURFACE()
);
#1827=(
BOUNDED_SURFACE()
B_SPLINE_SURFACE(1,5,((#3103,#3104,#3105,#3106,#3107,#3108),(#3109,#3110,
#3111,#3112,#3113,#3114)),.UNSPECIFIED.,.F.,.F.,.F.)
B_SPLINE_SURFACE_WITH_KNOTS((2,2),(6,6),(0.,39.),(0.,0.374574753561838),
 .UNSPECIFIED.)
GEOMETRIC_REPRESENTATION_ITEM()
RATIONAL_B_SPLINE_SURFACE(((1.,1.,1.,1.,1.,1.),(1.,1.,1.,1.,1.,1.)))
REPRESENTATION_ITEM('')
SURFACE()
);
#1828=(
BOUNDED_SURFACE()
B_SPLINE_SURFACE(1,5,((#3127,#3128,#3129,#3130,#3131,#3132,#3133,#3134,
#3135,#3136,#3137,#3138,#3139,#3140,#3141,#3142,#3143,#3144,#3145,#3146,
#3147),(#3148,#3149,#3150,#3151,#3152,#3153,#3154,#3155,#3156,#3157,#3158,
#3159,#3160,#3161,#3162,#3163,#3164,#3165,#3166,#3167,#3168)),
 .UNSPECIFIED.,.F.,.F.,.F.)
B_SPLINE_SURFACE_WITH_KNOTS((2,2),(6,5,5,5,6),(0.,39.),(61.6301759654359,
62.5133616454488,63.7833335428918,65.0533054403348,65.9364911203477),
 .UNSPECIFIED.)
GEOMETRIC_REPRESENTATION_ITEM()
RATIONAL_B_SPLINE_SURFACE(((1.,1.,1.,1.,1.,1.,0.965822934755939,0.948734402133909,
0.948734402133909,0.965822934755939,1.,0.965822934755939,0.948734402133909,
0.948734402133909,0.965822934755939,1.,1.,1.,1.,1.,1.),(1.,1.,1.,1.,1.,
1.,0.965822934755939,0.948734402133909,0.948734402133909,0.965822934755939,
1.,0.965822934755939,0.948734402133909,0.948734402133909,0.965822934755939,
1.,1.,1.,1.,1.,1.)))
REPRESENTATION_ITEM('')
SURFACE()
);
#1829=(
BOUNDED_SURFACE()
B_SPLINE_SURFACE(1,5,((#3170,#3171,#3172,#3173,#3174,#3175),(#3176,#3177,
#3178,#3179,#3180,#3181)),.UNSPECIFIED.,.F.,.F.,.F.)
B_SPLINE_SURFACE_WITH_KNOTS((2,2),(6,6),(0.,39.),(74.6542903713547,75.4701054440968),
 .UNSPECIFIED.)
GEOMETRIC_REPRESENTATION_ITEM()
RATIONAL_B_SPLINE_SURFACE(((1.,1.,1.,1.,1.,1.),(1.,1.,1.,1.,1.,1.)))
REPRESENTATION_ITEM('')
SURFACE()
);
#1830=(
BOUNDED_SURFACE()
B_SPLINE_SURFACE(1,2,((#3203,#3204,#3205,#3206,#3207),(#3208,#3209,#3210,
#3211,#3212)),.UNSPECIFIED.,.F.,.F.,.F.)
B_SPLINE_SURFACE_WITH_KNOTS((2,2),(3,2,3),(0.,1.83595934960748),(7.56228438718415,
11.3434265807782,15.1245687743722),.UNSPECIFIED.)
GEOMETRIC_REPRESENTATION_ITEM()
RATIONAL_B_SPLINE_SURFACE(((1.,0.707106781186463,1.,0.707106781186463,1.),
(1.,0.707106781186527,1.,0.707106781186527,1.)))
REPRESENTATION_ITEM('')
SURFACE()
);
#1831=(
BOUNDED_SURFACE()
B_SPLINE_SURFACE(1,2,((#3213,#3214,#3215,#3216,#3217),(#3218,#3219,#3220,
#3221,#3222)),.UNSPECIFIED.,.F.,.F.,.F.)
B_SPLINE_SURFACE_WITH_KNOTS((2,2),(3,2,3),(0.,1.83595934960748),(0.,3.78114219359207,
7.56228438718415),.UNSPECIFIED.)
GEOMETRIC_REPRESENTATION_ITEM()
RATIONAL_B_SPLINE_SURFACE(((1.,0.707106781186643,1.,0.707106781186643,1.),
(1.,0.707106781186548,1.,0.707106781186548,1.)))
REPRESENTATION_ITEM('')
SURFACE()
);
#1832=PLANE('',#2012);
#1833=PLANE('',#2013);
#1834=PLANE('',#2015);
#1835=PLANE('',#2016);
#1836=PLANE('',#2017);
#1837=PLANE('',#2019);
#1838=PLANE('',#2021);
#1839=PLANE('',#2023);
#1840=PLANE('',#2025);
#1841=PLANE('',#2026);
#1842=PLANE('',#2027);
#1843=PLANE('',#2028);
#1844=PLANE('',#2029);
#1845=PLANE('',#2032);
#1846=PLANE('',#2035);
#1847=PLANE('',#2036);
#1848=PLANE('',#2038);
#1849=PLANE('',#2039);
#1850=PLANE('',#2041);
#1851=PLANE('',#2046);
#1852=PLANE('',#2047);
#1853=PLANE('',#2049);
#1854=PLANE('',#2050);
#1855=PLANE('',#2052);
#1856=PLANE('',#2053);
#1857=PLANE('',#2054);
#1858=PLANE('',#2056);
#1859=PLANE('',#2058);
#1860=PLANE('',#2060);
#1861=PLANE('',#2062);
#1862=PLANE('',#2063);
#1863=PLANE('',#2064);
#1864=PLANE('',#2065);
#1865=PLANE('',#2066);
#1866=PLANE('',#2069);
#1867=PLANE('',#2072);
#1868=PLANE('',#2073);
#1869=PLANE('',#2075);
#1870=PLANE('',#2076);
#1871=PLANE('',#2078);
#1872=PLANE('',#2083);
#1873=PLANE('',#2084);
#1874=PLANE('',#2085);
#1875=PLANE('',#2087);
#1876=PLANE('',#2089);
#1877=PLANE('',#2091);
#1878=PLANE('',#2093);
#1879=CYLINDRICAL_SURFACE('',#2011,1.52499999999786);
#1880=CYLINDRICAL_SURFACE('',#2014,1.52499999999789);
#1881=CYLINDRICAL_SURFACE('',#2018,1.55000000000054);
#1882=CYLINDRICAL_SURFACE('',#2020,1.55000000000028);
#1883=CYLINDRICAL_SURFACE('',#2022,0.799999999998775);
#1884=CYLINDRICAL_SURFACE('',#2024,2.34103586951613);
#1885=CYLINDRICAL_SURFACE('',#2030,0.999999999999986);
#1886=CYLINDRICAL_SURFACE('',#2031,0.999999999999986);
#1887=CYLINDRICAL_SURFACE('',#2033,0.900000000000034);
#1888=CYLINDRICAL_SURFACE('',#2034,0.900000000000006);
#1889=CYLINDRICAL_SURFACE('',#2037,3.10000000000002);
#1890=CYLINDRICAL_SURFACE('',#2040,3.10000000000021);
#1891=CYLINDRICAL_SURFACE('',#2042,1.00000000000001);
#1892=CYLINDRICAL_SURFACE('',#2043,0.999999999999972);
#1893=CYLINDRICAL_SURFACE('',#2044,0.900000000000048);
#1894=CYLINDRICAL_SURFACE('',#2045,0.900000000000006);
#1895=CYLINDRICAL_SURFACE('',#2048,1.52499999999786);
#1896=CYLINDRICAL_SURFACE('',#2051,1.52499999999789);
#1897=CYLINDRICAL_SURFACE('',#2055,1.55000000000086);
#1898=CYLINDRICAL_SURFACE('',#2057,1.55000000000036);
#1899=CYLINDRICAL_SURFACE('',#2059,0.799999999998796);
#1900=CYLINDRICAL_SURFACE('',#2061,2.34103586951614);
#1901=CYLINDRICAL_SURFACE('',#2067,1.);
#1902=CYLINDRICAL_SURFACE('',#2068,0.999999999999986);
#1903=CYLINDRICAL_SURFACE('',#2070,0.900000000000034);
#1904=CYLINDRICAL_SURFACE('',#2071,0.900000000000006);
#1905=CYLINDRICAL_SURFACE('',#2074,3.10000000000002);
#1906=CYLINDRICAL_SURFACE('',#2077,3.10000000000021);
#1907=CYLINDRICAL_SURFACE('',#2079,1.);
#1908=CYLINDRICAL_SURFACE('',#2080,0.999999999999986);
#1909=CYLINDRICAL_SURFACE('',#2081,0.900000000000048);
#1910=CYLINDRICAL_SURFACE('',#2082,0.900000000000006);
#1911=CYLINDRICAL_SURFACE('',#2086,1.55000000000086);
#1912=CYLINDRICAL_SURFACE('',#2088,1.55000000000036);
#1913=CYLINDRICAL_SURFACE('',#2090,0.799999999998796);
#1914=CYLINDRICAL_SURFACE('',#2092,2.34103586951614);
#1915=B_SPLINE_SURFACE_WITH_KNOTS('',1,5,((#2183,#2184,#2185,#2186,#2187,
#2188),(#2189,#2190,#2191,#2192,#2193,#2194)),.UNSPECIFIED.,.F.,.F.,.F.,
(2,2),(6,6),(-1.51,12.010000000001),(-1.0547118733939E-14,2.84309249583677),
 .UNSPECIFIED.);
#1916=B_SPLINE_SURFACE_WITH_KNOTS('',2,1,((#2280,#2281),(#2282,#2283),(#2284,
#2285)),.UNSPECIFIED.,.F.,.F.,.F.,(3,3),(2,2),(0.,3.01089015493816),(0.,
83.),.UNSPECIFIED.);
#1917=B_SPLINE_SURFACE_WITH_KNOTS('',2,1,((#2286,#2287),(#2288,#2289),(#2290,
#2291)),.UNSPECIFIED.,.F.,.F.,.F.,(3,3),(2,2),(6.83964325890425,9.85053341384241),
(0.,83.),.UNSPECIFIED.);
#1918=B_SPLINE_SURFACE_WITH_KNOTS('',3,1,((#2292,#2293),(#2294,#2295),(#2296,
#2297),(#2298,#2299)),.UNSPECIFIED.,.F.,.F.,.F.,(4,4),(2,2),(0.,3.71752863123378),
(0.,118.),.UNSPECIFIED.);
#1919=B_SPLINE_SURFACE_WITH_KNOTS('',5,1,((#3086,#3087),(#3088,#3089),(#3090,
#3091),(#3092,#3093),(#3094,#3095),(#3096,#3097)),.UNSPECIFIED.,.F.,.F.,
 .F.,(6,6),(2,2),(-1.0547118733939E-14,2.84309249583677),(-1.51,12.010000000001),
 .UNSPECIFIED.);
#1920=B_SPLINE_SURFACE_WITH_KNOTS('',1,2,((#3183,#3184,#3185),(#3186,#3187,
#3188)),.UNSPECIFIED.,.F.,.F.,.F.,(2,2),(3,3),(0.,83.),(0.,3.01089015493816),
 .UNSPECIFIED.);
#1921=B_SPLINE_SURFACE_WITH_KNOTS('',1,2,((#3189,#3190,#3191),(#3192,#3193,
#3194)),.UNSPECIFIED.,.F.,.F.,.F.,(2,2),(3,3),(0.,83.),(6.83964325890425,
9.85053341384241),.UNSPECIFIED.);
#1922=B_SPLINE_SURFACE_WITH_KNOTS('',1,3,((#3195,#3196,#3197,#3198),(#3199,
#3200,#3201,#3202)),.UNSPECIFIED.,.F.,.F.,.F.,(2,2),(4,4),(0.,118.),(0.,
3.71752863123378),.UNSPECIFIED.);
#1923=SHAPE_DEFINITION_REPRESENTATION(#1924,#2009);
#1924=PRODUCT_DEFINITION_SHAPE('Document','',#1926);
#1925=PRODUCT_DEFINITION_CONTEXT('3D Mechanical Parts',#1998,'design');
#1926=PRODUCT_DEFINITION('A','First version',#1968,#1925);
#1927=DATE_TIME_ROLE('classification_date');
#1928=DATE_TIME_ROLE('creation_date');
#1929=APPLIED_DATE_AND_TIME_ASSIGNMENT(#1953,#1927,(#1932));
#1930=APPLIED_DATE_AND_TIME_ASSIGNMENT(#1955,#1928,(#1926));
#1931=SECURITY_CLASSIFICATION_LEVEL('unclassified');
#1932=SECURITY_CLASSIFICATION('A','Security for version',#1931);
#1933=APPLIED_SECURITY_CLASSIFICATION_ASSIGNMENT(#1932,(#1968));
#1934=APPROVAL_ROLE('Version approval');
#1935=APPROVAL_ROLE('Version Security approval');
#1936=APPROVAL_ROLE('Definition approval');
#1937=APPROVAL_PERSON_ORGANIZATION(#1986,#1962,#1934);
#1938=APPROVAL_PERSON_ORGANIZATION(#1987,#1963,#1935);
#1939=APPROVAL_PERSON_ORGANIZATION(#1990,#1964,#1936);
#1940=COORDINATED_UNIVERSAL_TIME_OFFSET(5,0,.BEHIND.);
#1941=LOCAL_TIME(0,0,0.,#1940);
#1942=LOCAL_TIME(0,0,0.,#1940);
#1943=LOCAL_TIME(0,0,0.,#1940);
#1944=LOCAL_TIME(0,0,0.,#1940);
#1945=LOCAL_TIME(0,0,0.,#1940);
#1946=CALENDAR_DATE(1999,1,1);
#1947=CALENDAR_DATE(1999,1,1);
#1948=CALENDAR_DATE(1999,1,1);
#1949=CALENDAR_DATE(1999,1,1);
#1950=CALENDAR_DATE(1999,1,1);
#1951=DATE_AND_TIME(#1946,#1941);
#1952=DATE_AND_TIME(#1947,#1942);
#1953=DATE_AND_TIME(#1948,#1943);
#1954=DATE_AND_TIME(#1949,#1944);
#1955=DATE_AND_TIME(#1950,#1945);
#1956=APPROVAL_DATE_TIME(#1951,#1962);
#1957=APPROVAL_DATE_TIME(#1952,#1963);
#1958=APPROVAL_DATE_TIME(#1954,#1964);
#1959=APPROVAL_STATUS('not_yet_approved');
#1960=APPROVAL_STATUS('not_yet_approved');
#1961=APPROVAL_STATUS('approved');
#1962=APPROVAL(#1959,'Version approval');
#1963=APPROVAL(#1960,'Version Security approval');
#1964=APPROVAL(#1961,'Definition approval');
#1965=APPLIED_APPROVAL_ASSIGNMENT(#1962,(#1968));
#1966=APPLIED_APPROVAL_ASSIGNMENT(#1963,(#1932));
#1967=APPLIED_APPROVAL_ASSIGNMENT(#1964,(#1926));
#1968=PRODUCT_DEFINITION_FORMATION_WITH_SPECIFIED_SOURCE('A',
'First version',#2000,.MADE.);
#1969=PERSON_AND_ORGANIZATION_ROLE('design_owner');
#1970=PERSON_AND_ORGANIZATION_ROLE('creator');
#1971=PERSON_AND_ORGANIZATION_ROLE('design_supplier');
#1972=PERSON_AND_ORGANIZATION_ROLE('classification_officer');
#1973=PERSON_AND_ORGANIZATION_ROLE('creator');
#1974=ORGANIZATION('STI','lab','lab');
#1975=ORGANIZATION('STI','unknown','unknown');
#1976=ORGANIZATION('STI','unknown','unknown');
#1977=ORGANIZATION('STI','unknown','unknown');
#1978=ORGANIZATION('STI','unknown','unknown');
#1979=ORGANIZATION('STI','unknown','unknown');
#1980=ORGANIZATION('STI','unknown','unknown');
#1981=PERSON('1','Box','vc60',$,$,$);
#1982=PERSON('2','last','first',$,$,$);
#1983=PERSON('3','President','Mr.',$,$,$);
#1984=PERSON_AND_ORGANIZATION(#1981,#1974);
#1985=PERSON_AND_ORGANIZATION(#1982,#1975);
#1986=PERSON_AND_ORGANIZATION(#1983,#1976);
#1987=PERSON_AND_ORGANIZATION(#1983,#1977);
#1988=PERSON_AND_ORGANIZATION(#1983,#1978);
#1989=PERSON_AND_ORGANIZATION(#1982,#1979);
#1990=PERSON_AND_ORGANIZATION(#1983,#1980);
#1991=APPLIED_PERSON_AND_ORGANIZATION_ASSIGNMENT(#1984,#1969,(#2000));
#1992=APPLIED_PERSON_AND_ORGANIZATION_ASSIGNMENT(#1985,#1970,(#1968));
#1993=APPLIED_PERSON_AND_ORGANIZATION_ASSIGNMENT(#1985,#1971,(#1968));
#1994=APPLIED_PERSON_AND_ORGANIZATION_ASSIGNMENT(#1988,#1972,(#1932));
#1995=APPLIED_PERSON_AND_ORGANIZATION_ASSIGNMENT(#1989,#1973,(#1926));
#1996=PRODUCT_RELATED_PRODUCT_CATEGORY('detail','detail',(#2000));
#1997=APPLICATION_PROTOCOL_DEFINITION('International Standard',
'config_control_design',1994,#1998);
#1998=APPLICATION_CONTEXT(
'configuration controlled 3d designs of mechanical parts and assemblie
s');
#1999=PRODUCT_CONTEXT('3D Mechanical Parts',#1998,'mechanical');
#2000=PRODUCT('Document','Document','',(#1999));
#2001=(
LENGTH_UNIT()
NAMED_UNIT(*)
SI_UNIT(.MILLI.,.METRE.)
);
#2002=(
NAMED_UNIT(*)
PLANE_ANGLE_UNIT()
SI_UNIT($,.RADIAN.)
);
#2003=DIMENSIONAL_EXPONENTS(0.,0.,0.,0.,0.,0.,0.);
#2004=PLANE_ANGLE_MEASURE_WITH_UNIT(PLANE_ANGLE_MEASURE(0.01745329252),
#2002);
#2005=(
CONVERSION_BASED_UNIT('DEGREES',#2004)
NAMED_UNIT(#2003)
PLANE_ANGLE_UNIT()
);
#2006=(
NAMED_UNIT(*)
SI_UNIT($,.STERADIAN.)
SOLID_ANGLE_UNIT()
);
#2007=UNCERTAINTY_MEASURE_WITH_UNIT(LENGTH_MEASURE(0.001),#2001,
'DISTANCE_ACCURACY_VALUE',
'Maximum model space distance between geometric entities at asserted c
onnectivities');
#2008=(
GEOMETRIC_REPRESENTATION_CONTEXT(3)
GLOBAL_UNCERTAINTY_ASSIGNED_CONTEXT((#2007))
GLOBAL_UNIT_ASSIGNED_CONTEXT((#2006,#2005,#2001))
REPRESENTATION_CONTEXT('ID1','3D')
);
#2009=SHAPE_REPRESENTATION('Document',(#2010,#2094),#2008);
#2010=AXIS2_PLACEMENT_3D('',#2182,#2095,#2096);
#2011=AXIS2_PLACEMENT_3D('',#2195,#2097,$);
#2012=AXIS2_PLACEMENT_3D('',#2196,#2098,$);
#2013=AXIS2_PLACEMENT_3D('',#2197,#2099,$);
#2014=AXIS2_PLACEMENT_3D('',#2198,#2100,$);
#2015=AXIS2_PLACEMENT_3D('',#2199,#2101,$);
#2016=AXIS2_PLACEMENT_3D('',#2212,#2102,$);
#2017=AXIS2_PLACEMENT_3D('',#2213,#2103,$);
#2018=AXIS2_PLACEMENT_3D('',#2214,#2104,$);
#2019=AXIS2_PLACEMENT_3D('',#2215,#2105,$);
#2020=AXIS2_PLACEMENT_3D('',#2216,#2106,$);
#2021=AXIS2_PLACEMENT_3D('',#2217,#2107,$);
#2022=AXIS2_PLACEMENT_3D('',#2218,#2108,$);
#2023=AXIS2_PLACEMENT_3D('',#2219,#2109,$);
#2024=AXIS2_PLACEMENT_3D('',#2220,#2110,$);
#2025=AXIS2_PLACEMENT_3D('',#2221,#2111,$);
#2026=AXIS2_PLACEMENT_3D('',#2222,#2112,$);
#2027=AXIS2_PLACEMENT_3D('',#2223,#2113,$);
#2028=AXIS2_PLACEMENT_3D('',#2266,#2114,$);
#2029=AXIS2_PLACEMENT_3D('',#2279,#2115,$);
#2030=AXIS2_PLACEMENT_3D('',#2320,#2116,$);
#2031=AXIS2_PLACEMENT_3D('',#2321,#2117,$);
#2032=AXIS2_PLACEMENT_3D('',#2322,#2118,$);
#2033=AXIS2_PLACEMENT_3D('',#2323,#2119,$);
#2034=AXIS2_PLACEMENT_3D('',#2324,#2120,$);
#2035=AXIS2_PLACEMENT_3D('',#2325,#2121,$);
#2036=AXIS2_PLACEMENT_3D('',#2326,#2122,$);
#2037=AXIS2_PLACEMENT_3D('',#2327,#2123,$);
#2038=AXIS2_PLACEMENT_3D('',#2328,#2124,$);
#2039=AXIS2_PLACEMENT_3D('',#2329,#2125,$);
#2040=AXIS2_PLACEMENT_3D('',#2330,#2126,$);
#2041=AXIS2_PLACEMENT_3D('',#2331,#2127,$);
#2042=AXIS2_PLACEMENT_3D('',#2332,#2128,$);
#2043=AXIS2_PLACEMENT_3D('',#2333,#2129,$);
#2044=AXIS2_PLACEMENT_3D('',#2334,#2130,$);
#2045=AXIS2_PLACEMENT_3D('',#2335,#2131,$);
#2046=AXIS2_PLACEMENT_3D('',#2336,#2132,$);
#2047=AXIS2_PLACEMENT_3D('',#2337,#2133,$);
#2048=AXIS2_PLACEMENT_3D('',#3098,#2134,$);
#2049=AXIS2_PLACEMENT_3D('',#3099,#2135,$);
#2050=AXIS2_PLACEMENT_3D('',#3100,#2136,$);
#2051=AXIS2_PLACEMENT_3D('',#3101,#2137,$);
#2052=AXIS2_PLACEMENT_3D('',#3102,#2138,$);
#2053=AXIS2_PLACEMENT_3D('',#3115,#2139,$);
#2054=AXIS2_PLACEMENT_3D('',#3116,#2140,$);
#2055=AXIS2_PLACEMENT_3D('',#3117,#2141,$);
#2056=AXIS2_PLACEMENT_3D('',#3118,#2142,$);
#2057=AXIS2_PLACEMENT_3D('',#3119,#2143,$);
#2058=AXIS2_PLACEMENT_3D('',#3120,#2144,$);
#2059=AXIS2_PLACEMENT_3D('',#3121,#2145,$);
#2060=AXIS2_PLACEMENT_3D('',#3122,#2146,$);
#2061=AXIS2_PLACEMENT_3D('',#3123,#2147,$);
#2062=AXIS2_PLACEMENT_3D('',#3124,#2148,$);
#2063=AXIS2_PLACEMENT_3D('',#3125,#2149,$);
#2064=AXIS2_PLACEMENT_3D('',#3126,#2150,$);
#2065=AXIS2_PLACEMENT_3D('',#3169,#2151,$);
#2066=AXIS2_PLACEMENT_3D('',#3182,#2152,$);
#2067=AXIS2_PLACEMENT_3D('',#3223,#2153,$);
#2068=AXIS2_PLACEMENT_3D('',#3224,#2154,$);
#2069=AXIS2_PLACEMENT_3D('',#3225,#2155,$);
#2070=AXIS2_PLACEMENT_3D('',#3226,#2156,$);
#2071=AXIS2_PLACEMENT_3D('',#3227,#2157,$);
#2072=AXIS2_PLACEMENT_3D('',#3228,#2158,$);
#2073=AXIS2_PLACEMENT_3D('',#3229,#2159,$);
#2074=AXIS2_PLACEMENT_3D('',#3230,#2160,$);
#2075=AXIS2_PLACEMENT_3D('',#3231,#2161,$);
#2076=AXIS2_PLACEMENT_3D('',#3232,#2162,$);
#2077=AXIS2_PLACEMENT_3D('',#3233,#2163,$);
#2078=AXIS2_PLACEMENT_3D('',#3234,#2164,$);
#2079=AXIS2_PLACEMENT_3D('',#3235,#2165,$);
#2080=AXIS2_PLACEMENT_3D('',#3236,#2166,$);
#2081=AXIS2_PLACEMENT_3D('',#3237,#2167,$);
#2082=AXIS2_PLACEMENT_3D('',#3238,#2168,$);
#2083=AXIS2_PLACEMENT_3D('',#3239,#2169,$);
#2084=AXIS2_PLACEMENT_3D('',#3240,#2170,$);
#2085=AXIS2_PLACEMENT_3D('',#3241,#2171,$);
#2086=AXIS2_PLACEMENT_3D('',#3242,#2172,$);
#2087=AXIS2_PLACEMENT_3D('',#3243,#2173,$);
#2088=AXIS2_PLACEMENT_3D('',#3244,#2174,$);
#2089=AXIS2_PLACEMENT_3D('',#3245,#2175,$);
#2090=AXIS2_PLACEMENT_3D('',#3246,#2176,$);
#2091=AXIS2_PLACEMENT_3D('',#3247,#2177,$);
#2092=AXIS2_PLACEMENT_3D('',#3248,#2178,$);
#2093=AXIS2_PLACEMENT_3D('',#3249,#2179,$);
#2094=AXIS2_PLACEMENT_3D('',#3998,#2180,#2181);
#2095=DIRECTION('',(0.,0.,1.));
#2096=DIRECTION('',(1.,0.,0.));
#2097=DIRECTION('',(1.,6.58924048232308E-15,-1.59078337381944E-14));
#2098=DIRECTION('',(0.,0.,1.));
#2099=DIRECTION('',(0.,1.,0.));
#2100=DIRECTION('',(1.,-6.58924048232373E-15,-1.59078337381929E-14));
#2101=DIRECTION('',(0.,0.,-1.));
#2102=DIRECTION('',(0.,-1.,0.));
#2103=DIRECTION('',(-1.,0.,0.));
#2104=DIRECTION('',(0.,0.,-1.));
#2105=DIRECTION('',(-0.707106781186564,0.707106781186531,0.));
#2106=DIRECTION('',(0.,0.,1.));
#2107=DIRECTION('',(-1.,0.,0.));
#2108=DIRECTION('',(0.,0.,-1.));
#2109=DIRECTION('',(0.059652771298829,0.998219187792125,0.));
#2110=DIRECTION('',(1.81710722925037E-14,1.60454854028299E-14,-1.));
#2111=DIRECTION('',(0.998044315329148,0.0625103562553618,0.));
#2112=DIRECTION('',(1.,0.,0.));
#2113=DIRECTION('',(1.,0.,0.));
#2114=DIRECTION('',(1.,0.,0.));
#2115=DIRECTION('',(0.707106781186535,-0.707106781186559,0.));
#2116=DIRECTION('',(5.68434188608084E-14,1.21169035041948E-27,1.));
#2117=DIRECTION('',(0.,0.,1.));
#2118=DIRECTION('',(0.,0.,1.));
#2119=DIRECTION('',(-1.,0.,0.));
#2120=DIRECTION('',(-1.,0.,0.));
#2121=DIRECTION('',(3.30717435038348E-16,-0.744709458601816,-0.667388808918003));
#2122=DIRECTION('',(0.,0.,-1.));
#2123=DIRECTION('',(-1.,-9.67254949970234E-13,-2.20497455419744E-12));
#2124=DIRECTION('',(0.,0.,-1.));
#2125=DIRECTION('',(0.,0.,1.));
#2126=DIRECTION('',(1.,9.67254949970106E-13,-2.20497455419734E-12));
#2127=DIRECTION('',(0.,0.,1.));
#2128=DIRECTION('',(5.68434188608076E-14,-1.21169035041947E-27,1.));
#2129=DIRECTION('',(-2.84217094304048E-14,0.,1.));
#2130=DIRECTION('',(-1.,0.,0.));
#2131=DIRECTION('',(-1.,0.,0.));
#2132=DIRECTION('',(1.84695554533727E-15,-0.744709458601918,0.667388808917889));
#2133=DIRECTION('',(0.,0.,-1.));
#2134=DIRECTION('',(1.,-3.29462024116154E-15,7.9539168690972E-15));
#2135=DIRECTION('',(0.,0.,1.));
#2136=DIRECTION('',(0.,1.,0.));
#2137=DIRECTION('',(1.,-7.95391686909702E-15,-3.29462024116139E-15));
#2138=DIRECTION('',(0.,0.,-1.));
#2139=DIRECTION('',(0.,-1.,0.));
#2140=DIRECTION('',(1.,0.,0.));
#2141=DIRECTION('',(0.,0.,1.));
#2142=DIRECTION('',(0.707106781186558,0.707106781186537,-1.9671930891781E-16));
#2143=DIRECTION('',(0.,0.,-1.));
#2144=DIRECTION('',(1.,0.,0.));
#2145=DIRECTION('',(0.,0.,1.));
#2146=DIRECTION('',(-0.0596527712988295,0.998219187792125,-2.33092046000604E-16));
#2147=DIRECTION('',(1.81710722925039E-14,-1.60454854028301E-14,1.));
#2148=DIRECTION('',(-0.998044315329148,0.0625103562553624,-1.70909511431746E-16));
#2149=DIRECTION('',(-1.,0.,0.));
#2150=DIRECTION('',(-1.,0.,0.));
#2151=DIRECTION('',(-1.,0.,0.));
#2152=DIRECTION('',(-0.707106781186528,-0.707106781186567,-5.48068049366466E-17));
#2153=DIRECTION('',(5.6843418860808E-14,-1.21169035041947E-27,-1.));
#2154=DIRECTION('',(0.,0.,-1.));
#2155=DIRECTION('',(0.,0.,1.));
#2156=DIRECTION('',(-1.,0.,0.));
#2157=DIRECTION('',(-1.,0.,0.));
#2158=DIRECTION('',(0.,-0.744709458601816,-0.667388808918003));
#2159=DIRECTION('',(0.,0.,-1.));
#2160=DIRECTION('',(-1.,9.69547023311396E-13,2.20268248085628E-12));
#2161=DIRECTION('',(0.,0.,-1.));
#2162=DIRECTION('',(0.,0.,1.));
#2163=DIRECTION('',(1.,-9.67254949970106E-13,2.20268248085618E-12));
#2164=DIRECTION('',(0.,0.,1.));
#2165=DIRECTION('',(5.6843418860808E-14,1.21169035041947E-27,-1.));
#2166=DIRECTION('',(-2.84217094304049E-14,-1.00974195868296E-28,-1.));
#2167=DIRECTION('',(-1.,0.,0.));
#2168=DIRECTION('',(-1.,0.,0.));
#2169=DIRECTION('',(-1.84695554533727E-15,-0.744709458601916,0.667388808917891));
#2170=DIRECTION('',(0.,0.,-1.));
#2171=DIRECTION('',(-0.998044315329148,0.0625103562553624,-1.70909511431746E-16));
#2172=DIRECTION('',(0.,0.,1.));
#2173=DIRECTION('',(0.707106781186558,0.707106781186537,-1.9671930891781E-16));
#2174=DIRECTION('',(0.,0.,-1.));
#2175=DIRECTION('',(1.,0.,0.));
#2176=DIRECTION('',(0.,0.,1.));
#2177=DIRECTION('',(-0.0596527712988295,0.998219187792125,-2.33092046000604E-16));
#2178=DIRECTION('',(1.81710722925039E-14,-1.60454854028301E-14,1.));
#2179=DIRECTION('',(-1.,0.,0.));
#2180=DIRECTION('',(0.,0.,1.));
#2181=DIRECTION('',(1.,0.,0.));
#2182=CARTESIAN_POINT('',(0.,0.,0.));
#2183=CARTESIAN_POINT('',(-65.4161645595231,60.998910101905,91.3476544413173));
#2184=CARTESIAN_POINT('',(-66.0201645595231,60.9989101019049,91.3476544413173));
#2185=CARTESIAN_POINT('',(-66.6241645595231,60.998910101905,91.3476544413173));
#2186=CARTESIAN_POINT('',(-66.9261645595231,60.696910101905,91.3476544413173));
#2187=CARTESIAN_POINT('',(-66.9261645595231,60.0929101019049,91.3476544413173));
#2188=CARTESIAN_POINT('',(-66.9261645595231,59.4889101019049,91.3476544413173));
#2189=CARTESIAN_POINT('',(-65.4161645595231,60.998910101905,104.867654441318));
#2190=CARTESIAN_POINT('',(-66.0201645595231,60.9989101019049,104.867654441318));
#2191=CARTESIAN_POINT('',(-66.6241645595231,60.998910101905,104.867654441318));
#2192=CARTESIAN_POINT('',(-66.9261645595231,60.696910101905,104.867654441318));
#2193=CARTESIAN_POINT('',(-66.9261645595231,60.0929101019049,104.867654441318));
#2194=CARTESIAN_POINT('',(-66.9261645595231,59.4889101019049,104.867654441318));
#2195=CARTESIAN_POINT('',(-70.9261645595231,64.0193628258789,99.0826544413195));
#2196=CARTESIAN_POINT('',(-61.9261645595231,64.0193628258809,95.6076544413174));
#2197=CARTESIAN_POINT('',(-61.9261645595231,62.494362825881,99.0826544413174));
#2198=CARTESIAN_POINT('',(-70.9261645595231,64.0193628258789,97.1326544413153));
#2199=CARTESIAN_POINT('',(-61.9261645595231,70.17,100.607654441317));
#2200=CARTESIAN_POINT('',(-68.633271581538,36.707762183363,111.357654193769));
#2201=CARTESIAN_POINT('',(-68.633271581538,36.707762183363,72.3576541937686));
#2202=CARTESIAN_POINT('',(-68.6880495765179,36.652984188383,111.357654193769));
#2203=CARTESIAN_POINT('',(-68.6880495765179,36.652984188383,72.3576541937686));
#2204=CARTESIAN_POINT('',(-68.7428275714979,36.598206193403,111.357654193769));
#2205=CARTESIAN_POINT('',(-68.7428275714979,36.598206193403,72.3576541937686));
#2206=CARTESIAN_POINT('',(-68.8000856944939,36.549415757117,111.357654193769));
#2207=CARTESIAN_POINT('',(-68.8000856944939,36.549415757117,72.3576541937686));
#2208=CARTESIAN_POINT('',(-68.861144466273,36.509800898667,111.357654193769));
#2209=CARTESIAN_POINT('',(-68.861144466273,36.509800898667,72.3576541937686));
#2210=CARTESIAN_POINT('',(-68.926164800351,36.479750097646,111.357654193769));
#2211=CARTESIAN_POINT('',(-68.926164800351,36.479750097646,72.3576541937686));
#2212=CARTESIAN_POINT('',(-68.926164800351,36.479750097646,111.357654193769));
#2213=CARTESIAN_POINT('',(-70.8179453894289,36.479750097646,111.357654193769));
#2214=CARTESIAN_POINT('',(-69.2679453894283,64.8782188806749,91.8576541937686));
#2215=CARTESIAN_POINT('',(-70.3639609002683,65.974234391514,111.357654193769));
#2216=CARTESIAN_POINT('',(-70.56794538943,67.962280924031,91.8576541937686));
#2217=CARTESIAN_POINT('',(-69.0179453894297,67.9622809240309,111.357654193769));
#2218=CARTESIAN_POINT('',(-68.2179453894309,68.6699096207676,91.8576541937686));
#2219=CARTESIAN_POINT('',(-68.1702231723904,69.468484971,111.357654193769));
#2220=CARTESIAN_POINT('',(-66.426164800351,67.0239100635868,91.8576541937686));
#2221=CARTESIAN_POINT('',(-64.0851289308349,67.023910063588,111.357654193769));
#2222=CARTESIAN_POINT('',(-63.926164800351,64.4858786672769,111.357654193769));
#2223=CARTESIAN_POINT('',(-66.926164800351,59.488910101905,111.357654193769));
#2224=CARTESIAN_POINT('',(-66.926164800351,51.28285615117,111.357654193769));
#2225=CARTESIAN_POINT('',(-66.926164800351,51.28285615117,72.3576541937686));
#2226=CARTESIAN_POINT('',(-66.926164800351,51.105959085173,111.357654193769));
#2227=CARTESIAN_POINT('',(-66.926164800351,51.105959085173,72.3576541937686));
#2228=CARTESIAN_POINT('',(-66.926164800351,50.929062019176,111.357654193769));
#2229=CARTESIAN_POINT('',(-66.926164800351,50.929062019176,72.3576541937686));
#2230=CARTESIAN_POINT('',(-66.9743408916503,50.76212710699,111.357654193769));
#2231=CARTESIAN_POINT('',(-66.9743408916503,50.76212710699,72.3576541937686));
#2232=CARTESIAN_POINT('',(-67.1224666534002,50.662080941818,111.357654193769));
#2233=CARTESIAN_POINT('',(-67.1224666534002,50.662080941818,72.3576541937686));
#2234=CARTESIAN_POINT('',(-67.2533345554329,50.543059245578,111.357654193769));
#2235=CARTESIAN_POINT('',(-67.2533345554329,50.543059245578,72.3576541937686));
#2236=CARTESIAN_POINT('',(-67.4423148005505,50.3711855547771,111.357654193769));
#2237=CARTESIAN_POINT('',(-67.4423148005505,50.3711855547771,72.3576541937686));
#2238=CARTESIAN_POINT('',(-67.5945001855055,50.1616897537856,111.357654193769));
#2239=CARTESIAN_POINT('',(-67.5945001855055,50.1616897537856,72.3576541937686));
#2240=CARTESIAN_POINT('',(-67.6996790164571,49.923859170539,111.357654193769));
#2241=CARTESIAN_POINT('',(-67.6996790164571,49.923859170539,72.3576541937686));
#2242=CARTESIAN_POINT('',(-67.7522684319329,49.6703177825826,111.357654193769));
#2243=CARTESIAN_POINT('',(-67.7522684319329,49.6703177825826,72.3576541937686));
#2244=CARTESIAN_POINT('',(-67.7522684319329,49.41486896455,111.357654193769));
#2245=CARTESIAN_POINT('',(-67.7522684319329,49.41486896455,72.3576541937686));
#2246=CARTESIAN_POINT('',(-67.7522684319329,49.1594201465175,111.357654193769));
#2247=CARTESIAN_POINT('',(-67.7522684319329,49.1594201465175,72.3576541937686));
#2248=CARTESIAN_POINT('',(-67.6996790164571,48.905878758561,111.357654193769));
#2249=CARTESIAN_POINT('',(-67.6996790164571,48.905878758561,72.3576541937686));
#2250=CARTESIAN_POINT('',(-67.5945001855055,48.6680481753144,111.357654193769));
#2251=CARTESIAN_POINT('',(-67.5945001855055,48.6680481753144,72.3576541937686));
#2252=CARTESIAN_POINT('',(-67.4423148005505,48.4585523743229,111.357654193769));
#2253=CARTESIAN_POINT('',(-67.4423148005505,48.4585523743229,72.3576541937686));
#2254=CARTESIAN_POINT('',(-67.2533345554329,48.286678683522,111.357654193769));
#2255=CARTESIAN_POINT('',(-67.2533345554329,48.286678683522,72.3576541937686));
#2256=CARTESIAN_POINT('',(-67.1224666534002,48.167656987282,111.357654193769));
#2257=CARTESIAN_POINT('',(-67.1224666534002,48.167656987282,72.3576541937686));
#2258=CARTESIAN_POINT('',(-66.9743408916503,48.06761082211,111.357654193769));
#2259=CARTESIAN_POINT('',(-66.9743408916503,48.06761082211,72.3576541937686));
#2260=CARTESIAN_POINT('',(-66.926164800351,47.900675909924,111.357654193769));
#2261=CARTESIAN_POINT('',(-66.926164800351,47.900675909924,72.3576541937686));
#2262=CARTESIAN_POINT('',(-66.926164800351,47.723778843927,111.357654193769));
#2263=CARTESIAN_POINT('',(-66.926164800351,47.723778843927,72.3576541937686));
#2264=CARTESIAN_POINT('',(-66.926164800351,47.54688177793,111.357654193769));
#2265=CARTESIAN_POINT('',(-66.926164800351,47.54688177793,72.3576541937686));
#2266=CARTESIAN_POINT('',(-66.926164800351,47.54688177793,111.357654193769));
#2267=CARTESIAN_POINT('',(-66.926164800351,38.829082526923,111.357654193769));
#2268=CARTESIAN_POINT('',(-66.926164800351,38.829082526923,72.3576541937686));
#2269=CARTESIAN_POINT('',(-66.926164800351,38.663397101974,111.357654193769));
#2270=CARTESIAN_POINT('',(-66.926164800351,38.663397101974,72.3576541937686));
#2271=CARTESIAN_POINT('',(-66.926164800351,38.497711677025,111.357654193769));
#2272=CARTESIAN_POINT('',(-66.926164800351,38.497711677025,72.3576541937686));
#2273=CARTESIAN_POINT('',(-66.984743444114,38.356290320787,111.357654193769));
#2274=CARTESIAN_POINT('',(-66.984743444114,38.356290320787,72.3576541937686));
#2275=CARTESIAN_POINT('',(-67.1019007316389,38.239133033262,111.357654193769));
#2276=CARTESIAN_POINT('',(-67.1019007316389,38.239133033262,72.3576541937686));
#2277=CARTESIAN_POINT('',(-67.2190580191639,38.121975745737,111.357654193769));
#2278=CARTESIAN_POINT('',(-67.2190580191639,38.121975745737,72.3576541937686));
#2279=CARTESIAN_POINT('',(-67.2190580191639,38.121975745737,111.357654193769));
#2280=CARTESIAN_POINT('',(-34.,61.2442435791615,102.414131618446));
#2281=CARTESIAN_POINT('',(-117.,61.2442435791615,102.414131618446));
#2282=CARTESIAN_POINT('',(-34.,62.089803637073,103.357654441318));
#2283=CARTESIAN_POINT('',(-117.,62.089803637073,103.357654441318));
#2284=CARTESIAN_POINT('',(-34.,63.4840112588738,103.357654441318));
#2285=CARTESIAN_POINT('',(-117.,63.4840112588738,103.357654441318));
#2286=CARTESIAN_POINT('',(-34.,63.4840112588738,93.3576544413161));
#2287=CARTESIAN_POINT('',(-117.,63.4840112588738,93.3576544413161));
#2288=CARTESIAN_POINT('',(-34.,62.089803637073,93.3576544413161));
#2289=CARTESIAN_POINT('',(-117.,62.089803637073,93.3576544413161));
#2290=CARTESIAN_POINT('',(-34.,61.2442435791615,94.3011772641875));
#2291=CARTESIAN_POINT('',(-117.,61.2442435791615,94.3011772641875));
#2292=CARTESIAN_POINT('',(-65.9784017160292,60.9794134882387,0.));
#2293=CARTESIAN_POINT('',(-65.9784017160292,60.9794134882387,118.));
#2294=CARTESIAN_POINT('',(-65.3261645595231,60.998910101905,0.));
#2295=CARTESIAN_POINT('',(-65.3261645595231,60.998910101905,118.));
#2296=CARTESIAN_POINT('',(-63.9261645595231,62.398910101905,0.));
#2297=CARTESIAN_POINT('',(-63.9261645595231,62.398910101905,118.));
#2298=CARTESIAN_POINT('',(-63.9261645595231,63.4840112588738,0.));
#2299=CARTESIAN_POINT('',(-63.9261645595231,63.4840112588738,118.));
#2300=CARTESIAN_POINT('',(-64.4543033995483,67.023910063588,103.357654441318));
#2301=CARTESIAN_POINT('',(-65.4261645595231,67.0239100635881,102.021797796123));
#2302=CARTESIAN_POINT('',(-64.4543033995479,68.9957712235633,103.357654441318));
#2303=CARTESIAN_POINT('',(-65.4261645595231,68.023910063588,102.021797796123));
#2304=CARTESIAN_POINT('',(-66.4261645595231,68.9957712235633,103.357654441318));
#2305=CARTESIAN_POINT('',(-66.4261645595231,68.0239100635881,102.021797796123));
#2306=CARTESIAN_POINT('',(-68.3980257194984,68.9957712235633,103.357654441318));
#2307=CARTESIAN_POINT('',(-67.4261645595232,68.0239100635881,102.021797796123));
#2308=CARTESIAN_POINT('',(-68.3980257194979,67.023910063588,103.357654441318));
#2309=CARTESIAN_POINT('',(-67.4261645595231,67.0239100635881,102.021797796123));
#2310=CARTESIAN_POINT('',(-68.3980257194979,67.023910063588,103.357654441318));
#2311=CARTESIAN_POINT('',(-67.4261645595231,67.0239100635881,102.021797796123));
#2312=CARTESIAN_POINT('',(-68.3980257194974,65.0520489036138,103.357654441318));
#2313=CARTESIAN_POINT('',(-67.4261645595231,66.023910063588,102.021797796123));
#2314=CARTESIAN_POINT('',(-66.4261645595231,65.0520489036138,103.357654441318));
#2315=CARTESIAN_POINT('',(-66.4261645595231,66.0239100635881,102.021797796123));
#2316=CARTESIAN_POINT('',(-64.4543033995488,65.0520489036138,103.357654441318));
#2317=CARTESIAN_POINT('',(-65.4261645595231,66.023910063588,102.021797796123));
#2318=CARTESIAN_POINT('',(-64.4543033995483,67.023910063588,103.357654441318));
#2319=CARTESIAN_POINT('',(-65.4261645595231,67.0239100635881,102.021797796123));
#2320=CARTESIAN_POINT('',(-66.4261645595231,67.023910063588,101.31472611872));
#2321=CARTESIAN_POINT('',(-66.4261645595231,67.023910063588,94.4826544413173));
#2322=CARTESIAN_POINT('',(-71.5191232075089,61.3347590105449,103.357654441318));
#2323=CARTESIAN_POINT('',(-68.8720548540621,56.523910101905,98.357654441317));
#2324=CARTESIAN_POINT('',(-68.8720548540621,42.523910101905,98.357654441317));
#2325=CARTESIAN_POINT('',(-63.5650036119298,61.1233567319003,94.4360695149622));
#2326=CARTESIAN_POINT('',(-71.2191232075088,61.0194056144674,95.3576544413163));
#2327=CARTESIAN_POINT('',(-67.9607616692912,58.9128971497687,92.2576544413154));
#2328=CARTESIAN_POINT('',(-71.1744175613323,38.1286187432989,95.3576544413173));
#2329=CARTESIAN_POINT('',(-71.1744175613324,36.3189438571322,101.357654441318));
#2330=CARTESIAN_POINT('',(-67.9607616692915,58.9128971497669,104.457654441319));
#2331=CARTESIAN_POINT('',(-71.2191232075089,35.8613040380867,101.357654441315));
#2332=CARTESIAN_POINT('',(-66.4261645595231,67.023910063588,101.31472611872));
#2333=CARTESIAN_POINT('',(-66.4261645595231,67.023910063588,94.4826544413173));
#2334=CARTESIAN_POINT('',(-68.8720548540621,56.5239101019049,98.3576544413169));
#2335=CARTESIAN_POINT('',(-68.8720548540621,42.523910101905,98.3576544413169));
#2336=CARTESIAN_POINT('',(-63.5650036119302,62.1879433766075,103.467164207318));
#2337=CARTESIAN_POINT('',(-71.5191232075088,70.275294528882,93.3576544413173));
#2338=CARTESIAN_POINT('',(-66.136424961034,69.346946849225,100.607654441317));
#2339=CARTESIAN_POINT('',(-64.085128690007,67.0239100635881,100.607654441317));
#2340=CARTESIAN_POINT('',(-64.085128690007,67.0239100635881,103.357654441318));
#2341=CARTESIAN_POINT('',(-66.1364249610341,69.346946849225,103.357654441318));
#2342=CARTESIAN_POINT('',(-63.9261645595231,64.4858786672769,100.607654441317));
#2343=CARTESIAN_POINT('',(-63.9261645595231,64.4858786672769,103.357654441318));
#2344=CARTESIAN_POINT('',(-66.9261645595231,38.829082526923,95.3576544413173));
#2345=CARTESIAN_POINT('',(-67.2190577783361,38.121975745737,95.3576544413173));
#2346=CARTESIAN_POINT('',(-67.2190577783361,38.121975745737,101.357654441318));
#2347=CARTESIAN_POINT('',(-66.9261645595231,38.829082526923,101.357654441318));
#2348=CARTESIAN_POINT('',(-67.3732210212881,37.967812502785,95.3576544413173));
#2349=CARTESIAN_POINT('',(-68.6332713407101,36.707762183363,95.3576544413173));
#2350=CARTESIAN_POINT('',(-68.6332713407101,36.707762183363,101.357654441318));
#2351=CARTESIAN_POINT('',(-67.3732210212881,37.967812502785,101.357654441318));
#2352=CARTESIAN_POINT('',(-68.9261645595231,36.479750097646,95.3576544413173));
#2353=CARTESIAN_POINT('',(-68.9261645595231,36.479750097646,101.357654441318));
#2354=CARTESIAN_POINT('',(-65.4261645595231,67.0239100635881,102.021797796123));
#2355=CARTESIAN_POINT('',(-67.4261645595231,67.0239100635881,102.021797796123));
#2356=CARTESIAN_POINT('',(-65.4261645595231,67.0239100635881,100.607654441317));
#2357=CARTESIAN_POINT('',(-67.4261645595231,67.0239100635881,100.607654441317));
#2358=CARTESIAN_POINT('',(-66.9261645595231,47.54688177793,95.3576544413173));
#2359=CARTESIAN_POINT('',(-66.9261645595231,47.54688177793,101.357654441318));
#2360=CARTESIAN_POINT('',(-66.9261645595231,42.523910101905,99.2576544413169));
#2361=CARTESIAN_POINT('',(-66.9261645595231,42.523910101905,97.4576544413169));
#2362=CARTESIAN_POINT('',(-66.9261645595231,51.28285615117,95.3576544413173));
#2363=CARTESIAN_POINT('',(-66.9261645595231,51.28285615117,101.357654441318));
#2364=CARTESIAN_POINT('',(-70.817945148601,36.479750097646,95.3576544413173));
#2365=CARTESIAN_POINT('',(-70.8179451486011,36.479750097646,101.357654441318));
#2366=CARTESIAN_POINT('',(-63.9261645595231,64.4858786672769,93.3576544413173));
#2367=CARTESIAN_POINT('',(-63.9261645595231,64.019362825881,100.607654441317));
#2368=CARTESIAN_POINT('',(-63.9261645595231,64.019362825881,95.6076544413173));
#2369=CARTESIAN_POINT('',(-63.9261645595231,64.4858786672769,95.6076544413173));
#2370=CARTESIAN_POINT('',(-66.136424961034,69.346946849225,93.3576544413173));
#2371=CARTESIAN_POINT('',(-64.085128690007,67.0239100635881,93.3576544413173));
#2372=CARTESIAN_POINT('',(-64.085128690007,67.0239100635881,95.6076544413173));
#2373=CARTESIAN_POINT('',(-66.136424961034,69.346946849225,95.6076544413173));
#2374=CARTESIAN_POINT('',(-65.4261645595231,67.0239100635881,95.6076544413173));
#2375=CARTESIAN_POINT('',(-67.4261645595231,67.0239100635881,95.6076544413173));
#2376=CARTESIAN_POINT('',(-65.4261645595231,67.0239100635881,93.3576544413173));
#2377=CARTESIAN_POINT('',(-67.4261645595231,67.0239100635881,93.3576544413173));
#2378=CARTESIAN_POINT('',(-70.817945148601,56.523910101905,99.2576544413169));
#2379=CARTESIAN_POINT('',(-70.817945148601,56.523910101905,97.4576544413169));
#2380=CARTESIAN_POINT('',(-66.9261645595231,56.523910101905,99.2576544413169));
#2381=CARTESIAN_POINT('',(-66.9261645595231,56.523910101905,97.4576544413169));
#2382=CARTESIAN_POINT('',(-70.817945148601,42.523910101905,99.2576544413169));
#2383=CARTESIAN_POINT('',(-70.817945148601,42.523910101905,97.4576544413169));
#2384=CARTESIAN_POINT('',(-70.817945148601,61.221496471434,94.3265597489619));
#2385=CARTESIAN_POINT('',(-70.817945148601,37.967812502785,95.3576544413173));
#2386=CARTESIAN_POINT('',(-66.9261645595231,58.912897149769,95.3576544413161));
#2387=CARTESIAN_POINT('',(-70.817945148601,58.912897149769,95.3576544413162));
#2388=CARTESIAN_POINT('',(-66.9261645595231,59.488910101905,95.3036697201635));
#2389=CARTESIAN_POINT('',(-70.8179451486011,37.967812502785,101.357654441318));
#2390=CARTESIAN_POINT('',(-70.817945148601,61.221496471434,102.388749133673));
#2391=CARTESIAN_POINT('',(-70.817945148601,58.912897149768,101.357654441318));
#2392=CARTESIAN_POINT('',(-66.9261645595231,58.912897149768,101.357654441318));
#2393=CARTESIAN_POINT('',(-66.9261645595231,59.488910101905,101.411639162471));
#2394=CARTESIAN_POINT('',(-70.817945148601,62.494362825881,99.0826544413175));
#2395=CARTESIAN_POINT('',(-70.817945148601,64.019362825881,100.607654441317));
#2396=CARTESIAN_POINT('',(-70.817945148601,62.494362825881,97.1326544413174));
#2397=CARTESIAN_POINT('',(-70.817945148601,64.019362825881,95.6076544413174));
#2398=CARTESIAN_POINT('',(-70.8179451486011,64.8782188806747,103.357654441318));
#2399=CARTESIAN_POINT('',(-70.3639609002683,65.974234391514,103.357654441318));
#2400=CARTESIAN_POINT('',(-69.4719298785903,66.866265413192,103.357654441318));
#2401=CARTESIAN_POINT('',(-69.0179453894297,67.9622809240309,103.357654441318));
#2402=CARTESIAN_POINT('',(-69.0179453894297,68.669909620767,103.357654441318));
#2403=CARTESIAN_POINT('',(-68.1702231723904,69.468484971,103.357654441318));
#2404=CARTESIAN_POINT('',(-70.817945148601,64.878218880675,93.3576544413173));
#2405=CARTESIAN_POINT('',(-70.3639609002683,65.974234391514,93.3576544413173));
#2406=CARTESIAN_POINT('',(-69.4719298785903,66.866265413192,93.3576544413173));
#2407=CARTESIAN_POINT('',(-69.0179453894297,67.9622809240309,93.3576544413173));
#2408=CARTESIAN_POINT('',(-69.0179453894297,68.669909620767,93.3576544413173));
#2409=CARTESIAN_POINT('',(-68.1702231723904,69.468484971,93.3576544413173));
#2410=CARTESIAN_POINT('',(-70.817945148601,64.878218880675,100.607654441317));
#2411=CARTESIAN_POINT('',(-70.817945148601,64.878218880675,95.6076544413174));
#2412=CARTESIAN_POINT('',(-70.3639609002683,65.974234391514,95.6076544413201));
#2413=CARTESIAN_POINT('',(-69.4719298785903,66.866265413192,95.6076544413213));
#2414=CARTESIAN_POINT('',(-69.0179453894297,67.9622809240309,95.6076544413228));
#2415=CARTESIAN_POINT('',(-69.0179453894297,68.669909620767,95.6076544413238));
#2416=CARTESIAN_POINT('',(-68.1702231723904,69.468484971,95.6076544413249));
#2417=CARTESIAN_POINT('',(-70.3639609002683,65.974234391514,100.607654441317));
#2418=CARTESIAN_POINT('',(-69.4719298785903,66.866265413192,100.607654441317));
#2419=CARTESIAN_POINT('',(-69.0179453894297,67.9622809240309,100.607654441317));
#2420=CARTESIAN_POINT('',(-69.0179453894297,68.669909620767,100.607654441317));
#2421=CARTESIAN_POINT('',(-68.1702231723904,69.468484971,100.607654441317));
#2422=CARTESIAN_POINT('',(-63.9261645595231,63.4840112588738,103.357654441318));
#2423=CARTESIAN_POINT('',(-70.8179451486011,63.4840112588738,103.357654441318));
#2424=CARTESIAN_POINT('',(-70.817945148601,61.2442435791615,102.414131618446));
#2425=CARTESIAN_POINT('',(-70.817945148601,61.2442435791615,94.3011772641875));
#2426=CARTESIAN_POINT('',(-63.9261645595231,63.4840112588738,93.3576544413161));
#2427=CARTESIAN_POINT('',(-70.817945148601,63.4840112588738,93.3576544413161));
#2428=CARTESIAN_POINT('',(-65.3898316717025,61.221496471434,94.326559748962));
#2429=CARTESIAN_POINT('',(-65.3565437908827,61.2442435791615,94.3011772641875));
#2430=CARTESIAN_POINT('',(-65.912707513195,60.9855724640894,94.5628479318876));
#2431=CARTESIAN_POINT('',(-65.9127075132003,60.9855724640886,102.152460950747));
#2432=CARTESIAN_POINT('',(-65.3898316717025,61.221496471434,102.388749133673));
#2433=CARTESIAN_POINT('',(-63.9261645595231,63.4840112588738,100.510598312659));
#2434=CARTESIAN_POINT('',(-64.2312302978806,62.494362825881,99.0826544413174));
#2435=CARTESIAN_POINT('',(-64.2312302978806,62.494362825881,97.1326544413174));
#2436=CARTESIAN_POINT('',(-63.9261645595231,63.4840112588738,95.7047105699754));
#2437=CARTESIAN_POINT('',(-65.3565437908827,61.2442435791615,102.414131618446));
#2438=CARTESIAN_POINT('',(-68.3980257194979,67.023910063588,103.357654441318));
#2439=CARTESIAN_POINT('',(-64.4543033995483,67.023910063588,103.357654441318));
#2440=CARTESIAN_POINT('',(-64.085128690007,67.0239100635881,103.357654441318));
#2441=CARTESIAN_POINT('',(-64.085128690007,67.0239100635881,100.607654441317));
#2442=CARTESIAN_POINT('',(-64.085128690007,67.0239100635881,103.357654441318));
#2443=CARTESIAN_POINT('',(-64.0851286900082,69.0910999501902,103.357654441318));
#2444=CARTESIAN_POINT('',(-66.1364249610341,69.346946849225,103.357654441318));
#2445=CARTESIAN_POINT('',(-66.1364249610341,69.346946849225,103.357654441318));
#2446=CARTESIAN_POINT('',(-66.136424961034,69.346946849225,100.607654441317));
#2447=CARTESIAN_POINT('',(-64.085128690007,67.0239100635881,100.607654441317));
#2448=CARTESIAN_POINT('',(-64.0533358639103,66.516303784326,100.607654441317));
#2449=CARTESIAN_POINT('',(-64.0215430378135,66.008697505063,100.607654441317));
#2450=CARTESIAN_POINT('',(-63.9897502117167,65.501091225801,100.607654441317));
#2451=CARTESIAN_POINT('',(-63.9579573856199,64.993484946539,100.607654441317));
#2452=CARTESIAN_POINT('',(-63.9261645595231,64.4858786672769,100.607654441317));
#2453=CARTESIAN_POINT('',(-63.9261645595231,64.4858786672769,103.357654441318));
#2454=CARTESIAN_POINT('',(-63.9261645595231,64.4858786672769,100.607654441317));
#2455=CARTESIAN_POINT('',(-63.9261645595231,64.4858786672769,103.357654441318));
#2456=CARTESIAN_POINT('',(-63.9579573856199,64.993484946539,103.357654441318));
#2457=CARTESIAN_POINT('',(-63.9897502117167,65.501091225801,103.357654441318));
#2458=CARTESIAN_POINT('',(-64.0215430378135,66.008697505063,103.357654441318));
#2459=CARTESIAN_POINT('',(-64.0533358639103,66.516303784326,103.357654441318));
#2460=CARTESIAN_POINT('',(-64.085128690007,67.0239100635881,103.357654441318));
#2461=CARTESIAN_POINT('',(-66.9261645595231,38.829082526923,95.3576544413173));
#2462=CARTESIAN_POINT('',(-66.9261645595231,38.663397101974,95.3576544413173));
#2463=CARTESIAN_POINT('',(-66.9261645595231,38.497711677025,95.3576544413173));
#2464=CARTESIAN_POINT('',(-66.9847432032861,38.356290320787,95.3576544413173));
#2465=CARTESIAN_POINT('',(-67.1019004908111,38.239133033262,95.3576544413173));
#2466=CARTESIAN_POINT('',(-67.2190577783361,38.121975745737,95.3576544413173));
#2467=CARTESIAN_POINT('',(-67.2190577783361,38.121975745737,101.357654441318));
#2468=CARTESIAN_POINT('',(-67.2190577783361,38.121975745737,95.3576544413173));
#2469=CARTESIAN_POINT('',(-67.2190577783361,38.121975745737,101.357654441318));
#2470=CARTESIAN_POINT('',(-67.101900490811,38.239133033262,101.357654441318));
#2471=CARTESIAN_POINT('',(-66.9847432032861,38.356290320787,101.357654441318));
#2472=CARTESIAN_POINT('',(-66.9261645595231,38.497711677025,101.357654441318));
#2473=CARTESIAN_POINT('',(-66.9261645595231,38.663397101974,101.357654441318));
#2474=CARTESIAN_POINT('',(-66.9261645595231,38.829082526923,101.357654441318));
#2475=CARTESIAN_POINT('',(-66.9261645595231,38.829082526923,101.357654441318));
#2476=CARTESIAN_POINT('',(-66.9261645595231,38.829082526923,95.3576544413173));
#2477=CARTESIAN_POINT('',(-67.2190577783361,38.121975745737,95.3576544413173));
#2478=CARTESIAN_POINT('',(-67.3732210212881,37.967812502785,95.3576544413173));
#2479=CARTESIAN_POINT('',(-67.3732210212881,37.967812502785,95.3576544413173));
#2480=CARTESIAN_POINT('',(-68.6332713407101,36.707762183363,95.3576544413173));
#2481=CARTESIAN_POINT('',(-68.6332713407101,36.707762183363,101.357654441318));
#2482=CARTESIAN_POINT('',(-68.6332713407101,36.707762183363,95.3576544413173));
#2483=CARTESIAN_POINT('',(-68.6332713407101,36.707762183363,101.357654441318));
#2484=CARTESIAN_POINT('',(-68.3812612768257,36.959772247248,101.357654441318));
#2485=CARTESIAN_POINT('',(-68.1292512129413,37.211782311131,101.357654441318));
#2486=CARTESIAN_POINT('',(-67.8772411490569,37.463792375016,101.357654441318));
#2487=CARTESIAN_POINT('',(-67.6252310851725,37.7158024389,101.357654441318));
#2488=CARTESIAN_POINT('',(-67.3732210212881,37.967812502785,101.357654441318));
#2489=CARTESIAN_POINT('',(-67.3732210212881,37.967812502785,101.357654441318));
#2490=CARTESIAN_POINT('',(-67.3423883726977,37.998645151375,101.357654441318));
#2491=CARTESIAN_POINT('',(-67.3115557241073,38.029477799966,101.357654441318));
#2492=CARTESIAN_POINT('',(-67.2807230755169,38.060310448556,101.357654441318));
#2493=CARTESIAN_POINT('',(-67.2498904269265,38.091143097147,101.357654441318));
#2494=CARTESIAN_POINT('',(-67.2190577783361,38.121975745737,101.357654441318));
#2495=CARTESIAN_POINT('',(-68.6332713407101,36.707762183363,95.3576544413173));
#2496=CARTESIAN_POINT('',(-68.6880493356901,36.652984188383,95.3576544413173));
#2497=CARTESIAN_POINT('',(-68.74282733067,36.598206193403,95.3576544413173));
#2498=CARTESIAN_POINT('',(-68.8000854536661,36.549415757117,95.3576544413173));
#2499=CARTESIAN_POINT('',(-68.8611442254451,36.509800898667,95.3576544413173));
#2500=CARTESIAN_POINT('',(-68.9261645595231,36.479750097646,95.3576544413173));
#2501=CARTESIAN_POINT('',(-68.9261645595231,36.479750097646,101.357654441318));
#2502=CARTESIAN_POINT('',(-68.9261645595231,36.479750097646,95.3576544413173));
#2503=CARTESIAN_POINT('',(-68.9261645595231,36.479750097646,101.357654441318));
#2504=CARTESIAN_POINT('',(-68.8611442254451,36.509800898667,101.357654441318));
#2505=CARTESIAN_POINT('',(-68.8000854536661,36.549415757117,101.357654441318));
#2506=CARTESIAN_POINT('',(-68.7428273306701,36.598206193403,101.357654441318));
#2507=CARTESIAN_POINT('',(-68.6880493356901,36.652984188383,101.357654441318));
#2508=CARTESIAN_POINT('',(-68.6332713407101,36.707762183363,101.357654441318));
#2509=CARTESIAN_POINT('',(-65.4261645595231,67.0239100635881,102.021797796123));
#2510=CARTESIAN_POINT('',(-65.4261645595231,68.023910063588,102.021797796123));
#2511=CARTESIAN_POINT('',(-66.4261645595231,68.0239100635881,102.021797796123));
#2512=CARTESIAN_POINT('',(-67.4261645595232,68.0239100635881,102.021797796123));
#2513=CARTESIAN_POINT('',(-67.4261645595231,67.0239100635881,102.021797796123));
#2514=CARTESIAN_POINT('',(-65.4261645595231,67.0239100635881,100.607654441317));
#2515=CARTESIAN_POINT('',(-65.4261645595231,67.0239100635881,102.021797796123));
#2516=CARTESIAN_POINT('',(-67.4261645595231,67.0239100635881,100.607654441317));
#2517=CARTESIAN_POINT('',(-67.4261645595231,68.0239100635881,100.607654441317));
#2518=CARTESIAN_POINT('',(-66.4261645595231,68.0239100635881,100.607654441317));
#2519=CARTESIAN_POINT('',(-65.4261645595231,68.0239100635881,100.607654441317));
#2520=CARTESIAN_POINT('',(-65.4261645595231,67.0239100635881,100.607654441317));
#2521=CARTESIAN_POINT('',(-67.4261645595231,67.0239100635881,102.021797796123));
#2522=CARTESIAN_POINT('',(-67.4261645595231,67.0239100635881,100.607654441317));
#2523=CARTESIAN_POINT('',(-66.9261645595231,47.54688177793,95.3576544413173));
#2524=CARTESIAN_POINT('',(-66.9261645595231,38.829082526923,95.3576544413173));
#2525=CARTESIAN_POINT('',(-66.9261645595231,38.829082526923,101.357654441318));
#2526=CARTESIAN_POINT('',(-66.9261645595231,43.187982152426,101.357654441318));
#2527=CARTESIAN_POINT('',(-66.9261645595231,47.54688177793,101.357654441318));
#2528=CARTESIAN_POINT('',(-66.9261645595231,47.54688177793,101.357654441318));
#2529=CARTESIAN_POINT('',(-66.9261645595231,47.54688177793,95.3576544413173));
#2530=CARTESIAN_POINT('',(-66.9261645595231,51.28285615117,101.357654441318));
#2531=CARTESIAN_POINT('',(-66.9261645595231,51.28285615117,95.3576544413173));
#2532=CARTESIAN_POINT('',(-68.9261645595231,36.479750097646,95.3576544413173));
#2533=CARTESIAN_POINT('',(-70.817945148601,36.479750097646,95.3576544413173));
#2534=CARTESIAN_POINT('',(-70.8179451486011,36.479750097646,101.357654441318));
#2535=CARTESIAN_POINT('',(-70.817945148601,36.479750097646,95.3576544413173));
#2536=CARTESIAN_POINT('',(-70.8179451486011,36.479750097646,101.357654441318));
#2537=CARTESIAN_POINT('',(-68.9261645595231,36.479750097646,101.357654441318));
#2538=CARTESIAN_POINT('',(-63.9261645595231,64.4858786672769,93.3576544413173));
#2539=CARTESIAN_POINT('',(-63.9261645595231,63.4840112588738,93.3576544413161));
#2540=CARTESIAN_POINT('',(-63.9261645595231,64.4858786672769,100.607654441317));
#2541=CARTESIAN_POINT('',(-63.9261645595231,64.019362825881,100.607654441317));
#2542=CARTESIAN_POINT('',(-63.9261645595231,64.019362825881,95.6076544413173));
#2543=CARTESIAN_POINT('',(-63.9261645595231,64.4858786672769,95.6076544413173));
#2544=CARTESIAN_POINT('',(-63.9261645595231,64.4858786672769,95.6076544413173));
#2545=CARTESIAN_POINT('',(-63.9261645595231,64.4858786672769,93.3576544413173));
#2546=CARTESIAN_POINT('',(-63.9261645595231,64.019362825881,100.607654441317));
#2547=CARTESIAN_POINT('',(-63.9261645595231,63.742889186267,100.607654441317));
#2548=CARTESIAN_POINT('',(-63.9261645595231,63.4840112588738,100.510598312659));
#2549=CARTESIAN_POINT('',(-66.136424961034,69.346946849225,93.3576544413173));
#2550=CARTESIAN_POINT('',(-64.0851286900082,69.0910999501902,93.3576544413167));
#2551=CARTESIAN_POINT('',(-64.085128690007,67.0239100635881,93.3576544413173));
#2552=CARTESIAN_POINT('',(-64.085128690007,67.0239100635881,95.6076544413173));
#2553=CARTESIAN_POINT('',(-64.085128690007,67.0239100635881,93.3576544413173));
#2554=CARTESIAN_POINT('',(-66.136424961034,69.346946849225,95.6076544413173));
#2555=CARTESIAN_POINT('',(-66.136424961034,69.346946849225,93.3576544413173));
#2556=CARTESIAN_POINT('',(-63.9261645595231,64.4858786672769,93.3576544413173));
#2557=CARTESIAN_POINT('',(-63.9579573856199,64.993484946539,93.3576544413173));
#2558=CARTESIAN_POINT('',(-63.9897502117167,65.501091225801,93.3576544413173));
#2559=CARTESIAN_POINT('',(-64.0215430378134,66.008697505063,93.3576544413173));
#2560=CARTESIAN_POINT('',(-64.0533358639102,66.516303784325,93.3576544413173));
#2561=CARTESIAN_POINT('',(-64.085128690007,67.0239100635881,93.3576544413173));
#2562=CARTESIAN_POINT('',(-64.085128690007,67.0239100635881,95.6076544413173));
#2563=CARTESIAN_POINT('',(-64.0533358639102,66.516303784325,95.6076544413173));
#2564=CARTESIAN_POINT('',(-64.0215430378134,66.008697505063,95.6076544413173));
#2565=CARTESIAN_POINT('',(-63.9897502117167,65.501091225801,95.6076544413173));
#2566=CARTESIAN_POINT('',(-63.9579573856199,64.993484946539,95.6076544413173));
#2567=CARTESIAN_POINT('',(-63.9261645595231,64.4858786672769,95.6076544413173));
#2568=CARTESIAN_POINT('',(-65.4261645595231,67.0239100635881,95.6076544413173));
#2569=CARTESIAN_POINT('',(-65.4261645595231,68.0239100635881,95.6076544413173));
#2570=CARTESIAN_POINT('',(-66.4261645595231,68.0239100635881,95.6076544413173));
#2571=CARTESIAN_POINT('',(-67.4261645595231,68.0239100635881,95.6076544413173));
#2572=CARTESIAN_POINT('',(-67.4261645595231,67.0239100635881,95.6076544413173));
#2573=CARTESIAN_POINT('',(-65.4261645595231,67.0239100635881,93.3576544413173));
#2574=CARTESIAN_POINT('',(-65.4261645595231,67.0239100635881,95.6076544413173));
#2575=CARTESIAN_POINT('',(-67.4261645595231,67.0239100635881,93.3576544413173));
#2576=CARTESIAN_POINT('',(-67.4261645595231,68.0239100635881,93.3576544413173));
#2577=CARTESIAN_POINT('',(-66.4261645595231,68.0239100635881,93.3576544413173));
#2578=CARTESIAN_POINT('',(-65.4261645595231,68.0239100635881,93.3576544413173));
#2579=CARTESIAN_POINT('',(-65.4261645595231,67.0239100635881,93.3576544413173));
#2580=CARTESIAN_POINT('',(-67.4261645595231,67.0239100635881,95.6076544413173));
#2581=CARTESIAN_POINT('',(-67.4261645595231,67.0239100635881,93.3576544413173));
#2582=CARTESIAN_POINT('',(-67.4261645595231,67.0239100635881,102.021797796123));
#2583=CARTESIAN_POINT('',(-67.4261645595231,66.023910063588,102.021797796123));
#2584=CARTESIAN_POINT('',(-66.4261645595231,66.0239100635881,102.021797796123));
#2585=CARTESIAN_POINT('',(-65.4261645595231,66.023910063588,102.021797796123));
#2586=CARTESIAN_POINT('',(-65.4261645595231,67.0239100635881,102.021797796123));
#2587=CARTESIAN_POINT('',(-70.817945148601,56.523910101905,99.2576544413169));
#2588=CARTESIAN_POINT('',(-70.817945148601,57.423910101905,99.2576544413169));
#2589=CARTESIAN_POINT('',(-70.817945148601,57.4239101019049,98.3576544413169));
#2590=CARTESIAN_POINT('',(-70.817945148601,57.423910101905,97.457654441317));
#2591=CARTESIAN_POINT('',(-70.817945148601,56.523910101905,97.4576544413169));
#2592=CARTESIAN_POINT('',(-66.9261645595231,56.523910101905,99.2576544413169));
#2593=CARTESIAN_POINT('',(-70.817945148601,56.523910101905,99.2576544413169));
#2594=CARTESIAN_POINT('',(-66.9261645595231,56.523910101905,97.4576544413169));
#2595=CARTESIAN_POINT('',(-66.9261645595231,57.423910101905,97.4576544413169));
#2596=CARTESIAN_POINT('',(-66.9261645595231,57.423910101905,98.3576544413169));
#2597=CARTESIAN_POINT('',(-66.9261645595231,57.423910101905,99.2576544413169));
#2598=CARTESIAN_POINT('',(-66.9261645595231,56.523910101905,99.2576544413169));
#2599=CARTESIAN_POINT('',(-70.817945148601,56.523910101905,97.4576544413169));
#2600=CARTESIAN_POINT('',(-66.9261645595231,56.523910101905,97.4576544413169));
#2601=CARTESIAN_POINT('',(-70.817945148601,42.523910101905,99.2576544413169));
#2602=CARTESIAN_POINT('',(-70.817945148601,43.423910101905,99.2576544413169));
#2603=CARTESIAN_POINT('',(-70.817945148601,43.423910101905,98.3576544413169));
#2604=CARTESIAN_POINT('',(-70.817945148601,43.4239101019049,97.457654441317));
#2605=CARTESIAN_POINT('',(-70.817945148601,42.523910101905,97.4576544413169));
#2606=CARTESIAN_POINT('',(-66.9261645595231,42.523910101905,99.2576544413169));
#2607=CARTESIAN_POINT('',(-70.817945148601,42.523910101905,99.2576544413169));
#2608=CARTESIAN_POINT('',(-66.9261645595231,42.523910101905,97.4576544413169));
#2609=CARTESIAN_POINT('',(-66.9261645595231,43.4239101019051,97.4576544413169));
#2610=CARTESIAN_POINT('',(-66.9261645595231,43.423910101905,98.3576544413169));
#2611=CARTESIAN_POINT('',(-66.9261645595231,43.4239101019051,99.2576544413169));
#2612=CARTESIAN_POINT('',(-66.9261645595231,42.523910101905,99.2576544413169));
#2613=CARTESIAN_POINT('',(-70.817945148601,42.523910101905,97.4576544413169));
#2614=CARTESIAN_POINT('',(-66.9261645595231,42.523910101905,97.4576544413169));
#2615=CARTESIAN_POINT('',(-70.817945148601,61.221496471434,94.3265597489619));
#2616=CARTESIAN_POINT('',(-65.3898316717025,61.221496471434,94.326559748962));
#2617=CARTESIAN_POINT('',(-70.817945148601,37.967812502785,95.3576544413173));
#2618=CARTESIAN_POINT('',(-67.3732210212881,37.967812502785,95.3576544413173));
#2619=CARTESIAN_POINT('',(-66.9261645595231,51.28285615117,95.3576544413173));
#2620=CARTESIAN_POINT('',(-66.9261645595231,58.488909850185,95.3576544413174));
#2621=CARTESIAN_POINT('',(-66.9261645595231,58.912897149769,95.3576544413161));
#2622=CARTESIAN_POINT('',(-66.9261645595231,58.912897149769,95.3576544413161));
#2623=CARTESIAN_POINT('',(-70.817945148601,58.912897149769,95.3576544413162));
#2624=CARTESIAN_POINT('',(-70.817945148601,58.912897149769,95.3576544413162));
#2625=CARTESIAN_POINT('',(-70.817945148601,58.488909850185,95.3576544413174));
#2626=CARTESIAN_POINT('',(-70.817945148601,37.967812502785,95.3576544413173));
#2627=CARTESIAN_POINT('',(-70.817945148601,58.912897149769,95.3576544413162));
#2628=CARTESIAN_POINT('',(-70.8179451486024,60.2974568333399,95.3576544413161));
#2629=CARTESIAN_POINT('',(-70.817945148601,61.221496471434,94.3265597489619));
#2630=CARTESIAN_POINT('',(-66.9261645595231,59.488910101905,95.3036697201635));
#2631=CARTESIAN_POINT('',(-66.9261645595231,59.2034333867627,95.3576544413162));
#2632=CARTESIAN_POINT('',(-66.9261645595231,58.912897149769,95.3576544413161));
#2633=CARTESIAN_POINT('',(-70.817945148601,37.967812502785,95.3576544413173));
#2634=CARTESIAN_POINT('',(-70.817945148601,36.479750097646,95.3576544413173));
#2635=CARTESIAN_POINT('',(-70.8179451486011,36.479750097646,101.357654441318));
#2636=CARTESIAN_POINT('',(-70.8179451486011,37.223781300216,101.357654441318));
#2637=CARTESIAN_POINT('',(-70.8179451486011,37.967812502785,101.357654441318));
#2638=CARTESIAN_POINT('',(-70.8179451486011,37.967812502785,101.357654441318));
#2639=CARTESIAN_POINT('',(-67.3732210212881,37.967812502785,101.357654441318));
#2640=CARTESIAN_POINT('',(-70.817945148601,58.912897149768,101.357654441318));
#2641=CARTESIAN_POINT('',(-70.817945148601,58.700903499977,101.357654441318));
#2642=CARTESIAN_POINT('',(-70.8179451486011,58.4889098501851,101.357654441318));
#2643=CARTESIAN_POINT('',(-70.8179451486011,48.228361176485,101.357654441318));
#2644=CARTESIAN_POINT('',(-70.8179451486011,37.967812502785,101.357654441318));
#2645=CARTESIAN_POINT('',(-66.9261645595231,59.488910101905,101.411639162471));
#2646=CARTESIAN_POINT('',(-66.9261645595231,59.488910101905,95.3036697201635));
#2647=CARTESIAN_POINT('',(-66.9261645595231,51.28285615117,101.357654441318));
#2648=CARTESIAN_POINT('',(-66.9261645595231,54.885883000678,101.357654441318));
#2649=CARTESIAN_POINT('',(-66.9261645595231,58.4889098501851,101.357654441318));
#2650=CARTESIAN_POINT('',(-66.9261645595231,58.700903499977,101.357654441318));
#2651=CARTESIAN_POINT('',(-66.9261645595231,58.912897149768,101.357654441318));
#2652=CARTESIAN_POINT('',(-70.817945148601,58.912897149768,101.357654441318));
#2653=CARTESIAN_POINT('',(-66.9261645595231,58.912897149768,101.357654441318));
#2654=CARTESIAN_POINT('',(-70.817945148601,61.221496471434,102.388749133673));
#2655=CARTESIAN_POINT('',(-70.8179451486024,60.2974568333392,101.357654441319));
#2656=CARTESIAN_POINT('',(-70.817945148601,58.912897149768,101.357654441318));
#2657=CARTESIAN_POINT('',(-66.9261645595231,58.912897149768,101.357654441318));
#2658=CARTESIAN_POINT('',(-66.9261645595231,59.2034333867622,101.357654441318));
#2659=CARTESIAN_POINT('',(-66.9261645595231,59.488910101905,101.411639162471));
#2660=CARTESIAN_POINT('',(-65.4261645595231,67.0239100635881,100.607654441317));
#2661=CARTESIAN_POINT('',(-65.4261645595231,66.023910063588,100.607654441317));
#2662=CARTESIAN_POINT('',(-66.4261645595231,66.0239100635881,100.607654441317));
#2663=CARTESIAN_POINT('',(-67.4261645595231,66.023910063588,100.607654441317));
#2664=CARTESIAN_POINT('',(-67.4261645595231,67.0239100635881,100.607654441317));
#2665=CARTESIAN_POINT('',(-65.4261645595231,67.0239100635881,93.3576544413173));
#2666=CARTESIAN_POINT('',(-65.426164559523,66.023910063588,93.3576544413173));
#2667=CARTESIAN_POINT('',(-66.4261645595231,66.023910063588,93.3576544413173));
#2668=CARTESIAN_POINT('',(-67.4261645595231,66.0239100635879,93.3576544413173));
#2669=CARTESIAN_POINT('',(-67.4261645595231,67.0239100635881,93.3576544413173));
#2670=CARTESIAN_POINT('',(-67.4261645595231,67.0239100635881,95.6076544413173));
#2671=CARTESIAN_POINT('',(-67.4261645595231,66.023910063588,95.6076544413173));
#2672=CARTESIAN_POINT('',(-66.4261645595231,66.0239100635881,95.6076544413173));
#2673=CARTESIAN_POINT('',(-65.4261645595231,66.023910063588,95.6076544413173));
#2674=CARTESIAN_POINT('',(-65.4261645595231,67.0239100635881,95.6076544413173));
#2675=CARTESIAN_POINT('',(-66.9261645595231,56.523910101905,99.2576544413169));
#2676=CARTESIAN_POINT('',(-66.9261645595231,55.6239101019049,99.2576544413169));
#2677=CARTESIAN_POINT('',(-66.9261645595231,55.623910101905,98.3576544413169));
#2678=CARTESIAN_POINT('',(-66.9261645595231,55.6239101019049,97.457654441317));
#2679=CARTESIAN_POINT('',(-66.9261645595231,56.523910101905,97.4576544413169));
#2680=CARTESIAN_POINT('',(-70.817945148601,56.523910101905,97.4576544413169));
#2681=CARTESIAN_POINT('',(-70.817945148601,55.623910101905,97.457654441317));
#2682=CARTESIAN_POINT('',(-70.817945148601,55.623910101905,98.3576544413169));
#2683=CARTESIAN_POINT('',(-70.817945148601,55.623910101905,99.2576544413169));
#2684=CARTESIAN_POINT('',(-70.817945148601,56.523910101905,99.2576544413169));
#2685=CARTESIAN_POINT('',(-66.9261645595231,42.523910101905,99.2576544413169));
#2686=CARTESIAN_POINT('',(-66.9261645595231,41.623910101905,99.257654441317));
#2687=CARTESIAN_POINT('',(-66.9261645595231,41.623910101905,98.3576544413169));
#2688=CARTESIAN_POINT('',(-66.9261645595231,41.623910101905,97.4576544413169));
#2689=CARTESIAN_POINT('',(-66.9261645595231,42.523910101905,97.4576544413169));
#2690=CARTESIAN_POINT('',(-70.817945148601,42.523910101905,97.4576544413169));
#2691=CARTESIAN_POINT('',(-70.817945148601,41.623910101905,97.457654441317));
#2692=CARTESIAN_POINT('',(-70.817945148601,41.623910101905,98.3576544413169));
#2693=CARTESIAN_POINT('',(-70.817945148601,41.623910101905,99.2576544413169));
#2694=CARTESIAN_POINT('',(-70.817945148601,42.523910101905,99.2576544413169));
#2695=CARTESIAN_POINT('',(-70.817945148601,62.494362825881,99.0826544413175));
#2696=CARTESIAN_POINT('',(-70.817945148601,62.494362825879,100.60765444132));
#2697=CARTESIAN_POINT('',(-70.817945148601,64.019362825881,100.607654441317));
#2698=CARTESIAN_POINT('',(-70.817945148601,62.494362825881,97.1326544413174));
#2699=CARTESIAN_POINT('',(-70.817945148601,62.494362825881,98.1076544413175));
#2700=CARTESIAN_POINT('',(-70.817945148601,62.494362825881,99.0826544413175));
#2701=CARTESIAN_POINT('',(-70.817945148601,64.019362825881,95.6076544413174));
#2702=CARTESIAN_POINT('',(-70.817945148601,62.4943628258788,95.6076544413153));
#2703=CARTESIAN_POINT('',(-70.817945148601,62.494362825881,97.1326544413174));
#2704=CARTESIAN_POINT('',(-63.9261645595231,64.019362825881,100.607654441317));
#2705=CARTESIAN_POINT('',(-68.066013965841,64.019362825881,100.607654441317));
#2706=CARTESIAN_POINT('',(-70.817945148601,64.019362825881,100.607654441317));
#2707=CARTESIAN_POINT('',(-63.9261645595231,64.019362825881,95.6076544413173));
#2708=CARTESIAN_POINT('',(-68.066013965841,64.019362825881,95.6076544413173));
#2709=CARTESIAN_POINT('',(-70.817945148601,64.019362825881,95.6076544413174));
#2710=CARTESIAN_POINT('',(-70.817945148601,64.019362825881,100.607654441317));
#2711=CARTESIAN_POINT('',(-70.817945148601,64.878218880675,100.607654441317));
#2712=CARTESIAN_POINT('',(-66.136424961034,69.346946849225,100.607654441317));
#2713=CARTESIAN_POINT('',(-64.0851286900081,69.0910999501903,100.607654441317));
#2714=CARTESIAN_POINT('',(-64.085128690007,67.0239100635881,100.607654441317));
#2715=CARTESIAN_POINT('',(-64.085128690007,67.0239100635881,95.6076544413173));
#2716=CARTESIAN_POINT('',(-64.0851286900082,69.0910999501902,95.6076544413176));
#2717=CARTESIAN_POINT('',(-66.136424961034,69.346946849225,95.6076544413173));
#2718=CARTESIAN_POINT('',(-70.8179451486011,64.8782188806747,103.357654441318));
#2719=CARTESIAN_POINT('',(-70.8179453292219,65.5202499023529,103.357654441318));
#2720=CARTESIAN_POINT('',(-70.3639609002683,65.974234391514,103.357654441318));
#2721=CARTESIAN_POINT('',(-70.3639609002683,65.974234391514,103.357654441318));
#2722=CARTESIAN_POINT('',(-70.1855546959327,66.1526405958496,103.357654441318));
#2723=CARTESIAN_POINT('',(-70.0071484915971,66.3310468001852,103.357654441318));
#2724=CARTESIAN_POINT('',(-69.8287422872615,66.5094530045208,103.357654441318));
#2725=CARTESIAN_POINT('',(-69.6503360829259,66.6878592088564,103.357654441318));
#2726=CARTESIAN_POINT('',(-69.4719298785903,66.866265413192,103.357654441318));
#2727=CARTESIAN_POINT('',(-69.4719298785903,66.866265413192,103.357654441318));
#2728=CARTESIAN_POINT('',(-69.0179453894297,67.3202499023529,103.357654441318));
#2729=CARTESIAN_POINT('',(-69.0179453894297,67.9622809240309,103.357654441318));
#2730=CARTESIAN_POINT('',(-69.0179453894297,67.9622809240309,103.357654441318));
#2731=CARTESIAN_POINT('',(-69.0179453894297,68.669909620767,103.357654441318));
#2732=CARTESIAN_POINT('',(-69.0179453894297,68.669909620767,103.357654441318));
#2733=CARTESIAN_POINT('',(-69.01794538943,69.0153543213507,103.357654441318));
#2734=CARTESIAN_POINT('',(-68.7664990451321,69.2522230130358,103.357654441318));
#2735=CARTESIAN_POINT('',(-68.5150527008342,69.4890917047209,103.357654441318));
#2736=CARTESIAN_POINT('',(-68.1702231723904,69.468484971,103.357654441318));
#2737=CARTESIAN_POINT('',(-68.1702231723904,69.468484971,103.357654441318));
#2738=CARTESIAN_POINT('',(-67.7634635542019,69.444177346645,103.357654441318));
#2739=CARTESIAN_POINT('',(-67.3567039360134,69.41986972229,103.357654441318));
#2740=CARTESIAN_POINT('',(-66.9499443178249,69.395562097935,103.357654441318));
#2741=CARTESIAN_POINT('',(-66.5431846996365,69.37125447358,103.357654441318));
#2742=CARTESIAN_POINT('',(-66.1364249610341,69.346946849225,103.357654441318));
#2743=CARTESIAN_POINT('',(-70.3639609002683,65.974234391514,93.3576544413173));
#2744=CARTESIAN_POINT('',(-70.8179453292218,65.5202499023531,93.3576544413173));
#2745=CARTESIAN_POINT('',(-70.817945148601,64.878218880675,93.3576544413173));
#2746=CARTESIAN_POINT('',(-69.4719298785903,66.866265413192,93.3576544413173));
#2747=CARTESIAN_POINT('',(-69.6503360829259,66.6878592088564,93.3576544413173));
#2748=CARTESIAN_POINT('',(-69.8287422872615,66.5094530045208,93.3576544413173));
#2749=CARTESIAN_POINT('',(-70.0071484915971,66.3310468001852,93.3576544413173));
#2750=CARTESIAN_POINT('',(-70.1855546959327,66.1526405958496,93.3576544413173));
#2751=CARTESIAN_POINT('',(-70.3639609002683,65.974234391514,93.3576544413173));
#2752=CARTESIAN_POINT('',(-69.0179453894297,67.9622809240309,93.3576544413173));
#2753=CARTESIAN_POINT('',(-69.0179453894297,67.3202499023528,93.3576544413173));
#2754=CARTESIAN_POINT('',(-69.4719298785903,66.866265413192,93.3576544413173));
#2755=CARTESIAN_POINT('',(-69.0179453894297,68.669909620767,93.3576544413173));
#2756=CARTESIAN_POINT('',(-69.0179453894297,67.9622809240309,93.3576544413173));
#2757=CARTESIAN_POINT('',(-68.1702231723904,69.468484971,93.3576544413173));
#2758=CARTESIAN_POINT('',(-68.5150527008342,69.4890917047209,93.3576544413173));
#2759=CARTESIAN_POINT('',(-68.7664990451321,69.2522230130358,93.3576544413173));
#2760=CARTESIAN_POINT('',(-69.01794538943,69.0153543213507,93.3576544413173));
#2761=CARTESIAN_POINT('',(-69.0179453894297,68.669909620767,93.3576544413173));
#2762=CARTESIAN_POINT('',(-66.136424961034,69.346946849225,93.3576544413173));
#2763=CARTESIAN_POINT('',(-66.5431846036756,69.3712544676188,93.3576544413173));
#2764=CARTESIAN_POINT('',(-66.9499442458543,69.3955620934641,93.3576544413173));
#2765=CARTESIAN_POINT('',(-67.356703888033,69.4198697193094,93.3576544413173));
#2766=CARTESIAN_POINT('',(-67.7634635302117,69.4441773451547,93.3576544413173));
#2767=CARTESIAN_POINT('',(-68.1702231723904,69.468484971,93.3576544413173));
#2768=CARTESIAN_POINT('',(-70.3639609002683,65.974234391514,95.6076544413201));
#2769=CARTESIAN_POINT('',(-70.8179453292219,65.5202499023531,95.6076544413193));
#2770=CARTESIAN_POINT('',(-70.817945148601,64.878218880675,95.6076544413174));
#2771=CARTESIAN_POINT('',(-69.4719298785903,66.866265413192,95.6076544413213));
#2772=CARTESIAN_POINT('',(-69.6503360829259,66.6878592088564,95.6076544413207));
#2773=CARTESIAN_POINT('',(-69.8287422872615,66.5094530045208,95.6076544413207));
#2774=CARTESIAN_POINT('',(-70.0071484915971,66.3310468001852,95.6076544413207));
#2775=CARTESIAN_POINT('',(-70.1855546959327,66.1526405958496,95.6076544413207));
#2776=CARTESIAN_POINT('',(-70.3639609002683,65.974234391514,95.6076544413201));
#2777=CARTESIAN_POINT('',(-69.0179453894297,67.9622809240309,95.6076544413228));
#2778=CARTESIAN_POINT('',(-69.0179453894297,67.3202499023528,95.6076544413221));
#2779=CARTESIAN_POINT('',(-69.4719298785903,66.866265413192,95.6076544413213));
#2780=CARTESIAN_POINT('',(-69.0179453894297,68.669909620767,95.6076544413238));
#2781=CARTESIAN_POINT('',(-69.0179453894297,68.3160952723989,95.6076544413233));
#2782=CARTESIAN_POINT('',(-69.0179453894297,67.9622809240309,95.6076544413228));
#2783=CARTESIAN_POINT('',(-68.1702231723904,69.468484971,95.6076544413249));
#2784=CARTESIAN_POINT('',(-68.5150527008342,69.4890917047209,95.6076544413247));
#2785=CARTESIAN_POINT('',(-68.7664990451321,69.2522230130358,95.6076544413244));
#2786=CARTESIAN_POINT('',(-69.01794538943,69.0153543213507,95.6076544413241));
#2787=CARTESIAN_POINT('',(-69.0179453894297,68.669909620767,95.6076544413238));
#2788=CARTESIAN_POINT('',(-66.136424961034,69.346946849225,95.6076544413173));
#2789=CARTESIAN_POINT('',(-66.5431846036756,69.3712544676188,95.6076544413248));
#2790=CARTESIAN_POINT('',(-66.9499442458543,69.3955620934641,95.6076544413248));
#2791=CARTESIAN_POINT('',(-67.356703888033,69.4198697193094,95.6076544413248));
#2792=CARTESIAN_POINT('',(-67.7634635302117,69.4441773451547,95.6076544413248));
#2793=CARTESIAN_POINT('',(-68.1702231723904,69.468484971,95.6076544413249));
#2794=CARTESIAN_POINT('',(-70.817945148601,64.878218880675,100.607654441317));
#2795=CARTESIAN_POINT('',(-70.8179453292218,65.5202499023531,100.607654441317));
#2796=CARTESIAN_POINT('',(-70.3639609002683,65.974234391514,100.607654441317));
#2797=CARTESIAN_POINT('',(-70.3639609002683,65.974234391514,100.607654441317));
#2798=CARTESIAN_POINT('',(-70.1855546959327,66.1526405958496,100.607654441317));
#2799=CARTESIAN_POINT('',(-70.0071484915971,66.3310468001852,100.607654441317));
#2800=CARTESIAN_POINT('',(-69.8287422872615,66.5094530045208,100.607654441317));
#2801=CARTESIAN_POINT('',(-69.6503360829259,66.6878592088564,100.607654441317));
#2802=CARTESIAN_POINT('',(-69.4719298785903,66.866265413192,100.607654441317));
#2803=CARTESIAN_POINT('',(-69.4719298785903,66.866265413192,100.607654441317));
#2804=CARTESIAN_POINT('',(-69.0179453894297,67.3202499023529,100.607654441317));
#2805=CARTESIAN_POINT('',(-69.0179453894297,67.9622809240309,100.607654441317));
#2806=CARTESIAN_POINT('',(-69.0179453894297,67.9622809240309,100.607654441317));
#2807=CARTESIAN_POINT('',(-69.0179453894297,68.3160952723989,100.607654441317));
#2808=CARTESIAN_POINT('',(-69.0179453894297,68.669909620767,100.607654441317));
#2809=CARTESIAN_POINT('',(-69.0179453894297,68.669909620767,100.607654441317));
#2810=CARTESIAN_POINT('',(-69.01794538943,69.0153543213507,100.607654441317));
#2811=CARTESIAN_POINT('',(-68.7664990451321,69.2522230130358,100.607654441317));
#2812=CARTESIAN_POINT('',(-68.5150527008342,69.489091704721,100.607654441317));
#2813=CARTESIAN_POINT('',(-68.1702231723904,69.468484971,100.607654441317));
#2814=CARTESIAN_POINT('',(-68.1702231723904,69.468484971,100.607654441317));
#2815=CARTESIAN_POINT('',(-67.7634635302117,69.4441773451547,100.607654441317));
#2816=CARTESIAN_POINT('',(-67.356703888033,69.4198697193094,100.607654441317));
#2817=CARTESIAN_POINT('',(-66.9499442458543,69.3955620934641,100.607654441317));
#2818=CARTESIAN_POINT('',(-66.5431846036756,69.3712544676188,100.607654441317));
#2819=CARTESIAN_POINT('',(-66.136424961034,69.346946849225,100.607654441317));
#2820=CARTESIAN_POINT('',(-70.817945148601,64.878218880675,93.3576544413173));
#2821=CARTESIAN_POINT('',(-70.817945148601,64.5993773563148,93.3576544413171));
#2822=CARTESIAN_POINT('',(-70.817945148601,64.3205358319545,93.3576544413169));
#2823=CARTESIAN_POINT('',(-70.817945148601,64.0416943075943,93.3576544413166));
#2824=CARTESIAN_POINT('',(-70.817945148601,63.7628527832341,93.3576544413164));
#2825=CARTESIAN_POINT('',(-70.817945148601,63.4840112588738,93.3576544413161));
#2826=CARTESIAN_POINT('',(-70.817945148601,64.878218880675,95.6076544413174));
#2827=CARTESIAN_POINT('',(-70.817945148601,64.019362825881,95.6076544413174));
#2828=CARTESIAN_POINT('',(-70.817945148601,64.878218880675,95.6076544413174));
#2829=CARTESIAN_POINT('',(-70.817945148601,64.878218880675,93.3576544413173));
#2830=CARTESIAN_POINT('',(-70.8179451486011,64.8782188806747,103.357654441318));
#2831=CARTESIAN_POINT('',(-70.817945148601,64.878218880675,100.607654441317));
#2832=CARTESIAN_POINT('',(-70.3639609002683,65.974234391514,95.6076544413201));
#2833=CARTESIAN_POINT('',(-70.3639609002683,65.974234391514,93.3576544413173));
#2834=CARTESIAN_POINT('',(-70.3639609002683,65.974234391514,103.357654441318));
#2835=CARTESIAN_POINT('',(-70.3639609002683,65.974234391514,100.607654441317));
#2836=CARTESIAN_POINT('',(-69.4719298785903,66.866265413192,95.6076544413213));
#2837=CARTESIAN_POINT('',(-69.4719298785903,66.866265413192,93.3576544413173));
#2838=CARTESIAN_POINT('',(-69.4719298785903,66.866265413192,103.357654441318));
#2839=CARTESIAN_POINT('',(-69.4719298785903,66.866265413192,100.607654441317));
#2840=CARTESIAN_POINT('',(-69.0179453894297,67.9622809240309,95.6076544413228));
#2841=CARTESIAN_POINT('',(-69.0179453894297,67.9622809240309,93.3576544413173));
#2842=CARTESIAN_POINT('',(-69.0179453894297,67.9622809240309,103.357654441318));
#2843=CARTESIAN_POINT('',(-69.0179453894297,67.9622809240309,100.607654441317));
#2844=CARTESIAN_POINT('',(-69.0179453894297,68.669909620767,95.6076544413238));
#2845=CARTESIAN_POINT('',(-69.0179453894297,68.669909620767,93.3576544413173));
#2846=CARTESIAN_POINT('',(-69.0179453894297,68.669909620767,103.357654441318));
#2847=CARTESIAN_POINT('',(-69.0179453894297,68.669909620767,100.607654441317));
#2848=CARTESIAN_POINT('',(-68.1702231723904,69.468484971,95.6076544413249));
#2849=CARTESIAN_POINT('',(-68.1702231723904,69.468484971,93.3576544413173));
#2850=CARTESIAN_POINT('',(-68.1702231723904,69.468484971,103.357654441318));
#2851=CARTESIAN_POINT('',(-68.1702231723904,69.468484971,100.607654441317));
#2852=CARTESIAN_POINT('',(-66.9261645595231,51.28285615117,101.357654441318));
#2853=CARTESIAN_POINT('',(-66.9261645595231,51.105959085173,101.357654441318));
#2854=CARTESIAN_POINT('',(-66.9261645595231,50.929062019176,101.357654441318));
#2855=CARTESIAN_POINT('',(-66.9743406508224,50.76212710699,101.357654441318));
#2856=CARTESIAN_POINT('',(-67.1224664125723,50.662080941818,101.357654441318));
#2857=CARTESIAN_POINT('',(-67.2533343146051,50.543059245578,101.357654441318));
#2858=CARTESIAN_POINT('',(-67.4423145597227,50.3711855547771,101.357654441318));
#2859=CARTESIAN_POINT('',(-67.5944999446777,50.1616897537856,101.357654441318));
#2860=CARTESIAN_POINT('',(-67.6996787756293,49.923859170539,101.357654441318));
#2861=CARTESIAN_POINT('',(-67.7522681911051,49.6703177825826,101.357654441318));
#2862=CARTESIAN_POINT('',(-67.7522681911051,49.41486896455,101.357654441318));
#2863=CARTESIAN_POINT('',(-67.7522681911051,49.1594201465175,101.357654441318));
#2864=CARTESIAN_POINT('',(-67.6996787756293,48.905878758561,101.357654441318));
#2865=CARTESIAN_POINT('',(-67.5944999446777,48.6680481753144,101.357654441318));
#2866=CARTESIAN_POINT('',(-67.4423145597227,48.4585523743229,101.357654441318));
#2867=CARTESIAN_POINT('',(-67.2533343146051,48.286678683522,101.357654441318));
#2868=CARTESIAN_POINT('',(-67.1224664125723,48.167656987282,101.357654441318));
#2869=CARTESIAN_POINT('',(-66.9743406508225,48.06761082211,101.357654441318));
#2870=CARTESIAN_POINT('',(-66.9261645595231,47.900675909924,101.357654441318));
#2871=CARTESIAN_POINT('',(-66.9261645595231,47.723778843927,101.357654441318));
#2872=CARTESIAN_POINT('',(-66.9261645595231,47.54688177793,101.357654441318));
#2873=CARTESIAN_POINT('',(-66.9261645595231,47.54688177793,95.3576544413173));
#2874=CARTESIAN_POINT('',(-66.9261645595231,47.723778843927,95.3576544413173));
#2875=CARTESIAN_POINT('',(-66.9261645595231,47.900675909924,95.3576544413173));
#2876=CARTESIAN_POINT('',(-66.9743406508224,48.06761082211,95.3576544413174));
#2877=CARTESIAN_POINT('',(-67.1224664125723,48.167656987282,95.3576544413174));
#2878=CARTESIAN_POINT('',(-67.2533343146051,48.286678683522,95.3576544413173));
#2879=CARTESIAN_POINT('',(-67.4423145597227,48.4585523743229,95.3576544413173));
#2880=CARTESIAN_POINT('',(-67.5944999446777,48.6680481753144,95.3576544413173));
#2881=CARTESIAN_POINT('',(-67.6996787756293,48.905878758561,95.3576544413174));
#2882=CARTESIAN_POINT('',(-67.7522681911051,49.1594201465175,95.3576544413174));
#2883=CARTESIAN_POINT('',(-67.7522681911051,49.41486896455,95.3576544413173));
#2884=CARTESIAN_POINT('',(-67.7522681911051,49.6703177825826,95.3576544413174));
#2885=CARTESIAN_POINT('',(-67.6996787756293,49.9238591705391,95.3576544413174));
#2886=CARTESIAN_POINT('',(-67.5944999446777,50.1616897537856,95.3576544413173));
#2887=CARTESIAN_POINT('',(-67.4423145597227,50.3711855547771,95.3576544413173));
#2888=CARTESIAN_POINT('',(-67.2533343146051,50.543059245578,95.3576544413173));
#2889=CARTESIAN_POINT('',(-67.1224664125723,50.662080941818,95.3576544413173));
#2890=CARTESIAN_POINT('',(-66.9743406508224,50.76212710699,95.3576544413173));
#2891=CARTESIAN_POINT('',(-66.9261645595231,50.929062019176,95.3576544413173));
#2892=CARTESIAN_POINT('',(-66.9261645595231,51.105959085173,95.3576544413173));
#2893=CARTESIAN_POINT('',(-66.9261645595231,51.28285615117,95.3576544413173));
#2894=CARTESIAN_POINT('',(-63.9261645595231,63.4840112588738,103.357654441318));
#2895=CARTESIAN_POINT('',(-70.8179451486011,63.4840112588738,103.357654441318));
#2896=CARTESIAN_POINT('',(-70.817945148601,61.2442435791615,102.414131618446));
#2897=CARTESIAN_POINT('',(-70.8179453894289,62.089804057695,103.357654441318));
#2898=CARTESIAN_POINT('',(-70.8179451486011,63.4840112588738,103.357654441318));
#2899=CARTESIAN_POINT('',(-63.9261645595231,63.4840112588738,103.357654441318));
#2900=CARTESIAN_POINT('',(-63.9261645595231,64.4858786672769,103.357654441318));
#2901=CARTESIAN_POINT('',(-70.8179451486011,63.4840112588738,103.357654441318));
#2902=CARTESIAN_POINT('',(-70.8179451486011,63.762852783234,103.357654441318));
#2903=CARTESIAN_POINT('',(-70.8179451486011,64.0416943075941,103.357654441318));
#2904=CARTESIAN_POINT('',(-70.8179451486011,64.3205358319543,103.357654441318));
#2905=CARTESIAN_POINT('',(-70.8179451486011,64.5993773563145,103.357654441318));
#2906=CARTESIAN_POINT('',(-70.8179451486011,64.8782188806747,103.357654441318));
#2907=CARTESIAN_POINT('',(-70.817945148601,61.2442435791615,102.414131618446));
#2908=CARTESIAN_POINT('',(-70.817945148601,61.221496471434,102.388749133673));
#2909=CARTESIAN_POINT('',(-63.9261645595231,63.4840112588738,93.3576544413161));
#2910=CARTESIAN_POINT('',(-70.817945148601,63.4840112588738,93.3576544413161));
#2911=CARTESIAN_POINT('',(-70.817945148601,63.4840112588738,93.3576544413161));
#2912=CARTESIAN_POINT('',(-70.8179453894289,62.0898036417067,93.3576544413158));
#2913=CARTESIAN_POINT('',(-70.817945148601,61.2442435791615,94.3011772641875));
#2914=CARTESIAN_POINT('',(-70.817945148601,61.2442435791615,94.3011772641875));
#2915=CARTESIAN_POINT('',(-70.817945148601,61.221496471434,94.3265597489619));
#2916=CARTESIAN_POINT('',(-65.3898316717025,61.221496471434,94.326559748962));
#2917=CARTESIAN_POINT('',(-65.3786412555163,61.2290166297214,94.3181683391396));
#2918=CARTESIAN_POINT('',(-65.367545993998,61.2366014999927,94.309704720095));
#2919=CARTESIAN_POINT('',(-65.3565437908827,61.2442435791615,94.3011772641875));
#2920=CARTESIAN_POINT('',(-65.3898316717025,61.221496471434,94.326559748962));
#2921=CARTESIAN_POINT('',(-65.4661666091505,61.1701614399285,94.3837723407437));
#2922=CARTESIAN_POINT('',(-65.5508411417626,61.1191236810569,94.436219781525));
#2923=CARTESIAN_POINT('',(-65.718004616314,61.0391102437766,94.5141799444951));
#2924=CARTESIAN_POINT('',(-65.8153264629966,61.0004613384753,94.5493940751686));
#2925=CARTESIAN_POINT('',(-65.912707513195,60.9855724640894,94.5628479318876));
#2926=CARTESIAN_POINT('',(-65.9127075132003,60.9855724640886,102.152460950747));
#2927=CARTESIAN_POINT('',(-65.8153264630004,61.0004613384739,102.165914807466));
#2928=CARTESIAN_POINT('',(-65.7180046163159,61.0391102437758,102.20112893814));
#2929=CARTESIAN_POINT('',(-65.5508411417634,61.1191236810565,102.27908910111));
#2930=CARTESIAN_POINT('',(-65.466166609151,61.1701614399281,102.331536541892));
#2931=CARTESIAN_POINT('',(-65.3898316717025,61.221496471434,102.388749133673));
#2932=CARTESIAN_POINT('',(-63.9261645595231,63.4840112588738,100.510598312659));
#2933=CARTESIAN_POINT('',(-63.9261645595231,63.3370622482917,100.455505542794));
#2934=CARTESIAN_POINT('',(-63.9512551911503,63.1998766326539,100.377811129937));
#2935=CARTESIAN_POINT('',(-64.0163196224579,62.9591836748733,100.189446586017));
#2936=CARTESIAN_POINT('',(-64.0568283337054,62.854079407864,100.077993068187));
#2937=CARTESIAN_POINT('',(-64.1322634912826,62.6807145883244,99.8288170401947));
#2938=CARTESIAN_POINT('',(-64.1673354324496,62.6123406787122,99.6908348621374));
#2939=CARTESIAN_POINT('',(-64.2046245005531,62.5421964002316,99.4694346200011));
#2940=CARTESIAN_POINT('',(-64.2144606152995,62.5243738433493,99.3936837790074));
#2941=CARTESIAN_POINT('',(-64.2244551979806,62.5064071290169,99.2778835504611));
#2942=CARTESIAN_POINT('',(-64.2269868236752,62.5018981284424,99.2390465285518));
#2943=CARTESIAN_POINT('',(-64.2303763343318,62.4958725444954,99.1609809446748));
#2944=CARTESIAN_POINT('',(-64.2312302978806,62.494362825881,99.1218406867976));
#2945=CARTESIAN_POINT('',(-64.2312302978806,62.494362825881,99.0826544413174));
#2946=CARTESIAN_POINT('',(-64.2312302978806,62.494362825881,99.0826544413174));
#2947=CARTESIAN_POINT('',(-64.2312302978806,62.494362825881,98.1076544413175));
#2948=CARTESIAN_POINT('',(-64.2312302978806,62.494362825881,97.1326544413174));
#2949=CARTESIAN_POINT('',(-64.2312302978806,62.494362825881,97.1326544413174));
#2950=CARTESIAN_POINT('',(-64.2312302978806,62.494362825881,97.0934681958475));
#2951=CARTESIAN_POINT('',(-64.2303763343326,62.4958725444961,97.0543279379502));
#2952=CARTESIAN_POINT('',(-64.2269868236937,62.5018981284117,96.9762623544802));
#2953=CARTESIAN_POINT('',(-64.2244551980027,62.5064071290795,96.9374253317794));
#2954=CARTESIAN_POINT('',(-64.2144606153557,62.5243738433506,96.8216251036289));
#2955=CARTESIAN_POINT('',(-64.2046245005523,62.5421964002333,96.7458742626286));
#2956=CARTESIAN_POINT('',(-64.1673354324496,62.6123406787122,96.5244740204976));
#2957=CARTESIAN_POINT('',(-64.1322634912826,62.6807145883245,96.38649184244));
#2958=CARTESIAN_POINT('',(-64.0568283337071,62.85407940786,96.137315814454));
#2959=CARTESIAN_POINT('',(-64.0163196224531,62.9591836748769,96.0258622966142));
#2960=CARTESIAN_POINT('',(-63.9512551911488,63.1998766326438,95.8374977527039));
#2961=CARTESIAN_POINT('',(-63.9261645595231,63.3370622483018,95.7598033398368));
#2962=CARTESIAN_POINT('',(-63.9261645595231,63.4840112588738,95.7047105699754));
#2963=CARTESIAN_POINT('',(-65.9127075132003,60.9855724640886,102.152460950747));
#2964=CARTESIAN_POINT('',(-65.912707513195,60.9855724640894,94.5628479318876));
#2965=CARTESIAN_POINT('',(-65.3565437908827,61.2442435791615,102.414131618446));
#2966=CARTESIAN_POINT('',(-65.3675465861182,61.2366010887017,102.405603703598));
#2967=CARTESIAN_POINT('',(-65.3786418207937,61.2290162498371,102.397140119599));
#2968=CARTESIAN_POINT('',(-65.3898316717025,61.221496471434,102.388749133673));
#2969=CARTESIAN_POINT('',(-65.3565437908827,61.2442435791615,102.414131618446));
#2970=CARTESIAN_POINT('',(-65.1891598599134,61.360507654404,102.543865523738));
#2971=CARTESIAN_POINT('',(-65.029472394175,61.49845118686,102.674331026831));
#2972=CARTESIAN_POINT('',(-64.7280576161018,61.8010545766971,102.903388093491));
#2973=CARTESIAN_POINT('',(-64.5825361154294,61.9701687455136,103.006004887777));
#2974=CARTESIAN_POINT('',(-64.3148019266187,62.3415508693047,103.175229559244));
#2975=CARTESIAN_POINT('',(-64.1896155392557,62.5483909636959,103.243218324514));
#2976=CARTESIAN_POINT('',(-63.9978426334849,62.9901607610601,103.333763392592));
#2977=CARTESIAN_POINT('',(-63.9261645595231,63.2366710669653,103.357654441318));
#2978=CARTESIAN_POINT('',(-63.9261645595231,63.4840112588738,103.357654441318));
#2979=CARTESIAN_POINT('',(-63.9261645595231,63.4840112588738,93.3576544413161));
#2980=CARTESIAN_POINT('',(-63.9261645595231,63.2366710669653,93.3576544413162));
#2981=CARTESIAN_POINT('',(-63.9978426334848,62.9901607610601,93.3815454900415));
#2982=CARTESIAN_POINT('',(-64.1896155392557,62.5483909636961,93.4720905581202));
#2983=CARTESIAN_POINT('',(-64.3148019266187,62.3415508693046,93.5400793233896));
#2984=CARTESIAN_POINT('',(-64.5825361154292,61.9701687455139,93.7093039948563));
#2985=CARTESIAN_POINT('',(-64.728057616102,61.8010545766969,93.8119207891434));
#2986=CARTESIAN_POINT('',(-65.0294723941749,61.4984511868601,94.0409778558032));
#2987=CARTESIAN_POINT('',(-65.1891598599135,61.3605076544039,94.1714433588962));
#2988=CARTESIAN_POINT('',(-65.3565437908827,61.2442435791615,94.3011772641875));
#2989=CARTESIAN_POINT('',(-63.9261645595231,63.4840112588738,95.7047105699754));
#2990=CARTESIAN_POINT('',(-63.9261645595231,63.742889186267,95.6076544413174));
#2991=CARTESIAN_POINT('',(-63.9261645595231,64.0193628258811,95.6076544413174));
#2992=CARTESIAN_POINT('',(-65.3898316717025,61.221496471434,102.388749133673));
#2993=CARTESIAN_POINT('',(-70.817945148601,61.221496471434,102.388749133673));
#2994=CARTESIAN_POINT('',(-64.2312302978806,62.494362825881,99.0826544413174));
#2995=CARTESIAN_POINT('',(-68.066013965841,62.494362825881,99.0826544413174));
#2996=CARTESIAN_POINT('',(-70.817945148601,62.494362825881,99.0826544413175));
#2997=CARTESIAN_POINT('',(-64.2312302978806,62.494362825881,97.1326544413174));
#2998=CARTESIAN_POINT('',(-68.066013965841,62.494362825881,97.1326544413174));
#2999=CARTESIAN_POINT('',(-70.817945148601,62.494362825881,97.1326544413174));
#3000=CARTESIAN_POINT('',(-65.3565437908827,61.2442435791615,102.414131618446));
#3001=CARTESIAN_POINT('',(-70.817945148601,61.2442435791615,102.414131618446));
#3002=CARTESIAN_POINT('',(-65.3565437908827,61.2442435791615,94.3011772641875));
#3003=CARTESIAN_POINT('',(-70.817945148601,61.2442435791615,94.3011772641875));
#3004=CARTESIAN_POINT('',(-63.9261645595231,63.4840112588738,100.510598312659));
#3005=CARTESIAN_POINT('',(-63.9261645595231,63.4840112588738,103.357654441318));
#3006=CARTESIAN_POINT('',(-63.9261645595231,63.4840112588738,93.3576544413161));
#3007=CARTESIAN_POINT('',(-63.9261645595231,63.4840112588738,95.7047105699754));
#3008=CARTESIAN_POINT('',(-66.9261645595231,59.488910101905,101.411639162471));
#3009=CARTESIAN_POINT('',(-66.9261645589914,59.7089826636496,101.453255710705));
#3010=CARTESIAN_POINT('',(-66.9262946954142,59.9254343834442,101.519228465179));
#3011=CARTESIAN_POINT('',(-66.8967562124726,60.1302118803333,101.606664282521));
#3012=CARTESIAN_POINT('',(-66.8967562103018,60.1302118953825,101.606664288947));
#3013=CARTESIAN_POINT('',(-66.896756208131,60.1302119104317,101.606664295373));
#3014=CARTESIAN_POINT('',(-66.8819324434069,60.2329786255331,101.650543592176));
#3015=CARTESIAN_POINT('',(-66.8593948691628,60.3332502118089,101.700102191805));
#3016=CARTESIAN_POINT('',(-66.8240632597675,60.4268191571917,101.752466798911));
#3017=CARTESIAN_POINT('',(-66.8240632489544,60.4268191858281,101.752466814937));
#3018=CARTESIAN_POINT('',(-66.8240632381413,60.4268192144646,101.752466830963));
#3019=CARTESIAN_POINT('',(-66.788538203906,60.5209003854999,101.805118102667));
#3020=CARTESIAN_POINT('',(-66.7401083601015,60.6079600869867,101.860490192591));
#3021=CARTESIAN_POINT('',(-66.6732565056721,60.683636876524,101.913154329295));
#3022=CARTESIAN_POINT('',(-66.6732564704855,60.6836369163554,101.913154357014));
#3023=CARTESIAN_POINT('',(-66.673256435299,60.6836369561869,101.913154384733));
#3024=CARTESIAN_POINT('',(-66.6039900842793,60.76204693982,101.967720578903));
#3025=CARTESIAN_POINT('',(-66.5193186395301,60.8234107683475,102.015611687764));
#3026=CARTESIAN_POINT('',(-66.4178548097125,60.8701655909259,102.053678516421));
#3027=CARTESIAN_POINT('',(-66.41785474374,60.8701656213262,102.053678541173));
#3028=CARTESIAN_POINT('',(-66.4178546777676,60.8701656517264,102.053678565924));
#3029=CARTESIAN_POINT('',(-66.317503463997,60.9164077489111,102.09132794638));
#3030=CARTESIAN_POINT('',(-66.2078386801848,60.9451957924257,102.116633349429));
#3031=CARTESIAN_POINT('',(-66.094291184173,60.9638299564216,102.133073915161));
#3032=CARTESIAN_POINT('',(-66.0942911060069,60.9638299692494,102.133073926478));
#3033=CARTESIAN_POINT('',(-66.0942910278407,60.9638299820771,102.133073937796));
#3034=CARTESIAN_POINT('',(-66.0562818536133,60.9700676239745,102.138577289771));
#3035=CARTESIAN_POINT('',(-66.0175768715145,60.9751964372228,102.143116934372));
#3036=CARTESIAN_POINT('',(-65.9784017160292,60.9794134882387,102.146861636477));
#3037=CARTESIAN_POINT('',(-65.9566360386229,60.9817372476261,102.148964173111));
#3038=CARTESIAN_POINT('',(-65.9347250409895,60.9837789317289,102.15082094647));
#3039=CARTESIAN_POINT('',(-65.9127075132003,60.9855724640886,102.152460950747));
#3040=CARTESIAN_POINT('',(-65.912707513195,60.9855724640894,94.5628479318876));
#3041=CARTESIAN_POINT('',(-65.9347249123033,60.9837784634474,94.5644883454482));
#3042=CARTESIAN_POINT('',(-65.9566358839761,60.9817367469135,94.5663451465747));
#3043=CARTESIAN_POINT('',(-65.9784017160292,60.9794134882387,94.5684472461581));
#3044=CARTESIAN_POINT('',(-66.0175768715145,60.9751964372228,94.5721919482634));
#3045=CARTESIAN_POINT('',(-66.0562818536132,60.9700676239745,94.5767315928636));
#3046=CARTESIAN_POINT('',(-66.0942910278407,60.9638299820772,94.5822349448389));
#3047=CARTESIAN_POINT('',(-66.0942911060068,60.9638299692494,94.5822349561566));
#3048=CARTESIAN_POINT('',(-66.094291184173,60.9638299564216,94.5822349674743));
#3049=CARTESIAN_POINT('',(-66.2078386801847,60.9451957924257,94.5986755332059));
#3050=CARTESIAN_POINT('',(-66.3175034639969,60.9164077489112,94.6239809362548));
#3051=CARTESIAN_POINT('',(-66.4178546777676,60.8701656517265,94.661630316711));
#3052=CARTESIAN_POINT('',(-66.41785474374,60.8701656213262,94.6616303414623));
#3053=CARTESIAN_POINT('',(-66.4178548097124,60.8701655909259,94.6616303662136));
#3054=CARTESIAN_POINT('',(-66.5193186395301,60.8234107683475,94.6996971948712));
#3055=CARTESIAN_POINT('',(-66.6039900842792,60.76204693982,94.7475883037321));
#3056=CARTESIAN_POINT('',(-66.6732564352989,60.6836369561869,94.802154497902));
#3057=CARTESIAN_POINT('',(-66.6732564704855,60.6836369163554,94.8021545256211));
#3058=CARTESIAN_POINT('',(-66.6732565056721,60.683636876524,94.8021545533402));
#3059=CARTESIAN_POINT('',(-66.7401083601015,60.6079600869866,94.8548186900434));
#3060=CARTESIAN_POINT('',(-66.788538203906,60.5209003854999,94.9101907799677));
#3061=CARTESIAN_POINT('',(-66.8240632381413,60.4268192144645,94.9628420516716));
#3062=CARTESIAN_POINT('',(-66.8240632489544,60.4268191858281,94.9628420676976));
#3063=CARTESIAN_POINT('',(-66.8240632597675,60.4268191571917,94.9628420837236));
#3064=CARTESIAN_POINT('',(-66.8593948691627,60.333250211809,95.0152066908294));
#3065=CARTESIAN_POINT('',(-66.8819324434069,60.2329786255331,95.0647652904585));
#3066=CARTESIAN_POINT('',(-66.896756208131,60.1302119104319,95.1086445872619));
#3067=CARTESIAN_POINT('',(-66.8967562103018,60.1302118953826,95.1086445936876));
#3068=CARTESIAN_POINT('',(-66.8967562124726,60.1302118803333,95.1086446001133));
#3069=CARTESIAN_POINT('',(-66.9262946954141,59.9254343834441,95.1960804174557));
#3070=CARTESIAN_POINT('',(-66.9261645589914,59.7089826636496,95.26205317193));
#3071=CARTESIAN_POINT('',(-66.9261645595231,59.488910101905,95.3036697201635));
#3072=CARTESIAN_POINT('',(-68.3980257194979,67.023910063588,103.357654441318));
#3073=CARTESIAN_POINT('',(-67.4261645595231,67.0239100635881,102.021797796123));
#3074=CARTESIAN_POINT('',(-68.3980257194979,67.023910063588,103.357654441318));
#3075=CARTESIAN_POINT('',(-68.3980257194984,68.9957712235633,103.357654441318));
#3076=CARTESIAN_POINT('',(-66.4261645595231,68.9957712235633,103.357654441318));
#3077=CARTESIAN_POINT('',(-64.4543033995479,68.9957712235633,103.357654441318));
#3078=CARTESIAN_POINT('',(-64.4543033995483,67.023910063588,103.357654441318));
#3079=CARTESIAN_POINT('',(-64.4543033995483,67.023910063588,103.357654441318));
#3080=CARTESIAN_POINT('',(-65.4261645595231,67.0239100635881,102.021797796123));
#3081=CARTESIAN_POINT('',(-64.4543033995483,67.023910063588,103.357654441318));
#3082=CARTESIAN_POINT('',(-64.4543033995488,65.0520489036138,103.357654441318));
#3083=CARTESIAN_POINT('',(-66.4261645595231,65.0520489036138,103.357654441318));
#3084=CARTESIAN_POINT('',(-68.3980257194974,65.0520489036138,103.357654441318));
#3085=CARTESIAN_POINT('',(-68.3980257194979,67.023910063588,103.357654441318));
#3086=CARTESIAN_POINT('',(-50.5838354404769,60.998910101905,91.3476544413173));
#3087=CARTESIAN_POINT('',(-50.5838354404769,60.998910101905,104.867654441318));
#3088=CARTESIAN_POINT('',(-49.9798354404769,60.9989101019049,91.3476544413173));
#3089=CARTESIAN_POINT('',(-49.9798354404769,60.9989101019049,104.867654441318));
#3090=CARTESIAN_POINT('',(-49.3758354404769,60.998910101905,91.3476544413173));
#3091=CARTESIAN_POINT('',(-49.3758354404769,60.998910101905,104.867654441318));
#3092=CARTESIAN_POINT('',(-49.0738354404769,60.696910101905,91.3476544413173));
#3093=CARTESIAN_POINT('',(-49.0738354404769,60.696910101905,104.867654441318));
#3094=CARTESIAN_POINT('',(-49.0738354404769,60.0929101019049,91.3476544413173));
#3095=CARTESIAN_POINT('',(-49.0738354404769,60.0929101019049,104.867654441318));
#3096=CARTESIAN_POINT('',(-49.0738354404769,59.4889101019049,91.3476544413173));
#3097=CARTESIAN_POINT('',(-49.0738354404769,59.4889101019049,104.867654441318));
#3098=CARTESIAN_POINT('',(-45.0738354404769,64.0193628258789,99.0826544413195));
#3099=CARTESIAN_POINT('',(-54.0738354404769,64.0193628258809,95.6076544413174));
#3100=CARTESIAN_POINT('',(-54.0738354404769,62.494362825881,99.0826544413174));
#3101=CARTESIAN_POINT('',(-45.0738354404769,64.0193628258789,97.1326544413153));
#3102=CARTESIAN_POINT('',(-54.0738354404769,70.17,100.607654441317));
#3103=CARTESIAN_POINT('',(-47.366728418462,36.707762183363,111.357654193769));
#3104=CARTESIAN_POINT('',(-47.3119504234821,36.652984188383,111.357654193769));
#3105=CARTESIAN_POINT('',(-47.2571724285021,36.598206193403,111.357654193769));
#3106=CARTESIAN_POINT('',(-47.1999143055061,36.549415757117,111.357654193769));
#3107=CARTESIAN_POINT('',(-47.138855533727,36.509800898667,111.357654193769));
#3108=CARTESIAN_POINT('',(-47.073835199649,36.479750097646,111.357654193769));
#3109=CARTESIAN_POINT('',(-47.366728418462,36.707762183363,72.3576541937686));
#3110=CARTESIAN_POINT('',(-47.3119504234821,36.652984188383,72.3576541937686));
#3111=CARTESIAN_POINT('',(-47.2571724285021,36.598206193403,72.3576541937686));
#3112=CARTESIAN_POINT('',(-47.1999143055061,36.549415757117,72.3576541937686));
#3113=CARTESIAN_POINT('',(-47.138855533727,36.509800898667,72.3576541937686));
#3114=CARTESIAN_POINT('',(-47.073835199649,36.479750097646,72.3576541937686));
#3115=CARTESIAN_POINT('',(-47.073835199649,36.479750097646,111.357654193769));
#3116=CARTESIAN_POINT('',(-45.1820546105711,36.479750097646,111.357654193769));
#3117=CARTESIAN_POINT('',(-46.732054610572,64.8782188806747,91.8576541937686));
#3118=CARTESIAN_POINT('',(-45.6360390997317,65.974234391514,111.357654193769));
#3119=CARTESIAN_POINT('',(-45.43205461057,67.962280924031,91.8576541937686));
#3120=CARTESIAN_POINT('',(-46.9820546105703,67.9622809240309,111.357654193769));
#3121=CARTESIAN_POINT('',(-47.7820546105691,68.6699096207676,91.8576541937686));
#3122=CARTESIAN_POINT('',(-47.8297768276096,69.468484971,111.357654193769));
#3123=CARTESIAN_POINT('',(-49.573835199649,67.0239100635868,91.8576541937686));
#3124=CARTESIAN_POINT('',(-51.9148710691651,67.023910063588,111.357654193769));
#3125=CARTESIAN_POINT('',(-52.073835199649,64.4858786672769,111.357654193769));
#3126=CARTESIAN_POINT('',(-49.073835199649,59.488910101905,111.357654193769));
#3127=CARTESIAN_POINT('',(-49.073835199649,51.28285615117,111.357654193769));
#3128=CARTESIAN_POINT('',(-49.073835199649,51.105959085173,111.357654193769));
#3129=CARTESIAN_POINT('',(-49.073835199649,50.929062019176,111.357654193769));
#3130=CARTESIAN_POINT('',(-49.0256591083497,50.76212710699,111.357654193769));
#3131=CARTESIAN_POINT('',(-48.8775333465998,50.662080941818,111.357654193769));
#3132=CARTESIAN_POINT('',(-48.7466654445671,50.543059245578,111.357654193769));
#3133=CARTESIAN_POINT('',(-48.5576851994495,50.3711855547771,111.357654193769));
#3134=CARTESIAN_POINT('',(-48.4054998144945,50.1616897537856,111.357654193769));
#3135=CARTESIAN_POINT('',(-48.3003209835429,49.923859170539,111.357654193769));
#3136=CARTESIAN_POINT('',(-48.2477315680671,49.6703177825826,111.357654193769));
#3137=CARTESIAN_POINT('',(-48.2477315680671,49.41486896455,111.357654193769));
#3138=CARTESIAN_POINT('',(-48.2477315680671,49.1594201465175,111.357654193769));
#3139=CARTESIAN_POINT('',(-48.3003209835429,48.905878758561,111.357654193769));
#3140=CARTESIAN_POINT('',(-48.4054998144945,48.6680481753144,111.357654193769));
#3141=CARTESIAN_POINT('',(-48.5576851994495,48.4585523743229,111.357654193769));
#3142=CARTESIAN_POINT('',(-48.7466654445671,48.286678683522,111.357654193769));
#3143=CARTESIAN_POINT('',(-48.8775333465998,48.167656987282,111.357654193769));
#3144=CARTESIAN_POINT('',(-49.0256591083497,48.06761082211,111.357654193769));
#3145=CARTESIAN_POINT('',(-49.073835199649,47.900675909924,111.357654193769));
#3146=CARTESIAN_POINT('',(-49.073835199649,47.723778843927,111.357654193769));
#3147=CARTESIAN_POINT('',(-49.073835199649,47.54688177793,111.357654193769));
#3148=CARTESIAN_POINT('',(-49.073835199649,51.28285615117,72.3576541937686));
#3149=CARTESIAN_POINT('',(-49.073835199649,51.105959085173,72.3576541937686));
#3150=CARTESIAN_POINT('',(-49.073835199649,50.929062019176,72.3576541937686));
#3151=CARTESIAN_POINT('',(-49.0256591083497,50.76212710699,72.3576541937686));
#3152=CARTESIAN_POINT('',(-48.8775333465998,50.662080941818,72.3576541937686));
#3153=CARTESIAN_POINT('',(-48.7466654445671,50.543059245578,72.3576541937686));
#3154=CARTESIAN_POINT('',(-48.5576851994495,50.3711855547771,72.3576541937686));
#3155=CARTESIAN_POINT('',(-48.4054998144945,50.1616897537856,72.3576541937686));
#3156=CARTESIAN_POINT('',(-48.3003209835429,49.923859170539,72.3576541937686));
#3157=CARTESIAN_POINT('',(-48.2477315680671,49.6703177825826,72.3576541937686));
#3158=CARTESIAN_POINT('',(-48.2477315680671,49.41486896455,72.3576541937686));
#3159=CARTESIAN_POINT('',(-48.2477315680671,49.1594201465175,72.3576541937686));
#3160=CARTESIAN_POINT('',(-48.3003209835429,48.905878758561,72.3576541937686));
#3161=CARTESIAN_POINT('',(-48.4054998144945,48.6680481753144,72.3576541937686));
#3162=CARTESIAN_POINT('',(-48.5576851994495,48.4585523743229,72.3576541937686));
#3163=CARTESIAN_POINT('',(-48.7466654445671,48.286678683522,72.3576541937686));
#3164=CARTESIAN_POINT('',(-48.8775333465998,48.167656987282,72.3576541937686));
#3165=CARTESIAN_POINT('',(-49.0256591083497,48.06761082211,72.3576541937686));
#3166=CARTESIAN_POINT('',(-49.073835199649,47.900675909924,72.3576541937686));
#3167=CARTESIAN_POINT('',(-49.073835199649,47.723778843927,72.3576541937686));
#3168=CARTESIAN_POINT('',(-49.073835199649,47.54688177793,72.3576541937686));
#3169=CARTESIAN_POINT('',(-49.073835199649,47.54688177793,111.357654193769));
#3170=CARTESIAN_POINT('',(-49.073835199649,38.829082526923,111.357654193769));
#3171=CARTESIAN_POINT('',(-49.073835199649,38.663397101974,111.357654193769));
#3172=CARTESIAN_POINT('',(-49.073835199649,38.497711677025,111.357654193769));
#3173=CARTESIAN_POINT('',(-49.015256555886,38.356290320787,111.357654193769));
#3174=CARTESIAN_POINT('',(-48.8980992683611,38.239133033262,111.357654193769));
#3175=CARTESIAN_POINT('',(-48.7809419808361,38.121975745737,111.357654193769));
#3176=CARTESIAN_POINT('',(-49.073835199649,38.829082526923,72.3576541937686));
#3177=CARTESIAN_POINT('',(-49.073835199649,38.663397101974,72.3576541937686));
#3178=CARTESIAN_POINT('',(-49.073835199649,38.497711677025,72.3576541937686));
#3179=CARTESIAN_POINT('',(-49.015256555886,38.356290320787,72.3576541937686));
#3180=CARTESIAN_POINT('',(-48.8980992683611,38.239133033262,72.3576541937686));
#3181=CARTESIAN_POINT('',(-48.7809419808361,38.121975745737,72.3576541937686));
#3182=CARTESIAN_POINT('',(-48.7809419808361,38.121975745737,111.357654193769));
#3183=CARTESIAN_POINT('',(-82.,61.2442435791615,102.414131618446));
#3184=CARTESIAN_POINT('',(-82.,62.089803637073,103.357654441318));
#3185=CARTESIAN_POINT('',(-82.,63.4840112588738,103.357654441318));
#3186=CARTESIAN_POINT('',(1.,61.2442435791615,102.414131618446));
#3187=CARTESIAN_POINT('',(1.,62.089803637073,103.357654441318));
#3188=CARTESIAN_POINT('',(1.,63.4840112588738,103.357654441318));
#3189=CARTESIAN_POINT('',(-82.,63.4840112588738,93.3576544413161));
#3190=CARTESIAN_POINT('',(-82.,62.089803637073,93.3576544413161));
#3191=CARTESIAN_POINT('',(-82.,61.2442435791615,94.3011772641875));
#3192=CARTESIAN_POINT('',(1.,63.4840112588738,93.3576544413161));
#3193=CARTESIAN_POINT('',(1.,62.089803637073,93.3576544413161));
#3194=CARTESIAN_POINT('',(1.,61.2442435791615,94.3011772641875));
#3195=CARTESIAN_POINT('',(-50.0215982839708,60.9794134882387,0.));
#3196=CARTESIAN_POINT('',(-50.6738354404769,60.998910101905,0.));
#3197=CARTESIAN_POINT('',(-52.0738354404769,62.398910101905,0.));
#3198=CARTESIAN_POINT('',(-52.0738354404769,63.4840112588738,0.));
#3199=CARTESIAN_POINT('',(-50.0215982839708,60.9794134882387,118.));
#3200=CARTESIAN_POINT('',(-50.6738354404769,60.998910101905,118.));
#3201=CARTESIAN_POINT('',(-52.0738354404769,62.398910101905,118.));
#3202=CARTESIAN_POINT('',(-52.0738354404769,63.4840112588738,118.));
#3203=CARTESIAN_POINT('',(-51.5456966004517,67.023910063588,103.357654441318));
#3204=CARTESIAN_POINT('',(-51.5456966004522,68.9957712235633,103.357654441318));
#3205=CARTESIAN_POINT('',(-49.5738354404769,68.9957712235633,103.357654441318));
#3206=CARTESIAN_POINT('',(-47.6019742805016,68.9957712235633,103.357654441318));
#3207=CARTESIAN_POINT('',(-47.6019742805021,67.023910063588,103.357654441318));
#3208=CARTESIAN_POINT('',(-50.5738354404769,67.0239100635881,102.021797796123));
#3209=CARTESIAN_POINT('',(-50.5738354404769,68.023910063588,102.021797796123));
#3210=CARTESIAN_POINT('',(-49.5738354404769,68.0239100635881,102.021797796123));
#3211=CARTESIAN_POINT('',(-48.5738354404768,68.0239100635881,102.021797796123));
#3212=CARTESIAN_POINT('',(-48.5738354404769,67.0239100635881,102.021797796123));
#3213=CARTESIAN_POINT('',(-47.6019742805021,67.023910063588,103.357654441318));
#3214=CARTESIAN_POINT('',(-47.6019742805026,65.0520489036138,103.357654441318));
#3215=CARTESIAN_POINT('',(-49.5738354404769,65.0520489036138,103.357654441318));
#3216=CARTESIAN_POINT('',(-51.5456966004512,65.0520489036138,103.357654441318));
#3217=CARTESIAN_POINT('',(-51.5456966004517,67.023910063588,103.357654441318));
#3218=CARTESIAN_POINT('',(-48.5738354404769,67.0239100635881,102.021797796123));
#3219=CARTESIAN_POINT('',(-48.5738354404769,66.023910063588,102.021797796123));
#3220=CARTESIAN_POINT('',(-49.5738354404769,66.0239100635881,102.021797796123));
#3221=CARTESIAN_POINT('',(-50.5738354404769,66.023910063588,102.021797796123));
#3222=CARTESIAN_POINT('',(-50.5738354404769,67.0239100635881,102.021797796123));
#3223=CARTESIAN_POINT('',(-49.5738354404769,67.0239100635881,101.31472611872));
#3224=CARTESIAN_POINT('',(-49.5738354404769,67.023910063588,94.4826544413173));
#3225=CARTESIAN_POINT('',(-44.4808767924911,61.3347590105449,103.357654441318));
#3226=CARTESIAN_POINT('',(-47.1279451459379,56.523910101905,98.357654441317));
#3227=CARTESIAN_POINT('',(-47.1279451459379,42.523910101905,98.357654441317));
#3228=CARTESIAN_POINT('',(-52.4349963880702,61.1233567319003,94.4360695149622));
#3229=CARTESIAN_POINT('',(-44.7808767924912,61.0194056144674,95.3576544413163));
#3230=CARTESIAN_POINT('',(-48.0392383307088,58.9128971497687,92.2576544413154));
#3231=CARTESIAN_POINT('',(-44.8255824386677,38.1286187432989,95.3576544413173));
#3232=CARTESIAN_POINT('',(-44.8255824386676,36.3189438571322,101.357654441318));
#3233=CARTESIAN_POINT('',(-48.0392383307085,58.9128971497669,104.457654441319));
#3234=CARTESIAN_POINT('',(-44.7808767924911,35.8613040380867,101.357654441315));
#3235=CARTESIAN_POINT('',(-49.5738354404769,67.0239100635881,101.31472611872));
#3236=CARTESIAN_POINT('',(-49.5738354404769,67.023910063588,94.4826544413173));
#3237=CARTESIAN_POINT('',(-47.1279451459379,56.5239101019049,98.3576544413169));
#3238=CARTESIAN_POINT('',(-47.1279451459379,42.523910101905,98.3576544413169));
#3239=CARTESIAN_POINT('',(-52.4349963880698,62.1879433766075,103.467164207318));
#3240=CARTESIAN_POINT('',(-44.4808767924912,70.275294528882,93.3576544413173));
#3241=CARTESIAN_POINT('',(-51.9148710691651,67.023910063588,111.357654193769));
#3242=CARTESIAN_POINT('',(-46.732054610572,64.8782188806747,91.8576541937686));
#3243=CARTESIAN_POINT('',(-45.6360390997317,65.974234391514,111.357654193769));
#3244=CARTESIAN_POINT('',(-45.43205461057,67.962280924031,91.8576541937686));
#3245=CARTESIAN_POINT('',(-46.9820546105703,67.9622809240309,111.357654193769));
#3246=CARTESIAN_POINT('',(-47.7820546105691,68.6699096207676,91.8576541937686));
#3247=CARTESIAN_POINT('',(-47.8297768276096,69.468484971,111.357654193769));
#3248=CARTESIAN_POINT('',(-49.573835199649,67.0239100635868,91.8576541937686));
#3249=CARTESIAN_POINT('',(-52.073835199649,64.4858786672769,111.357654193769));
#3250=CARTESIAN_POINT('',(-49.863575038966,69.346946849225,100.607654441317));
#3251=CARTESIAN_POINT('',(-51.914871309993,67.0239100635881,100.607654441317));
#3252=CARTESIAN_POINT('',(-51.914871309993,67.0239100635881,103.357654441318));
#3253=CARTESIAN_POINT('',(-49.8635750389659,69.346946849225,103.357654441318));
#3254=CARTESIAN_POINT('',(-52.0738354404769,64.4858786672769,100.607654441317));
#3255=CARTESIAN_POINT('',(-52.0738354404769,64.4858786672769,103.357654441318));
#3256=CARTESIAN_POINT('',(-49.0738354404769,38.829082526923,95.3576544413173));
#3257=CARTESIAN_POINT('',(-48.7809422216639,38.121975745737,95.3576544413173));
#3258=CARTESIAN_POINT('',(-48.7809422216639,38.121975745737,101.357654441318));
#3259=CARTESIAN_POINT('',(-49.0738354404769,38.829082526923,101.357654441318));
#3260=CARTESIAN_POINT('',(-48.6267789787119,37.967812502785,95.3576544413173));
#3261=CARTESIAN_POINT('',(-47.3667286592899,36.707762183363,95.3576544413173));
#3262=CARTESIAN_POINT('',(-47.3667286592899,36.707762183363,101.357654441318));
#3263=CARTESIAN_POINT('',(-48.6267789787119,37.967812502785,101.357654441318));
#3264=CARTESIAN_POINT('',(-47.0738354404769,36.479750097646,95.3576544413173));
#3265=CARTESIAN_POINT('',(-47.0738354404769,36.479750097646,101.357654441318));
#3266=CARTESIAN_POINT('',(-50.5738354404769,67.0239100635881,102.021797796123));
#3267=CARTESIAN_POINT('',(-48.5738354404769,67.0239100635881,102.021797796123));
#3268=CARTESIAN_POINT('',(-50.5738354404769,67.0239100635881,100.607654441317));
#3269=CARTESIAN_POINT('',(-48.5738354404769,67.0239100635881,100.607654441317));
#3270=CARTESIAN_POINT('',(-49.0738354404769,47.54688177793,95.3576544413173));
#3271=CARTESIAN_POINT('',(-49.0738354404769,47.54688177793,101.357654441318));
#3272=CARTESIAN_POINT('',(-49.0738354404769,42.523910101905,99.2576544413169));
#3273=CARTESIAN_POINT('',(-49.0738354404769,42.523910101905,97.4576544413169));
#3274=CARTESIAN_POINT('',(-49.0738354404769,51.28285615117,95.3576544413173));
#3275=CARTESIAN_POINT('',(-49.0738354404769,51.28285615117,101.357654441318));
#3276=CARTESIAN_POINT('',(-45.182054851399,36.479750097646,95.3576544413173));
#3277=CARTESIAN_POINT('',(-45.1820548513989,36.479750097646,101.357654441318));
#3278=CARTESIAN_POINT('',(-52.0738354404769,64.4858786672769,93.3576544413173));
#3279=CARTESIAN_POINT('',(-52.0738354404769,64.019362825881,100.607654441317));
#3280=CARTESIAN_POINT('',(-52.0738354404769,64.019362825881,95.6076544413173));
#3281=CARTESIAN_POINT('',(-52.0738354404769,64.4858786672769,95.6076544413173));
#3282=CARTESIAN_POINT('',(-49.863575038966,69.346946849225,93.3576544413173));
#3283=CARTESIAN_POINT('',(-51.914871309993,67.0239100635881,93.3576544413173));
#3284=CARTESIAN_POINT('',(-51.914871309993,67.0239100635881,95.6076544413173));
#3285=CARTESIAN_POINT('',(-49.863575038966,69.346946849225,95.6076544413173));
#3286=CARTESIAN_POINT('',(-50.5738354404769,67.0239100635881,95.6076544413173));
#3287=CARTESIAN_POINT('',(-48.5738354404769,67.0239100635881,95.6076544413173));
#3288=CARTESIAN_POINT('',(-50.5738354404769,67.0239100635881,93.3576544413173));
#3289=CARTESIAN_POINT('',(-48.5738354404769,67.0239100635881,93.3576544413173));
#3290=CARTESIAN_POINT('',(-45.182054851399,56.523910101905,99.2576544413169));
#3291=CARTESIAN_POINT('',(-45.182054851399,56.523910101905,97.4576544413169));
#3292=CARTESIAN_POINT('',(-49.0738354404769,56.523910101905,99.2576544413169));
#3293=CARTESIAN_POINT('',(-49.0738354404769,56.523910101905,97.4576544413169));
#3294=CARTESIAN_POINT('',(-45.182054851399,42.523910101905,99.2576544413169));
#3295=CARTESIAN_POINT('',(-45.182054851399,42.523910101905,97.4576544413169));
#3296=CARTESIAN_POINT('',(-45.182054851399,61.221496471434,94.3265597489619));
#3297=CARTESIAN_POINT('',(-45.182054851399,37.967812502785,95.3576544413173));
#3298=CARTESIAN_POINT('',(-49.0738354404769,58.912897149769,95.3576544413161));
#3299=CARTESIAN_POINT('',(-45.182054851399,58.912897149769,95.3576544413162));
#3300=CARTESIAN_POINT('',(-49.0738354404769,59.488910101905,95.3036697201635));
#3301=CARTESIAN_POINT('',(-45.1820548513989,37.967812502785,101.357654441318));
#3302=CARTESIAN_POINT('',(-45.182054851399,61.221496471434,102.388749133673));
#3303=CARTESIAN_POINT('',(-45.182054851399,58.912897149768,101.357654441318));
#3304=CARTESIAN_POINT('',(-49.0738354404769,58.912897149768,101.357654441318));
#3305=CARTESIAN_POINT('',(-49.0738354404769,59.488910101905,101.411639162471));
#3306=CARTESIAN_POINT('',(-45.182054851399,62.494362825881,99.0826544413175));
#3307=CARTESIAN_POINT('',(-45.182054851399,64.019362825881,100.607654441317));
#3308=CARTESIAN_POINT('',(-45.182054851399,62.494362825881,97.1326544413174));
#3309=CARTESIAN_POINT('',(-45.182054851399,64.019362825881,95.6076544413174));
#3310=CARTESIAN_POINT('',(-45.1820548513989,64.8782188806747,103.357654441318));
#3311=CARTESIAN_POINT('',(-45.6360390997317,65.974234391514,103.357654441318));
#3312=CARTESIAN_POINT('',(-46.5280701214097,66.866265413192,103.357654441318));
#3313=CARTESIAN_POINT('',(-46.9820546105703,67.9622809240309,103.357654441318));
#3314=CARTESIAN_POINT('',(-46.9820546105703,68.669909620767,103.357654441318));
#3315=CARTESIAN_POINT('',(-47.8297768276096,69.468484971,103.357654441318));
#3316=CARTESIAN_POINT('',(-45.182054851399,64.878218880675,93.3576544413173));
#3317=CARTESIAN_POINT('',(-45.6360390997317,65.974234391514,93.3576544413173));
#3318=CARTESIAN_POINT('',(-46.5280701214097,66.866265413192,93.3576544413173));
#3319=CARTESIAN_POINT('',(-46.9820546105703,67.9622809240309,93.3576544413173));
#3320=CARTESIAN_POINT('',(-46.9820546105703,68.669909620767,93.3576544413173));
#3321=CARTESIAN_POINT('',(-47.8297768276096,69.468484971,93.3576544413173));
#3322=CARTESIAN_POINT('',(-45.182054851399,64.878218880675,100.607654441317));
#3323=CARTESIAN_POINT('',(-45.182054851399,64.878218880675,95.6076544413174));
#3324=CARTESIAN_POINT('',(-45.6360390997317,65.974234391514,95.6076544413201));
#3325=CARTESIAN_POINT('',(-46.5280701214097,66.866265413192,95.6076544413213));
#3326=CARTESIAN_POINT('',(-46.9820546105703,67.9622809240309,95.6076544413228));
#3327=CARTESIAN_POINT('',(-46.9820546105703,68.669909620767,95.6076544413238));
#3328=CARTESIAN_POINT('',(-47.8297768276096,69.468484971,95.6076544413249));
#3329=CARTESIAN_POINT('',(-45.6360390997317,65.974234391514,100.607654441317));
#3330=CARTESIAN_POINT('',(-46.5280701214097,66.866265413192,100.607654441317));
#3331=CARTESIAN_POINT('',(-46.9820546105703,67.9622809240309,100.607654441317));
#3332=CARTESIAN_POINT('',(-46.9820546105703,68.669909620767,100.607654441317));
#3333=CARTESIAN_POINT('',(-47.8297768276096,69.468484971,100.607654441317));
#3334=CARTESIAN_POINT('',(-52.0738354404769,63.4840112588738,103.357654441318));
#3335=CARTESIAN_POINT('',(-45.1820548513989,63.4840112588738,103.357654441318));
#3336=CARTESIAN_POINT('',(-45.182054851399,61.2442435791615,102.414131618446));
#3337=CARTESIAN_POINT('',(-45.182054851399,61.2442435791615,94.3011772641875));
#3338=CARTESIAN_POINT('',(-52.0738354404769,63.4840112588738,93.3576544413161));
#3339=CARTESIAN_POINT('',(-45.182054851399,63.4840112588738,93.3576544413161));
#3340=CARTESIAN_POINT('',(-50.6101683282975,61.221496471434,94.326559748962));
#3341=CARTESIAN_POINT('',(-50.6434562091173,61.2442435791615,94.3011772641875));
#3342=CARTESIAN_POINT('',(-50.087292486805,60.9855724640894,94.5628479318876));
#3343=CARTESIAN_POINT('',(-50.0872924867997,60.9855724640886,102.152460950747));
#3344=CARTESIAN_POINT('',(-50.6101683282975,61.221496471434,102.388749133673));
#3345=CARTESIAN_POINT('',(-52.0738354404769,63.4840112588738,100.510598312659));
#3346=CARTESIAN_POINT('',(-51.7687697021194,62.494362825881,99.0826544413174));
#3347=CARTESIAN_POINT('',(-51.7687697021194,62.494362825881,97.1326544413174));
#3348=CARTESIAN_POINT('',(-52.0738354404769,63.4840112588738,95.7047105699754));
#3349=CARTESIAN_POINT('',(-50.6434562091173,61.2442435791615,102.414131618446));
#3350=CARTESIAN_POINT('',(-47.6019742805021,67.023910063588,103.357654441318));
#3351=CARTESIAN_POINT('',(-51.5456966004517,67.023910063588,103.357654441318));
#3352=CARTESIAN_POINT('',(-51.914871309993,67.0239100635881,103.357654441318));
#3353=CARTESIAN_POINT('',(-51.914871309993,67.0239100635881,100.607654441317));
#3354=CARTESIAN_POINT('',(-51.914871309993,67.0239100635881,103.357654441318));
#3355=CARTESIAN_POINT('',(-51.9148713099918,69.0910999501902,103.357654441318));
#3356=CARTESIAN_POINT('',(-49.8635750389659,69.346946849225,103.357654441318));
#3357=CARTESIAN_POINT('',(-49.8635750389659,69.346946849225,103.357654441318));
#3358=CARTESIAN_POINT('',(-49.863575038966,69.346946849225,100.607654441317));
#3359=CARTESIAN_POINT('',(-51.914871309993,67.0239100635881,100.607654441317));
#3360=CARTESIAN_POINT('',(-51.9466641360897,66.516303784326,100.607654441317));
#3361=CARTESIAN_POINT('',(-51.9784569621865,66.008697505063,100.607654441317));
#3362=CARTESIAN_POINT('',(-52.0102497882833,65.501091225801,100.607654441317));
#3363=CARTESIAN_POINT('',(-52.0420426143801,64.993484946539,100.607654441317));
#3364=CARTESIAN_POINT('',(-52.0738354404769,64.4858786672769,100.607654441317));
#3365=CARTESIAN_POINT('',(-52.0738354404769,64.4858786672769,103.357654441318));
#3366=CARTESIAN_POINT('',(-52.0738354404769,64.4858786672769,100.607654441317));
#3367=CARTESIAN_POINT('',(-52.0738354404769,64.4858786672769,103.357654441318));
#3368=CARTESIAN_POINT('',(-52.0420426143801,64.993484946539,103.357654441318));
#3369=CARTESIAN_POINT('',(-52.0102497882833,65.501091225801,103.357654441318));
#3370=CARTESIAN_POINT('',(-51.9784569621865,66.008697505063,103.357654441318));
#3371=CARTESIAN_POINT('',(-51.9466641360897,66.516303784326,103.357654441318));
#3372=CARTESIAN_POINT('',(-51.914871309993,67.0239100635881,103.357654441318));
#3373=CARTESIAN_POINT('',(-49.0738354404769,38.829082526923,95.3576544413173));
#3374=CARTESIAN_POINT('',(-49.0738354404769,38.663397101974,95.3576544413173));
#3375=CARTESIAN_POINT('',(-49.0738354404769,38.497711677025,95.3576544413173));
#3376=CARTESIAN_POINT('',(-49.0152567967139,38.356290320787,95.3576544413173));
#3377=CARTESIAN_POINT('',(-48.8980995091889,38.239133033262,95.3576544413173));
#3378=CARTESIAN_POINT('',(-48.7809422216639,38.121975745737,95.3576544413173));
#3379=CARTESIAN_POINT('',(-48.7809422216639,38.121975745737,101.357654441318));
#3380=CARTESIAN_POINT('',(-48.7809422216639,38.121975745737,95.3576544413173));
#3381=CARTESIAN_POINT('',(-48.7809422216639,38.121975745737,101.357654441318));
#3382=CARTESIAN_POINT('',(-48.898099509189,38.239133033262,101.357654441318));
#3383=CARTESIAN_POINT('',(-49.0152567967139,38.356290320787,101.357654441318));
#3384=CARTESIAN_POINT('',(-49.0738354404769,38.497711677025,101.357654441318));
#3385=CARTESIAN_POINT('',(-49.0738354404769,38.663397101974,101.357654441318));
#3386=CARTESIAN_POINT('',(-49.0738354404769,38.829082526923,101.357654441318));
#3387=CARTESIAN_POINT('',(-49.0738354404769,38.829082526923,101.357654441318));
#3388=CARTESIAN_POINT('',(-49.0738354404769,38.829082526923,95.3576544413173));
#3389=CARTESIAN_POINT('',(-48.7809422216639,38.121975745737,95.3576544413173));
#3390=CARTESIAN_POINT('',(-48.6267789787119,37.967812502785,95.3576544413173));
#3391=CARTESIAN_POINT('',(-48.6267789787119,37.967812502785,95.3576544413173));
#3392=CARTESIAN_POINT('',(-47.3667286592899,36.707762183363,95.3576544413173));
#3393=CARTESIAN_POINT('',(-47.3667286592899,36.707762183363,101.357654441318));
#3394=CARTESIAN_POINT('',(-47.3667286592899,36.707762183363,95.3576544413173));
#3395=CARTESIAN_POINT('',(-47.3667286592899,36.707762183363,101.357654441318));
#3396=CARTESIAN_POINT('',(-47.6187387231743,36.959772247248,101.357654441318));
#3397=CARTESIAN_POINT('',(-47.8707487870587,37.211782311131,101.357654441318));
#3398=CARTESIAN_POINT('',(-48.1227588509431,37.463792375016,101.357654441318));
#3399=CARTESIAN_POINT('',(-48.3747689148275,37.7158024389,101.357654441318));
#3400=CARTESIAN_POINT('',(-48.6267789787119,37.967812502785,101.357654441318));
#3401=CARTESIAN_POINT('',(-48.6267789787119,37.967812502785,101.357654441318));
#3402=CARTESIAN_POINT('',(-48.6576116273023,37.998645151375,101.357654441318));
#3403=CARTESIAN_POINT('',(-48.6884442758927,38.029477799966,101.357654441318));
#3404=CARTESIAN_POINT('',(-48.7192769244831,38.060310448556,101.357654441318));
#3405=CARTESIAN_POINT('',(-48.7501095730735,38.091143097147,101.357654441318));
#3406=CARTESIAN_POINT('',(-48.7809422216639,38.121975745737,101.357654441318));
#3407=CARTESIAN_POINT('',(-47.3667286592899,36.707762183363,95.3576544413173));
#3408=CARTESIAN_POINT('',(-47.3119506643099,36.652984188383,95.3576544413173));
#3409=CARTESIAN_POINT('',(-47.25717266933,36.598206193403,95.3576544413173));
#3410=CARTESIAN_POINT('',(-47.1999145463339,36.549415757117,95.3576544413173));
#3411=CARTESIAN_POINT('',(-47.1388557745549,36.509800898667,95.3576544413173));
#3412=CARTESIAN_POINT('',(-47.0738354404769,36.479750097646,95.3576544413173));
#3413=CARTESIAN_POINT('',(-47.0738354404769,36.479750097646,101.357654441318));
#3414=CARTESIAN_POINT('',(-47.0738354404769,36.479750097646,95.3576544413173));
#3415=CARTESIAN_POINT('',(-47.0738354404769,36.479750097646,101.357654441318));
#3416=CARTESIAN_POINT('',(-47.1388557745549,36.509800898667,101.357654441318));
#3417=CARTESIAN_POINT('',(-47.1999145463339,36.549415757117,101.357654441318));
#3418=CARTESIAN_POINT('',(-47.2571726693299,36.598206193403,101.357654441318));
#3419=CARTESIAN_POINT('',(-47.3119506643099,36.652984188383,101.357654441318));
#3420=CARTESIAN_POINT('',(-47.3667286592899,36.707762183363,101.357654441318));
#3421=CARTESIAN_POINT('',(-50.5738354404769,67.0239100635881,102.021797796123));
#3422=CARTESIAN_POINT('',(-50.5738354404769,68.023910063588,102.021797796123));
#3423=CARTESIAN_POINT('',(-49.5738354404769,68.0239100635881,102.021797796123));
#3424=CARTESIAN_POINT('',(-48.5738354404768,68.0239100635881,102.021797796123));
#3425=CARTESIAN_POINT('',(-48.5738354404769,67.0239100635881,102.021797796123));
#3426=CARTESIAN_POINT('',(-50.5738354404769,67.0239100635881,100.607654441317));
#3427=CARTESIAN_POINT('',(-50.5738354404769,67.0239100635881,102.021797796123));
#3428=CARTESIAN_POINT('',(-48.5738354404769,67.0239100635881,100.607654441317));
#3429=CARTESIAN_POINT('',(-48.5738354404769,68.0239100635881,100.607654441317));
#3430=CARTESIAN_POINT('',(-49.5738354404769,68.0239100635881,100.607654441317));
#3431=CARTESIAN_POINT('',(-50.5738354404769,68.0239100635881,100.607654441317));
#3432=CARTESIAN_POINT('',(-50.5738354404769,67.0239100635881,100.607654441317));
#3433=CARTESIAN_POINT('',(-48.5738354404769,67.0239100635881,102.021797796123));
#3434=CARTESIAN_POINT('',(-48.5738354404769,67.0239100635881,100.607654441317));
#3435=CARTESIAN_POINT('',(-49.0738354404769,47.54688177793,95.3576544413173));
#3436=CARTESIAN_POINT('',(-49.0738354404769,38.829082526923,95.3576544413173));
#3437=CARTESIAN_POINT('',(-49.0738354404769,38.829082526923,101.357654441318));
#3438=CARTESIAN_POINT('',(-49.0738354404769,43.187982152426,101.357654441318));
#3439=CARTESIAN_POINT('',(-49.0738354404769,47.54688177793,101.357654441318));
#3440=CARTESIAN_POINT('',(-49.0738354404769,47.54688177793,101.357654441318));
#3441=CARTESIAN_POINT('',(-49.0738354404769,47.54688177793,95.3576544413173));
#3442=CARTESIAN_POINT('',(-49.0738354404769,51.28285615117,101.357654441318));
#3443=CARTESIAN_POINT('',(-49.0738354404769,51.28285615117,95.3576544413173));
#3444=CARTESIAN_POINT('',(-47.0738354404769,36.479750097646,95.3576544413173));
#3445=CARTESIAN_POINT('',(-45.182054851399,36.479750097646,95.3576544413173));
#3446=CARTESIAN_POINT('',(-45.1820548513989,36.479750097646,101.357654441318));
#3447=CARTESIAN_POINT('',(-45.182054851399,36.479750097646,95.3576544413173));
#3448=CARTESIAN_POINT('',(-45.1820548513989,36.479750097646,101.357654441318));
#3449=CARTESIAN_POINT('',(-47.0738354404769,36.479750097646,101.357654441318));
#3450=CARTESIAN_POINT('',(-52.0738354404769,64.4858786672769,93.3576544413173));
#3451=CARTESIAN_POINT('',(-52.0738354404769,63.4840112588738,93.3576544413161));
#3452=CARTESIAN_POINT('',(-52.0738354404769,64.4858786672769,100.607654441317));
#3453=CARTESIAN_POINT('',(-52.0738354404769,64.019362825881,100.607654441317));
#3454=CARTESIAN_POINT('',(-52.0738354404769,64.019362825881,95.6076544413173));
#3455=CARTESIAN_POINT('',(-52.0738354404769,64.4858786672769,95.6076544413173));
#3456=CARTESIAN_POINT('',(-52.0738354404769,64.4858786672769,95.6076544413173));
#3457=CARTESIAN_POINT('',(-52.0738354404769,64.4858786672769,93.3576544413173));
#3458=CARTESIAN_POINT('',(-52.0738354404769,64.019362825881,100.607654441317));
#3459=CARTESIAN_POINT('',(-52.0738354404769,63.742889186267,100.607654441317));
#3460=CARTESIAN_POINT('',(-52.0738354404769,63.4840112588738,100.510598312659));
#3461=CARTESIAN_POINT('',(-49.863575038966,69.346946849225,93.3576544413173));
#3462=CARTESIAN_POINT('',(-51.9148713099918,69.0910999501902,93.3576544413167));
#3463=CARTESIAN_POINT('',(-51.914871309993,67.0239100635881,93.3576544413173));
#3464=CARTESIAN_POINT('',(-51.914871309993,67.0239100635881,95.6076544413173));
#3465=CARTESIAN_POINT('',(-51.914871309993,67.0239100635881,93.3576544413173));
#3466=CARTESIAN_POINT('',(-49.863575038966,69.346946849225,95.6076544413173));
#3467=CARTESIAN_POINT('',(-49.863575038966,69.346946849225,93.3576544413173));
#3468=CARTESIAN_POINT('',(-52.0738354404769,64.4858786672769,93.3576544413173));
#3469=CARTESIAN_POINT('',(-52.0420426143801,64.993484946539,93.3576544413173));
#3470=CARTESIAN_POINT('',(-52.0102497882833,65.501091225801,93.3576544413173));
#3471=CARTESIAN_POINT('',(-51.9784569621866,66.008697505063,93.3576544413173));
#3472=CARTESIAN_POINT('',(-51.9466641360898,66.516303784325,93.3576544413173));
#3473=CARTESIAN_POINT('',(-51.914871309993,67.0239100635881,93.3576544413173));
#3474=CARTESIAN_POINT('',(-51.914871309993,67.0239100635881,95.6076544413173));
#3475=CARTESIAN_POINT('',(-51.9466641360898,66.516303784325,95.6076544413173));
#3476=CARTESIAN_POINT('',(-51.9784569621865,66.008697505063,95.6076544413173));
#3477=CARTESIAN_POINT('',(-52.0102497882833,65.501091225801,95.6076544413173));
#3478=CARTESIAN_POINT('',(-52.0420426143801,64.993484946539,95.6076544413173));
#3479=CARTESIAN_POINT('',(-52.0738354404769,64.4858786672769,95.6076544413173));
#3480=CARTESIAN_POINT('',(-50.5738354404769,67.0239100635881,95.6076544413173));
#3481=CARTESIAN_POINT('',(-50.5738354404769,68.0239100635881,95.6076544413173));
#3482=CARTESIAN_POINT('',(-49.5738354404769,68.0239100635881,95.6076544413173));
#3483=CARTESIAN_POINT('',(-48.5738354404769,68.0239100635881,95.6076544413173));
#3484=CARTESIAN_POINT('',(-48.5738354404769,67.0239100635881,95.6076544413173));
#3485=CARTESIAN_POINT('',(-50.5738354404769,67.0239100635881,93.3576544413173));
#3486=CARTESIAN_POINT('',(-50.5738354404769,67.0239100635881,95.6076544413173));
#3487=CARTESIAN_POINT('',(-48.5738354404769,67.0239100635881,93.3576544413173));
#3488=CARTESIAN_POINT('',(-48.5738354404769,68.0239100635881,93.3576544413173));
#3489=CARTESIAN_POINT('',(-49.5738354404769,68.0239100635881,93.3576544413173));
#3490=CARTESIAN_POINT('',(-50.5738354404769,68.0239100635881,93.3576544413173));
#3491=CARTESIAN_POINT('',(-50.5738354404769,67.0239100635881,93.3576544413173));
#3492=CARTESIAN_POINT('',(-48.5738354404769,67.0239100635881,95.6076544413173));
#3493=CARTESIAN_POINT('',(-48.5738354404769,67.0239100635881,93.3576544413173));
#3494=CARTESIAN_POINT('',(-48.5738354404769,67.0239100635881,102.021797796123));
#3495=CARTESIAN_POINT('',(-48.5738354404769,66.023910063588,102.021797796123));
#3496=CARTESIAN_POINT('',(-49.5738354404769,66.0239100635881,102.021797796123));
#3497=CARTESIAN_POINT('',(-50.5738354404769,66.023910063588,102.021797796123));
#3498=CARTESIAN_POINT('',(-50.5738354404769,67.0239100635881,102.021797796123));
#3499=CARTESIAN_POINT('',(-45.182054851399,56.523910101905,99.2576544413169));
#3500=CARTESIAN_POINT('',(-45.182054851399,57.423910101905,99.2576544413169));
#3501=CARTESIAN_POINT('',(-45.182054851399,57.4239101019049,98.3576544413169));
#3502=CARTESIAN_POINT('',(-45.182054851399,57.423910101905,97.457654441317));
#3503=CARTESIAN_POINT('',(-45.182054851399,56.523910101905,97.4576544413169));
#3504=CARTESIAN_POINT('',(-49.0738354404769,56.523910101905,99.2576544413169));
#3505=CARTESIAN_POINT('',(-45.182054851399,56.523910101905,99.2576544413169));
#3506=CARTESIAN_POINT('',(-49.0738354404769,56.523910101905,97.4576544413169));
#3507=CARTESIAN_POINT('',(-49.0738354404769,57.423910101905,97.4576544413169));
#3508=CARTESIAN_POINT('',(-49.0738354404769,57.423910101905,98.3576544413169));
#3509=CARTESIAN_POINT('',(-49.0738354404769,57.423910101905,99.2576544413169));
#3510=CARTESIAN_POINT('',(-49.0738354404769,56.523910101905,99.2576544413169));
#3511=CARTESIAN_POINT('',(-45.182054851399,56.523910101905,97.4576544413169));
#3512=CARTESIAN_POINT('',(-49.0738354404769,56.523910101905,97.4576544413169));
#3513=CARTESIAN_POINT('',(-45.182054851399,42.523910101905,99.2576544413169));
#3514=CARTESIAN_POINT('',(-45.182054851399,43.423910101905,99.2576544413169));
#3515=CARTESIAN_POINT('',(-45.182054851399,43.423910101905,98.3576544413169));
#3516=CARTESIAN_POINT('',(-45.182054851399,43.4239101019049,97.457654441317));
#3517=CARTESIAN_POINT('',(-45.182054851399,42.523910101905,97.4576544413169));
#3518=CARTESIAN_POINT('',(-49.0738354404769,42.523910101905,99.2576544413169));
#3519=CARTESIAN_POINT('',(-45.182054851399,42.523910101905,99.2576544413169));
#3520=CARTESIAN_POINT('',(-49.0738354404769,42.523910101905,97.4576544413169));
#3521=CARTESIAN_POINT('',(-49.0738354404769,43.4239101019051,97.4576544413169));
#3522=CARTESIAN_POINT('',(-49.0738354404769,43.423910101905,98.3576544413169));
#3523=CARTESIAN_POINT('',(-49.0738354404769,43.4239101019051,99.2576544413169));
#3524=CARTESIAN_POINT('',(-49.0738354404769,42.523910101905,99.2576544413169));
#3525=CARTESIAN_POINT('',(-45.182054851399,42.523910101905,97.4576544413169));
#3526=CARTESIAN_POINT('',(-49.0738354404769,42.523910101905,97.4576544413169));
#3527=CARTESIAN_POINT('',(-45.182054851399,61.221496471434,94.3265597489619));
#3528=CARTESIAN_POINT('',(-50.6101683282975,61.221496471434,94.326559748962));
#3529=CARTESIAN_POINT('',(-45.182054851399,37.967812502785,95.3576544413173));
#3530=CARTESIAN_POINT('',(-48.6267789787119,37.967812502785,95.3576544413173));
#3531=CARTESIAN_POINT('',(-49.0738354404769,51.28285615117,95.3576544413173));
#3532=CARTESIAN_POINT('',(-49.0738354404769,58.488909850185,95.3576544413174));
#3533=CARTESIAN_POINT('',(-49.0738354404769,58.912897149769,95.3576544413161));
#3534=CARTESIAN_POINT('',(-49.0738354404769,58.912897149769,95.3576544413161));
#3535=CARTESIAN_POINT('',(-45.182054851399,58.912897149769,95.3576544413162));
#3536=CARTESIAN_POINT('',(-45.182054851399,58.912897149769,95.3576544413162));
#3537=CARTESIAN_POINT('',(-45.182054851399,58.488909850185,95.3576544413174));
#3538=CARTESIAN_POINT('',(-45.182054851399,37.967812502785,95.3576544413173));
#3539=CARTESIAN_POINT('',(-45.182054851399,58.912897149769,95.3576544413162));
#3540=CARTESIAN_POINT('',(-45.1820548513976,60.2974568333399,95.3576544413161));
#3541=CARTESIAN_POINT('',(-45.182054851399,61.221496471434,94.3265597489619));
#3542=CARTESIAN_POINT('',(-49.0738354404769,59.488910101905,95.3036697201635));
#3543=CARTESIAN_POINT('',(-49.0738354404769,59.2034333867627,95.3576544413162));
#3544=CARTESIAN_POINT('',(-49.0738354404769,58.912897149769,95.3576544413161));
#3545=CARTESIAN_POINT('',(-45.182054851399,37.967812502785,95.3576544413173));
#3546=CARTESIAN_POINT('',(-45.182054851399,36.479750097646,95.3576544413173));
#3547=CARTESIAN_POINT('',(-45.1820548513989,36.479750097646,101.357654441318));
#3548=CARTESIAN_POINT('',(-45.1820548513989,37.223781300216,101.357654441318));
#3549=CARTESIAN_POINT('',(-45.1820548513989,37.967812502785,101.357654441318));
#3550=CARTESIAN_POINT('',(-45.1820548513989,37.967812502785,101.357654441318));
#3551=CARTESIAN_POINT('',(-48.6267789787119,37.967812502785,101.357654441318));
#3552=CARTESIAN_POINT('',(-45.182054851399,58.912897149768,101.357654441318));
#3553=CARTESIAN_POINT('',(-45.182054851399,58.700903499977,101.357654441318));
#3554=CARTESIAN_POINT('',(-45.1820548513989,58.4889098501851,101.357654441318));
#3555=CARTESIAN_POINT('',(-45.1820548513989,48.228361176485,101.357654441318));
#3556=CARTESIAN_POINT('',(-45.1820548513989,37.967812502785,101.357654441318));
#3557=CARTESIAN_POINT('',(-49.0738354404769,59.488910101905,101.411639162471));
#3558=CARTESIAN_POINT('',(-49.0738354404769,59.488910101905,95.3036697201635));
#3559=CARTESIAN_POINT('',(-49.0738354404769,51.28285615117,101.357654441318));
#3560=CARTESIAN_POINT('',(-49.0738354404769,54.885883000678,101.357654441318));
#3561=CARTESIAN_POINT('',(-49.0738354404769,58.4889098501851,101.357654441318));
#3562=CARTESIAN_POINT('',(-49.0738354404769,58.700903499977,101.357654441318));
#3563=CARTESIAN_POINT('',(-49.0738354404769,58.912897149768,101.357654441318));
#3564=CARTESIAN_POINT('',(-45.182054851399,58.912897149768,101.357654441318));
#3565=CARTESIAN_POINT('',(-49.0738354404769,58.912897149768,101.357654441318));
#3566=CARTESIAN_POINT('',(-45.182054851399,61.221496471434,102.388749133673));
#3567=CARTESIAN_POINT('',(-45.1820548513976,60.2974568333392,101.357654441319));
#3568=CARTESIAN_POINT('',(-45.182054851399,58.912897149768,101.357654441318));
#3569=CARTESIAN_POINT('',(-49.0738354404769,58.912897149768,101.357654441318));
#3570=CARTESIAN_POINT('',(-49.0738354404769,59.2034333867622,101.357654441318));
#3571=CARTESIAN_POINT('',(-49.0738354404769,59.488910101905,101.411639162471));
#3572=CARTESIAN_POINT('',(-50.5738354404769,67.0239100635881,100.607654441317));
#3573=CARTESIAN_POINT('',(-50.5738354404769,66.023910063588,100.607654441317));
#3574=CARTESIAN_POINT('',(-49.5738354404769,66.0239100635881,100.607654441317));
#3575=CARTESIAN_POINT('',(-48.5738354404769,66.023910063588,100.607654441317));
#3576=CARTESIAN_POINT('',(-48.5738354404769,67.0239100635881,100.607654441317));
#3577=CARTESIAN_POINT('',(-50.5738354404769,67.0239100635881,93.3576544413173));
#3578=CARTESIAN_POINT('',(-50.573835440477,66.023910063588,93.3576544413173));
#3579=CARTESIAN_POINT('',(-49.5738354404769,66.023910063588,93.3576544413173));
#3580=CARTESIAN_POINT('',(-48.5738354404769,66.0239100635879,93.3576544413173));
#3581=CARTESIAN_POINT('',(-48.5738354404769,67.0239100635881,93.3576544413173));
#3582=CARTESIAN_POINT('',(-48.5738354404769,67.0239100635881,95.6076544413173));
#3583=CARTESIAN_POINT('',(-48.5738354404769,66.023910063588,95.6076544413173));
#3584=CARTESIAN_POINT('',(-49.5738354404769,66.0239100635881,95.6076544413173));
#3585=CARTESIAN_POINT('',(-50.5738354404769,66.023910063588,95.6076544413173));
#3586=CARTESIAN_POINT('',(-50.5738354404769,67.0239100635881,95.6076544413173));
#3587=CARTESIAN_POINT('',(-49.0738354404769,56.523910101905,99.2576544413169));
#3588=CARTESIAN_POINT('',(-49.0738354404769,55.6239101019049,99.2576544413169));
#3589=CARTESIAN_POINT('',(-49.0738354404769,55.623910101905,98.3576544413169));
#3590=CARTESIAN_POINT('',(-49.0738354404769,55.6239101019049,97.457654441317));
#3591=CARTESIAN_POINT('',(-49.0738354404769,56.523910101905,97.4576544413169));
#3592=CARTESIAN_POINT('',(-45.182054851399,56.523910101905,97.4576544413169));
#3593=CARTESIAN_POINT('',(-45.182054851399,55.623910101905,97.457654441317));
#3594=CARTESIAN_POINT('',(-45.182054851399,55.623910101905,98.3576544413169));
#3595=CARTESIAN_POINT('',(-45.182054851399,55.623910101905,99.2576544413169));
#3596=CARTESIAN_POINT('',(-45.182054851399,56.523910101905,99.2576544413169));
#3597=CARTESIAN_POINT('',(-49.0738354404769,42.523910101905,99.2576544413169));
#3598=CARTESIAN_POINT('',(-49.0738354404769,41.623910101905,99.257654441317));
#3599=CARTESIAN_POINT('',(-49.0738354404769,41.623910101905,98.3576544413169));
#3600=CARTESIAN_POINT('',(-49.0738354404769,41.623910101905,97.4576544413169));
#3601=CARTESIAN_POINT('',(-49.0738354404769,42.523910101905,97.4576544413169));
#3602=CARTESIAN_POINT('',(-45.182054851399,42.523910101905,97.4576544413169));
#3603=CARTESIAN_POINT('',(-45.182054851399,41.623910101905,97.457654441317));
#3604=CARTESIAN_POINT('',(-45.182054851399,41.623910101905,98.3576544413169));
#3605=CARTESIAN_POINT('',(-45.182054851399,41.623910101905,99.2576544413169));
#3606=CARTESIAN_POINT('',(-45.182054851399,42.523910101905,99.2576544413169));
#3607=CARTESIAN_POINT('',(-45.182054851399,62.494362825881,99.0826544413175));
#3608=CARTESIAN_POINT('',(-45.182054851399,62.494362825879,100.60765444132));
#3609=CARTESIAN_POINT('',(-45.182054851399,64.019362825881,100.607654441317));
#3610=CARTESIAN_POINT('',(-45.182054851399,62.494362825881,97.1326544413174));
#3611=CARTESIAN_POINT('',(-45.182054851399,62.494362825881,98.1076544413175));
#3612=CARTESIAN_POINT('',(-45.182054851399,62.494362825881,99.0826544413175));
#3613=CARTESIAN_POINT('',(-45.182054851399,64.019362825881,95.6076544413174));
#3614=CARTESIAN_POINT('',(-45.182054851399,62.4943628258788,95.6076544413153));
#3615=CARTESIAN_POINT('',(-45.182054851399,62.494362825881,97.1326544413174));
#3616=CARTESIAN_POINT('',(-52.0738354404769,64.019362825881,100.607654441317));
#3617=CARTESIAN_POINT('',(-47.933986034159,64.019362825881,100.607654441317));
#3618=CARTESIAN_POINT('',(-45.182054851399,64.019362825881,100.607654441317));
#3619=CARTESIAN_POINT('',(-52.0738354404769,64.019362825881,95.6076544413173));
#3620=CARTESIAN_POINT('',(-47.933986034159,64.019362825881,95.6076544413173));
#3621=CARTESIAN_POINT('',(-45.182054851399,64.019362825881,95.6076544413174));
#3622=CARTESIAN_POINT('',(-45.182054851399,64.019362825881,100.607654441317));
#3623=CARTESIAN_POINT('',(-45.182054851399,64.878218880675,100.607654441317));
#3624=CARTESIAN_POINT('',(-49.863575038966,69.346946849225,100.607654441317));
#3625=CARTESIAN_POINT('',(-51.9148713099919,69.0910999501903,100.607654441317));
#3626=CARTESIAN_POINT('',(-51.914871309993,67.0239100635881,100.607654441317));
#3627=CARTESIAN_POINT('',(-51.914871309993,67.0239100635881,95.6076544413173));
#3628=CARTESIAN_POINT('',(-51.9148713099918,69.0910999501902,95.6076544413176));
#3629=CARTESIAN_POINT('',(-49.863575038966,69.346946849225,95.6076544413173));
#3630=CARTESIAN_POINT('',(-45.1820548513989,64.8782188806747,103.357654441318));
#3631=CARTESIAN_POINT('',(-45.1820546707781,65.5202499023529,103.357654441318));
#3632=CARTESIAN_POINT('',(-45.6360390997317,65.974234391514,103.357654441318));
#3633=CARTESIAN_POINT('',(-45.6360390997317,65.974234391514,103.357654441318));
#3634=CARTESIAN_POINT('',(-45.8144453040673,66.1526405958496,103.357654441318));
#3635=CARTESIAN_POINT('',(-45.9928515084029,66.3310468001852,103.357654441318));
#3636=CARTESIAN_POINT('',(-46.1712577127385,66.5094530045208,103.357654441318));
#3637=CARTESIAN_POINT('',(-46.3496639170741,66.6878592088564,103.357654441318));
#3638=CARTESIAN_POINT('',(-46.5280701214097,66.866265413192,103.357654441318));
#3639=CARTESIAN_POINT('',(-46.5280701214097,66.866265413192,103.357654441318));
#3640=CARTESIAN_POINT('',(-46.9820546105703,67.3202499023529,103.357654441318));
#3641=CARTESIAN_POINT('',(-46.9820546105703,67.9622809240309,103.357654441318));
#3642=CARTESIAN_POINT('',(-46.9820546105703,67.9622809240309,103.357654441318));
#3643=CARTESIAN_POINT('',(-46.9820546105703,68.669909620767,103.357654441318));
#3644=CARTESIAN_POINT('',(-46.9820546105703,68.669909620767,103.357654441318));
#3645=CARTESIAN_POINT('',(-46.98205461057,69.0153543213507,103.357654441318));
#3646=CARTESIAN_POINT('',(-47.2335009548679,69.2522230130358,103.357654441318));
#3647=CARTESIAN_POINT('',(-47.4849472991658,69.4890917047209,103.357654441318));
#3648=CARTESIAN_POINT('',(-47.8297768276096,69.468484971,103.357654441318));
#3649=CARTESIAN_POINT('',(-47.8297768276096,69.468484971,103.357654441318));
#3650=CARTESIAN_POINT('',(-48.2365364457981,69.444177346645,103.357654441318));
#3651=CARTESIAN_POINT('',(-48.6432960639866,69.41986972229,103.357654441318));
#3652=CARTESIAN_POINT('',(-49.0500556821751,69.395562097935,103.357654441318));
#3653=CARTESIAN_POINT('',(-49.4568153003635,69.37125447358,103.357654441318));
#3654=CARTESIAN_POINT('',(-49.8635750389659,69.346946849225,103.357654441318));
#3655=CARTESIAN_POINT('',(-45.6360390997317,65.974234391514,93.3576544413173));
#3656=CARTESIAN_POINT('',(-45.1820546707782,65.5202499023531,93.3576544413173));
#3657=CARTESIAN_POINT('',(-45.182054851399,64.878218880675,93.3576544413173));
#3658=CARTESIAN_POINT('',(-46.5280701214097,66.866265413192,93.3576544413173));
#3659=CARTESIAN_POINT('',(-46.3496639170741,66.6878592088564,93.3576544413173));
#3660=CARTESIAN_POINT('',(-46.1712577127385,66.5094530045208,93.3576544413173));
#3661=CARTESIAN_POINT('',(-45.9928515084029,66.3310468001852,93.3576544413173));
#3662=CARTESIAN_POINT('',(-45.8144453040673,66.1526405958496,93.3576544413173));
#3663=CARTESIAN_POINT('',(-45.6360390997317,65.974234391514,93.3576544413173));
#3664=CARTESIAN_POINT('',(-46.9820546105703,67.9622809240309,93.3576544413173));
#3665=CARTESIAN_POINT('',(-46.9820546105703,67.3202499023528,93.3576544413173));
#3666=CARTESIAN_POINT('',(-46.5280701214097,66.866265413192,93.3576544413173));
#3667=CARTESIAN_POINT('',(-46.9820546105703,68.669909620767,93.3576544413173));
#3668=CARTESIAN_POINT('',(-46.9820546105703,67.9622809240309,93.3576544413173));
#3669=CARTESIAN_POINT('',(-47.8297768276096,69.468484971,93.3576544413173));
#3670=CARTESIAN_POINT('',(-47.4849472991658,69.4890917047209,93.3576544413173));
#3671=CARTESIAN_POINT('',(-47.2335009548679,69.2522230130358,93.3576544413173));
#3672=CARTESIAN_POINT('',(-46.98205461057,69.0153543213507,93.3576544413173));
#3673=CARTESIAN_POINT('',(-46.9820546105703,68.669909620767,93.3576544413173));
#3674=CARTESIAN_POINT('',(-49.863575038966,69.346946849225,93.3576544413173));
#3675=CARTESIAN_POINT('',(-49.4568153963244,69.3712544676188,93.3576544413173));
#3676=CARTESIAN_POINT('',(-49.0500557541457,69.3955620934641,93.3576544413173));
#3677=CARTESIAN_POINT('',(-48.643296111967,69.4198697193094,93.3576544413173));
#3678=CARTESIAN_POINT('',(-48.2365364697883,69.4441773451547,93.3576544413173));
#3679=CARTESIAN_POINT('',(-47.8297768276096,69.468484971,93.3576544413173));
#3680=CARTESIAN_POINT('',(-45.6360390997317,65.974234391514,95.6076544413201));
#3681=CARTESIAN_POINT('',(-45.1820546707781,65.5202499023531,95.6076544413193));
#3682=CARTESIAN_POINT('',(-45.182054851399,64.878218880675,95.6076544413174));
#3683=CARTESIAN_POINT('',(-46.5280701214097,66.866265413192,95.6076544413213));
#3684=CARTESIAN_POINT('',(-46.3496639170741,66.6878592088564,95.6076544413207));
#3685=CARTESIAN_POINT('',(-46.1712577127385,66.5094530045208,95.6076544413207));
#3686=CARTESIAN_POINT('',(-45.9928515084029,66.3310468001852,95.6076544413207));
#3687=CARTESIAN_POINT('',(-45.8144453040673,66.1526405958496,95.6076544413207));
#3688=CARTESIAN_POINT('',(-45.6360390997317,65.974234391514,95.6076544413201));
#3689=CARTESIAN_POINT('',(-46.9820546105703,67.9622809240309,95.6076544413228));
#3690=CARTESIAN_POINT('',(-46.9820546105703,67.3202499023528,95.6076544413221));
#3691=CARTESIAN_POINT('',(-46.5280701214097,66.866265413192,95.6076544413213));
#3692=CARTESIAN_POINT('',(-46.9820546105703,68.669909620767,95.6076544413238));
#3693=CARTESIAN_POINT('',(-46.9820546105703,68.3160952723989,95.6076544413233));
#3694=CARTESIAN_POINT('',(-46.9820546105703,67.9622809240309,95.6076544413228));
#3695=CARTESIAN_POINT('',(-47.8297768276096,69.468484971,95.6076544413249));
#3696=CARTESIAN_POINT('',(-47.4849472991658,69.4890917047209,95.6076544413247));
#3697=CARTESIAN_POINT('',(-47.2335009548679,69.2522230130358,95.6076544413244));
#3698=CARTESIAN_POINT('',(-46.98205461057,69.0153543213507,95.6076544413241));
#3699=CARTESIAN_POINT('',(-46.9820546105703,68.669909620767,95.6076544413238));
#3700=CARTESIAN_POINT('',(-49.863575038966,69.346946849225,95.6076544413173));
#3701=CARTESIAN_POINT('',(-49.4568153963244,69.3712544676188,95.6076544413248));
#3702=CARTESIAN_POINT('',(-49.0500557541457,69.3955620934641,95.6076544413248));
#3703=CARTESIAN_POINT('',(-48.643296111967,69.4198697193094,95.6076544413248));
#3704=CARTESIAN_POINT('',(-48.2365364697883,69.4441773451547,95.6076544413248));
#3705=CARTESIAN_POINT('',(-47.8297768276096,69.468484971,95.6076544413249));
#3706=CARTESIAN_POINT('',(-45.182054851399,64.878218880675,100.607654441317));
#3707=CARTESIAN_POINT('',(-45.1820546707782,65.5202499023531,100.607654441317));
#3708=CARTESIAN_POINT('',(-45.6360390997317,65.974234391514,100.607654441317));
#3709=CARTESIAN_POINT('',(-45.6360390997317,65.974234391514,100.607654441317));
#3710=CARTESIAN_POINT('',(-45.8144453040673,66.1526405958496,100.607654441317));
#3711=CARTESIAN_POINT('',(-45.9928515084029,66.3310468001852,100.607654441317));
#3712=CARTESIAN_POINT('',(-46.1712577127385,66.5094530045208,100.607654441317));
#3713=CARTESIAN_POINT('',(-46.3496639170741,66.6878592088564,100.607654441317));
#3714=CARTESIAN_POINT('',(-46.5280701214097,66.866265413192,100.607654441317));
#3715=CARTESIAN_POINT('',(-46.5280701214097,66.866265413192,100.607654441317));
#3716=CARTESIAN_POINT('',(-46.9820546105703,67.3202499023529,100.607654441317));
#3717=CARTESIAN_POINT('',(-46.9820546105703,67.9622809240309,100.607654441317));
#3718=CARTESIAN_POINT('',(-46.9820546105703,67.9622809240309,100.607654441317));
#3719=CARTESIAN_POINT('',(-46.9820546105703,68.3160952723989,100.607654441317));
#3720=CARTESIAN_POINT('',(-46.9820546105703,68.669909620767,100.607654441317));
#3721=CARTESIAN_POINT('',(-46.9820546105703,68.669909620767,100.607654441317));
#3722=CARTESIAN_POINT('',(-46.98205461057,69.0153543213507,100.607654441317));
#3723=CARTESIAN_POINT('',(-47.2335009548679,69.2522230130358,100.607654441317));
#3724=CARTESIAN_POINT('',(-47.4849472991658,69.489091704721,100.607654441317));
#3725=CARTESIAN_POINT('',(-47.8297768276096,69.468484971,100.607654441317));
#3726=CARTESIAN_POINT('',(-47.8297768276096,69.468484971,100.607654441317));
#3727=CARTESIAN_POINT('',(-48.2365364697883,69.4441773451547,100.607654441317));
#3728=CARTESIAN_POINT('',(-48.643296111967,69.4198697193094,100.607654441317));
#3729=CARTESIAN_POINT('',(-49.0500557541457,69.3955620934641,100.607654441317));
#3730=CARTESIAN_POINT('',(-49.4568153963244,69.3712544676188,100.607654441317));
#3731=CARTESIAN_POINT('',(-49.863575038966,69.346946849225,100.607654441317));
#3732=CARTESIAN_POINT('',(-45.182054851399,64.878218880675,93.3576544413173));
#3733=CARTESIAN_POINT('',(-45.182054851399,64.5993773563148,93.3576544413171));
#3734=CARTESIAN_POINT('',(-45.182054851399,64.3205358319545,93.3576544413169));
#3735=CARTESIAN_POINT('',(-45.182054851399,64.0416943075943,93.3576544413166));
#3736=CARTESIAN_POINT('',(-45.182054851399,63.7628527832341,93.3576544413164));
#3737=CARTESIAN_POINT('',(-45.182054851399,63.4840112588738,93.3576544413161));
#3738=CARTESIAN_POINT('',(-45.182054851399,64.878218880675,95.6076544413174));
#3739=CARTESIAN_POINT('',(-45.182054851399,64.019362825881,95.6076544413174));
#3740=CARTESIAN_POINT('',(-45.182054851399,64.878218880675,95.6076544413174));
#3741=CARTESIAN_POINT('',(-45.182054851399,64.878218880675,93.3576544413173));
#3742=CARTESIAN_POINT('',(-45.1820548513989,64.8782188806747,103.357654441318));
#3743=CARTESIAN_POINT('',(-45.182054851399,64.878218880675,100.607654441317));
#3744=CARTESIAN_POINT('',(-45.6360390997317,65.974234391514,95.6076544413201));
#3745=CARTESIAN_POINT('',(-45.6360390997317,65.974234391514,93.3576544413173));
#3746=CARTESIAN_POINT('',(-45.6360390997317,65.974234391514,103.357654441318));
#3747=CARTESIAN_POINT('',(-45.6360390997317,65.974234391514,100.607654441317));
#3748=CARTESIAN_POINT('',(-46.5280701214097,66.866265413192,95.6076544413213));
#3749=CARTESIAN_POINT('',(-46.5280701214097,66.866265413192,93.3576544413173));
#3750=CARTESIAN_POINT('',(-46.5280701214097,66.866265413192,103.357654441318));
#3751=CARTESIAN_POINT('',(-46.5280701214097,66.866265413192,100.607654441317));
#3752=CARTESIAN_POINT('',(-46.9820546105703,67.9622809240309,95.6076544413228));
#3753=CARTESIAN_POINT('',(-46.9820546105703,67.9622809240309,93.3576544413173));
#3754=CARTESIAN_POINT('',(-46.9820546105703,67.9622809240309,103.357654441318));
#3755=CARTESIAN_POINT('',(-46.9820546105703,67.9622809240309,100.607654441317));
#3756=CARTESIAN_POINT('',(-46.9820546105703,68.669909620767,95.6076544413238));
#3757=CARTESIAN_POINT('',(-46.9820546105703,68.669909620767,93.3576544413173));
#3758=CARTESIAN_POINT('',(-46.9820546105703,68.669909620767,103.357654441318));
#3759=CARTESIAN_POINT('',(-46.9820546105703,68.669909620767,100.607654441317));
#3760=CARTESIAN_POINT('',(-47.8297768276096,69.468484971,95.6076544413249));
#3761=CARTESIAN_POINT('',(-47.8297768276096,69.468484971,93.3576544413173));
#3762=CARTESIAN_POINT('',(-47.8297768276096,69.468484971,103.357654441318));
#3763=CARTESIAN_POINT('',(-47.8297768276096,69.468484971,100.607654441317));
#3764=CARTESIAN_POINT('',(-49.0738354404769,51.28285615117,101.357654441318));
#3765=CARTESIAN_POINT('',(-49.0738354404769,51.105959085173,101.357654441318));
#3766=CARTESIAN_POINT('',(-49.0738354404769,50.929062019176,101.357654441318));
#3767=CARTESIAN_POINT('',(-49.0256593491776,50.76212710699,101.357654441318));
#3768=CARTESIAN_POINT('',(-48.8775335874277,50.662080941818,101.357654441318));
#3769=CARTESIAN_POINT('',(-48.7466656853949,50.543059245578,101.357654441318));
#3770=CARTESIAN_POINT('',(-48.5576854402773,50.3711855547771,101.357654441318));
#3771=CARTESIAN_POINT('',(-48.4055000553223,50.1616897537856,101.357654441318));
#3772=CARTESIAN_POINT('',(-48.3003212243707,49.923859170539,101.357654441318));
#3773=CARTESIAN_POINT('',(-48.2477318088949,49.6703177825826,101.357654441318));
#3774=CARTESIAN_POINT('',(-48.2477318088949,49.41486896455,101.357654441318));
#3775=CARTESIAN_POINT('',(-48.2477318088949,49.1594201465175,101.357654441318));
#3776=CARTESIAN_POINT('',(-48.3003212243707,48.905878758561,101.357654441318));
#3777=CARTESIAN_POINT('',(-48.4055000553223,48.6680481753144,101.357654441318));
#3778=CARTESIAN_POINT('',(-48.5576854402773,48.4585523743229,101.357654441318));
#3779=CARTESIAN_POINT('',(-48.7466656853949,48.286678683522,101.357654441318));
#3780=CARTESIAN_POINT('',(-48.8775335874277,48.167656987282,101.357654441318));
#3781=CARTESIAN_POINT('',(-49.0256593491775,48.06761082211,101.357654441318));
#3782=CARTESIAN_POINT('',(-49.0738354404769,47.900675909924,101.357654441318));
#3783=CARTESIAN_POINT('',(-49.0738354404769,47.723778843927,101.357654441318));
#3784=CARTESIAN_POINT('',(-49.0738354404769,47.54688177793,101.357654441318));
#3785=CARTESIAN_POINT('',(-49.0738354404769,47.54688177793,95.3576544413173));
#3786=CARTESIAN_POINT('',(-49.0738354404769,47.723778843927,95.3576544413173));
#3787=CARTESIAN_POINT('',(-49.0738354404769,47.900675909924,95.3576544413173));
#3788=CARTESIAN_POINT('',(-49.0256593491776,48.06761082211,95.3576544413174));
#3789=CARTESIAN_POINT('',(-48.8775335874277,48.167656987282,95.3576544413174));
#3790=CARTESIAN_POINT('',(-48.7466656853949,48.286678683522,95.3576544413173));
#3791=CARTESIAN_POINT('',(-48.5576854402773,48.4585523743229,95.3576544413173));
#3792=CARTESIAN_POINT('',(-48.4055000553223,48.6680481753144,95.3576544413173));
#3793=CARTESIAN_POINT('',(-48.3003212243707,48.905878758561,95.3576544413174));
#3794=CARTESIAN_POINT('',(-48.2477318088949,49.1594201465175,95.3576544413174));
#3795=CARTESIAN_POINT('',(-48.2477318088949,49.41486896455,95.3576544413173));
#3796=CARTESIAN_POINT('',(-48.2477318088949,49.6703177825826,95.3576544413174));
#3797=CARTESIAN_POINT('',(-48.3003212243707,49.9238591705391,95.3576544413174));
#3798=CARTESIAN_POINT('',(-48.4055000553223,50.1616897537856,95.3576544413173));
#3799=CARTESIAN_POINT('',(-48.5576854402773,50.3711855547771,95.3576544413173));
#3800=CARTESIAN_POINT('',(-48.7466656853949,50.543059245578,95.3576544413173));
#3801=CARTESIAN_POINT('',(-48.8775335874277,50.662080941818,95.3576544413173));
#3802=CARTESIAN_POINT('',(-49.0256593491776,50.76212710699,95.3576544413173));
#3803=CARTESIAN_POINT('',(-49.0738354404769,50.929062019176,95.3576544413173));
#3804=CARTESIAN_POINT('',(-49.0738354404769,51.105959085173,95.3576544413173));
#3805=CARTESIAN_POINT('',(-49.0738354404769,51.28285615117,95.3576544413173));
#3806=CARTESIAN_POINT('',(-52.0738354404769,63.4840112588738,103.357654441318));
#3807=CARTESIAN_POINT('',(-45.1820548513989,63.4840112588738,103.357654441318));
#3808=CARTESIAN_POINT('',(-45.182054851399,61.2442435791615,102.414131618446));
#3809=CARTESIAN_POINT('',(-45.1820546105711,62.089804057695,103.357654441318));
#3810=CARTESIAN_POINT('',(-45.1820548513989,63.4840112588738,103.357654441318));
#3811=CARTESIAN_POINT('',(-52.0738354404769,63.4840112588738,103.357654441318));
#3812=CARTESIAN_POINT('',(-52.0738354404769,64.4858786672769,103.357654441318));
#3813=CARTESIAN_POINT('',(-45.1820548513989,63.4840112588738,103.357654441318));
#3814=CARTESIAN_POINT('',(-45.1820548513989,63.762852783234,103.357654441318));
#3815=CARTESIAN_POINT('',(-45.1820548513989,64.0416943075941,103.357654441318));
#3816=CARTESIAN_POINT('',(-45.1820548513989,64.3205358319543,103.357654441318));
#3817=CARTESIAN_POINT('',(-45.1820548513989,64.5993773563145,103.357654441318));
#3818=CARTESIAN_POINT('',(-45.1820548513989,64.8782188806747,103.357654441318));
#3819=CARTESIAN_POINT('',(-45.182054851399,61.2442435791615,102.414131618446));
#3820=CARTESIAN_POINT('',(-45.182054851399,61.221496471434,102.388749133673));
#3821=CARTESIAN_POINT('',(-52.0738354404769,63.4840112588738,93.3576544413161));
#3822=CARTESIAN_POINT('',(-45.182054851399,63.4840112588738,93.3576544413161));
#3823=CARTESIAN_POINT('',(-45.182054851399,63.4840112588738,93.3576544413161));
#3824=CARTESIAN_POINT('',(-45.1820546105711,62.0898036417067,93.3576544413158));
#3825=CARTESIAN_POINT('',(-45.182054851399,61.2442435791615,94.3011772641875));
#3826=CARTESIAN_POINT('',(-45.182054851399,61.2442435791615,94.3011772641875));
#3827=CARTESIAN_POINT('',(-45.182054851399,61.221496471434,94.3265597489619));
#3828=CARTESIAN_POINT('',(-50.6101683282975,61.221496471434,94.326559748962));
#3829=CARTESIAN_POINT('',(-50.6213587444837,61.2290166297214,94.3181683391396));
#3830=CARTESIAN_POINT('',(-50.632454006002,61.2366014999927,94.309704720095));
#3831=CARTESIAN_POINT('',(-50.6434562091173,61.2442435791615,94.3011772641875));
#3832=CARTESIAN_POINT('',(-50.6101683282975,61.221496471434,94.326559748962));
#3833=CARTESIAN_POINT('',(-50.5338333908495,61.1701614399285,94.3837723407437));
#3834=CARTESIAN_POINT('',(-50.4491588582374,61.1191236810569,94.436219781525));
#3835=CARTESIAN_POINT('',(-50.281995383686,61.0391102437766,94.5141799444951));
#3836=CARTESIAN_POINT('',(-50.1846735370034,61.0004613384753,94.5493940751686));
#3837=CARTESIAN_POINT('',(-50.087292486805,60.9855724640894,94.5628479318876));
#3838=CARTESIAN_POINT('',(-50.0872924867997,60.9855724640886,102.152460950747));
#3839=CARTESIAN_POINT('',(-50.1846735369996,61.0004613384739,102.165914807466));
#3840=CARTESIAN_POINT('',(-50.2819953836841,61.0391102437758,102.20112893814));
#3841=CARTESIAN_POINT('',(-50.4491588582366,61.1191236810565,102.27908910111));
#3842=CARTESIAN_POINT('',(-50.533833390849,61.1701614399281,102.331536541892));
#3843=CARTESIAN_POINT('',(-50.6101683282975,61.221496471434,102.388749133673));
#3844=CARTESIAN_POINT('',(-52.0738354404769,63.4840112588738,100.510598312659));
#3845=CARTESIAN_POINT('',(-52.0738354404769,63.3370622482917,100.455505542794));
#3846=CARTESIAN_POINT('',(-52.0487448088497,63.1998766326539,100.377811129937));
#3847=CARTESIAN_POINT('',(-51.9836803775421,62.9591836748733,100.189446586017));
#3848=CARTESIAN_POINT('',(-51.9431716662946,62.854079407864,100.077993068187));
#3849=CARTESIAN_POINT('',(-51.8677365087174,62.6807145883244,99.8288170401947));
#3850=CARTESIAN_POINT('',(-51.8326645675504,62.6123406787122,99.6908348621374));
#3851=CARTESIAN_POINT('',(-51.7953754994469,62.5421964002316,99.4694346200011));
#3852=CARTESIAN_POINT('',(-51.7855393847005,62.5243738433493,99.3936837790074));
#3853=CARTESIAN_POINT('',(-51.7755448020194,62.5064071290169,99.2778835504611));
#3854=CARTESIAN_POINT('',(-51.7730131763248,62.5018981284424,99.2390465285518));
#3855=CARTESIAN_POINT('',(-51.7696236656682,62.4958725444954,99.1609809446748));
#3856=CARTESIAN_POINT('',(-51.7687697021194,62.494362825881,99.1218406867976));
#3857=CARTESIAN_POINT('',(-51.7687697021194,62.494362825881,99.0826544413174));
#3858=CARTESIAN_POINT('',(-51.7687697021194,62.494362825881,99.0826544413174));
#3859=CARTESIAN_POINT('',(-51.7687697021194,62.494362825881,98.1076544413175));
#3860=CARTESIAN_POINT('',(-51.7687697021194,62.494362825881,97.1326544413174));
#3861=CARTESIAN_POINT('',(-51.7687697021194,62.494362825881,97.1326544413174));
#3862=CARTESIAN_POINT('',(-51.7687697021194,62.494362825881,97.0934681958475));
#3863=CARTESIAN_POINT('',(-51.7696236656674,62.4958725444961,97.0543279379502));
#3864=CARTESIAN_POINT('',(-51.7730131763063,62.5018981284117,96.9762623544802));
#3865=CARTESIAN_POINT('',(-51.7755448019973,62.5064071290795,96.9374253317794));
#3866=CARTESIAN_POINT('',(-51.7855393846443,62.5243738433506,96.8216251036289));
#3867=CARTESIAN_POINT('',(-51.7953754994477,62.5421964002333,96.7458742626286));
#3868=CARTESIAN_POINT('',(-51.8326645675504,62.6123406787122,96.5244740204976));
#3869=CARTESIAN_POINT('',(-51.8677365087174,62.6807145883245,96.38649184244));
#3870=CARTESIAN_POINT('',(-51.9431716662929,62.85407940786,96.137315814454));
#3871=CARTESIAN_POINT('',(-51.9836803775469,62.9591836748769,96.0258622966142));
#3872=CARTESIAN_POINT('',(-52.0487448088512,63.1998766326438,95.8374977527039));
#3873=CARTESIAN_POINT('',(-52.0738354404769,63.3370622483018,95.7598033398368));
#3874=CARTESIAN_POINT('',(-52.0738354404769,63.4840112588738,95.7047105699754));
#3875=CARTESIAN_POINT('',(-50.0872924867997,60.9855724640886,102.152460950747));
#3876=CARTESIAN_POINT('',(-50.087292486805,60.9855724640894,94.5628479318876));
#3877=CARTESIAN_POINT('',(-50.6434562091173,61.2442435791615,102.414131618446));
#3878=CARTESIAN_POINT('',(-50.6324534138818,61.2366010887017,102.405603703598));
#3879=CARTESIAN_POINT('',(-50.6213581792062,61.2290162498371,102.397140119599));
#3880=CARTESIAN_POINT('',(-50.6101683282975,61.221496471434,102.388749133673));
#3881=CARTESIAN_POINT('',(-50.6434562091173,61.2442435791615,102.414131618446));
#3882=CARTESIAN_POINT('',(-50.8108401400865,61.360507654404,102.543865523738));
#3883=CARTESIAN_POINT('',(-50.970527605825,61.49845118686,102.674331026831));
#3884=CARTESIAN_POINT('',(-51.2719423838982,61.8010545766971,102.903388093491));
#3885=CARTESIAN_POINT('',(-51.4174638845706,61.9701687455136,103.006004887777));
#3886=CARTESIAN_POINT('',(-51.6851980733813,62.3415508693047,103.175229559244));
#3887=CARTESIAN_POINT('',(-51.8103844607443,62.5483909636959,103.243218324514));
#3888=CARTESIAN_POINT('',(-52.0021573665151,62.9901607610601,103.333763392592));
#3889=CARTESIAN_POINT('',(-52.0738354404769,63.2366710669653,103.357654441318));
#3890=CARTESIAN_POINT('',(-52.0738354404769,63.4840112588738,103.357654441318));
#3891=CARTESIAN_POINT('',(-52.0738354404769,63.4840112588738,93.3576544413161));
#3892=CARTESIAN_POINT('',(-52.0738354404769,63.2366710669653,93.3576544413162));
#3893=CARTESIAN_POINT('',(-52.0021573665152,62.9901607610601,93.3815454900415));
#3894=CARTESIAN_POINT('',(-51.8103844607443,62.5483909636961,93.4720905581202));
#3895=CARTESIAN_POINT('',(-51.6851980733813,62.3415508693046,93.5400793233896));
#3896=CARTESIAN_POINT('',(-51.4174638845708,61.9701687455139,93.7093039948563));
#3897=CARTESIAN_POINT('',(-51.271942383898,61.8010545766969,93.8119207891434));
#3898=CARTESIAN_POINT('',(-50.9705276058251,61.4984511868601,94.0409778558032));
#3899=CARTESIAN_POINT('',(-50.8108401400865,61.3605076544039,94.1714433588962));
#3900=CARTESIAN_POINT('',(-50.6434562091173,61.2442435791615,94.3011772641875));
#3901=CARTESIAN_POINT('',(-52.0738354404769,63.4840112588738,95.7047105699754));
#3902=CARTESIAN_POINT('',(-52.0738354404769,63.742889186267,95.6076544413174));
#3903=CARTESIAN_POINT('',(-52.0738354404769,64.0193628258811,95.6076544413174));
#3904=CARTESIAN_POINT('',(-50.6101683282975,61.221496471434,102.388749133673));
#3905=CARTESIAN_POINT('',(-45.182054851399,61.221496471434,102.388749133673));
#3906=CARTESIAN_POINT('',(-51.7687697021194,62.494362825881,99.0826544413174));
#3907=CARTESIAN_POINT('',(-47.933986034159,62.494362825881,99.0826544413174));
#3908=CARTESIAN_POINT('',(-45.182054851399,62.494362825881,99.0826544413175));
#3909=CARTESIAN_POINT('',(-51.7687697021194,62.494362825881,97.1326544413174));
#3910=CARTESIAN_POINT('',(-47.933986034159,62.494362825881,97.1326544413174));
#3911=CARTESIAN_POINT('',(-45.182054851399,62.494362825881,97.1326544413174));
#3912=CARTESIAN_POINT('',(-50.6434562091173,61.2442435791615,102.414131618446));
#3913=CARTESIAN_POINT('',(-45.182054851399,61.2442435791615,102.414131618446));
#3914=CARTESIAN_POINT('',(-50.6434562091173,61.2442435791615,94.3011772641875));
#3915=CARTESIAN_POINT('',(-45.182054851399,61.2442435791615,94.3011772641875));
#3916=CARTESIAN_POINT('',(-52.0738354404769,63.4840112588738,100.510598312659));
#3917=CARTESIAN_POINT('',(-52.0738354404769,63.4840112588738,103.357654441318));
#3918=CARTESIAN_POINT('',(-52.0738354404769,63.4840112588738,93.3576544413161));
#3919=CARTESIAN_POINT('',(-52.0738354404769,63.4840112588738,95.7047105699754));
#3920=CARTESIAN_POINT('',(-49.0738354404769,59.488910101905,101.411639162471));
#3921=CARTESIAN_POINT('',(-49.0738354410086,59.7089826636496,101.453255710705));
#3922=CARTESIAN_POINT('',(-49.0737053045858,59.9254343834442,101.519228465179));
#3923=CARTESIAN_POINT('',(-49.1032437875274,60.1302118803333,101.606664282521));
#3924=CARTESIAN_POINT('',(-49.1032437896982,60.1302118953825,101.606664288947));
#3925=CARTESIAN_POINT('',(-49.103243791869,60.1302119104317,101.606664295373));
#3926=CARTESIAN_POINT('',(-49.1180675565931,60.2329786255331,101.650543592176));
#3927=CARTESIAN_POINT('',(-49.1406051308372,60.3332502118089,101.700102191805));
#3928=CARTESIAN_POINT('',(-49.1759367402325,60.4268191571917,101.752466798911));
#3929=CARTESIAN_POINT('',(-49.1759367510456,60.4268191858281,101.752466814937));
#3930=CARTESIAN_POINT('',(-49.1759367618587,60.4268192144646,101.752466830963));
#3931=CARTESIAN_POINT('',(-49.211461796094,60.5209003854999,101.805118102667));
#3932=CARTESIAN_POINT('',(-49.2598916398985,60.6079600869867,101.860490192591));
#3933=CARTESIAN_POINT('',(-49.3267434943279,60.683636876524,101.913154329295));
#3934=CARTESIAN_POINT('',(-49.3267435295145,60.6836369163554,101.913154357014));
#3935=CARTESIAN_POINT('',(-49.326743564701,60.6836369561869,101.913154384733));
#3936=CARTESIAN_POINT('',(-49.3960099157207,60.76204693982,101.967720578903));
#3937=CARTESIAN_POINT('',(-49.4806813604699,60.8234107683475,102.015611687764));
#3938=CARTESIAN_POINT('',(-49.5821451902875,60.8701655909259,102.053678516421));
#3939=CARTESIAN_POINT('',(-49.58214525626,60.8701656213262,102.053678541173));
#3940=CARTESIAN_POINT('',(-49.5821453222324,60.8701656517264,102.053678565924));
#3941=CARTESIAN_POINT('',(-49.682496536003,60.9164077489111,102.09132794638));
#3942=CARTESIAN_POINT('',(-49.7921613198152,60.9451957924257,102.116633349429));
#3943=CARTESIAN_POINT('',(-49.905708815827,60.9638299564216,102.133073915161));
#3944=CARTESIAN_POINT('',(-49.9057088939931,60.9638299692494,102.133073926478));
#3945=CARTESIAN_POINT('',(-49.9057089721593,60.9638299820771,102.133073937796));
#3946=CARTESIAN_POINT('',(-49.9437181463867,60.9700676239745,102.138577289771));
#3947=CARTESIAN_POINT('',(-49.9824231284855,60.9751964372228,102.143116934372));
#3948=CARTESIAN_POINT('',(-50.0215982839708,60.9794134882387,102.146861636477));
#3949=CARTESIAN_POINT('',(-50.0433639613771,60.9817372476261,102.148964173111));
#3950=CARTESIAN_POINT('',(-50.0652749590105,60.9837789317289,102.15082094647));
#3951=CARTESIAN_POINT('',(-50.0872924867997,60.9855724640886,102.152460950747));
#3952=CARTESIAN_POINT('',(-50.087292486805,60.9855724640894,94.5628479318876));
#3953=CARTESIAN_POINT('',(-50.0652750876967,60.9837784634474,94.5644883454482));
#3954=CARTESIAN_POINT('',(-50.0433641160239,60.9817367469135,94.5663451465747));
#3955=CARTESIAN_POINT('',(-50.0215982839708,60.9794134882387,94.5684472461581));
#3956=CARTESIAN_POINT('',(-49.9824231284855,60.9751964372228,94.5721919482634));
#3957=CARTESIAN_POINT('',(-49.9437181463868,60.9700676239745,94.5767315928636));
#3958=CARTESIAN_POINT('',(-49.9057089721593,60.9638299820772,94.5822349448389));
#3959=CARTESIAN_POINT('',(-49.9057088939932,60.9638299692494,94.5822349561566));
#3960=CARTESIAN_POINT('',(-49.905708815827,60.9638299564216,94.5822349674743));
#3961=CARTESIAN_POINT('',(-49.7921613198153,60.9451957924257,94.5986755332059));
#3962=CARTESIAN_POINT('',(-49.6824965360031,60.9164077489112,94.6239809362548));
#3963=CARTESIAN_POINT('',(-49.5821453222324,60.8701656517265,94.661630316711));
#3964=CARTESIAN_POINT('',(-49.58214525626,60.8701656213262,94.6616303414623));
#3965=CARTESIAN_POINT('',(-49.5821451902876,60.8701655909259,94.6616303662136));
#3966=CARTESIAN_POINT('',(-49.4806813604699,60.8234107683475,94.6996971948712));
#3967=CARTESIAN_POINT('',(-49.3960099157208,60.76204693982,94.7475883037321));
#3968=CARTESIAN_POINT('',(-49.3267435647011,60.6836369561869,94.802154497902));
#3969=CARTESIAN_POINT('',(-49.3267435295145,60.6836369163554,94.8021545256211));
#3970=CARTESIAN_POINT('',(-49.3267434943279,60.683636876524,94.8021545533402));
#3971=CARTESIAN_POINT('',(-49.2598916398985,60.6079600869866,94.8548186900434));
#3972=CARTESIAN_POINT('',(-49.211461796094,60.5209003854999,94.9101907799677));
#3973=CARTESIAN_POINT('',(-49.1759367618587,60.4268192144645,94.9628420516716));
#3974=CARTESIAN_POINT('',(-49.1759367510456,60.4268191858281,94.9628420676976));
#3975=CARTESIAN_POINT('',(-49.1759367402325,60.4268191571917,94.9628420837236));
#3976=CARTESIAN_POINT('',(-49.1406051308373,60.333250211809,95.0152066908294));
#3977=CARTESIAN_POINT('',(-49.1180675565931,60.2329786255331,95.0647652904585));
#3978=CARTESIAN_POINT('',(-49.103243791869,60.1302119104319,95.1086445872619));
#3979=CARTESIAN_POINT('',(-49.1032437896982,60.1302118953826,95.1086445936876));
#3980=CARTESIAN_POINT('',(-49.1032437875274,60.1302118803333,95.1086446001133));
#3981=CARTESIAN_POINT('',(-49.0737053045859,59.9254343834441,95.1960804174557));
#3982=CARTESIAN_POINT('',(-49.0738354410086,59.7089826636496,95.26205317193));
#3983=CARTESIAN_POINT('',(-49.0738354404769,59.488910101905,95.3036697201635));
#3984=CARTESIAN_POINT('',(-47.6019742805021,67.023910063588,103.357654441318));
#3985=CARTESIAN_POINT('',(-48.5738354404769,67.0239100635881,102.021797796123));
#3986=CARTESIAN_POINT('',(-47.6019742805021,67.023910063588,103.357654441318));
#3987=CARTESIAN_POINT('',(-47.6019742805016,68.9957712235633,103.357654441318));
#3988=CARTESIAN_POINT('',(-49.5738354404769,68.9957712235633,103.357654441318));
#3989=CARTESIAN_POINT('',(-51.5456966004522,68.9957712235633,103.357654441318));
#3990=CARTESIAN_POINT('',(-51.5456966004517,67.023910063588,103.357654441318));
#3991=CARTESIAN_POINT('',(-51.5456966004517,67.023910063588,103.357654441318));
#3992=CARTESIAN_POINT('',(-50.5738354404769,67.0239100635881,102.021797796123));
#3993=CARTESIAN_POINT('',(-51.5456966004517,67.023910063588,103.357654441318));
#3994=CARTESIAN_POINT('',(-51.5456966004512,65.0520489036138,103.357654441318));
#3995=CARTESIAN_POINT('',(-49.5738354404769,65.0520489036138,103.357654441318));
#3996=CARTESIAN_POINT('',(-47.6019742805026,65.0520489036138,103.357654441318));
#3997=CARTESIAN_POINT('',(-47.6019742805021,67.023910063588,103.357654441318));
#3998=CARTESIAN_POINT('',(0.,0.,0.));
ENDSEC;
END-ISO-10303-21;
