ISO-10303-21;
HEADER;
/* Generated by software containing ST-Developer
 * from STEP Tools, Inc. (www.steptools.com) 
 */
/* OPTION: using custom schema-name function */

FILE_DESCRIPTION(
/* description */ (''),
/* implementation_level */ '2;1');

FILE_NAME(
/* name */ 'HINGE_~2',
/* time_stamp */ '2026-03-16T00:02:50+03:00',
/* author */ (''),
/* organization */ (''),
/* preprocessor_version */ 'ST-DEVELOPER v16.5',
/* originating_system */ '',
/* authorisation */ '');

FILE_SCHEMA (('CONFIG_CONTROL_DESIGN'));
ENDSEC;

DATA;
#10=SHAPE_REPRESENTATION_RELATIONSHIP('','',#1130,#12);
#11=MANIFOLD_SOLID_BREP('brep_1',#13);
#12=ADVANCED_BREP_SHAPE_REPRESENTATION('brep_rep_0',(#11,#1176),#1129);
#13=CLOSED_SHELL('',(#20,#21,#22,#23,#24,#25,#26,#27,#28,#29,#30,#31,#32,
#33,#34,#35,#36,#37,#38,#39,#40,#41,#42,#43,#44,#45,#46,#47,#48,#49,#50,
#51,#52,#53,#54,#55,#56,#57,#58,#59,#60,#61,#62,#63,#64,#65,#66,#67,#68,
#69,#70,#71,#72,#73,#74,#75,#76,#77,#78));
#14=FACE_BOUND('',#153,.T.);
#15=FACE_BOUND('',#154,.T.);
#16=FACE_BOUND('',#173,.T.);
#17=FACE_BOUND('',#176,.T.);
#18=FACE_BOUND('',#187,.T.);
#19=FACE_BOUND('',#188,.T.);
#20=ADVANCED_FACE('',(#79),#1010,.T.);
#21=ADVANCED_FACE('',(#80),#1016,.T.);
#22=ADVANCED_FACE('',(#81),#1011,.T.);
#23=ADVANCED_FACE('',(#82),#996,.T.);
#24=ADVANCED_FACE('',(#83),#997,.T.);
#25=ADVANCED_FACE('',(#84),#998,.T.);
#26=ADVANCED_FACE('',(#85),#999,.T.);
#27=ADVANCED_FACE('',(#86),#990,.T.);
#28=ADVANCED_FACE('',(#87),#991,.T.);
#29=ADVANCED_FACE('',(#88),#992,.T.);
#30=ADVANCED_FACE('',(#89),#1017,.T.);
#31=ADVANCED_FACE('',(#90),#1008,.T.);
#32=ADVANCED_FACE('',(#91),#1009,.T.);
#33=ADVANCED_FACE('',(#92),#1000,.T.);
#34=ADVANCED_FACE('',(#93,#14,#15),#1017,.T.);
#35=ADVANCED_FACE('',(#94),#1001,.T.);
#36=ADVANCED_FACE('',(#95),#1012,.T.);
#37=ADVANCED_FACE('',(#96),#1013,.T.);
#38=ADVANCED_FACE('',(#97),#1018,.T.);
#39=ADVANCED_FACE('',(#98),#1019,.T.);
#40=ADVANCED_FACE('',(#99),#993,.T.);
#41=ADVANCED_FACE('',(#100),#994,.T.);
#42=ADVANCED_FACE('',(#101),#995,.T.);
#43=ADVANCED_FACE('',(#102),#1023,.T.);
#44=ADVANCED_FACE('',(#103),#1025,.T.);
#45=ADVANCED_FACE('',(#104),#1026,.T.);
#46=ADVANCED_FACE('',(#105),#1027,.T.);
#47=ADVANCED_FACE('',(#106),#1028,.T.);
#48=ADVANCED_FACE('',(#107),#1029,.T.);
#49=ADVANCED_FACE('',(#108),#1032,.T.);
#50=ADVANCED_FACE('',(#109),#1002,.T.);
#51=ADVANCED_FACE('',(#110),#1004,.T.);
#52=ADVANCED_FACE('',(#111,#16),#1039,.T.);
#53=ADVANCED_FACE('',(#112),#1040,.T.);
#54=ADVANCED_FACE('',(#113,#17),#1041,.T.);
#55=ADVANCED_FACE('',(#114),#1006,.T.);
#56=ADVANCED_FACE('',(#115),#986,.T.);
#57=ADVANCED_FACE('',(#116),#987,.T.);
#58=ADVANCED_FACE('',(#117),#988,.T.);
#59=ADVANCED_FACE('',(#118),#989,.T.);
#60=ADVANCED_FACE('',(#119),#1024,.T.);
#61=ADVANCED_FACE('',(#120),#1030,.T.);
#62=ADVANCED_FACE('',(#121),#1031,.T.);
#63=ADVANCED_FACE('',(#122),#1034,.T.);
#64=ADVANCED_FACE('',(#123,#18,#19),#1033,.T.);
#65=ADVANCED_FACE('',(#124),#1035,.T.);
#66=ADVANCED_FACE('',(#125),#1014,.T.);
#67=ADVANCED_FACE('',(#126),#1036,.T.);
#68=ADVANCED_FACE('',(#127),#1037,.T.);
#69=ADVANCED_FACE('',(#128),#1015,.T.);
#70=ADVANCED_FACE('',(#129),#1038,.T.);
#71=ADVANCED_FACE('',(#130),#1020,.T.);
#72=ADVANCED_FACE('',(#131),#1021,.T.);
#73=ADVANCED_FACE('',(#132),#1022,.T.);
#74=ADVANCED_FACE('',(#133),#1042,.T.);
#75=ADVANCED_FACE('',(#134),#1043,.T.);
#76=ADVANCED_FACE('',(#135),#1003,.T.);
#77=ADVANCED_FACE('',(#136),#1005,.T.);
#78=ADVANCED_FACE('',(#137),#1007,.T.);
#79=FACE_OUTER_BOUND('',#138,.T.);
#80=FACE_OUTER_BOUND('',#139,.T.);
#81=FACE_OUTER_BOUND('',#140,.T.);
#82=FACE_OUTER_BOUND('',#141,.T.);
#83=FACE_OUTER_BOUND('',#142,.T.);
#84=FACE_OUTER_BOUND('',#143,.T.);
#85=FACE_OUTER_BOUND('',#144,.T.);
#86=FACE_OUTER_BOUND('',#145,.T.);
#87=FACE_OUTER_BOUND('',#146,.T.);
#88=FACE_OUTER_BOUND('',#147,.T.);
#89=FACE_OUTER_BOUND('',#148,.T.);
#90=FACE_OUTER_BOUND('',#149,.T.);
#91=FACE_OUTER_BOUND('',#150,.T.);
#92=FACE_OUTER_BOUND('',#151,.T.);
#93=FACE_OUTER_BOUND('',#152,.T.);
#94=FACE_OUTER_BOUND('',#155,.T.);
#95=FACE_OUTER_BOUND('',#156,.T.);
#96=FACE_OUTER_BOUND('',#157,.T.);
#97=FACE_OUTER_BOUND('',#158,.T.);
#98=FACE_OUTER_BOUND('',#159,.T.);
#99=FACE_OUTER_BOUND('',#160,.T.);
#100=FACE_OUTER_BOUND('',#161,.T.);
#101=FACE_OUTER_BOUND('',#162,.T.);
#102=FACE_OUTER_BOUND('',#163,.T.);
#103=FACE_OUTER_BOUND('',#164,.T.);
#104=FACE_OUTER_BOUND('',#165,.T.);
#105=FACE_OUTER_BOUND('',#166,.T.);
#106=FACE_OUTER_BOUND('',#167,.T.);
#107=FACE_OUTER_BOUND('',#168,.T.);
#108=FACE_OUTER_BOUND('',#169,.T.);
#109=FACE_OUTER_BOUND('',#170,.T.);
#110=FACE_OUTER_BOUND('',#171,.T.);
#111=FACE_OUTER_BOUND('',#172,.T.);
#112=FACE_OUTER_BOUND('',#174,.T.);
#113=FACE_OUTER_BOUND('',#175,.T.);
#114=FACE_OUTER_BOUND('',#177,.T.);
#115=FACE_OUTER_BOUND('',#178,.T.);
#116=FACE_OUTER_BOUND('',#179,.T.);
#117=FACE_OUTER_BOUND('',#180,.T.);
#118=FACE_OUTER_BOUND('',#181,.T.);
#119=FACE_OUTER_BOUND('',#182,.T.);
#120=FACE_OUTER_BOUND('',#183,.T.);
#121=FACE_OUTER_BOUND('',#184,.T.);
#122=FACE_OUTER_BOUND('',#185,.T.);
#123=FACE_OUTER_BOUND('',#186,.T.);
#124=FACE_OUTER_BOUND('',#189,.T.);
#125=FACE_OUTER_BOUND('',#190,.T.);
#126=FACE_OUTER_BOUND('',#191,.T.);
#127=FACE_OUTER_BOUND('',#192,.T.);
#128=FACE_OUTER_BOUND('',#193,.T.);
#129=FACE_OUTER_BOUND('',#194,.T.);
#130=FACE_OUTER_BOUND('',#195,.T.);
#131=FACE_OUTER_BOUND('',#196,.T.);
#132=FACE_OUTER_BOUND('',#197,.T.);
#133=FACE_OUTER_BOUND('',#198,.T.);
#134=FACE_OUTER_BOUND('',#199,.T.);
#135=FACE_OUTER_BOUND('',#200,.T.);
#136=FACE_OUTER_BOUND('',#201,.T.);
#137=FACE_OUTER_BOUND('',#202,.T.);
#138=EDGE_LOOP('',(#203,#204,#205,#206,#207));
#139=EDGE_LOOP('',(#208,#209,#210,#211));
#140=EDGE_LOOP('',(#212,#213,#214,#215,#216));
#141=EDGE_LOOP('',(#217,#218,#219,#220,#221));
#142=EDGE_LOOP('',(#222,#223,#224,#225));
#143=EDGE_LOOP('',(#226,#227,#228,#229,#230));
#144=EDGE_LOOP('',(#231,#232,#233,#234));
#145=EDGE_LOOP('',(#235,#236,#237,#238));
#146=EDGE_LOOP('',(#239,#240,#241,#242));
#147=EDGE_LOOP('',(#243,#244,#245,#246));
#148=EDGE_LOOP('',(#247,#248,#249,#250,#251));
#149=EDGE_LOOP('',(#252,#253,#254,#255,#256,#257));
#150=EDGE_LOOP('',(#258,#259,#260,#261,#262,#263));
#151=EDGE_LOOP('',(#264,#265,#266,#267));
#152=EDGE_LOOP('',(#268,#269,#270,#271));
#153=EDGE_LOOP('',(#272,#273));
#154=EDGE_LOOP('',(#274,#275));
#155=EDGE_LOOP('',(#276,#277,#278,#279));
#156=EDGE_LOOP('',(#280,#281,#282,#283));
#157=EDGE_LOOP('',(#284,#285,#286,#287));
#158=EDGE_LOOP('',(#288,#289,#290,#291,#292,#293));
#159=EDGE_LOOP('',(#294,#295,#296,#297,#298,#299));
#160=EDGE_LOOP('',(#300,#301,#302,#303));
#161=EDGE_LOOP('',(#304,#305,#306,#307));
#162=EDGE_LOOP('',(#308,#309,#310,#311));
#163=EDGE_LOOP('',(#312,#313,#314,#315,#316,#317,#318,#319,#320,#321,#322,
#323,#324,#325));
#164=EDGE_LOOP('',(#326,#327,#328,#329));
#165=EDGE_LOOP('',(#330,#331,#332,#333,#334,#335));
#166=EDGE_LOOP('',(#336,#337,#338,#339,#340));
#167=EDGE_LOOP('',(#341,#342,#343,#344,#345,#346));
#168=EDGE_LOOP('',(#347,#348,#349,#350,#351,#352,#353,#354));
#169=EDGE_LOOP('',(#355,#356,#357,#358));
#170=EDGE_LOOP('',(#359,#360,#361,#362));
#171=EDGE_LOOP('',(#363,#364,#365,#366));
#172=EDGE_LOOP('',(#367,#368,#369,#370,#371,#372,#373,#374));
#173=EDGE_LOOP('',(#375,#376));
#174=EDGE_LOOP('',(#377,#378));
#175=EDGE_LOOP('',(#379,#380,#381,#382,#383,#384,#385,#386,#387,#388,#389,
#390,#391,#392,#393,#394,#395,#396));
#176=EDGE_LOOP('',(#397,#398));
#177=EDGE_LOOP('',(#399,#400,#401,#402));
#178=EDGE_LOOP('',(#403,#404,#405));
#179=EDGE_LOOP('',(#406,#407,#408,#409));
#180=EDGE_LOOP('',(#410,#411,#412,#413));
#181=EDGE_LOOP('',(#414,#415,#416,#417));
#182=EDGE_LOOP('',(#418,#419,#420,#421,#422,#423,#424,#425,#426,#427,#428,
#429));
#183=EDGE_LOOP('',(#430,#431,#432,#433));
#184=EDGE_LOOP('',(#434,#435,#436,#437));
#185=EDGE_LOOP('',(#438,#439,#440,#441,#442,#443,#444,#445,#446,#447,#448,
#449,#450,#451,#452,#453,#454,#455,#456,#457));
#186=EDGE_LOOP('',(#458,#459,#460,#461,#462,#463,#464));
#187=EDGE_LOOP('',(#465,#466));
#188=EDGE_LOOP('',(#467,#468));
#189=EDGE_LOOP('',(#469,#470,#471,#472));
#190=EDGE_LOOP('',(#473,#474,#475,#476));
#191=EDGE_LOOP('',(#477,#478,#479,#480));
#192=EDGE_LOOP('',(#481,#482,#483,#484));
#193=EDGE_LOOP('',(#485,#486,#487,#488));
#194=EDGE_LOOP('',(#489,#490,#491,#492));
#195=EDGE_LOOP('',(#493,#494,#495,#496,#497,#498,#499));
#196=EDGE_LOOP('',(#500,#501,#502,#503));
#197=EDGE_LOOP('',(#504,#505,#506,#507,#508,#509));
#198=EDGE_LOOP('',(#510,#511,#512,#513,#514,#515,#516,#517));
#199=EDGE_LOOP('',(#518,#519,#520,#521,#522,#523,#524,#525,#526));
#200=EDGE_LOOP('',(#527,#528,#529,#530));
#201=EDGE_LOOP('',(#531,#532,#533,#534));
#202=EDGE_LOOP('',(#535,#536,#537,#538));
#203=ORIENTED_EDGE('',*,*,#542,.T.);
#204=ORIENTED_EDGE('',*,*,#543,.T.);
#205=ORIENTED_EDGE('',*,*,#540,.F.);
#206=ORIENTED_EDGE('',*,*,#558,.F.);
#207=ORIENTED_EDGE('',*,*,#648,.T.);
#208=ORIENTED_EDGE('',*,*,#544,.T.);
#209=ORIENTED_EDGE('',*,*,#541,.F.);
#210=ORIENTED_EDGE('',*,*,#559,.F.);
#211=ORIENTED_EDGE('',*,*,#540,.T.);
#212=ORIENTED_EDGE('',*,*,#584,.F.);
#213=ORIENTED_EDGE('',*,*,#541,.T.);
#214=ORIENTED_EDGE('',*,*,#545,.F.);
#215=ORIENTED_EDGE('',*,*,#615,.F.);
#216=ORIENTED_EDGE('',*,*,#607,.F.);
#217=ORIENTED_EDGE('',*,*,#614,.T.);
#218=ORIENTED_EDGE('',*,*,#547,.F.);
#219=ORIENTED_EDGE('',*,*,#546,.F.);
#220=ORIENTED_EDGE('',*,*,#617,.F.);
#221=ORIENTED_EDGE('',*,*,#608,.F.);
#222=ORIENTED_EDGE('',*,*,#609,.T.);
#223=ORIENTED_EDGE('',*,*,#616,.T.);
#224=ORIENTED_EDGE('',*,*,#548,.T.);
#225=ORIENTED_EDGE('',*,*,#614,.F.);
#226=ORIENTED_EDGE('',*,*,#562,.F.);
#227=ORIENTED_EDGE('',*,*,#561,.F.);
#228=ORIENTED_EDGE('',*,*,#563,.F.);
#229=ORIENTED_EDGE('',*,*,#606,.F.);
#230=ORIENTED_EDGE('',*,*,#600,.F.);
#231=ORIENTED_EDGE('',*,*,#601,.T.);
#232=ORIENTED_EDGE('',*,*,#606,.T.);
#233=ORIENTED_EDGE('',*,*,#564,.T.);
#234=ORIENTED_EDGE('',*,*,#570,.T.);
#235=ORIENTED_EDGE('',*,*,#572,.T.);
#236=ORIENTED_EDGE('',*,*,#561,.T.);
#237=ORIENTED_EDGE('',*,*,#571,.F.);
#238=ORIENTED_EDGE('',*,*,#565,.F.);
#239=ORIENTED_EDGE('',*,*,#568,.T.);
#240=ORIENTED_EDGE('',*,*,#574,.F.);
#241=ORIENTED_EDGE('',*,*,#566,.F.);
#242=ORIENTED_EDGE('',*,*,#573,.T.);
#243=ORIENTED_EDGE('',*,*,#569,.T.);
#244=ORIENTED_EDGE('',*,*,#576,.F.);
#245=ORIENTED_EDGE('',*,*,#567,.F.);
#246=ORIENTED_EDGE('',*,*,#575,.T.);
#247=ORIENTED_EDGE('',*,*,#585,.T.);
#248=ORIENTED_EDGE('',*,*,#560,.F.);
#249=ORIENTED_EDGE('',*,*,#649,.T.);
#250=ORIENTED_EDGE('',*,*,#558,.T.);
#251=ORIENTED_EDGE('',*,*,#559,.T.);
#252=ORIENTED_EDGE('',*,*,#578,.F.);
#253=ORIENTED_EDGE('',*,*,#579,.F.);
#254=ORIENTED_EDGE('',*,*,#577,.F.);
#255=ORIENTED_EDGE('',*,*,#581,.F.);
#256=ORIENTED_EDGE('',*,*,#580,.T.);
#257=ORIENTED_EDGE('',*,*,#605,.F.);
#258=ORIENTED_EDGE('',*,*,#613,.T.);
#259=ORIENTED_EDGE('',*,*,#587,.T.);
#260=ORIENTED_EDGE('',*,*,#582,.F.);
#261=ORIENTED_EDGE('',*,*,#585,.F.);
#262=ORIENTED_EDGE('',*,*,#584,.T.);
#263=ORIENTED_EDGE('',*,*,#612,.F.);
#264=ORIENTED_EDGE('',*,*,#592,.T.);
#265=ORIENTED_EDGE('',*,*,#589,.T.);
#266=ORIENTED_EDGE('',*,*,#581,.T.);
#267=ORIENTED_EDGE('',*,*,#588,.F.);
#268=ORIENTED_EDGE('',*,*,#590,.F.);
#269=ORIENTED_EDGE('',*,*,#594,.F.);
#270=ORIENTED_EDGE('',*,*,#591,.T.);
#271=ORIENTED_EDGE('',*,*,#593,.F.);
#272=ORIENTED_EDGE('',*,*,#642,.T.);
#273=ORIENTED_EDGE('',*,*,#699,.T.);
#274=ORIENTED_EDGE('',*,*,#645,.T.);
#275=ORIENTED_EDGE('',*,*,#702,.T.);
#276=ORIENTED_EDGE('',*,*,#595,.T.);
#277=ORIENTED_EDGE('',*,*,#583,.F.);
#278=ORIENTED_EDGE('',*,*,#587,.F.);
#279=ORIENTED_EDGE('',*,*,#586,.T.);
#280=ORIENTED_EDGE('',*,*,#596,.F.);
#281=ORIENTED_EDGE('',*,*,#593,.T.);
#282=ORIENTED_EDGE('',*,*,#597,.T.);
#283=ORIENTED_EDGE('',*,*,#592,.F.);
#284=ORIENTED_EDGE('',*,*,#599,.T.);
#285=ORIENTED_EDGE('',*,*,#594,.T.);
#286=ORIENTED_EDGE('',*,*,#598,.F.);
#287=ORIENTED_EDGE('',*,*,#595,.F.);
#288=ORIENTED_EDGE('',*,*,#600,.T.);
#289=ORIENTED_EDGE('',*,*,#601,.F.);
#290=ORIENTED_EDGE('',*,*,#603,.T.);
#291=ORIENTED_EDGE('',*,*,#602,.F.);
#292=ORIENTED_EDGE('',*,*,#605,.T.);
#293=ORIENTED_EDGE('',*,*,#604,.T.);
#294=ORIENTED_EDGE('',*,*,#607,.T.);
#295=ORIENTED_EDGE('',*,*,#610,.T.);
#296=ORIENTED_EDGE('',*,*,#609,.F.);
#297=ORIENTED_EDGE('',*,*,#608,.T.);
#298=ORIENTED_EDGE('',*,*,#611,.T.);
#299=ORIENTED_EDGE('',*,*,#612,.T.);
#300=ORIENTED_EDGE('',*,*,#624,.F.);
#301=ORIENTED_EDGE('',*,*,#623,.F.);
#302=ORIENTED_EDGE('',*,*,#622,.T.);
#303=ORIENTED_EDGE('',*,*,#566,.T.);
#304=ORIENTED_EDGE('',*,*,#628,.F.);
#305=ORIENTED_EDGE('',*,*,#627,.F.);
#306=ORIENTED_EDGE('',*,*,#626,.T.);
#307=ORIENTED_EDGE('',*,*,#567,.T.);
#308=ORIENTED_EDGE('',*,*,#618,.T.);
#309=ORIENTED_EDGE('',*,*,#631,.F.);
#310=ORIENTED_EDGE('',*,*,#630,.T.);
#311=ORIENTED_EDGE('',*,*,#565,.T.);
#312=ORIENTED_EDGE('',*,*,#640,.T.);
#313=ORIENTED_EDGE('',*,*,#623,.T.);
#314=ORIENTED_EDGE('',*,*,#625,.T.);
#315=ORIENTED_EDGE('',*,*,#627,.T.);
#316=ORIENTED_EDGE('',*,*,#629,.T.);
#317=ORIENTED_EDGE('',*,*,#631,.T.);
#318=ORIENTED_EDGE('',*,*,#619,.T.);
#319=ORIENTED_EDGE('',*,*,#639,.T.);
#320=ORIENTED_EDGE('',*,*,#636,.T.);
#321=ORIENTED_EDGE('',*,*,#635,.T.);
#322=ORIENTED_EDGE('',*,*,#634,.T.);
#323=ORIENTED_EDGE('',*,*,#620,.T.);
#324=ORIENTED_EDGE('',*,*,#621,.T.);
#325=ORIENTED_EDGE('',*,*,#641,.T.);
#326=ORIENTED_EDGE('',*,*,#579,.T.);
#327=ORIENTED_EDGE('',*,*,#633,.F.);
#328=ORIENTED_EDGE('',*,*,#620,.F.);
#329=ORIENTED_EDGE('',*,*,#632,.T.);
#330=ORIENTED_EDGE('',*,*,#688,.T.);
#331=ORIENTED_EDGE('',*,*,#696,.T.);
#332=ORIENTED_EDGE('',*,*,#621,.F.);
#333=ORIENTED_EDGE('',*,*,#633,.T.);
#334=ORIENTED_EDGE('',*,*,#578,.T.);
#335=ORIENTED_EDGE('',*,*,#602,.T.);
#336=ORIENTED_EDGE('',*,*,#573,.F.);
#337=ORIENTED_EDGE('',*,*,#622,.F.);
#338=ORIENTED_EDGE('',*,*,#640,.F.);
#339=ORIENTED_EDGE('',*,*,#697,.F.);
#340=ORIENTED_EDGE('',*,*,#689,.F.);
#341=ORIENTED_EDGE('',*,*,#575,.F.);
#342=ORIENTED_EDGE('',*,*,#626,.F.);
#343=ORIENTED_EDGE('',*,*,#625,.F.);
#344=ORIENTED_EDGE('',*,*,#624,.T.);
#345=ORIENTED_EDGE('',*,*,#574,.T.);
#346=ORIENTED_EDGE('',*,*,#690,.F.);
#347=ORIENTED_EDGE('',*,*,#564,.F.);
#348=ORIENTED_EDGE('',*,*,#563,.T.);
#349=ORIENTED_EDGE('',*,*,#572,.F.);
#350=ORIENTED_EDGE('',*,*,#630,.F.);
#351=ORIENTED_EDGE('',*,*,#629,.F.);
#352=ORIENTED_EDGE('',*,*,#628,.T.);
#353=ORIENTED_EDGE('',*,*,#576,.T.);
#354=ORIENTED_EDGE('',*,*,#691,.F.);
#355=ORIENTED_EDGE('',*,*,#697,.T.);
#356=ORIENTED_EDGE('',*,*,#641,.F.);
#357=ORIENTED_EDGE('',*,*,#696,.F.);
#358=ORIENTED_EDGE('',*,*,#692,.F.);
#359=ORIENTED_EDGE('',*,*,#643,.F.);
#360=ORIENTED_EDGE('',*,*,#644,.T.);
#361=ORIENTED_EDGE('',*,*,#699,.F.);
#362=ORIENTED_EDGE('',*,*,#698,.F.);
#363=ORIENTED_EDGE('',*,*,#646,.F.);
#364=ORIENTED_EDGE('',*,*,#647,.T.);
#365=ORIENTED_EDGE('',*,*,#702,.F.);
#366=ORIENTED_EDGE('',*,*,#701,.F.);
#367=ORIENTED_EDGE('',*,*,#686,.F.);
#368=ORIENTED_EDGE('',*,*,#672,.F.);
#369=ORIENTED_EDGE('',*,*,#680,.F.);
#370=ORIENTED_EDGE('',*,*,#670,.F.);
#371=ORIENTED_EDGE('',*,*,#678,.F.);
#372=ORIENTED_EDGE('',*,*,#665,.F.);
#373=ORIENTED_EDGE('',*,*,#668,.F.);
#374=ORIENTED_EDGE('',*,*,#683,.F.);
#375=ORIENTED_EDGE('',*,*,#705,.F.);
#376=ORIENTED_EDGE('',*,*,#663,.F.);
#377=ORIENTED_EDGE('',*,*,#659,.F.);
#378=ORIENTED_EDGE('',*,*,#669,.T.);
#379=ORIENTED_EDGE('',*,*,#682,.T.);
#380=ORIENTED_EDGE('',*,*,#651,.F.);
#381=ORIENTED_EDGE('',*,*,#656,.F.);
#382=ORIENTED_EDGE('',*,*,#653,.F.);
#383=ORIENTED_EDGE('',*,*,#655,.F.);
#384=ORIENTED_EDGE('',*,*,#652,.F.);
#385=ORIENTED_EDGE('',*,*,#654,.F.);
#386=ORIENTED_EDGE('',*,*,#650,.F.);
#387=ORIENTED_EDGE('',*,*,#648,.F.);
#388=ORIENTED_EDGE('',*,*,#649,.F.);
#389=ORIENTED_EDGE('',*,*,#657,.T.);
#390=ORIENTED_EDGE('',*,*,#658,.T.);
#391=ORIENTED_EDGE('',*,*,#660,.T.);
#392=ORIENTED_EDGE('',*,*,#679,.T.);
#393=ORIENTED_EDGE('',*,*,#671,.T.);
#394=ORIENTED_EDGE('',*,*,#681,.T.);
#395=ORIENTED_EDGE('',*,*,#673,.T.);
#396=ORIENTED_EDGE('',*,*,#687,.T.);
#397=ORIENTED_EDGE('',*,*,#706,.F.);
#398=ORIENTED_EDGE('',*,*,#664,.F.);
#399=ORIENTED_EDGE('',*,*,#706,.T.);
#400=ORIENTED_EDGE('',*,*,#539,.T.);
#401=ORIENTED_EDGE('',*,*,#663,.T.);
#402=ORIENTED_EDGE('',*,*,#704,.F.);
#403=ORIENTED_EDGE('',*,*,#650,.T.);
#404=ORIENTED_EDGE('',*,*,#553,.F.);
#405=ORIENTED_EDGE('',*,*,#542,.F.);
#406=ORIENTED_EDGE('',*,*,#651,.T.);
#407=ORIENTED_EDGE('',*,*,#551,.F.);
#408=ORIENTED_EDGE('',*,*,#546,.T.);
#409=ORIENTED_EDGE('',*,*,#552,.T.);
#410=ORIENTED_EDGE('',*,*,#652,.T.);
#411=ORIENTED_EDGE('',*,*,#555,.F.);
#412=ORIENTED_EDGE('',*,*,#549,.T.);
#413=ORIENTED_EDGE('',*,*,#554,.T.);
#414=ORIENTED_EDGE('',*,*,#653,.T.);
#415=ORIENTED_EDGE('',*,*,#557,.F.);
#416=ORIENTED_EDGE('',*,*,#550,.T.);
#417=ORIENTED_EDGE('',*,*,#556,.T.);
#418=ORIENTED_EDGE('',*,*,#560,.T.);
#419=ORIENTED_EDGE('',*,*,#582,.T.);
#420=ORIENTED_EDGE('',*,*,#583,.T.);
#421=ORIENTED_EDGE('',*,*,#598,.T.);
#422=ORIENTED_EDGE('',*,*,#590,.T.);
#423=ORIENTED_EDGE('',*,*,#596,.T.);
#424=ORIENTED_EDGE('',*,*,#588,.T.);
#425=ORIENTED_EDGE('',*,*,#577,.T.);
#426=ORIENTED_EDGE('',*,*,#632,.F.);
#427=ORIENTED_EDGE('',*,*,#634,.F.);
#428=ORIENTED_EDGE('',*,*,#661,.F.);
#429=ORIENTED_EDGE('',*,*,#657,.F.);
#430=ORIENTED_EDGE('',*,*,#661,.T.);
#431=ORIENTED_EDGE('',*,*,#635,.F.);
#432=ORIENTED_EDGE('',*,*,#662,.F.);
#433=ORIENTED_EDGE('',*,*,#658,.F.);
#434=ORIENTED_EDGE('',*,*,#659,.T.);
#435=ORIENTED_EDGE('',*,*,#637,.F.);
#436=ORIENTED_EDGE('',*,*,#639,.F.);
#437=ORIENTED_EDGE('',*,*,#638,.T.);
#438=ORIENTED_EDGE('',*,*,#685,.T.);
#439=ORIENTED_EDGE('',*,*,#683,.T.);
#440=ORIENTED_EDGE('',*,*,#667,.T.);
#441=ORIENTED_EDGE('',*,*,#638,.F.);
#442=ORIENTED_EDGE('',*,*,#619,.F.);
#443=ORIENTED_EDGE('',*,*,#618,.F.);
#444=ORIENTED_EDGE('',*,*,#571,.T.);
#445=ORIENTED_EDGE('',*,*,#562,.T.);
#446=ORIENTED_EDGE('',*,*,#604,.F.);
#447=ORIENTED_EDGE('',*,*,#580,.F.);
#448=ORIENTED_EDGE('',*,*,#589,.F.);
#449=ORIENTED_EDGE('',*,*,#597,.F.);
#450=ORIENTED_EDGE('',*,*,#591,.F.);
#451=ORIENTED_EDGE('',*,*,#599,.F.);
#452=ORIENTED_EDGE('',*,*,#586,.F.);
#453=ORIENTED_EDGE('',*,*,#613,.F.);
#454=ORIENTED_EDGE('',*,*,#611,.F.);
#455=ORIENTED_EDGE('',*,*,#617,.T.);
#456=ORIENTED_EDGE('',*,*,#551,.T.);
#457=ORIENTED_EDGE('',*,*,#682,.F.);
#458=ORIENTED_EDGE('',*,*,#677,.T.);
#459=ORIENTED_EDGE('',*,*,#660,.F.);
#460=ORIENTED_EDGE('',*,*,#662,.T.);
#461=ORIENTED_EDGE('',*,*,#636,.F.);
#462=ORIENTED_EDGE('',*,*,#637,.T.);
#463=ORIENTED_EDGE('',*,*,#666,.F.);
#464=ORIENTED_EDGE('',*,*,#665,.T.);
#465=ORIENTED_EDGE('',*,*,#643,.T.);
#466=ORIENTED_EDGE('',*,*,#700,.T.);
#467=ORIENTED_EDGE('',*,*,#646,.T.);
#468=ORIENTED_EDGE('',*,*,#703,.T.);
#469=ORIENTED_EDGE('',*,*,#666,.T.);
#470=ORIENTED_EDGE('',*,*,#669,.F.);
#471=ORIENTED_EDGE('',*,*,#667,.F.);
#472=ORIENTED_EDGE('',*,*,#668,.T.);
#473=ORIENTED_EDGE('',*,*,#670,.T.);
#474=ORIENTED_EDGE('',*,*,#675,.F.);
#475=ORIENTED_EDGE('',*,*,#671,.F.);
#476=ORIENTED_EDGE('',*,*,#674,.F.);
#477=ORIENTED_EDGE('',*,*,#674,.T.);
#478=ORIENTED_EDGE('',*,*,#679,.F.);
#479=ORIENTED_EDGE('',*,*,#677,.F.);
#480=ORIENTED_EDGE('',*,*,#678,.T.);
#481=ORIENTED_EDGE('',*,*,#675,.T.);
#482=ORIENTED_EDGE('',*,*,#680,.T.);
#483=ORIENTED_EDGE('',*,*,#676,.F.);
#484=ORIENTED_EDGE('',*,*,#681,.F.);
#485=ORIENTED_EDGE('',*,*,#673,.F.);
#486=ORIENTED_EDGE('',*,*,#676,.T.);
#487=ORIENTED_EDGE('',*,*,#672,.T.);
#488=ORIENTED_EDGE('',*,*,#684,.F.);
#489=ORIENTED_EDGE('',*,*,#684,.T.);
#490=ORIENTED_EDGE('',*,*,#686,.T.);
#491=ORIENTED_EDGE('',*,*,#685,.F.);
#492=ORIENTED_EDGE('',*,*,#687,.F.);
#493=ORIENTED_EDGE('',*,*,#693,.T.);
#494=ORIENTED_EDGE('',*,*,#545,.T.);
#495=ORIENTED_EDGE('',*,*,#544,.F.);
#496=ORIENTED_EDGE('',*,*,#543,.F.);
#497=ORIENTED_EDGE('',*,*,#553,.T.);
#498=ORIENTED_EDGE('',*,*,#654,.T.);
#499=ORIENTED_EDGE('',*,*,#554,.F.);
#500=ORIENTED_EDGE('',*,*,#694,.T.);
#501=ORIENTED_EDGE('',*,*,#555,.T.);
#502=ORIENTED_EDGE('',*,*,#655,.T.);
#503=ORIENTED_EDGE('',*,*,#556,.F.);
#504=ORIENTED_EDGE('',*,*,#695,.T.);
#505=ORIENTED_EDGE('',*,*,#557,.T.);
#506=ORIENTED_EDGE('',*,*,#656,.T.);
#507=ORIENTED_EDGE('',*,*,#552,.F.);
#508=ORIENTED_EDGE('',*,*,#547,.T.);
#509=ORIENTED_EDGE('',*,*,#548,.F.);
#510=ORIENTED_EDGE('',*,*,#694,.F.);
#511=ORIENTED_EDGE('',*,*,#550,.F.);
#512=ORIENTED_EDGE('',*,*,#695,.F.);
#513=ORIENTED_EDGE('',*,*,#616,.F.);
#514=ORIENTED_EDGE('',*,*,#610,.F.);
#515=ORIENTED_EDGE('',*,*,#615,.T.);
#516=ORIENTED_EDGE('',*,*,#693,.F.);
#517=ORIENTED_EDGE('',*,*,#549,.F.);
#518=ORIENTED_EDGE('',*,*,#689,.T.);
#519=ORIENTED_EDGE('',*,*,#692,.T.);
#520=ORIENTED_EDGE('',*,*,#688,.F.);
#521=ORIENTED_EDGE('',*,*,#603,.F.);
#522=ORIENTED_EDGE('',*,*,#570,.F.);
#523=ORIENTED_EDGE('',*,*,#691,.T.);
#524=ORIENTED_EDGE('',*,*,#569,.F.);
#525=ORIENTED_EDGE('',*,*,#690,.T.);
#526=ORIENTED_EDGE('',*,*,#568,.F.);
#527=ORIENTED_EDGE('',*,*,#698,.T.);
#528=ORIENTED_EDGE('',*,*,#642,.F.);
#529=ORIENTED_EDGE('',*,*,#644,.F.);
#530=ORIENTED_EDGE('',*,*,#700,.F.);
#531=ORIENTED_EDGE('',*,*,#701,.T.);
#532=ORIENTED_EDGE('',*,*,#645,.F.);
#533=ORIENTED_EDGE('',*,*,#647,.F.);
#534=ORIENTED_EDGE('',*,*,#703,.F.);
#535=ORIENTED_EDGE('',*,*,#704,.T.);
#536=ORIENTED_EDGE('',*,*,#705,.T.);
#537=ORIENTED_EDGE('',*,*,#539,.F.);
#538=ORIENTED_EDGE('',*,*,#664,.T.);
#539=EDGE_CURVE('',#876,#875,#808,.T.);
#540=EDGE_CURVE('',#889,#878,#707,.T.);
#541=EDGE_CURVE('',#890,#879,#708,.T.);
#542=EDGE_CURVE('',#955,#877,#709,.T.);
#543=EDGE_CURVE('',#877,#878,#710,.T.);
#544=EDGE_CURVE('',#878,#879,#711,.T.);
#545=EDGE_CURVE('',#880,#879,#712,.T.);
#546=EDGE_CURVE('',#881,#882,#713,.T.);
#547=EDGE_CURVE('',#882,#883,#714,.T.);
#548=EDGE_CURVE('',#884,#883,#715,.T.);
#549=EDGE_CURVE('',#886,#885,#809,.T.);
#550=EDGE_CURVE('',#888,#887,#810,.T.);
#551=EDGE_CURVE('',#881,#950,#811,.T.);
#552=EDGE_CURVE('',#882,#958,#812,.T.);
#553=EDGE_CURVE('',#877,#957,#813,.T.);
#554=EDGE_CURVE('',#885,#959,#814,.T.);
#555=EDGE_CURVE('',#886,#960,#815,.T.);
#556=EDGE_CURVE('',#887,#961,#816,.T.);
#557=EDGE_CURVE('',#888,#962,#817,.T.);
#558=EDGE_CURVE('',#954,#889,#716,.T.);
#559=EDGE_CURVE('',#889,#890,#717,.T.);
#560=EDGE_CURVE('',#956,#909,#718,.T.);
#561=EDGE_CURVE('',#891,#892,#719,.T.);
#562=EDGE_CURVE('',#892,#920,#818,.T.);
#563=EDGE_CURVE('',#893,#891,#720,.T.);
#564=EDGE_CURVE('',#893,#894,#721,.T.);
#565=EDGE_CURVE('',#895,#896,#819,.T.);
#566=EDGE_CURVE('',#897,#898,#820,.T.);
#567=EDGE_CURVE('',#899,#900,#821,.T.);
#568=EDGE_CURVE('',#901,#902,#822,.T.);
#569=EDGE_CURVE('',#903,#904,#823,.T.);
#570=EDGE_CURVE('',#894,#922,#824,.T.);
#571=EDGE_CURVE('',#896,#892,#825,.T.);
#572=EDGE_CURVE('',#895,#891,#826,.T.);
#573=EDGE_CURVE('',#897,#901,#827,.T.);
#574=EDGE_CURVE('',#898,#902,#828,.T.);
#575=EDGE_CURVE('',#899,#903,#829,.T.);
#576=EDGE_CURVE('',#900,#904,#830,.T.);
#577=EDGE_CURVE('',#905,#906,#831,.T.);
#578=EDGE_CURVE('',#907,#923,#832,.T.);
#579=EDGE_CURVE('',#906,#907,#833,.T.);
#580=EDGE_CURVE('',#908,#925,#834,.T.);
#581=EDGE_CURVE('',#908,#905,#835,.T.);
#582=EDGE_CURVE('',#909,#910,#836,.T.);
#583=EDGE_CURVE('',#910,#914,#837,.T.);
#584=EDGE_CURVE('',#890,#926,#838,.T.);
#585=EDGE_CURVE('',#890,#909,#839,.T.);
#586=EDGE_CURVE('',#911,#915,#840,.T.);
#587=EDGE_CURVE('',#911,#910,#841,.T.);
#588=EDGE_CURVE('',#912,#905,#842,.T.);
#589=EDGE_CURVE('',#913,#908,#843,.T.);
#590=EDGE_CURVE('',#917,#916,#722,.T.);
#591=EDGE_CURVE('',#919,#918,#723,.T.);
#592=EDGE_CURVE('',#912,#913,#844,.T.);
#593=EDGE_CURVE('',#916,#918,#724,.T.);
#594=EDGE_CURVE('',#919,#917,#725,.T.);
#595=EDGE_CURVE('',#915,#914,#845,.T.);
#596=EDGE_CURVE('',#916,#912,#726,.T.);
#597=EDGE_CURVE('',#918,#913,#727,.T.);
#598=EDGE_CURVE('',#914,#917,#728,.T.);
#599=EDGE_CURVE('',#915,#919,#729,.T.);
#600=EDGE_CURVE('',#920,#921,#730,.T.);
#601=EDGE_CURVE('',#922,#921,#731,.T.);
#602=EDGE_CURVE('',#923,#924,#732,.T.);
#603=EDGE_CURVE('',#922,#924,#733,.T.);
#604=EDGE_CURVE('',#925,#920,#734,.T.);
#605=EDGE_CURVE('',#923,#925,#735,.T.);
#606=EDGE_CURVE('',#921,#893,#846,.T.);
#607=EDGE_CURVE('',#926,#927,#736,.T.);
#608=EDGE_CURVE('',#928,#929,#737,.T.);
#609=EDGE_CURVE('',#928,#930,#738,.T.);
#610=EDGE_CURVE('',#927,#930,#739,.T.);
#611=EDGE_CURVE('',#929,#931,#740,.T.);
#612=EDGE_CURVE('',#931,#926,#741,.T.);
#613=EDGE_CURVE('',#931,#911,#847,.T.);
#614=EDGE_CURVE('',#928,#883,#848,.T.);
#615=EDGE_CURVE('',#927,#880,#742,.T.);
#616=EDGE_CURVE('',#930,#884,#743,.T.);
#617=EDGE_CURVE('',#929,#881,#849,.T.);
#618=EDGE_CURVE('',#896,#932,#744,.T.);
#619=EDGE_CURVE('',#932,#942,#745,.T.);
#620=EDGE_CURVE('',#933,#934,#746,.T.);
#621=EDGE_CURVE('',#934,#944,#747,.T.);
#622=EDGE_CURVE('',#935,#897,#748,.T.);
#623=EDGE_CURVE('',#935,#936,#850,.T.);
#624=EDGE_CURVE('',#936,#898,#749,.T.);
#625=EDGE_CURVE('',#936,#937,#750,.T.);
#626=EDGE_CURVE('',#937,#899,#751,.T.);
#627=EDGE_CURVE('',#937,#938,#851,.T.);
#628=EDGE_CURVE('',#938,#900,#752,.T.);
#629=EDGE_CURVE('',#938,#939,#852,.T.);
#630=EDGE_CURVE('',#939,#895,#753,.T.);
#631=EDGE_CURVE('',#939,#932,#853,.T.);
#632=EDGE_CURVE('',#933,#906,#754,.T.);
#633=EDGE_CURVE('',#934,#907,#755,.T.);
#634=EDGE_CURVE('',#941,#933,#756,.T.);
#635=EDGE_CURVE('',#940,#941,#757,.T.);
#636=EDGE_CURVE('',#943,#940,#758,.T.);
#637=EDGE_CURVE('',#943,#952,#759,.T.);
#638=EDGE_CURVE('',#942,#951,#760,.T.);
#639=EDGE_CURVE('',#942,#943,#761,.T.);
#640=EDGE_CURVE('',#945,#935,#762,.T.);
#641=EDGE_CURVE('',#944,#945,#763,.T.);
#642=EDGE_CURVE('',#946,#981,#854,.T.);
#643=EDGE_CURVE('',#947,#980,#855,.T.);
#644=EDGE_CURVE('',#947,#946,#856,.T.);
#645=EDGE_CURVE('',#948,#983,#857,.T.);
#646=EDGE_CURVE('',#949,#982,#858,.T.);
#647=EDGE_CURVE('',#949,#948,#859,.T.);
#648=EDGE_CURVE('',#954,#955,#764,.T.);
#649=EDGE_CURVE('',#956,#954,#765,.T.);
#650=EDGE_CURVE('',#955,#957,#860,.T.);
#651=EDGE_CURVE('',#958,#950,#861,.T.);
#652=EDGE_CURVE('',#959,#960,#862,.T.);
#653=EDGE_CURVE('',#961,#962,#863,.T.);
#654=EDGE_CURVE('',#957,#959,#766,.T.);
#655=EDGE_CURVE('',#960,#961,#767,.T.);
#656=EDGE_CURVE('',#962,#958,#768,.T.);
#657=EDGE_CURVE('',#956,#963,#769,.T.);
#658=EDGE_CURVE('',#963,#953,#770,.T.);
#659=EDGE_CURVE('',#951,#952,#771,.T.);
#660=EDGE_CURVE('',#953,#972,#772,.T.);
#661=EDGE_CURVE('',#963,#941,#773,.T.);
#662=EDGE_CURVE('',#953,#940,#774,.T.);
#663=EDGE_CURVE('',#875,#985,#864,.T.);
#664=EDGE_CURVE('',#876,#984,#865,.T.);
#665=EDGE_CURVE('',#965,#973,#775,.T.);
#666=EDGE_CURVE('',#965,#952,#776,.T.);
#667=EDGE_CURVE('',#964,#951,#777,.T.);
#668=EDGE_CURVE('',#964,#965,#778,.T.);
#669=EDGE_CURVE('',#951,#952,#779,.T.);
#670=EDGE_CURVE('',#967,#966,#780,.T.);
#671=EDGE_CURVE('',#969,#968,#781,.T.);
#672=EDGE_CURVE('',#970,#976,#782,.T.);
#673=EDGE_CURVE('',#971,#977,#783,.T.);
#674=EDGE_CURVE('',#967,#969,#784,.T.);
#675=EDGE_CURVE('',#968,#966,#785,.T.);
#676=EDGE_CURVE('',#971,#970,#786,.T.);
#677=EDGE_CURVE('',#973,#972,#787,.T.);
#678=EDGE_CURVE('',#973,#967,#788,.T.);
#679=EDGE_CURVE('',#972,#969,#789,.T.);
#680=EDGE_CURVE('',#966,#970,#790,.T.);
#681=EDGE_CURVE('',#968,#971,#791,.T.);
#682=EDGE_CURVE('',#974,#950,#792,.T.);
#683=EDGE_CURVE('',#975,#964,#793,.T.);
#684=EDGE_CURVE('',#977,#976,#794,.T.);
#685=EDGE_CURVE('',#974,#975,#795,.T.);
#686=EDGE_CURVE('',#976,#975,#796,.T.);
#687=EDGE_CURVE('',#977,#974,#797,.T.);
#688=EDGE_CURVE('',#924,#978,#798,.T.);
#689=EDGE_CURVE('',#901,#979,#799,.T.);
#690=EDGE_CURVE('',#903,#902,#800,.T.);
#691=EDGE_CURVE('',#894,#904,#801,.T.);
#692=EDGE_CURVE('',#979,#978,#802,.T.);
#693=EDGE_CURVE('',#885,#880,#803,.T.);
#694=EDGE_CURVE('',#887,#886,#804,.T.);
#695=EDGE_CURVE('',#884,#888,#805,.T.);
#696=EDGE_CURVE('',#978,#944,#806,.T.);
#697=EDGE_CURVE('',#979,#945,#807,.T.);
#698=EDGE_CURVE('',#980,#981,#866,.T.);
#699=EDGE_CURVE('',#981,#946,#867,.T.);
#700=EDGE_CURVE('',#980,#947,#868,.T.);
#701=EDGE_CURVE('',#982,#983,#869,.T.);
#702=EDGE_CURVE('',#983,#948,#870,.T.);
#703=EDGE_CURVE('',#982,#949,#871,.T.);
#704=EDGE_CURVE('',#984,#985,#872,.T.);
#705=EDGE_CURVE('',#985,#875,#873,.T.);
#706=EDGE_CURVE('',#984,#876,#874,.T.);
#707=B_SPLINE_CURVE_WITH_KNOTS('',1,(#1691,#1692),.UNSPECIFIED.,.F.,.F.,
(2,2),(0.,3.89178010475884),.UNSPECIFIED.);
#708=B_SPLINE_CURVE_WITH_KNOTS('',1,(#1693,#1694),.UNSPECIFIED.,.F.,.F.,
(2,2),(0.,3.89178010475881),.UNSPECIFIED.);
#709=B_SPLINE_CURVE_WITH_KNOTS('',3,(#1695,#1696,#1697,#1698),
 .UNSPECIFIED.,.F.,.F.,(4,4),(0.,0.425631543955525),.UNSPECIFIED.);
#710=B_SPLINE_CURVE_WITH_KNOTS('',5,(#1699,#1700,#1701,#1702,#1703,#1704),
 .UNSPECIFIED.,.F.,.F.,(6,6),(0.417388267310561,1.88284271247462),
 .UNSPECIFIED.);
#711=B_SPLINE_CURVE_WITH_KNOTS('',1,(#1705,#1706),.UNSPECIFIED.,.F.,.F.,
(2,2),(-1.00507710217779,-0.999974740785185),.UNSPECIFIED.);
#712=B_SPLINE_CURVE_WITH_KNOTS('',5,(#1707,#1708,#1709,#1710,#1711,#1712),
 .UNSPECIFIED.,.F.,.F.,(6,6),(0.846916050818719,1.88284271247462),
 .UNSPECIFIED.);
#713=B_SPLINE_CURVE_WITH_KNOTS('',3,(#1713,#1714,#1715,#1716),
 .UNSPECIFIED.,.F.,.F.,(4,4),(0.,0.384791913701359),.UNSPECIFIED.);
#714=B_SPLINE_CURVE_WITH_KNOTS('',3,(#1717,#1718,#1719,#1720),
 .UNSPECIFIED.,.F.,.F.,(4,4),(0.,0.497007386406209),.UNSPECIFIED.);
#715=B_SPLINE_CURVE_WITH_KNOTS('',3,(#1721,#1722,#1723,#1724),
 .UNSPECIFIED.,.F.,.F.,(4,4),(9.69627942182025E-6,0.00195331190461809),
 .UNSPECIFIED.);
#716=B_SPLINE_CURVE_WITH_KNOTS('',5,(#1766,#1767,#1768,#1769,#1770,#1771),
 .UNSPECIFIED.,.F.,.F.,(6,6),(0.,1.88284271247462),.UNSPECIFIED.);
#717=B_SPLINE_CURVE_WITH_KNOTS('',1,(#1772,#1773),.UNSPECIFIED.,.F.,.F.,
(2,2),(1.,1.00505184296297),.UNSPECIFIED.);
#718=B_SPLINE_CURVE_WITH_KNOTS('',1,(#1774,#1775),.UNSPECIFIED.,.F.,.F.,
(2,2),(3.,4.00505184295903),.UNSPECIFIED.);
#719=B_SPLINE_CURVE_WITH_KNOTS('',3,(#1776,#1777,#1778,#1779),
 .UNSPECIFIED.,.F.,.F.,(4,4),(0.,0.384791913701349),.UNSPECIFIED.);
#720=B_SPLINE_CURVE_WITH_KNOTS('',3,(#1782,#1783,#1784,#1785),
 .UNSPECIFIED.,.F.,.F.,(4,4),(0.0213149219325805,0.518322308338852),
 .UNSPECIFIED.);
#721=B_SPLINE_CURVE_WITH_KNOTS('',3,(#1786,#1787,#1788,#1789),
 .UNSPECIFIED.,.F.,.F.,(4,4),(0.,0.00752628823104714),.UNSPECIFIED.);
#722=B_SPLINE_CURVE_WITH_KNOTS('',1,(#1914,#1915),.UNSPECIFIED.,.F.,.F.,
(2,2),(5.17587223620892,10.8291796067505),.UNSPECIFIED.);
#723=B_SPLINE_CURVE_WITH_KNOTS('',1,(#1916,#1917),.UNSPECIFIED.,.F.,.F.,
(2,2),(5.17587223620891,10.8291796067505),.UNSPECIFIED.);
#724=B_SPLINE_CURVE_WITH_KNOTS('',1,(#1920,#1921),.UNSPECIFIED.,.F.,.F.,
(2,2),(0.,26.3984687830289),.UNSPECIFIED.);
#725=B_SPLINE_CURVE_WITH_KNOTS('',1,(#1922,#1923),.UNSPECIFIED.,.F.,.F.,
(2,2),(0.,26.3984687830289),.UNSPECIFIED.);
#726=B_SPLINE_CURVE_WITH_KNOTS('',5,(#1926,#1927,#1928,#1929,#1930,#1931),
 .UNSPECIFIED.,.F.,.F.,(6,6),(-0.292770046533556,0.),.UNSPECIFIED.);
#727=B_SPLINE_CURVE_WITH_KNOTS('',5,(#1932,#1933,#1934,#1935,#1936,#1937),
 .UNSPECIFIED.,.F.,.F.,(6,6),(-0.292770046533556,0.),.UNSPECIFIED.);
#728=B_SPLINE_CURVE_WITH_KNOTS('',5,(#1938,#1939,#1940,#1941,#1942,#1943),
 .UNSPECIFIED.,.F.,.F.,(6,6),(0.,0.292770046533559),.UNSPECIFIED.);
#729=B_SPLINE_CURVE_WITH_KNOTS('',5,(#1944,#1945,#1946,#1947,#1948,#1949),
 .UNSPECIFIED.,.F.,.F.,(6,6),(0.,0.292770046533559),.UNSPECIFIED.);
#730=B_SPLINE_CURVE_WITH_KNOTS('',3,(#1950,#1951,#1952,#1953,#1954,#1955,
#1956,#1957,#1958,#1959,#1960,#1961,#1962,#1963,#1964,#1965),
 .UNSPECIFIED.,.F.,.F.,(4,2,2,2,2,2,2,4),(0.00570880872736687,0.0294654891852358,
0.0532220206019098,0.10076078097155,0.195947407833339,0.385767214462662,
0.571887117313237,0.749517611561243),.UNSPECIFIED.);
#731=B_SPLINE_CURVE_WITH_KNOTS('',3,(#1966,#1967,#1968,#1969),
 .UNSPECIFIED.,.F.,.F.,(4,4),(4.84528804590756E-5,0.0097569380942261),
 .UNSPECIFIED.);
#732=B_SPLINE_CURVE_WITH_KNOTS('',1,(#1970,#1971),.UNSPECIFIED.,.F.,.F.,
(2,2),(0.37407193430199,0.993019437260298),.UNSPECIFIED.);
#733=B_SPLINE_CURVE_WITH_KNOTS('',1,(#1972,#1973),.UNSPECIFIED.,.F.,.F.,
(2,2),(-48.2677843118278,-26.3159647182731),.UNSPECIFIED.);
#734=B_SPLINE_CURVE_WITH_KNOTS('',1,(#1974,#1975),.UNSPECIFIED.,.F.,.F.,
(2,2),(0.374071934301997,0.376916185562016),.UNSPECIFIED.);
#735=B_SPLINE_CURVE_WITH_KNOTS('',1,(#1976,#1977),.UNSPECIFIED.,.F.,.F.,
(2,2),(26.3159647182731,48.7491117703951),.UNSPECIFIED.);
#736=B_SPLINE_CURVE_WITH_KNOTS('',3,(#1980,#1981,#1982,#1983,#1984,#1985),
 .UNSPECIFIED.,.F.,.F.,(4,2,4),(0.30569582408481,0.429754499639312,0.86133339177486),
 .UNSPECIFIED.);
#737=B_SPLINE_CURVE_WITH_KNOTS('',3,(#1986,#1987,#1988,#1989,#1990,#1991,
#1992,#1993,#1994,#1995,#1996,#1997,#1998,#1999,#2000,#2001),
 .UNSPECIFIED.,.F.,.F.,(4,2,2,2,2,2,2,4),(0.00852202510187047,0.186152519350175,
0.372272422200886,0.562092228830402,0.657278855692285,0.70481761606187,
0.728574147477973,0.752330827935677),.UNSPECIFIED.);
#738=B_SPLINE_CURVE_WITH_KNOTS('',3,(#2002,#2003,#2004,#2005),
 .UNSPECIFIED.,.F.,.F.,(4,4),(0.,0.00252085811625028),.UNSPECIFIED.);
#739=B_SPLINE_CURVE_WITH_KNOTS('',1,(#2006,#2007),.UNSPECIFIED.,.F.,.F.,
(2,2),(26.5574302434099,48.2694154338096),.UNSPECIFIED.);
#740=B_SPLINE_CURVE_WITH_KNOTS('',1,(#2008,#2009),.UNSPECIFIED.,.F.,.F.,
(2,2),(-0.376916185563811,-0.374071934301989),.UNSPECIFIED.);
#741=B_SPLINE_CURVE_WITH_KNOTS('',1,(#2010,#2011),.UNSPECIFIED.,.F.,.F.,
(2,2),(-48.749111770395,-26.3483799490086),.UNSPECIFIED.);
#742=B_SPLINE_CURVE_WITH_KNOTS('',1,(#2019,#2020),.UNSPECIFIED.,.F.,.F.,
(2,2),(0.842022270811297,3.89178010475885),.UNSPECIFIED.);
#743=B_SPLINE_CURVE_WITH_KNOTS('',1,(#2021,#2022),.UNSPECIFIED.,.F.,.F.,
(2,2),(-3.44435375661149,-2.83255539157551),.UNSPECIFIED.);
#744=B_SPLINE_CURVE_WITH_KNOTS('',1,(#2025,#2026),.UNSPECIFIED.,.F.,.F.,
(2,2),(0.,2.),.UNSPECIFIED.);
#745=B_SPLINE_CURVE_WITH_KNOTS('',1,(#2027,#2028),.UNSPECIFIED.,.F.,.F.,
(2,2),(0.,3.07383519964903),.UNSPECIFIED.);
#746=B_SPLINE_CURVE_WITH_KNOTS('',1,(#2029,#2030),.UNSPECIFIED.,.F.,.F.,
(2,2),(32.2423290363466,36.4481447618024),.UNSPECIFIED.);
#747=B_SPLINE_CURVE_WITH_KNOTS('',1,(#2031,#2032),.UNSPECIFIED.,.F.,.F.,
(2,2),(8.73084205487782,11.591640824819),.UNSPECIFIED.);
#748=B_SPLINE_CURVE_WITH_KNOTS('',1,(#2033,#2034),.UNSPECIFIED.,.F.,.F.,
(2,2),(-2.,0.),.UNSPECIFIED.);
#749=B_SPLINE_CURVE_WITH_KNOTS('',1,(#2056,#2057),.UNSPECIFIED.,.F.,.F.,
(2,2),(-2.,0.),.UNSPECIFIED.);
#750=B_SPLINE_CURVE_WITH_KNOTS('',1,(#2058,#2059),.UNSPECIFIED.,.F.,.F.,
(2,2),(-14.5537092004766,-5.83590994946956),.UNSPECIFIED.);
#751=B_SPLINE_CURVE_WITH_KNOTS('',1,(#2060,#2061),.UNSPECIFIED.,.F.,.F.,
(2,2),(-2.,0.),.UNSPECIFIED.);
#752=B_SPLINE_CURVE_WITH_KNOTS('',1,(#2068,#2069),.UNSPECIFIED.,.F.,.F.,
(2,2),(-2.,0.),.UNSPECIFIED.);
#753=B_SPLINE_CURVE_WITH_KNOTS('',1,(#2076,#2077),.UNSPECIFIED.,.F.,.F.,
(2,2),(-2.,0.),.UNSPECIFIED.);
#754=B_SPLINE_CURVE_WITH_KNOTS('',1,(#2084,#2085),.UNSPECIFIED.,.F.,.F.,
(2,2),(0.,2.99494815703704),.UNSPECIFIED.);
#755=B_SPLINE_CURVE_WITH_KNOTS('',1,(#2086,#2087),.UNSPECIFIED.,.F.,.F.,
(2,2),(0.,2.99494815703705),.UNSPECIFIED.);
#756=B_SPLINE_CURVE_WITH_KNOTS('',1,(#2088,#2089),.UNSPECIFIED.,.F.,.F.,
(2,2),(31.0602739585108,32.2423290363466),.UNSPECIFIED.);
#757=B_SPLINE_CURVE_WITH_KNOTS('',1,(#2090,#2091),.UNSPECIFIED.,.F.,.F.,
(2,2),(-2.82842712474619,0.),.UNSPECIFIED.);
#758=B_SPLINE_CURVE_WITH_KNOTS('',1,(#2092,#2093),.UNSPECIFIED.,.F.,.F.,
(2,2),(2.,24.3984687830289),.UNSPECIFIED.);
#759=B_SPLINE_CURVE_WITH_KNOTS('',1,(#2094,#2095),.UNSPECIFIED.,.F.,.F.,
(2,2),(0.,11.9949481570374),.UNSPECIFIED.);
#760=B_SPLINE_CURVE_WITH_KNOTS('',1,(#2096,#2097),.UNSPECIFIED.,.F.,.F.,
(2,2),(4.62886770533717E-15,11.9949481570374),.UNSPECIFIED.);
#761=B_SPLINE_CURVE_WITH_KNOTS('',1,(#2098,#2099),.UNSPECIFIED.,.F.,.F.,
(2,2),(-2.82842712474619,0.),.UNSPECIFIED.);
#762=B_SPLINE_CURVE_WITH_KNOTS('',1,(#2100,#2101),.UNSPECIFIED.,.F.,.F.,
(2,2),(-24.9197245723146,-18.2896835737166),.UNSPECIFIED.);
#763=B_SPLINE_CURVE_WITH_KNOTS('',1,(#2102,#2103),.UNSPECIFIED.,.F.,.F.,
(2,2),(0.,1.),.UNSPECIFIED.);
#764=B_SPLINE_CURVE_WITH_KNOTS('',1,(#2128,#2129),.UNSPECIFIED.,.F.,.F.,
(2,2),(0.,3.89989552881044),.UNSPECIFIED.);
#765=B_SPLINE_CURVE_WITH_KNOTS('',1,(#2130,#2131),.UNSPECIFIED.,.F.,.F.,
(2,2),(50.0608889356557,53.0262106665626),.UNSPECIFIED.);
#766=B_SPLINE_CURVE_WITH_KNOTS('',1,(#2171,#2172),.UNSPECIFIED.,.F.,.F.,
(2,2),(0.,8.20605395073505),.UNSPECIFIED.);
#767=B_SPLINE_CURVE_WITH_KNOTS('',1,(#2173,#2174),.UNSPECIFIED.,.F.,.F.,
(2,2),(0.,8.71779925100699),.UNSPECIFIED.);
#768=B_SPLINE_CURVE_WITH_KNOTS('',1,(#2175,#2176),.UNSPECIFIED.,.F.,.F.,
(2,2),(1.87894554090466E-15,2.00000000000136),.UNSPECIFIED.);
#769=B_SPLINE_CURVE_WITH_KNOTS('',1,(#2177,#2178),.UNSPECIFIED.,.F.,.F.,
(2,2),(-3.18205507783581,-2.),.UNSPECIFIED.);
#770=B_SPLINE_CURVE_WITH_KNOTS('',1,(#2179,#2180),.UNSPECIFIED.,.F.,.F.,
(2,2),(0.,2.82842712474619),.UNSPECIFIED.);
#771=B_SPLINE_CURVE_WITH_KNOTS('',1,(#2181,#2182),.UNSPECIFIED.,.F.,.F.,
(2,2),(-2.82842712474619,0.),.UNSPECIFIED.);
#772=B_SPLINE_CURVE_WITH_KNOTS('',1,(#2183,#2184),.UNSPECIFIED.,.F.,.F.,
(2,2),(18.913551540565,20.8515838863699),.UNSPECIFIED.);
#773=B_SPLINE_CURVE_WITH_KNOTS('',1,(#2185,#2186),.UNSPECIFIED.,.F.,.F.,
(2,2),(3.,14.9949481570374),.UNSPECIFIED.);
#774=B_SPLINE_CURVE_WITH_KNOTS('',1,(#2187,#2188),.UNSPECIFIED.,.F.,.F.,
(2,2),(3.,14.9949481570374),.UNSPECIFIED.);
#775=B_SPLINE_CURVE_WITH_KNOTS('',1,(#2201,#2202,#2203),.UNSPECIFIED.,.F.,
 .F.,(2,1,2),(12.8183126851865,18.913551540565,20.8515838863699),
 .UNSPECIFIED.);
#776=B_SPLINE_CURVE_WITH_KNOTS('',1,(#2204,#2205),.UNSPECIFIED.,.F.,.F.,
(2,2),(0.,3.),.UNSPECIFIED.);
#777=B_SPLINE_CURVE_WITH_KNOTS('',1,(#2206,#2207),.UNSPECIFIED.,.F.,.F.,
(2,2),(2.17603712826531E-15,3.),.UNSPECIFIED.);
#778=B_SPLINE_CURVE_WITH_KNOTS('',1,(#2208,#2209),.UNSPECIFIED.,.F.,.F.,
(2,2),(-2.8284271247462,0.),.UNSPECIFIED.);
#779=B_SPLINE_CURVE_WITH_KNOTS('',1,(#2210,#2211),.UNSPECIFIED.,.F.,.F.,
(2,2),(-2.8284271247462,0.),.UNSPECIFIED.);
#780=B_SPLINE_CURVE_WITH_KNOTS('',1,(#2212,#2213),.UNSPECIFIED.,.F.,.F.,
(2,2),(23.3958388454407,31.6698965715564),.UNSPECIFIED.);
#781=B_SPLINE_CURVE_WITH_KNOTS('',1,(#2214,#2215),.UNSPECIFIED.,.F.,.F.,
(2,2),(23.3958388454407,31.6698965715564),.UNSPECIFIED.);
#782=B_SPLINE_CURVE_WITH_KNOTS('',1,(#2216,#2217),.UNSPECIFIED.,.F.,.F.,
(2,2),(34.2141515306273,42.2474227318106),.UNSPECIFIED.);
#783=B_SPLINE_CURVE_WITH_KNOTS('',1,(#2218,#2219),.UNSPECIFIED.,.F.,.F.,
(2,2),(34.2141515306273,42.2474227318106),.UNSPECIFIED.);
#784=B_SPLINE_CURVE_WITH_KNOTS('',1,(#2220,#2221),.UNSPECIFIED.,.F.,.F.,
(2,2),(0.,3.),.UNSPECIFIED.);
#785=B_SPLINE_CURVE_WITH_KNOTS('',1,(#2222,#2223),.UNSPECIFIED.,.F.,.F.,
(2,2),(0.,3.),.UNSPECIFIED.);
#786=B_SPLINE_CURVE_WITH_KNOTS('',1,(#2224,#2225),.UNSPECIFIED.,.F.,.F.,
(2,2),(0.,3.),.UNSPECIFIED.);
#787=B_SPLINE_CURVE_WITH_KNOTS('',1,(#2226,#2227),.UNSPECIFIED.,.F.,.F.,
(2,2),(0.,3.),.UNSPECIFIED.);
#788=B_SPLINE_CURVE_WITH_KNOTS('',1,(#2228,#2229),.UNSPECIFIED.,.F.,.F.,
(2,2),(-2.82842712474619,0.),.UNSPECIFIED.);
#789=B_SPLINE_CURVE_WITH_KNOTS('',1,(#2230,#2231),.UNSPECIFIED.,.F.,.F.,
(2,2),(-2.82842712474619,0.),.UNSPECIFIED.);
#790=B_SPLINE_CURVE_WITH_KNOTS('',1,(#2232,#2233),.UNSPECIFIED.,.F.,.F.,
(2,2),(0.,2.82842712474622),.UNSPECIFIED.);
#791=B_SPLINE_CURVE_WITH_KNOTS('',1,(#2234,#2235),.UNSPECIFIED.,.F.,.F.,
(2,2),(0.,2.82842712474622),.UNSPECIFIED.);
#792=B_SPLINE_CURVE_WITH_KNOTS('',1,(#2236,#2237),.UNSPECIFIED.,.F.,.F.,
(2,2),(2.,7.20022252646667),.UNSPECIFIED.);
#793=B_SPLINE_CURVE_WITH_KNOTS('',1,(#2238,#2239,#2240),.UNSPECIFIED.,.F.,
 .F.,(2,1,2),(2.,7.20022252646667,10.2740577261157),.UNSPECIFIED.);
#794=B_SPLINE_CURVE_WITH_KNOTS('',1,(#2241,#2242),.UNSPECIFIED.,.F.,.F.,
(2,2),(0.,3.),.UNSPECIFIED.);
#795=B_SPLINE_CURVE_WITH_KNOTS('',1,(#2243,#2244),.UNSPECIFIED.,.F.,.F.,
(2,2),(0.,3.),.UNSPECIFIED.);
#796=B_SPLINE_CURVE_WITH_KNOTS('',1,(#2245,#2246),.UNSPECIFIED.,.F.,.F.,
(2,2),(0.,2.82842712474618),.UNSPECIFIED.);
#797=B_SPLINE_CURVE_WITH_KNOTS('',1,(#2247,#2248),.UNSPECIFIED.,.F.,.F.,
(2,2),(0.,2.82842712474618),.UNSPECIFIED.);
#798=B_SPLINE_CURVE_WITH_KNOTS('',1,(#2249,#2250),.UNSPECIFIED.,.F.,.F.,
(2,2),(0.846813884144066,2.89178010475882),.UNSPECIFIED.);
#799=B_SPLINE_CURVE_WITH_KNOTS('',1,(#2251,#2252),.UNSPECIFIED.,.F.,.F.,
(2,2),(17.28285615117,23.912897149768),.UNSPECIFIED.);
#800=B_SPLINE_CURVE_WITH_KNOTS('',1,(#2253,#2254),.UNSPECIFIED.,.F.,.F.,
(2,2),(4.829082526923,13.54688177793),.UNSPECIFIED.);
#801=B_SPLINE_CURVE_WITH_KNOTS('',1,(#2255,#2256),.UNSPECIFIED.,.F.,.F.,
(2,2),(-1.6417579641589,-1.77635683940146E-15),.UNSPECIFIED.);
#802=B_SPLINE_CURVE_WITH_KNOTS('',1,(#2257,#2258),.UNSPECIFIED.,.F.,.F.,
(2,2),(-1.,0.),.UNSPECIFIED.);
#803=B_SPLINE_CURVE_WITH_KNOTS('',1,(#2259,#2260),.UNSPECIFIED.,.F.,.F.,
(2,2),(-8.20605395073505,-0.817478477273804),.UNSPECIFIED.);
#804=B_SPLINE_CURVE_WITH_KNOTS('',1,(#2261,#2262),.UNSPECIFIED.,.F.,.F.,
(2,2),(-8.71779925100699,0.),.UNSPECIFIED.);
#805=B_SPLINE_CURVE_WITH_KNOTS('',1,(#2263,#2264),.UNSPECIFIED.,.F.,.F.,
(2,2),(-1.64406471898737,-1.38777878078238E-15),.UNSPECIFIED.);
#806=B_SPLINE_CURVE_WITH_KNOTS('',1,(#2265,#2266),.UNSPECIFIED.,.F.,.F.,
(2,2),(0.139999999999999,3.99892024239722),.UNSPECIFIED.);
#807=B_SPLINE_CURVE_WITH_KNOTS('',1,(#2267,#2268),.UNSPECIFIED.,.F.,.F.,
(2,2),(0.139999999999998,3.99892024239722),.UNSPECIFIED.);
#808=(
BOUNDED_CURVE()
B_SPLINE_CURVE(1,(#1689,#1690),.UNSPECIFIED.,.F.,.F.)
B_SPLINE_CURVE_WITH_KNOTS((2,2),(3.,5.99999999999999),.UNSPECIFIED.)
CURVE()
GEOMETRIC_REPRESENTATION_ITEM()
RATIONAL_B_SPLINE_CURVE((1.,1.))
REPRESENTATION_ITEM('')
);
#809=(
BOUNDED_CURVE()
B_SPLINE_CURVE(5,(#1725,#1726,#1727,#1728,#1729,#1730,#1731,#1732,#1733,
#1734,#1735,#1736,#1737,#1738,#1739,#1740,#1741,#1742,#1743,#1744,#1745),
 .UNSPECIFIED.,.F.,.F.)
B_SPLINE_CURVE_WITH_KNOTS((6,5,5,5,6),(-65.9364911203477,-65.0533054403348,
-63.7833335428918,-62.5133616454488,-61.6301759654359),.UNSPECIFIED.)
CURVE()
GEOMETRIC_REPRESENTATION_ITEM()
RATIONAL_B_SPLINE_CURVE((1.,1.,1.,1.,1.,1.,0.965822934755939,0.948734402133909,
0.948734402133909,0.965822934755939,1.,0.965822934755939,0.948734402133909,
0.948734402133909,0.965822934755939,1.,1.,1.,1.,1.,1.))
REPRESENTATION_ITEM('')
);
#810=(
BOUNDED_CURVE()
B_SPLINE_CURVE(5,(#1746,#1747,#1748,#1749,#1750,#1751),.UNSPECIFIED.,.F.,
 .F.)
B_SPLINE_CURVE_WITH_KNOTS((6,6),(-75.4701054440968,-74.6542903713547),
 .UNSPECIFIED.)
CURVE()
GEOMETRIC_REPRESENTATION_ITEM()
RATIONAL_B_SPLINE_CURVE((1.,1.,1.,1.,1.,1.))
REPRESENTATION_ITEM('')
);
#811=(
BOUNDED_CURVE()
B_SPLINE_CURVE(1,(#1752,#1753),.UNSPECIFIED.,.F.,.F.)
B_SPLINE_CURVE_WITH_KNOTS((2,2),(16.4949477137341,17.9999995566971),
 .UNSPECIFIED.)
CURVE()
GEOMETRIC_REPRESENTATION_ITEM()
RATIONAL_B_SPLINE_CURVE((1.,1.))
REPRESENTATION_ITEM('')
);
#812=(
BOUNDED_CURVE()
B_SPLINE_CURVE(1,(#1754,#1755),.UNSPECIFIED.,.F.,.F.)
B_SPLINE_CURVE_WITH_KNOTS((2,2),(16.4399314086792,17.9999995566971),
 .UNSPECIFIED.)
CURVE()
GEOMETRIC_REPRESENTATION_ITEM()
RATIONAL_B_SPLINE_CURVE((1.,1.))
REPRESENTATION_ITEM('')
);
#813=(
BOUNDED_CURVE()
B_SPLINE_CURVE(1,(#1756,#1757),.UNSPECIFIED.,.F.,.F.)
B_SPLINE_CURVE_WITH_KNOTS((2,2),(17.9806269287409,17.9999995566971),
 .UNSPECIFIED.)
CURVE()
GEOMETRIC_REPRESENTATION_ITEM()
RATIONAL_B_SPLINE_CURVE((1.,1.))
REPRESENTATION_ITEM('')
);
#814=(
BOUNDED_CURVE()
B_SPLINE_CURVE(1,(#1758,#1759),.UNSPECIFIED.,.F.,.F.)
B_SPLINE_CURVE_WITH_KNOTS((2,2),(16.1360274713371,17.9999995566971),
 .UNSPECIFIED.)
CURVE()
GEOMETRIC_REPRESENTATION_ITEM()
RATIONAL_B_SPLINE_CURVE((1.,1.))
REPRESENTATION_ITEM('')
);
#815=(
BOUNDED_CURVE()
B_SPLINE_CURVE(1,(#1760,#1761),.UNSPECIFIED.,.F.,.F.)
B_SPLINE_CURVE_WITH_KNOTS((2,2),(16.1360274713371,17.9999995566971),
 .UNSPECIFIED.)
CURVE()
GEOMETRIC_REPRESENTATION_ITEM()
RATIONAL_B_SPLINE_CURVE((1.,1.))
REPRESENTATION_ITEM('')
);
#816=(
BOUNDED_CURVE()
B_SPLINE_CURVE(1,(#1762,#1763),.UNSPECIFIED.,.F.,.F.)
B_SPLINE_CURVE_WITH_KNOTS((2,2),(16.1360274713371,17.9999995566971),
 .UNSPECIFIED.)
CURVE()
GEOMETRIC_REPRESENTATION_ITEM()
RATIONAL_B_SPLINE_CURVE((1.,1.))
REPRESENTATION_ITEM('')
);
#817=(
BOUNDED_CURVE()
B_SPLINE_CURVE(1,(#1764,#1765),.UNSPECIFIED.,.F.,.F.)
B_SPLINE_CURVE_WITH_KNOTS((2,2),(16.1360274713371,17.9999995566971),
 .UNSPECIFIED.)
CURVE()
GEOMETRIC_REPRESENTATION_ITEM()
RATIONAL_B_SPLINE_CURVE((1.,1.))
REPRESENTATION_ITEM('')
);
#818=(
BOUNDED_CURVE()
B_SPLINE_CURVE(1,(#1780,#1781),.UNSPECIFIED.,.F.,.F.)
B_SPLINE_CURVE_WITH_KNOTS((2,2),(11.0000004843191,12.3901899256605),
 .UNSPECIFIED.)
CURVE()
GEOMETRIC_REPRESENTATION_ITEM()
RATIONAL_B_SPLINE_CURVE((1.,1.))
REPRESENTATION_ITEM('')
);
#819=(
BOUNDED_CURVE()
B_SPLINE_CURVE(5,(#1790,#1791,#1792,#1793,#1794,#1795),.UNSPECIFIED.,.F.,
 .F.)
B_SPLINE_CURVE_WITH_KNOTS((6,6),(0.,0.374574753561838),.UNSPECIFIED.)
CURVE()
GEOMETRIC_REPRESENTATION_ITEM()
RATIONAL_B_SPLINE_CURVE((1.,1.,1.,1.,1.,1.))
REPRESENTATION_ITEM('')
);
#820=(
BOUNDED_CURVE()
B_SPLINE_CURVE(5,(#1796,#1797,#1798,#1799,#1800,#1801,#1802,#1803,#1804,
#1805,#1806,#1807,#1808,#1809,#1810,#1811,#1812,#1813,#1814,#1815,#1816),
 .UNSPECIFIED.,.F.,.F.)
B_SPLINE_CURVE_WITH_KNOTS((6,5,5,5,6),(61.6301759654359,62.5133616454488,
63.7833335428918,65.0533054403348,65.9364911203477),.UNSPECIFIED.)
CURVE()
GEOMETRIC_REPRESENTATION_ITEM()
RATIONAL_B_SPLINE_CURVE((1.,1.,1.,1.,1.,1.,0.965822934755939,0.948734402133909,
0.948734402133909,0.965822934755939,1.,0.965822934755939,0.948734402133909,
0.948734402133909,0.965822934755939,1.,1.,1.,1.,1.,1.))
REPRESENTATION_ITEM('')
);
#821=(
BOUNDED_CURVE()
B_SPLINE_CURVE(5,(#1817,#1818,#1819,#1820,#1821,#1822),.UNSPECIFIED.,.F.,
 .F.)
B_SPLINE_CURVE_WITH_KNOTS((6,6),(74.6542903713547,75.4701054440968),
 .UNSPECIFIED.)
CURVE()
GEOMETRIC_REPRESENTATION_ITEM()
RATIONAL_B_SPLINE_CURVE((1.,1.,1.,1.,1.,1.))
REPRESENTATION_ITEM('')
);
#822=(
BOUNDED_CURVE()
B_SPLINE_CURVE(5,(#1823,#1824,#1825,#1826,#1827,#1828,#1829,#1830,#1831,
#1832,#1833,#1834,#1835,#1836,#1837,#1838,#1839,#1840,#1841,#1842,#1843),
 .UNSPECIFIED.,.F.,.F.)
B_SPLINE_CURVE_WITH_KNOTS((6,5,5,5,6),(61.6301759654359,62.5133616454488,
63.7833335428918,65.0533054403348,65.9364911203477),.UNSPECIFIED.)
CURVE()
GEOMETRIC_REPRESENTATION_ITEM()
RATIONAL_B_SPLINE_CURVE((1.,1.,1.,1.,1.,1.,0.965822934755939,0.948734402133909,
0.948734402133909,0.965822934755939,1.,0.965822934755939,0.948734402133909,
0.948734402133909,0.965822934755939,1.,1.,1.,1.,1.,1.))
REPRESENTATION_ITEM('')
);
#823=(
BOUNDED_CURVE()
B_SPLINE_CURVE(5,(#1844,#1845,#1846,#1847,#1848,#1849),.UNSPECIFIED.,.F.,
 .F.)
B_SPLINE_CURVE_WITH_KNOTS((6,6),(74.6542903713547,75.4701054440968),
 .UNSPECIFIED.)
CURVE()
GEOMETRIC_REPRESENTATION_ITEM()
RATIONAL_B_SPLINE_CURVE((1.,1.,1.,1.,1.,1.))
REPRESENTATION_ITEM('')
);
#824=(
BOUNDED_CURVE()
B_SPLINE_CURVE(1,(#1850,#1851),.UNSPECIFIED.,.F.,.F.)
B_SPLINE_CURVE_WITH_KNOTS((2,2),(-2.4379886964221,-0.846813884144063),
 .UNSPECIFIED.)
CURVE()
GEOMETRIC_REPRESENTATION_ITEM()
RATIONAL_B_SPLINE_CURVE((1.,1.))
REPRESENTATION_ITEM('')
);
#825=(
BOUNDED_CURVE()
B_SPLINE_CURVE(1,(#1852,#1853),.UNSPECIFIED.,.F.,.F.)
B_SPLINE_CURVE_WITH_KNOTS((2,2),(8.00505139965966,9.49999955669666),
 .UNSPECIFIED.)
CURVE()
GEOMETRIC_REPRESENTATION_ITEM()
RATIONAL_B_SPLINE_CURVE((1.,1.))
REPRESENTATION_ITEM('')
);
#826=(
BOUNDED_CURVE()
B_SPLINE_CURVE(1,(#1854,#1855),.UNSPECIFIED.,.F.,.F.)
B_SPLINE_CURVE_WITH_KNOTS((2,2),(8.00505139965966,9.55501586175155),
 .UNSPECIFIED.)
CURVE()
GEOMETRIC_REPRESENTATION_ITEM()
RATIONAL_B_SPLINE_CURVE((1.,1.))
REPRESENTATION_ITEM('')
);
#827=(
BOUNDED_CURVE()
B_SPLINE_CURVE(1,(#1856,#1857),.UNSPECIFIED.,.F.,.F.)
B_SPLINE_CURVE_WITH_KNOTS((2,2),(8.00505139965966,9.86397164205688),
 .UNSPECIFIED.)
CURVE()
GEOMETRIC_REPRESENTATION_ITEM()
RATIONAL_B_SPLINE_CURVE((1.,1.))
REPRESENTATION_ITEM('')
);
#828=(
BOUNDED_CURVE()
B_SPLINE_CURVE(1,(#1858,#1859),.UNSPECIFIED.,.F.,.F.)
B_SPLINE_CURVE_WITH_KNOTS((2,2),(8.00505139965966,9.86397164205688),
 .UNSPECIFIED.)
CURVE()
GEOMETRIC_REPRESENTATION_ITEM()
RATIONAL_B_SPLINE_CURVE((1.,1.))
REPRESENTATION_ITEM('')
);
#829=(
BOUNDED_CURVE()
B_SPLINE_CURVE(1,(#1860,#1861),.UNSPECIFIED.,.F.,.F.)
B_SPLINE_CURVE_WITH_KNOTS((2,2),(8.00505139965966,9.86397164205688),
 .UNSPECIFIED.)
CURVE()
GEOMETRIC_REPRESENTATION_ITEM()
RATIONAL_B_SPLINE_CURVE((1.,1.))
REPRESENTATION_ITEM('')
);
#830=(
BOUNDED_CURVE()
B_SPLINE_CURVE(1,(#1862,#1863),.UNSPECIFIED.,.F.,.F.)
B_SPLINE_CURVE_WITH_KNOTS((2,2),(8.00505139965966,9.86397164205688),
 .UNSPECIFIED.)
CURVE()
GEOMETRIC_REPRESENTATION_ITEM()
RATIONAL_B_SPLINE_CURVE((1.,1.))
REPRESENTATION_ITEM('')
);
#831=(
BOUNDED_CURVE()
B_SPLINE_CURVE(2,(#1864,#1865,#1866,#1867,#1868),.UNSPECIFIED.,.F.,.F.)
B_SPLINE_CURVE_WITH_KNOTS((3,2,3),(-3.14159265358979,-2.7488934468766,-2.35619424016341),
 .UNSPECIFIED.)
CURVE()
GEOMETRIC_REPRESENTATION_ITEM()
RATIONAL_B_SPLINE_CURVE((1.,0.92387948943928,1.,0.92387948943928,1.))
REPRESENTATION_ITEM('')
);
#832=(
BOUNDED_CURVE()
B_SPLINE_CURVE(2,(#1869,#1870,#1871,#1872,#1873),.UNSPECIFIED.,.F.,.F.)
B_SPLINE_CURVE_WITH_KNOTS((3,2,3),(-2.35619422122074,-1.76005358430542,
-1.57012007629627),.UNSPECIFIED.)
CURVE()
GEOMETRIC_REPRESENTATION_ITEM()
RATIONAL_B_SPLINE_CURVE((1.,0.827290713272772,1.,0.982531238735909,1.))
REPRESENTATION_ITEM('')
);
#833=(
BOUNDED_CURVE()
B_SPLINE_CURVE(1,(#1874,#1875),.UNSPECIFIED.,.F.,.F.)
B_SPLINE_CURVE_WITH_KNOTS((2,2),(-30.3984687830289,-26.433147052122),
 .UNSPECIFIED.)
CURVE()
GEOMETRIC_REPRESENTATION_ITEM()
RATIONAL_B_SPLINE_CURVE((1.,1.))
REPRESENTATION_ITEM('')
);
#834=(
BOUNDED_CURVE()
B_SPLINE_CURVE(2,(#1876,#1877,#1878,#1879,#1880),.UNSPECIFIED.,.F.,.F.)
B_SPLINE_CURVE_WITH_KNOTS((3,2,3),(-3.14159265358979,-2.35619449019234,
-1.57266135960972),.UNSPECIFIED.)
CURVE()
GEOMETRIC_REPRESENTATION_ITEM()
RATIONAL_B_SPLINE_CURVE((1.,0.707106781186546,1.,0.708293924436259,1.))
REPRESENTATION_ITEM('')
);
#835=(
BOUNDED_CURVE()
B_SPLINE_CURVE(1,(#1881,#1882),.UNSPECIFIED.,.F.,.F.)
B_SPLINE_CURVE_WITH_KNOTS((2,2),(4.,30.3984687830289),.UNSPECIFIED.)
CURVE()
GEOMETRIC_REPRESENTATION_ITEM()
RATIONAL_B_SPLINE_CURVE((1.,1.))
REPRESENTATION_ITEM('')
);
#836=(
BOUNDED_CURVE()
B_SPLINE_CURVE(2,(#1883,#1884,#1885,#1886,#1887),.UNSPECIFIED.,.F.,.F.)
B_SPLINE_CURVE_WITH_KNOTS((3,2,3),(-0.785398413426378,-0.392699206713189,
0.),.UNSPECIFIED.)
CURVE()
GEOMETRIC_REPRESENTATION_ITEM()
RATIONAL_B_SPLINE_CURVE((1.,0.923879489439274,1.,0.923879489439274,1.))
REPRESENTATION_ITEM('')
);
#837=(
BOUNDED_CURVE()
B_SPLINE_CURVE(2,(#1888,#1889,#1890,#1891,#1892),.UNSPECIFIED.,.F.,.F.)
B_SPLINE_CURVE_WITH_KNOTS((3,2,3),(-3.14159265358979,-2.7488934468766,-2.50168869229434),
 .UNSPECIFIED.)
CURVE()
GEOMETRIC_REPRESENTATION_ITEM()
RATIONAL_B_SPLINE_CURVE((1.,0.923879489439283,1.,0.969448718998022,1.))
REPRESENTATION_ITEM('')
);
#838=(
BOUNDED_CURVE()
B_SPLINE_CURVE(3,(#1893,#1894,#1895,#1896,#1897,#1898),.UNSPECIFIED.,.F.,
 .F.)
B_SPLINE_CURVE_WITH_KNOTS((4,2,4),(0.0389670620497738,0.442769308870715,
0.845879028597526),.UNSPECIFIED.)
CURVE()
GEOMETRIC_REPRESENTATION_ITEM()
RATIONAL_B_SPLINE_CURVE((1.,1.,1.,1.,1.,1.))
REPRESENTATION_ITEM('')
);
#839=(
BOUNDED_CURVE()
B_SPLINE_CURVE(1,(#1899,#1900),.UNSPECIFIED.,.F.,.F.)
B_SPLINE_CURVE_WITH_KNOTS((2,2),(24.433147052122,28.3984687830289),
 .UNSPECIFIED.)
CURVE()
GEOMETRIC_REPRESENTATION_ITEM()
RATIONAL_B_SPLINE_CURVE((1.,1.))
REPRESENTATION_ITEM('')
);
#840=(
BOUNDED_CURVE()
B_SPLINE_CURVE(2,(#1901,#1902,#1903),.UNSPECIFIED.,.F.,.F.)
B_SPLINE_CURVE_WITH_KNOTS((3,3),(-3.14159265358979,-2.50901129212748),
 .UNSPECIFIED.)
CURVE()
GEOMETRIC_REPRESENTATION_ITEM()
RATIONAL_B_SPLINE_CURVE((1.,0.801783725737267,1.))
REPRESENTATION_ITEM('')
);
#841=(
BOUNDED_CURVE()
B_SPLINE_CURVE(1,(#1904,#1905),.UNSPECIFIED.,.F.,.F.)
B_SPLINE_CURVE_WITH_KNOTS((2,2),(2.,28.3984687830289),.UNSPECIFIED.)
CURVE()
GEOMETRIC_REPRESENTATION_ITEM()
RATIONAL_B_SPLINE_CURVE((1.,1.))
REPRESENTATION_ITEM('')
);
#842=(
BOUNDED_CURVE()
B_SPLINE_CURVE(2,(#1906,#1907,#1908,#1909,#1910),.UNSPECIFIED.,.F.,.F.)
B_SPLINE_CURVE_WITH_KNOTS((3,2,3),(-0.639903961295449,-0.392699206713189,
0.),.UNSPECIFIED.)
CURVE()
GEOMETRIC_REPRESENTATION_ITEM()
RATIONAL_B_SPLINE_CURVE((1.,0.969448718998016,1.,0.923879489439266,1.))
REPRESENTATION_ITEM('')
);
#843=(
BOUNDED_CURVE()
B_SPLINE_CURVE(2,(#1911,#1912,#1913),.UNSPECIFIED.,.F.,.F.)
B_SPLINE_CURVE_WITH_KNOTS((3,3),(-0.632581361462312,0.),.UNSPECIFIED.)
CURVE()
GEOMETRIC_REPRESENTATION_ITEM()
RATIONAL_B_SPLINE_CURVE((1.,0.801783725737274,1.))
REPRESENTATION_ITEM('')
);
#844=(
BOUNDED_CURVE()
B_SPLINE_CURVE(1,(#1918,#1919),.UNSPECIFIED.,.F.,.F.)
B_SPLINE_CURVE_WITH_KNOTS((2,2),(0.,26.3984687830289),.UNSPECIFIED.)
CURVE()
GEOMETRIC_REPRESENTATION_ITEM()
RATIONAL_B_SPLINE_CURVE((1.,1.))
REPRESENTATION_ITEM('')
);
#845=(
BOUNDED_CURVE()
B_SPLINE_CURVE(1,(#1924,#1925),.UNSPECIFIED.,.F.,.F.)
B_SPLINE_CURVE_WITH_KNOTS((2,2),(0.,26.3984687830289),.UNSPECIFIED.)
CURVE()
GEOMETRIC_REPRESENTATION_ITEM()
RATIONAL_B_SPLINE_CURVE((1.,1.))
REPRESENTATION_ITEM('')
);
#846=(
BOUNDED_CURVE()
B_SPLINE_CURVE(1,(#1978,#1979),.UNSPECIFIED.,.F.,.F.)
B_SPLINE_CURVE_WITH_KNOTS((2,2),(0.840336441903032,2.43581866160483),
 .UNSPECIFIED.)
CURVE()
GEOMETRIC_REPRESENTATION_ITEM()
RATIONAL_B_SPLINE_CURVE((1.,1.))
REPRESENTATION_ITEM('')
);
#847=(
BOUNDED_CURVE()
B_SPLINE_CURVE(2,(#2012,#2013,#2014,#2015,#2016),.UNSPECIFIED.,.F.,.F.)
B_SPLINE_CURVE_WITH_KNOTS((3,2,3),(-1.5689312939789,-0.785398163397448,
0.),.UNSPECIFIED.)
CURVE()
GEOMETRIC_REPRESENTATION_ITEM()
RATIONAL_B_SPLINE_CURVE((1.,0.708293924436635,1.,0.707106781186173,1.))
REPRESENTATION_ITEM('')
);
#848=(
BOUNDED_CURVE()
B_SPLINE_CURVE(1,(#2017,#2018),.UNSPECIFIED.,.F.,.F.)
B_SPLINE_CURVE_WITH_KNOTS((2,2),(0.840336441906768,2.4358186616048),
 .UNSPECIFIED.)
CURVE()
GEOMETRIC_REPRESENTATION_ITEM()
RATIONAL_B_SPLINE_CURVE((1.,1.))
REPRESENTATION_ITEM('')
);
#849=(
BOUNDED_CURVE()
B_SPLINE_CURVE(1,(#2023,#2024),.UNSPECIFIED.,.F.,.F.)
B_SPLINE_CURVE_WITH_KNOTS((2,2),(-12.5353271785657,-11.1451377372253),
 .UNSPECIFIED.)
CURVE()
GEOMETRIC_REPRESENTATION_ITEM()
RATIONAL_B_SPLINE_CURVE((1.,1.))
REPRESENTATION_ITEM('')
);
#850=(
BOUNDED_CURVE()
B_SPLINE_CURVE(5,(#2035,#2036,#2037,#2038,#2039,#2040,#2041,#2042,#2043,
#2044,#2045,#2046,#2047,#2048,#2049,#2050,#2051,#2052,#2053,#2054,#2055),
 .UNSPECIFIED.,.F.,.F.)
B_SPLINE_CURVE_WITH_KNOTS((6,5,5,5,6),(61.6301759654359,62.5133616454488,
63.7833335428918,65.0533054403348,65.9364911203477),.UNSPECIFIED.)
CURVE()
GEOMETRIC_REPRESENTATION_ITEM()
RATIONAL_B_SPLINE_CURVE((1.,1.,1.,1.,1.,1.,0.965822934755939,0.948734402133909,
0.948734402133909,0.965822934755939,1.,0.965822934755939,0.948734402133909,
0.948734402133909,0.965822934755939,1.,1.,1.,1.,1.,1.))
REPRESENTATION_ITEM('')
);
#851=(
BOUNDED_CURVE()
B_SPLINE_CURVE(5,(#2062,#2063,#2064,#2065,#2066,#2067),.UNSPECIFIED.,.F.,
 .F.)
B_SPLINE_CURVE_WITH_KNOTS((6,6),(74.6542903713547,75.4701054440968),
 .UNSPECIFIED.)
CURVE()
GEOMETRIC_REPRESENTATION_ITEM()
RATIONAL_B_SPLINE_CURVE((1.,1.,1.,1.,1.,1.))
REPRESENTATION_ITEM('')
);
#852=(
BOUNDED_CURVE()
B_SPLINE_CURVE(5,(#2070,#2071,#2072,#2073,#2074,#2075),.UNSPECIFIED.,.F.,
 .F.)
B_SPLINE_CURVE_WITH_KNOTS((6,6),(75.4701054440968,77.4701054440982),
 .UNSPECIFIED.)
CURVE()
GEOMETRIC_REPRESENTATION_ITEM()
RATIONAL_B_SPLINE_CURVE((1.,1.,1.,1.,1.,1.))
REPRESENTATION_ITEM('')
);
#853=(
BOUNDED_CURVE()
B_SPLINE_CURVE(5,(#2078,#2079,#2080,#2081,#2082,#2083),.UNSPECIFIED.,.F.,
 .F.)
B_SPLINE_CURVE_WITH_KNOTS((6,6),(0.,0.374574753561838),.UNSPECIFIED.)
CURVE()
GEOMETRIC_REPRESENTATION_ITEM()
RATIONAL_B_SPLINE_CURVE((1.,1.,1.,1.,1.,1.))
REPRESENTATION_ITEM('')
);
#854=(
BOUNDED_CURVE()
B_SPLINE_CURVE(2,(#2104,#2105,#2106,#2107,#2108),.UNSPECIFIED.,.F.,.F.)
B_SPLINE_CURVE_WITH_KNOTS((3,2,3),(-0.670887076472013,1.12911292352783,
2.92911292352778),.UNSPECIFIED.)
CURVE()
GEOMETRIC_REPRESENTATION_ITEM()
RATIONAL_B_SPLINE_CURVE((1.,0.707106781186559,1.,0.707106781186559,1.))
REPRESENTATION_ITEM('')
);
#855=(
BOUNDED_CURVE()
B_SPLINE_CURVE(2,(#2109,#2110,#2111,#2112,#2113),.UNSPECIFIED.,.F.,.F.)
B_SPLINE_CURVE_WITH_KNOTS((3,2,3),(-6.52911292352776,-4.72911292352777,
-2.92911292352778),.UNSPECIFIED.)
CURVE()
GEOMETRIC_REPRESENTATION_ITEM()
RATIONAL_B_SPLINE_CURVE((1.,0.707106781186559,1.,0.707106781186559,1.))
REPRESENTATION_ITEM('')
);
#856=(
BOUNDED_CURVE()
B_SPLINE_CURVE(1,(#2114,#2115),.UNSPECIFIED.,.F.,.F.)
B_SPLINE_CURVE_WITH_KNOTS((2,2),(69.6521065899161,72.8341614426468),
 .UNSPECIFIED.)
CURVE()
GEOMETRIC_REPRESENTATION_ITEM()
RATIONAL_B_SPLINE_CURVE((1.,1.))
REPRESENTATION_ITEM('')
);
#857=(
BOUNDED_CURVE()
B_SPLINE_CURVE(2,(#2116,#2117,#2118,#2119,#2120),.UNSPECIFIED.,.F.,.F.)
B_SPLINE_CURVE_WITH_KNOTS((3,2,3),(6.52911292352776,8.32911292352777,10.1291129235278),
 .UNSPECIFIED.)
CURVE()
GEOMETRIC_REPRESENTATION_ITEM()
RATIONAL_B_SPLINE_CURVE((1.,0.707106781186548,1.,0.707106781186548,1.))
REPRESENTATION_ITEM('')
);
#858=(
BOUNDED_CURVE()
B_SPLINE_CURVE(2,(#2121,#2122,#2123,#2124,#2125),.UNSPECIFIED.,.F.,.F.)
B_SPLINE_CURVE_WITH_KNOTS((3,2,3),(-13.7291129235277,-11.9291129235277,
-10.1291129235278),.UNSPECIFIED.)
CURVE()
GEOMETRIC_REPRESENTATION_ITEM()
RATIONAL_B_SPLINE_CURVE((1.,0.70710678118657,1.,0.70710678118657,1.))
REPRESENTATION_ITEM('')
);
#859=(
BOUNDED_CURVE()
B_SPLINE_CURVE(1,(#2126,#2127),.UNSPECIFIED.,.F.,.F.)
B_SPLINE_CURVE_WITH_KNOTS((2,2),(69.6521065899161,72.8341614426468),
 .UNSPECIFIED.)
CURVE()
GEOMETRIC_REPRESENTATION_ITEM()
RATIONAL_B_SPLINE_CURVE((1.,1.))
REPRESENTATION_ITEM('')
);
#860=(
BOUNDED_CURVE()
B_SPLINE_CURVE(5,(#2132,#2133,#2134,#2135,#2136,#2137),.UNSPECIFIED.,.F.,
 .F.)
B_SPLINE_CURVE_WITH_KNOTS((6,6),(52.9761385547724,53.4190624928496),
 .UNSPECIFIED.)
CURVE()
GEOMETRIC_REPRESENTATION_ITEM()
RATIONAL_B_SPLINE_CURVE((1.,1.,1.,1.,1.,1.))
REPRESENTATION_ITEM('')
);
#861=(
BOUNDED_CURVE()
B_SPLINE_CURVE(5,(#2138,#2139,#2140,#2141,#2142,#2143),.UNSPECIFIED.,.F.,
 .F.)
B_SPLINE_CURVE_WITH_KNOTS((6,6),(0.,0.374574753561838),.UNSPECIFIED.)
CURVE()
GEOMETRIC_REPRESENTATION_ITEM()
RATIONAL_B_SPLINE_CURVE((1.,1.,1.,1.,1.,1.))
REPRESENTATION_ITEM('')
);
#862=(
BOUNDED_CURVE()
B_SPLINE_CURVE(5,(#2144,#2145,#2146,#2147,#2148,#2149,#2150,#2151,#2152,
#2153,#2154,#2155,#2156,#2157,#2158,#2159,#2160,#2161,#2162,#2163,#2164),
 .UNSPECIFIED.,.F.,.F.)
B_SPLINE_CURVE_WITH_KNOTS((6,5,5,5,6),(61.6301759654359,62.5133616454488,
63.7833335428918,65.0533054403348,65.9364911203477),.UNSPECIFIED.)
CURVE()
GEOMETRIC_REPRESENTATION_ITEM()
RATIONAL_B_SPLINE_CURVE((1.,1.,1.,1.,1.,1.,0.965822934755939,0.948734402133909,
0.948734402133909,0.965822934755939,1.,0.965822934755939,0.948734402133909,
0.948734402133909,0.965822934755939,1.,1.,1.,1.,1.,1.))
REPRESENTATION_ITEM('')
);
#863=(
BOUNDED_CURVE()
B_SPLINE_CURVE(5,(#2165,#2166,#2167,#2168,#2169,#2170),.UNSPECIFIED.,.F.,
 .F.)
B_SPLINE_CURVE_WITH_KNOTS((6,6),(74.6542903713547,75.4701054440968),
 .UNSPECIFIED.)
CURVE()
GEOMETRIC_REPRESENTATION_ITEM()
RATIONAL_B_SPLINE_CURVE((1.,1.,1.,1.,1.,1.))
REPRESENTATION_ITEM('')
);
#864=(
BOUNDED_CURVE()
B_SPLINE_CURVE(2,(#2189,#2190,#2191,#2192,#2193),.UNSPECIFIED.,.F.,.F.)
B_SPLINE_CURVE_WITH_KNOTS((3,2,3),(0.,1.74210324684165,3.4842064936833),
 .UNSPECIFIED.)
CURVE()
GEOMETRIC_REPRESENTATION_ITEM()
RATIONAL_B_SPLINE_CURVE((1.,0.707106781186548,1.,0.707106781186548,1.))
REPRESENTATION_ITEM('')
);
#865=(
BOUNDED_CURVE()
B_SPLINE_CURVE(2,(#2194,#2195,#2196,#2197,#2198,#2199,#2200),
 .UNSPECIFIED.,.F.,.F.)
B_SPLINE_CURVE_WITH_KNOTS((3,2,2,3),(-6.9684129873666,-5.89396356654874,
-5.22630974052495,-3.4842064936833),.UNSPECIFIED.)
CURVE()
GEOMETRIC_REPRESENTATION_ITEM()
RATIONAL_B_SPLINE_CURVE((1.,0.819356889503463,0.861538557962616,0.887749891683085,
1.,0.707106781186548,1.))
REPRESENTATION_ITEM('')
);
#866=(
BOUNDED_CURVE()
B_SPLINE_CURVE(1,(#2269,#2270),.UNSPECIFIED.,.F.,.F.)
B_SPLINE_CURVE_WITH_KNOTS((2,2),(69.6521065899161,72.8341614426468),
 .UNSPECIFIED.)
CURVE()
GEOMETRIC_REPRESENTATION_ITEM()
RATIONAL_B_SPLINE_CURVE((1.,1.))
REPRESENTATION_ITEM('')
);
#867=(
BOUNDED_CURVE()
B_SPLINE_CURVE(2,(#2271,#2272,#2273,#2274,#2275),.UNSPECIFIED.,.F.,.F.)
B_SPLINE_CURVE_WITH_KNOTS((3,2,3),(2.92911292352778,4.72911292352777,6.52911292352776),
 .UNSPECIFIED.)
CURVE()
GEOMETRIC_REPRESENTATION_ITEM()
RATIONAL_B_SPLINE_CURVE((1.,0.707106781186559,1.,0.707106781186559,1.))
REPRESENTATION_ITEM('')
);
#868=(
BOUNDED_CURVE()
B_SPLINE_CURVE(2,(#2276,#2277,#2278,#2279,#2280),.UNSPECIFIED.,.F.,.F.)
B_SPLINE_CURVE_WITH_KNOTS((3,2,3),(-2.92911292352778,-1.12911292352783,
0.670887076472013),.UNSPECIFIED.)
CURVE()
GEOMETRIC_REPRESENTATION_ITEM()
RATIONAL_B_SPLINE_CURVE((1.,0.707106781186559,1.,0.707106781186559,1.))
REPRESENTATION_ITEM('')
);
#869=(
BOUNDED_CURVE()
B_SPLINE_CURVE(1,(#2281,#2282),.UNSPECIFIED.,.F.,.F.)
B_SPLINE_CURVE_WITH_KNOTS((2,2),(69.6521065899161,72.8341614426468),
 .UNSPECIFIED.)
CURVE()
GEOMETRIC_REPRESENTATION_ITEM()
RATIONAL_B_SPLINE_CURVE((1.,1.))
REPRESENTATION_ITEM('')
);
#870=(
BOUNDED_CURVE()
B_SPLINE_CURVE(2,(#2283,#2284,#2285,#2286,#2287),.UNSPECIFIED.,.F.,.F.)
B_SPLINE_CURVE_WITH_KNOTS((3,2,3),(10.1291129235278,11.9291129235277,13.7291129235277),
 .UNSPECIFIED.)
CURVE()
GEOMETRIC_REPRESENTATION_ITEM()
RATIONAL_B_SPLINE_CURVE((1.,0.70710678118657,1.,0.70710678118657,1.))
REPRESENTATION_ITEM('')
);
#871=(
BOUNDED_CURVE()
B_SPLINE_CURVE(2,(#2288,#2289,#2290,#2291,#2292),.UNSPECIFIED.,.F.,.F.)
B_SPLINE_CURVE_WITH_KNOTS((3,2,3),(-10.1291129235278,-8.32911292352777,
-6.52911292352776),.UNSPECIFIED.)
CURVE()
GEOMETRIC_REPRESENTATION_ITEM()
RATIONAL_B_SPLINE_CURVE((1.,0.707106781186548,1.,0.707106781186548,1.))
REPRESENTATION_ITEM('')
);
#872=(
BOUNDED_CURVE()
B_SPLINE_CURVE(1,(#2293,#2294),.UNSPECIFIED.,.F.,.F.)
B_SPLINE_CURVE_WITH_KNOTS((2,2),(3.,5.99999999999999),.UNSPECIFIED.)
CURVE()
GEOMETRIC_REPRESENTATION_ITEM()
RATIONAL_B_SPLINE_CURVE((1.,1.))
REPRESENTATION_ITEM('')
);
#873=(
BOUNDED_CURVE()
B_SPLINE_CURVE(2,(#2295,#2296,#2297,#2298,#2299,#2300,#2301),
 .UNSPECIFIED.,.F.,.F.)
B_SPLINE_CURVE_WITH_KNOTS((3,2,2,3),(3.4842064936833,5.22630974052495,5.89396356654874,
6.9684129873666),.UNSPECIFIED.)
CURVE()
GEOMETRIC_REPRESENTATION_ITEM()
RATIONAL_B_SPLINE_CURVE((1.,0.707106781186548,1.,0.887749891683085,0.861538557962616,
0.819356889503463,1.))
REPRESENTATION_ITEM('')
);
#874=(
BOUNDED_CURVE()
B_SPLINE_CURVE(2,(#2302,#2303,#2304,#2305,#2306),.UNSPECIFIED.,.F.,.F.)
B_SPLINE_CURVE_WITH_KNOTS((3,2,3),(-3.4842064936833,-1.74210324684165,0.),
 .UNSPECIFIED.)
CURVE()
GEOMETRIC_REPRESENTATION_ITEM()
RATIONAL_B_SPLINE_CURVE((1.,0.707106781186547,1.,0.707106781186548,1.))
REPRESENTATION_ITEM('')
);
#875=VERTEX_POINT('',#1578);
#876=VERTEX_POINT('',#1579);
#877=VERTEX_POINT('',#1580);
#878=VERTEX_POINT('',#1581);
#879=VERTEX_POINT('',#1582);
#880=VERTEX_POINT('',#1583);
#881=VERTEX_POINT('',#1584);
#882=VERTEX_POINT('',#1585);
#883=VERTEX_POINT('',#1586);
#884=VERTEX_POINT('',#1587);
#885=VERTEX_POINT('',#1588);
#886=VERTEX_POINT('',#1589);
#887=VERTEX_POINT('',#1590);
#888=VERTEX_POINT('',#1591);
#889=VERTEX_POINT('',#1592);
#890=VERTEX_POINT('',#1593);
#891=VERTEX_POINT('',#1594);
#892=VERTEX_POINT('',#1595);
#893=VERTEX_POINT('',#1596);
#894=VERTEX_POINT('',#1597);
#895=VERTEX_POINT('',#1598);
#896=VERTEX_POINT('',#1599);
#897=VERTEX_POINT('',#1600);
#898=VERTEX_POINT('',#1601);
#899=VERTEX_POINT('',#1602);
#900=VERTEX_POINT('',#1603);
#901=VERTEX_POINT('',#1604);
#902=VERTEX_POINT('',#1605);
#903=VERTEX_POINT('',#1606);
#904=VERTEX_POINT('',#1607);
#905=VERTEX_POINT('',#1608);
#906=VERTEX_POINT('',#1609);
#907=VERTEX_POINT('',#1610);
#908=VERTEX_POINT('',#1611);
#909=VERTEX_POINT('',#1612);
#910=VERTEX_POINT('',#1613);
#911=VERTEX_POINT('',#1614);
#912=VERTEX_POINT('',#1615);
#913=VERTEX_POINT('',#1616);
#914=VERTEX_POINT('',#1617);
#915=VERTEX_POINT('',#1618);
#916=VERTEX_POINT('',#1619);
#917=VERTEX_POINT('',#1620);
#918=VERTEX_POINT('',#1621);
#919=VERTEX_POINT('',#1622);
#920=VERTEX_POINT('',#1623);
#921=VERTEX_POINT('',#1624);
#922=VERTEX_POINT('',#1625);
#923=VERTEX_POINT('',#1626);
#924=VERTEX_POINT('',#1627);
#925=VERTEX_POINT('',#1628);
#926=VERTEX_POINT('',#1629);
#927=VERTEX_POINT('',#1630);
#928=VERTEX_POINT('',#1631);
#929=VERTEX_POINT('',#1632);
#930=VERTEX_POINT('',#1633);
#931=VERTEX_POINT('',#1634);
#932=VERTEX_POINT('',#1635);
#933=VERTEX_POINT('',#1636);
#934=VERTEX_POINT('',#1637);
#935=VERTEX_POINT('',#1638);
#936=VERTEX_POINT('',#1639);
#937=VERTEX_POINT('',#1640);
#938=VERTEX_POINT('',#1641);
#939=VERTEX_POINT('',#1642);
#940=VERTEX_POINT('',#1643);
#941=VERTEX_POINT('',#1644);
#942=VERTEX_POINT('',#1645);
#943=VERTEX_POINT('',#1646);
#944=VERTEX_POINT('',#1647);
#945=VERTEX_POINT('',#1648);
#946=VERTEX_POINT('',#1649);
#947=VERTEX_POINT('',#1650);
#948=VERTEX_POINT('',#1651);
#949=VERTEX_POINT('',#1652);
#950=VERTEX_POINT('',#1653);
#951=VERTEX_POINT('',#1654);
#952=VERTEX_POINT('',#1655);
#953=VERTEX_POINT('',#1656);
#954=VERTEX_POINT('',#1657);
#955=VERTEX_POINT('',#1658);
#956=VERTEX_POINT('',#1659);
#957=VERTEX_POINT('',#1660);
#958=VERTEX_POINT('',#1661);
#959=VERTEX_POINT('',#1662);
#960=VERTEX_POINT('',#1663);
#961=VERTEX_POINT('',#1664);
#962=VERTEX_POINT('',#1665);
#963=VERTEX_POINT('',#1666);
#964=VERTEX_POINT('',#1667);
#965=VERTEX_POINT('',#1668);
#966=VERTEX_POINT('',#1669);
#967=VERTEX_POINT('',#1670);
#968=VERTEX_POINT('',#1671);
#969=VERTEX_POINT('',#1672);
#970=VERTEX_POINT('',#1673);
#971=VERTEX_POINT('',#1674);
#972=VERTEX_POINT('',#1675);
#973=VERTEX_POINT('',#1676);
#974=VERTEX_POINT('',#1677);
#975=VERTEX_POINT('',#1678);
#976=VERTEX_POINT('',#1679);
#977=VERTEX_POINT('',#1680);
#978=VERTEX_POINT('',#1681);
#979=VERTEX_POINT('',#1682);
#980=VERTEX_POINT('',#1683);
#981=VERTEX_POINT('',#1684);
#982=VERTEX_POINT('',#1685);
#983=VERTEX_POINT('',#1686);
#984=VERTEX_POINT('',#1687);
#985=VERTEX_POINT('',#1688);
#986=(
BOUNDED_SURFACE()
B_SPLINE_SURFACE(1,5,((#1255,#1256,#1257,#1258,#1259,#1260,#1261,#1262,
#1263,#1264,#1265,#1266,#1267,#1268,#1269,#1270,#1271,#1272,#1273,#1274,
#1275,#1276,#1277,#1278,#1279,#1280,#1281,#1282,#1283,#1284,#1285),(#1286,
#1287,#1288,#1289,#1290,#1291,#1292,#1293,#1294,#1295,#1296,#1297,#1298,
#1299,#1300,#1301,#1302,#1303,#1304,#1305,#1306,#1307,#1308,#1309,#1310,
#1311,#1312,#1313,#1314,#1315,#1316)),.UNSPECIFIED.,.F.,.F.,.F.)
B_SPLINE_SURFACE_WITH_KNOTS((2,2),(6,5,5,5,5,5,6),(0.,32.),(50.6796556299146,
51.351459076562,51.7024127128423,52.0572577473233,52.3997337754633,52.7403452021638,
53.4190624928496),.UNSPECIFIED.)
GEOMETRIC_REPRESENTATION_ITEM()
RATIONAL_B_SPLINE_SURFACE(((1.,1.,1.,1.,1.,1.,1.,1.,1.,1.,1.,1.,1.,1.,1.,
1.,1.,1.,1.,1.,1.,1.,1.,1.,1.,1.,1.,1.,1.,1.,1.),(1.,1.,1.,1.,1.,1.,1.,
1.,1.,1.,1.,1.,1.,1.,1.,1.,1.,1.,1.,1.,1.,1.,1.,1.,1.,1.,1.,1.,1.,1.,1.)))
REPRESENTATION_ITEM('')
SURFACE()
);
#987=(
BOUNDED_SURFACE()
B_SPLINE_SURFACE(1,5,((#1317,#1318,#1319,#1320,#1321,#1322),(#1323,#1324,
#1325,#1326,#1327,#1328)),.UNSPECIFIED.,.F.,.F.,.F.)
B_SPLINE_SURFACE_WITH_KNOTS((2,2),(6,6),(0.,32.),(0.,0.374574753561838),
 .UNSPECIFIED.)
GEOMETRIC_REPRESENTATION_ITEM()
RATIONAL_B_SPLINE_SURFACE(((1.,1.,1.,1.,1.,1.),(1.,1.,1.,1.,1.,1.)))
REPRESENTATION_ITEM('')
SURFACE()
);
#988=(
BOUNDED_SURFACE()
B_SPLINE_SURFACE(1,5,((#1329,#1330,#1331,#1332,#1333,#1334,#1335,#1336,
#1337,#1338,#1339,#1340,#1341,#1342,#1343,#1344,#1345,#1346,#1347,#1348,
#1349),(#1350,#1351,#1352,#1353,#1354,#1355,#1356,#1357,#1358,#1359,#1360,
#1361,#1362,#1363,#1364,#1365,#1366,#1367,#1368,#1369,#1370)),
 .UNSPECIFIED.,.F.,.F.,.F.)
B_SPLINE_SURFACE_WITH_KNOTS((2,2),(6,5,5,5,6),(0.,32.),(61.6301759654359,
62.5133616454488,63.7833335428918,65.0533054403348,65.9364911203477),
 .UNSPECIFIED.)
GEOMETRIC_REPRESENTATION_ITEM()
RATIONAL_B_SPLINE_SURFACE(((1.,1.,1.,1.,1.,1.,0.965822934755939,0.948734402133909,
0.948734402133909,0.965822934755939,1.,0.965822934755939,0.948734402133909,
0.948734402133909,0.965822934755939,1.,1.,1.,1.,1.,1.),(1.,1.,1.,1.,1.,
1.,0.965822934755939,0.948734402133909,0.948734402133909,0.965822934755939,
1.,0.965822934755939,0.948734402133909,0.948734402133909,0.965822934755939,
1.,1.,1.,1.,1.,1.)))
REPRESENTATION_ITEM('')
SURFACE()
);
#989=(
BOUNDED_SURFACE()
B_SPLINE_SURFACE(1,5,((#1371,#1372,#1373,#1374,#1375,#1376),(#1377,#1378,
#1379,#1380,#1381,#1382)),.UNSPECIFIED.,.F.,.F.,.F.)
B_SPLINE_SURFACE_WITH_KNOTS((2,2),(6,6),(0.,32.),(74.6542903713547,75.4701054440968),
 .UNSPECIFIED.)
GEOMETRIC_REPRESENTATION_ITEM()
RATIONAL_B_SPLINE_SURFACE(((1.,1.,1.,1.,1.,1.),(1.,1.,1.,1.,1.,1.)))
REPRESENTATION_ITEM('')
SURFACE()
);
#990=(
BOUNDED_SURFACE()
B_SPLINE_SURFACE(1,5,((#1385,#1386,#1387,#1388,#1389,#1390),(#1391,#1392,
#1393,#1394,#1395,#1396)),.UNSPECIFIED.,.F.,.F.,.F.)
B_SPLINE_SURFACE_WITH_KNOTS((2,2),(6,6),(0.,32.),(0.,0.374574753561838),
 .UNSPECIFIED.)
GEOMETRIC_REPRESENTATION_ITEM()
RATIONAL_B_SPLINE_SURFACE(((1.,1.,1.,1.,1.,1.),(1.,1.,1.,1.,1.,1.)))
REPRESENTATION_ITEM('')
SURFACE()
);
#991=(
BOUNDED_SURFACE()
B_SPLINE_SURFACE(1,5,((#1397,#1398,#1399,#1400,#1401,#1402,#1403,#1404,
#1405,#1406,#1407,#1408,#1409,#1410,#1411,#1412,#1413,#1414,#1415,#1416,
#1417),(#1418,#1419,#1420,#1421,#1422,#1423,#1424,#1425,#1426,#1427,#1428,
#1429,#1430,#1431,#1432,#1433,#1434,#1435,#1436,#1437,#1438)),
 .UNSPECIFIED.,.F.,.F.,.F.)
B_SPLINE_SURFACE_WITH_KNOTS((2,2),(6,5,5,5,6),(0.,32.),(61.6301759654359,
62.5133616454488,63.7833335428918,65.0533054403348,65.9364911203477),
 .UNSPECIFIED.)
GEOMETRIC_REPRESENTATION_ITEM()
RATIONAL_B_SPLINE_SURFACE(((1.,1.,1.,1.,1.,1.,0.965822934755939,0.948734402133909,
0.948734402133909,0.965822934755939,1.,0.965822934755939,0.948734402133909,
0.948734402133909,0.965822934755939,1.,1.,1.,1.,1.,1.),(1.,1.,1.,1.,1.,
1.,0.965822934755939,0.948734402133909,0.948734402133909,0.965822934755939,
1.,0.965822934755939,0.948734402133909,0.948734402133909,0.965822934755939,
1.,1.,1.,1.,1.,1.)))
REPRESENTATION_ITEM('')
SURFACE()
);
#992=(
BOUNDED_SURFACE()
B_SPLINE_SURFACE(1,5,((#1439,#1440,#1441,#1442,#1443,#1444),(#1445,#1446,
#1447,#1448,#1449,#1450)),.UNSPECIFIED.,.F.,.F.,.F.)
B_SPLINE_SURFACE_WITH_KNOTS((2,2),(6,6),(0.,32.),(74.6542903713547,75.4701054440968),
 .UNSPECIFIED.)
GEOMETRIC_REPRESENTATION_ITEM()
RATIONAL_B_SPLINE_SURFACE(((1.,1.,1.,1.,1.,1.),(1.,1.,1.,1.,1.,1.)))
REPRESENTATION_ITEM('')
SURFACE()
);
#993=(
BOUNDED_SURFACE()
B_SPLINE_SURFACE(1,5,((#1505,#1506,#1507,#1508,#1509,#1510,#1511,#1512,
#1513,#1514,#1515,#1516,#1517,#1518,#1519,#1520,#1521,#1522,#1523,#1524,
#1525),(#1526,#1527,#1528,#1529,#1530,#1531,#1532,#1533,#1534,#1535,#1536,
#1537,#1538,#1539,#1540,#1541,#1542,#1543,#1544,#1545,#1546)),
 .UNSPECIFIED.,.F.,.F.,.F.)
B_SPLINE_SURFACE_WITH_KNOTS((2,2),(6,5,5,5,6),(0.,2.),(-65.9364911203477,
-65.0533054403348,-63.7833335428918,-62.5133616454488,-61.6301759654359),
 .UNSPECIFIED.)
GEOMETRIC_REPRESENTATION_ITEM()
RATIONAL_B_SPLINE_SURFACE(((1.,1.,1.,1.,1.,1.,0.965822934755939,0.948734402133909,
0.948734402133909,0.965822934755939,1.,0.965822934755939,0.948734402133909,
0.948734402133909,0.965822934755939,1.,1.,1.,1.,1.,1.),(1.,1.,1.,1.,1.,
1.,0.965822934755939,0.948734402133909,0.948734402133909,0.965822934755939,
1.,0.965822934755939,0.948734402133909,0.948734402133909,0.965822934755939,
1.,1.,1.,1.,1.,1.)))
REPRESENTATION_ITEM('')
SURFACE()
);
#994=(
BOUNDED_SURFACE()
B_SPLINE_SURFACE(1,5,((#1547,#1548,#1549,#1550,#1551,#1552),(#1553,#1554,
#1555,#1556,#1557,#1558)),.UNSPECIFIED.,.F.,.F.,.F.)
B_SPLINE_SURFACE_WITH_KNOTS((2,2),(6,6),(0.,2.),(-75.4701054440968,-74.6542903713547),
 .UNSPECIFIED.)
GEOMETRIC_REPRESENTATION_ITEM()
RATIONAL_B_SPLINE_SURFACE(((1.,1.,1.,1.,1.,1.),(1.,1.,1.,1.,1.,1.)))
REPRESENTATION_ITEM('')
SURFACE()
);
#995=(
BOUNDED_SURFACE()
B_SPLINE_SURFACE(1,5,((#1559,#1560,#1561,#1562,#1563,#1564),(#1565,#1566,
#1567,#1568,#1569,#1570)),.UNSPECIFIED.,.F.,.F.,.F.)
B_SPLINE_SURFACE_WITH_KNOTS((2,2),(6,6),(0.,2.),(-0.374574753561838,0.),
 .UNSPECIFIED.)
GEOMETRIC_REPRESENTATION_ITEM()
RATIONAL_B_SPLINE_SURFACE(((1.,1.,1.,1.,1.,1.),(1.,1.,1.,1.,1.,1.)))
REPRESENTATION_ITEM('')
SURFACE()
);
#996=CYLINDRICAL_SURFACE('',#1135,0.5);
#997=CYLINDRICAL_SURFACE('',#1136,0.200000000000006);
#998=CYLINDRICAL_SURFACE('',#1137,0.5);
#999=CYLINDRICAL_SURFACE('',#1138,0.200000000000009);
#1000=CYLINDRICAL_SURFACE('',#1140,0.5);
#1001=CYLINDRICAL_SURFACE('',#1141,0.5);
#1002=CYLINDRICAL_SURFACE('',#1163,0.900000000000003);
#1003=CYLINDRICAL_SURFACE('',#1164,0.900000000000004);
#1004=CYLINDRICAL_SURFACE('',#1165,0.900000000000005);
#1005=CYLINDRICAL_SURFACE('',#1166,0.900000000000006);
#1006=CYLINDRICAL_SURFACE('',#1167,1.10905737244515);
#1007=CYLINDRICAL_SURFACE('',#1168,1.10905737244516);
#1008=CYLINDRICAL_SURFACE('',#1174,0.5);
#1009=CYLINDRICAL_SURFACE('',#1175,0.5);
#1010=B_SPLINE_SURFACE_WITH_KNOTS('',1,5,((#1228,#1229,#1230,#1231,#1232,
#1233),(#1234,#1235,#1236,#1237,#1238,#1239)),.UNSPECIFIED.,.F.,.F.,.F.,
(2,2),(6,6),(-0.99999999999999,7.89178058907798),(0.,1.88284271247462),
 .UNSPECIFIED.);
#1011=B_SPLINE_SURFACE_WITH_KNOTS('',5,1,((#1241,#1242),(#1243,#1244),(#1245,
#1246),(#1247,#1248),(#1249,#1250),(#1251,#1252)),.UNSPECIFIED.,.F.,.F.,
 .F.,(6,6),(2,2),(0.,1.88284271247462),(-1.00000000000001,7.8917805890779),
 .UNSPECIFIED.);
#1012=B_SPLINE_SURFACE_WITH_KNOTS('',5,1,((#1454,#1455),(#1456,#1457),(#1458,
#1459),(#1460,#1461),(#1462,#1463),(#1464,#1465)),.UNSPECIFIED.,.F.,.F.,
 .F.,(6,6),(2,2),(0.,0.292770046533556),(-0.2,26.5984687830289),
 .UNSPECIFIED.);
#1013=B_SPLINE_SURFACE_WITH_KNOTS('',5,1,((#1466,#1467),(#1468,#1469),(#1470,
#1471),(#1472,#1473),(#1474,#1475),(#1476,#1477)),.UNSPECIFIED.,.F.,.F.,
 .F.,(6,6),(2,2),(0.,0.292770046533559),(-0.2,26.5984687830289),
 .UNSPECIFIED.);
#1014=PLANE('',#1132);
#1015=PLANE('',#1133);
#1016=PLANE('',#1134);
#1017=PLANE('',#1139);
#1018=PLANE('',#1142);
#1019=PLANE('',#1143);
#1020=PLANE('',#1144);
#1021=PLANE('',#1145);
#1022=PLANE('',#1146);
#1023=PLANE('',#1147);
#1024=PLANE('',#1148);
#1025=PLANE('',#1149);
#1026=PLANE('',#1150);
#1027=PLANE('',#1151);
#1028=PLANE('',#1152);
#1029=PLANE('',#1153);
#1030=PLANE('',#1154);
#1031=PLANE('',#1155);
#1032=PLANE('',#1156);
#1033=PLANE('',#1157);
#1034=PLANE('',#1158);
#1035=PLANE('',#1159);
#1036=PLANE('',#1160);
#1037=PLANE('',#1161);
#1038=PLANE('',#1162);
#1039=PLANE('',#1169);
#1040=PLANE('',#1170);
#1041=PLANE('',#1171);
#1042=PLANE('',#1172);
#1043=PLANE('',#1173);
#1044=SHAPE_DEFINITION_REPRESENTATION(#1045,#1130);
#1045=PRODUCT_DEFINITION_SHAPE('Document','',#1047);
#1046=PRODUCT_DEFINITION_CONTEXT('3D Mechanical Parts',#1119,'design');
#1047=PRODUCT_DEFINITION('A','First version',#1089,#1046);
#1048=DATE_TIME_ROLE('classification_date');
#1049=DATE_TIME_ROLE('creation_date');
#1050=APPLIED_DATE_AND_TIME_ASSIGNMENT(#1074,#1048,(#1053));
#1051=APPLIED_DATE_AND_TIME_ASSIGNMENT(#1076,#1049,(#1047));
#1052=SECURITY_CLASSIFICATION_LEVEL('unclassified');
#1053=SECURITY_CLASSIFICATION('A','Security for version',#1052);
#1054=APPLIED_SECURITY_CLASSIFICATION_ASSIGNMENT(#1053,(#1089));
#1055=APPROVAL_ROLE('Version approval');
#1056=APPROVAL_ROLE('Version Security approval');
#1057=APPROVAL_ROLE('Definition approval');
#1058=APPROVAL_PERSON_ORGANIZATION(#1107,#1083,#1055);
#1059=APPROVAL_PERSON_ORGANIZATION(#1108,#1084,#1056);
#1060=APPROVAL_PERSON_ORGANIZATION(#1111,#1085,#1057);
#1061=COORDINATED_UNIVERSAL_TIME_OFFSET(5,0,.BEHIND.);
#1062=LOCAL_TIME(0,0,0.,#1061);
#1063=LOCAL_TIME(0,0,0.,#1061);
#1064=LOCAL_TIME(0,0,0.,#1061);
#1065=LOCAL_TIME(0,0,0.,#1061);
#1066=LOCAL_TIME(0,0,0.,#1061);
#1067=CALENDAR_DATE(1999,1,1);
#1068=CALENDAR_DATE(1999,1,1);
#1069=CALENDAR_DATE(1999,1,1);
#1070=CALENDAR_DATE(1999,1,1);
#1071=CALENDAR_DATE(1999,1,1);
#1072=DATE_AND_TIME(#1067,#1062);
#1073=DATE_AND_TIME(#1068,#1063);
#1074=DATE_AND_TIME(#1069,#1064);
#1075=DATE_AND_TIME(#1070,#1065);
#1076=DATE_AND_TIME(#1071,#1066);
#1077=APPROVAL_DATE_TIME(#1072,#1083);
#1078=APPROVAL_DATE_TIME(#1073,#1084);
#1079=APPROVAL_DATE_TIME(#1075,#1085);
#1080=APPROVAL_STATUS('not_yet_approved');
#1081=APPROVAL_STATUS('not_yet_approved');
#1082=APPROVAL_STATUS('approved');
#1083=APPROVAL(#1080,'Version approval');
#1084=APPROVAL(#1081,'Version Security approval');
#1085=APPROVAL(#1082,'Definition approval');
#1086=APPLIED_APPROVAL_ASSIGNMENT(#1083,(#1089));
#1087=APPLIED_APPROVAL_ASSIGNMENT(#1084,(#1053));
#1088=APPLIED_APPROVAL_ASSIGNMENT(#1085,(#1047));
#1089=PRODUCT_DEFINITION_FORMATION_WITH_SPECIFIED_SOURCE('A',
'First version',#1121,.MADE.);
#1090=PERSON_AND_ORGANIZATION_ROLE('design_owner');
#1091=PERSON_AND_ORGANIZATION_ROLE('creator');
#1092=PERSON_AND_ORGANIZATION_ROLE('design_supplier');
#1093=PERSON_AND_ORGANIZATION_ROLE('classification_officer');
#1094=PERSON_AND_ORGANIZATION_ROLE('creator');
#1095=ORGANIZATION('STI','lab','lab');
#1096=ORGANIZATION('STI','unknown','unknown');
#1097=ORGANIZATION('STI','unknown','unknown');
#1098=ORGANIZATION('STI','unknown','unknown');
#1099=ORGANIZATION('STI','unknown','unknown');
#1100=ORGANIZATION('STI','unknown','unknown');
#1101=ORGANIZATION('STI','unknown','unknown');
#1102=PERSON('1','Box','vc60',$,$,$);
#1103=PERSON('2','last','first',$,$,$);
#1104=PERSON('3','President','Mr.',$,$,$);
#1105=PERSON_AND_ORGANIZATION(#1102,#1095);
#1106=PERSON_AND_ORGANIZATION(#1103,#1096);
#1107=PERSON_AND_ORGANIZATION(#1104,#1097);
#1108=PERSON_AND_ORGANIZATION(#1104,#1098);
#1109=PERSON_AND_ORGANIZATION(#1104,#1099);
#1110=PERSON_AND_ORGANIZATION(#1103,#1100);
#1111=PERSON_AND_ORGANIZATION(#1104,#1101);
#1112=APPLIED_PERSON_AND_ORGANIZATION_ASSIGNMENT(#1105,#1090,(#1121));
#1113=APPLIED_PERSON_AND_ORGANIZATION_ASSIGNMENT(#1106,#1091,(#1089));
#1114=APPLIED_PERSON_AND_ORGANIZATION_ASSIGNMENT(#1106,#1092,(#1089));
#1115=APPLIED_PERSON_AND_ORGANIZATION_ASSIGNMENT(#1109,#1093,(#1053));
#1116=APPLIED_PERSON_AND_ORGANIZATION_ASSIGNMENT(#1110,#1094,(#1047));
#1117=PRODUCT_RELATED_PRODUCT_CATEGORY('detail','detail',(#1121));
#1118=APPLICATION_PROTOCOL_DEFINITION('International Standard',
'config_control_design',1994,#1119);
#1119=APPLICATION_CONTEXT(
'configuration controlled 3d designs of mechanical parts and assemblie
s');
#1120=PRODUCT_CONTEXT('3D Mechanical Parts',#1119,'mechanical');
#1121=PRODUCT('Document','Document','',(#1120));
#1122=(
LENGTH_UNIT()
NAMED_UNIT(*)
SI_UNIT(.MILLI.,.METRE.)
);
#1123=(
NAMED_UNIT(*)
PLANE_ANGLE_UNIT()
SI_UNIT($,.RADIAN.)
);
#1124=DIMENSIONAL_EXPONENTS(0.,0.,0.,0.,0.,0.,0.);
#1125=PLANE_ANGLE_MEASURE_WITH_UNIT(PLANE_ANGLE_MEASURE(0.01745329252),
#1123);
#1126=(
CONVERSION_BASED_UNIT('DEGREES',#1125)
NAMED_UNIT(#1124)
PLANE_ANGLE_UNIT()
);
#1127=(
NAMED_UNIT(*)
SI_UNIT($,.STERADIAN.)
SOLID_ANGLE_UNIT()
);
#1128=UNCERTAINTY_MEASURE_WITH_UNIT(LENGTH_MEASURE(0.001),#1122,
'DISTANCE_ACCURACY_VALUE',
'Maximum model space distance between geometric entities at asserted c
onnectivities');
#1129=(
GEOMETRIC_REPRESENTATION_CONTEXT(3)
GLOBAL_UNCERTAINTY_ASSIGNED_CONTEXT((#1128))
GLOBAL_UNIT_ASSIGNED_CONTEXT((#1127,#1126,#1122))
REPRESENTATION_CONTEXT('ID1','3D')
);
#1130=SHAPE_REPRESENTATION('Document',(#1131,#1176),#1129);
#1131=AXIS2_PLACEMENT_3D('',#1225,#1177,#1178);
#1132=AXIS2_PLACEMENT_3D('',#1226,#1179,$);
#1133=AXIS2_PLACEMENT_3D('',#1227,#1180,$);
#1134=AXIS2_PLACEMENT_3D('',#1240,#1181,$);
#1135=AXIS2_PLACEMENT_3D('',#1253,#1182,$);
#1136=AXIS2_PLACEMENT_3D('',#1254,#1183,$);
#1137=AXIS2_PLACEMENT_3D('',#1383,#1184,$);
#1138=AXIS2_PLACEMENT_3D('',#1384,#1185,$);
#1139=AXIS2_PLACEMENT_3D('',#1451,#1186,$);
#1140=AXIS2_PLACEMENT_3D('',#1452,#1187,$);
#1141=AXIS2_PLACEMENT_3D('',#1453,#1188,$);
#1142=AXIS2_PLACEMENT_3D('',#1478,#1189,$);
#1143=AXIS2_PLACEMENT_3D('',#1479,#1190,$);
#1144=AXIS2_PLACEMENT_3D('',#1480,#1191,$);
#1145=AXIS2_PLACEMENT_3D('',#1481,#1192,$);
#1146=AXIS2_PLACEMENT_3D('',#1482,#1193,$);
#1147=AXIS2_PLACEMENT_3D('',#1483,#1194,$);
#1148=AXIS2_PLACEMENT_3D('',#1484,#1195,$);
#1149=AXIS2_PLACEMENT_3D('',#1485,#1196,$);
#1150=AXIS2_PLACEMENT_3D('',#1486,#1197,$);
#1151=AXIS2_PLACEMENT_3D('',#1487,#1198,$);
#1152=AXIS2_PLACEMENT_3D('',#1488,#1199,$);
#1153=AXIS2_PLACEMENT_3D('',#1489,#1200,$);
#1154=AXIS2_PLACEMENT_3D('',#1490,#1201,$);
#1155=AXIS2_PLACEMENT_3D('',#1491,#1202,$);
#1156=AXIS2_PLACEMENT_3D('',#1492,#1203,$);
#1157=AXIS2_PLACEMENT_3D('',#1493,#1204,$);
#1158=AXIS2_PLACEMENT_3D('',#1494,#1205,$);
#1159=AXIS2_PLACEMENT_3D('',#1495,#1206,$);
#1160=AXIS2_PLACEMENT_3D('',#1496,#1207,$);
#1161=AXIS2_PLACEMENT_3D('',#1497,#1208,$);
#1162=AXIS2_PLACEMENT_3D('',#1498,#1209,$);
#1163=AXIS2_PLACEMENT_3D('',#1499,#1210,$);
#1164=AXIS2_PLACEMENT_3D('',#1500,#1211,$);
#1165=AXIS2_PLACEMENT_3D('',#1501,#1212,$);
#1166=AXIS2_PLACEMENT_3D('',#1502,#1213,$);
#1167=AXIS2_PLACEMENT_3D('',#1503,#1214,$);
#1168=AXIS2_PLACEMENT_3D('',#1504,#1215,$);
#1169=AXIS2_PLACEMENT_3D('',#1571,#1216,$);
#1170=AXIS2_PLACEMENT_3D('',#1572,#1217,$);
#1171=AXIS2_PLACEMENT_3D('',#1573,#1218,$);
#1172=AXIS2_PLACEMENT_3D('',#1574,#1219,$);
#1173=AXIS2_PLACEMENT_3D('',#1575,#1220,$);
#1174=AXIS2_PLACEMENT_3D('',#1576,#1221,$);
#1175=AXIS2_PLACEMENT_3D('',#1577,#1222,$);
#1176=AXIS2_PLACEMENT_3D('',#2307,#1223,#1224);
#1177=DIRECTION('',(0.,0.,1.));
#1178=DIRECTION('',(1.,0.,0.));
#1179=DIRECTION('',(0.,1.,0.));
#1180=DIRECTION('',(-1.,0.,0.));
#1181=DIRECTION('',(0.,1.,0.));
#1182=DIRECTION('',(1.,0.,0.));
#1183=DIRECTION('',(1.,5.35564630789053E-14,-7.18535352473346E-14));
#1184=DIRECTION('',(1.,0.,0.));
#1185=DIRECTION('',(1.,1.51699128969406E-13,2.78132725956646E-13));
#1186=DIRECTION('',(-1.,0.,0.));
#1187=DIRECTION('',(0.,1.,0.));
#1188=DIRECTION('',(0.,1.,0.));
#1189=DIRECTION('',(0.725546931916064,4.77515727503364E-18,-0.688172688783264));
#1190=DIRECTION('',(0.725546931916063,5.96894659379205E-19,0.688172688783265));
#1191=DIRECTION('',(-1.,0.,0.));
#1192=DIRECTION('',(-1.,0.,0.));
#1193=DIRECTION('',(-0.707106781186529,-0.707106781186566,-3.14018491736739E-16));
#1194=DIRECTION('',(0.,0.,1.));
#1195=DIRECTION('',(0.,1.,0.));
#1196=DIRECTION('',(-1.,0.,0.));
#1197=DIRECTION('',(0.,1.,0.));
#1198=DIRECTION('',(-1.,0.,0.));
#1199=DIRECTION('',(-1.,0.,0.));
#1200=DIRECTION('',(-0.707106781186529,-0.707106781186566,-3.1401849173673E-16));
#1201=DIRECTION('',(0.707106781186547,0.707106781186548,9.81307786677359E-17));
#1202=DIRECTION('',(0.707106781186546,-0.707106781186549,-7.85046229341886E-17));
#1203=DIRECTION('',(-0.707106781186546,0.707106781186549,-7.85046229341888E-17));
#1204=DIRECTION('',(1.,0.,0.));
#1205=DIRECTION('',(0.,-1.,0.));
#1206=DIRECTION('',(0.707106781186548,-0.707106781186547,0.));
#1207=DIRECTION('',(0.707106781186546,0.707106781186549,3.14018491736756E-16));
#1208=DIRECTION('',(-0.707106781186554,0.707106781186541,2.35513868802563E-16));
#1209=DIRECTION('',(-0.70710678118654,-0.707106781186555,-3.14018491736755E-16));
#1210=DIRECTION('',(-1.,-2.36847578586706E-14,7.89491928622329E-15));
#1211=DIRECTION('',(-1.,1.57898385724472E-14,7.89491928622329E-15));
#1212=DIRECTION('',(-1.,-2.36847578586721E-14,7.89491928622328E-15));
#1213=DIRECTION('',(-1.,2.36847578586705E-14,7.89491928622328E-15));
#1214=DIRECTION('',(0.,0.,-1.));
#1215=DIRECTION('',(0.,0.,-1.));
#1216=DIRECTION('',(0.,0.,-1.));
#1217=DIRECTION('',(0.,0.,1.));
#1218=DIRECTION('',(0.,0.,1.));
#1219=DIRECTION('',(0.,0.,1.));
#1220=DIRECTION('',(0.,0.,-1.));
#1221=DIRECTION('',(0.,1.,0.));
#1222=DIRECTION('',(0.,1.,0.));
#1223=DIRECTION('',(0.,0.,1.));
#1224=DIRECTION('',(1.,0.,0.));
#1225=CARTESIAN_POINT('',(0.,0.,0.));
#1226=CARTESIAN_POINT('',(24.2740577261157,17.,-3.64234536292856));
#1227=CARTESIAN_POINT('',(12.,17.,-3.64234536292856));
#1228=CARTESIAN_POINT('',(22.0920026312255,6.91289714976801,-0.642345362928562));
#1229=CARTESIAN_POINT('',(22.0920026312255,6.51289714976801,-0.642345362928562));
#1230=CARTESIAN_POINT('',(22.0920026312255,6.11289714976801,-0.642345362928562));
#1231=CARTESIAN_POINT('',(22.0920026312255,5.91289714976801,-0.442345362928559));
#1232=CARTESIAN_POINT('',(22.0920026312255,5.91289714976801,-0.0423453629285609));
#1233=CARTESIAN_POINT('',(22.0920026312255,5.91289714976801,0.357654637071437));
#1234=CARTESIAN_POINT('',(13.2002220421475,6.91289714976801,-0.642345362928562));
#1235=CARTESIAN_POINT('',(13.2002220421475,6.51289714976801,-0.642345362928562));
#1236=CARTESIAN_POINT('',(13.2002220421475,6.11289714976801,-0.642345362928562));
#1237=CARTESIAN_POINT('',(13.2002220421475,5.91289714976802,-0.442345362928558));
#1238=CARTESIAN_POINT('',(13.2002220421475,5.91289714976802,-0.0423453629285602));
#1239=CARTESIAN_POINT('',(13.2002220421475,5.91289714976802,0.357654637071437));
#1240=CARTESIAN_POINT('',(14.2002220421476,5.91289714976801,1.36270648003441));
#1241=CARTESIAN_POINT('',(22.0920026312255,4.91289714976801,1.36270648003441));
#1242=CARTESIAN_POINT('',(13.2002220421476,4.91289714976801,1.36270648003441));
#1243=CARTESIAN_POINT('',(22.0920026312255,5.31289714976801,1.36270648003441));
#1244=CARTESIAN_POINT('',(13.2002220421476,5.31289714976801,1.36270648003441));
#1245=CARTESIAN_POINT('',(22.0920026312255,5.71289714976801,1.36270648003441));
#1246=CARTESIAN_POINT('',(13.2002220421476,5.71289714976801,1.36270648003441));
#1247=CARTESIAN_POINT('',(22.0920026312255,5.91289714976801,1.16270648003441));
#1248=CARTESIAN_POINT('',(13.2002220421476,5.91289714976801,1.16270648003441));
#1249=CARTESIAN_POINT('',(22.0920026312255,5.91289714976801,0.762706480034408));
#1250=CARTESIAN_POINT('',(13.2002220421476,5.91289714976801,0.762706480034408));
#1251=CARTESIAN_POINT('',(22.0920026312255,5.91289714976801,0.362706480034408));
#1252=CARTESIAN_POINT('',(13.2002220421476,5.91289714976801,0.362706480034408));
#1253=CARTESIAN_POINT('',(21.0920026312254,-16.520249902354,1.36270648003441));
#1254=CARTESIAN_POINT('',(17.6461123366865,-15.849429509104,1.1627064800344));
#1255=CARTESIAN_POINT('',(15.6902225264667,7.99891010190503,17.3576541937685));
#1256=CARTESIAN_POINT('',(15.8226180781918,7.99891010190503,17.3576541937685));
#1257=CARTESIAN_POINT('',(15.9608493862433,7.99908705146303,17.3576541937685));
#1258=CARTESIAN_POINT('',(16.1006955574474,7.99575599032104,17.3576541937685));
#1259=CARTESIAN_POINT('',(16.2379356986301,7.98523195822106,17.3576541937685));
#1260=CARTESIAN_POINT('',(16.3683489166177,7.96382999490512,17.3576541937685));
#1261=CARTESIAN_POINT('',(16.4364774641865,7.95264949726588,17.3576541937685));
#1262=CARTESIAN_POINT('',(16.5034411976125,7.93842283308506,17.3576541937685));
#1263=CARTESIAN_POINT('',(16.5686970233933,7.92041998647968,17.3576541937685));
#1264=CARTESIAN_POINT('',(16.6317018480263,7.89791094156676,17.3576541937685));
#1265=CARTESIAN_POINT('',(16.6919125780088,7.87016568246333,17.3576541937685));
#1266=CARTESIAN_POINT('',(16.7527909287313,7.84211278200734,17.3576541937685));
#1267=CARTESIAN_POINT('',(16.8086315571111,7.80967717454286,17.3576541937685));
#1268=CARTESIAN_POINT('',(16.8595731890345,7.77261514866188,17.3576541937685));
#1269=CARTESIAN_POINT('',(16.9057545503873,7.73068299295642,17.3576541937685));
#1270=CARTESIAN_POINT('',(16.9473143670558,7.68363699601847,17.3576541937685));
#1271=CARTESIAN_POINT('',(16.9874255129358,7.63823090432901,17.3576541937685));
#1272=CARTESIAN_POINT('',(17.022010048943,7.58940993476168,17.3576541937685));
#1273=CARTESIAN_POINT('',(17.0516196949705,7.53761023511527,17.3576541937685));
#1274=CARTESIAN_POINT('',(17.0768061709113,7.48326795318859,17.3576541937685));
#1275=CARTESIAN_POINT('',(17.0981211966584,7.42681923678044,17.3576541937685));
#1276=CARTESIAN_POINT('',(17.1193201733263,7.3706778538766,17.3576541937685));
#1277=CARTESIAN_POINT('',(17.1366809366319,7.31252567707958,17.3576541937685));
#1278=CARTESIAN_POINT('',(17.1507115093884,7.25278345949283,17.3576541937685));
#1279=CARTESIAN_POINT('',(17.1619199144091,7.19187195421976,17.3576541937685));
#1280=CARTESIAN_POINT('',(17.1708141745073,7.13021191436382,17.3576541937685));
#1281=CARTESIAN_POINT('',(17.1885372678722,7.00734541044174,17.3576541937685));
#1282=CARTESIAN_POINT('',(17.19735977346,6.88097663897371,17.3576541937685));
#1283=CARTESIAN_POINT('',(17.2002615675613,6.75191093822084,17.3576541937685));
#1284=CARTESIAN_POINT('',(17.2002225264667,6.62095364644425,17.3576541937685));
#1285=CARTESIAN_POINT('',(17.2002225264667,6.48891010190504,17.3576541937685));
#1286=CARTESIAN_POINT('',(15.6902225264667,7.99891010190503,-14.6423458062315));
#1287=CARTESIAN_POINT('',(15.8226180781918,7.99891010190503,-14.6423458062315));
#1288=CARTESIAN_POINT('',(15.9608493862433,7.99908705146303,-14.6423458062315));
#1289=CARTESIAN_POINT('',(16.1006955574474,7.99575599032104,-14.6423458062315));
#1290=CARTESIAN_POINT('',(16.2379356986301,7.98523195822106,-14.6423458062315));
#1291=CARTESIAN_POINT('',(16.3683489166177,7.96382999490512,-14.6423458062315));
#1292=CARTESIAN_POINT('',(16.4364774641865,7.95264949726588,-14.6423458062315));
#1293=CARTESIAN_POINT('',(16.5034411976125,7.93842283308506,-14.6423458062315));
#1294=CARTESIAN_POINT('',(16.5686970233933,7.92041998647968,-14.6423458062315));
#1295=CARTESIAN_POINT('',(16.6317018480263,7.89791094156676,-14.6423458062315));
#1296=CARTESIAN_POINT('',(16.6919125780088,7.87016568246333,-14.6423458062315));
#1297=CARTESIAN_POINT('',(16.7527909287313,7.84211278200734,-14.6423458062315));
#1298=CARTESIAN_POINT('',(16.8086315571111,7.80967717454286,-14.6423458062315));
#1299=CARTESIAN_POINT('',(16.8595731890345,7.77261514866188,-14.6423458062315));
#1300=CARTESIAN_POINT('',(16.9057545503873,7.73068299295642,-14.6423458062315));
#1301=CARTESIAN_POINT('',(16.9473143670558,7.68363699601847,-14.6423458062315));
#1302=CARTESIAN_POINT('',(16.9874255129358,7.63823090432901,-14.6423458062315));
#1303=CARTESIAN_POINT('',(17.022010048943,7.58940993476168,-14.6423458062315));
#1304=CARTESIAN_POINT('',(17.0516196949705,7.53761023511527,-14.6423458062315));
#1305=CARTESIAN_POINT('',(17.0768061709113,7.48326795318859,-14.6423458062315));
#1306=CARTESIAN_POINT('',(17.0981211966584,7.42681923678044,-14.6423458062315));
#1307=CARTESIAN_POINT('',(17.1193201733263,7.3706778538766,-14.6423458062315));
#1308=CARTESIAN_POINT('',(17.1366809366319,7.31252567707958,-14.6423458062315));
#1309=CARTESIAN_POINT('',(17.1507115093884,7.25278345949283,-14.6423458062315));
#1310=CARTESIAN_POINT('',(17.1619199144091,7.19187195421976,-14.6423458062315));
#1311=CARTESIAN_POINT('',(17.1708141745073,7.13021191436382,-14.6423458062315));
#1312=CARTESIAN_POINT('',(17.1885372678722,7.00734541044174,-14.6423458062315));
#1313=CARTESIAN_POINT('',(17.19735977346,6.88097663897371,-14.6423458062315));
#1314=CARTESIAN_POINT('',(17.2002615675613,6.75191093822084,-14.6423458062315));
#1315=CARTESIAN_POINT('',(17.2002225264667,6.62095364644425,-14.6423458062315));
#1316=CARTESIAN_POINT('',(17.2002225264667,6.48891010190504,-14.6423458062315));
#1317=CARTESIAN_POINT('',(18.9073293076537,-16.292237816637,17.3576541937685));
#1318=CARTESIAN_POINT('',(18.9621073026336,-16.347015811617,17.3576541937685));
#1319=CARTESIAN_POINT('',(19.0168852976136,-16.401793806597,17.3576541937685));
#1320=CARTESIAN_POINT('',(19.0741434206096,-16.450584242883,17.3576541937685));
#1321=CARTESIAN_POINT('',(19.1352021923887,-16.490199101333,17.3576541937685));
#1322=CARTESIAN_POINT('',(19.2002225264667,-16.520249902354,17.3576541937685));
#1323=CARTESIAN_POINT('',(18.9073293076537,-16.292237816637,-14.6423458062315));
#1324=CARTESIAN_POINT('',(18.9621073026336,-16.347015811617,-14.6423458062315));
#1325=CARTESIAN_POINT('',(19.0168852976136,-16.401793806597,-14.6423458062315));
#1326=CARTESIAN_POINT('',(19.0741434206096,-16.450584242883,-14.6423458062315));
#1327=CARTESIAN_POINT('',(19.1352021923887,-16.490199101333,-14.6423458062315));
#1328=CARTESIAN_POINT('',(19.2002225264667,-16.520249902354,-14.6423458062315));
#1329=CARTESIAN_POINT('',(17.2002225264667,-1.71714384883001,17.3576541937685));
#1330=CARTESIAN_POINT('',(17.2002225264667,-1.894040914827,17.3576541937685));
#1331=CARTESIAN_POINT('',(17.2002225264667,-2.07093798082399,17.3576541937685));
#1332=CARTESIAN_POINT('',(17.248398617766,-2.23787289300999,17.3576541937685));
#1333=CARTESIAN_POINT('',(17.3965243795159,-2.33791905818198,17.3576541937685));
#1334=CARTESIAN_POINT('',(17.5273922815486,-2.45694075442197,17.3576541937685));
#1335=CARTESIAN_POINT('',(17.7163725266662,-2.62881444522286,17.3576541937685));
#1336=CARTESIAN_POINT('',(17.8685579116212,-2.83831024621436,17.3576541937685));
#1337=CARTESIAN_POINT('',(17.9737367425728,-3.07614082946094,17.3576541937685));
#1338=CARTESIAN_POINT('',(18.0263261580486,-3.32968221741741,17.3576541937685));
#1339=CARTESIAN_POINT('',(18.0263261580486,-3.58513103544997,17.3576541937685));
#1340=CARTESIAN_POINT('',(18.0263261580486,-3.84057985348253,17.3576541937685));
#1341=CARTESIAN_POINT('',(17.9737367425728,-4.09412124143899,17.3576541937685));
#1342=CARTESIAN_POINT('',(17.8685579116212,-4.33195182468557,17.3576541937685));
#1343=CARTESIAN_POINT('',(17.7163725266662,-4.54144762567708,17.3576541937685));
#1344=CARTESIAN_POINT('',(17.5273922815486,-4.71332131647796,17.3576541937685));
#1345=CARTESIAN_POINT('',(17.3965243795159,-4.83234301271796,17.3576541937685));
#1346=CARTESIAN_POINT('',(17.248398617766,-4.93238917788999,17.3576541937685));
#1347=CARTESIAN_POINT('',(17.2002225264667,-5.09932409007597,17.3576541937685));
#1348=CARTESIAN_POINT('',(17.2002225264667,-5.276221156073,17.3576541937685));
#1349=CARTESIAN_POINT('',(17.2002225264667,-5.45311822207001,17.3576541937685));
#1350=CARTESIAN_POINT('',(17.2002225264667,-1.71714384883001,-14.6423458062315));
#1351=CARTESIAN_POINT('',(17.2002225264667,-1.894040914827,-14.6423458062315));
#1352=CARTESIAN_POINT('',(17.2002225264667,-2.07093798082399,-14.6423458062315));
#1353=CARTESIAN_POINT('',(17.248398617766,-2.23787289300999,-14.6423458062315));
#1354=CARTESIAN_POINT('',(17.3965243795159,-2.33791905818198,-14.6423458062315));
#1355=CARTESIAN_POINT('',(17.5273922815486,-2.45694075442197,-14.6423458062315));
#1356=CARTESIAN_POINT('',(17.7163725266662,-2.62881444522286,-14.6423458062315));
#1357=CARTESIAN_POINT('',(17.8685579116212,-2.83831024621436,-14.6423458062315));
#1358=CARTESIAN_POINT('',(17.9737367425728,-3.07614082946094,-14.6423458062315));
#1359=CARTESIAN_POINT('',(18.0263261580486,-3.32968221741741,-14.6423458062315));
#1360=CARTESIAN_POINT('',(18.0263261580486,-3.58513103544997,-14.6423458062315));
#1361=CARTESIAN_POINT('',(18.0263261580486,-3.84057985348253,-14.6423458062315));
#1362=CARTESIAN_POINT('',(17.9737367425728,-4.09412124143899,-14.6423458062315));
#1363=CARTESIAN_POINT('',(17.8685579116212,-4.33195182468557,-14.6423458062315));
#1364=CARTESIAN_POINT('',(17.7163725266662,-4.54144762567708,-14.6423458062315));
#1365=CARTESIAN_POINT('',(17.5273922815486,-4.71332131647796,-14.6423458062315));
#1366=CARTESIAN_POINT('',(17.3965243795159,-4.83234301271796,-14.6423458062315));
#1367=CARTESIAN_POINT('',(17.248398617766,-4.93238917788999,-14.6423458062315));
#1368=CARTESIAN_POINT('',(17.2002225264667,-5.09932409007597,-14.6423458062315));
#1369=CARTESIAN_POINT('',(17.2002225264667,-5.276221156073,-14.6423458062315));
#1370=CARTESIAN_POINT('',(17.2002225264667,-5.45311822207001,-14.6423458062315));
#1371=CARTESIAN_POINT('',(17.2002225264667,-14.170917473077,17.3576541937685));
#1372=CARTESIAN_POINT('',(17.2002225264667,-14.336602898026,17.3576541937685));
#1373=CARTESIAN_POINT('',(17.2002225264667,-14.502288322975,17.3576541937685));
#1374=CARTESIAN_POINT('',(17.2588011702297,-14.643709679213,17.3576541937685));
#1375=CARTESIAN_POINT('',(17.3759584577546,-14.760866966738,17.3576541937685));
#1376=CARTESIAN_POINT('',(17.4931157452796,-14.878024254263,17.3576541937685));
#1377=CARTESIAN_POINT('',(17.2002225264667,-14.170917473077,-14.6423458062315));
#1378=CARTESIAN_POINT('',(17.2002225264667,-14.336602898026,-14.6423458062315));
#1379=CARTESIAN_POINT('',(17.2002225264667,-14.502288322975,-14.6423458062315));
#1380=CARTESIAN_POINT('',(17.2588011702297,-14.643709679213,-14.6423458062315));
#1381=CARTESIAN_POINT('',(17.3759584577546,-14.760866966738,-14.6423458062315));
#1382=CARTESIAN_POINT('',(17.4931157452796,-14.878024254263,-14.6423458062315));
#1383=CARTESIAN_POINT('',(21.2371398841316,-16.5202499023539,7.35765463707183));
#1384=CARTESIAN_POINT('',(17.6461123366864,-15.849429509104,7.55765463707178));
#1385=CARTESIAN_POINT('',(18.9073293076537,-16.292237816637,17.3576541937685));
#1386=CARTESIAN_POINT('',(18.9621073026336,-16.347015811617,17.3576541937685));
#1387=CARTESIAN_POINT('',(19.0168852976136,-16.401793806597,17.3576541937685));
#1388=CARTESIAN_POINT('',(19.0741434206096,-16.450584242883,17.3576541937685));
#1389=CARTESIAN_POINT('',(19.1352021923887,-16.490199101333,17.3576541937685));
#1390=CARTESIAN_POINT('',(19.2002225264667,-16.520249902354,17.3576541937685));
#1391=CARTESIAN_POINT('',(18.9073293076537,-16.292237816637,-14.6423458062315));
#1392=CARTESIAN_POINT('',(18.9621073026336,-16.347015811617,-14.6423458062315));
#1393=CARTESIAN_POINT('',(19.0168852976136,-16.401793806597,-14.6423458062315));
#1394=CARTESIAN_POINT('',(19.0741434206096,-16.450584242883,-14.6423458062315));
#1395=CARTESIAN_POINT('',(19.1352021923887,-16.490199101333,-14.6423458062315));
#1396=CARTESIAN_POINT('',(19.2002225264667,-16.520249902354,-14.6423458062315));
#1397=CARTESIAN_POINT('',(17.2002225264667,-1.71714384883001,17.3576541937685));
#1398=CARTESIAN_POINT('',(17.2002225264667,-1.894040914827,17.3576541937685));
#1399=CARTESIAN_POINT('',(17.2002225264667,-2.07093798082399,17.3576541937685));
#1400=CARTESIAN_POINT('',(17.248398617766,-2.23787289300999,17.3576541937685));
#1401=CARTESIAN_POINT('',(17.3965243795159,-2.33791905818198,17.3576541937685));
#1402=CARTESIAN_POINT('',(17.5273922815486,-2.45694075442197,17.3576541937685));
#1403=CARTESIAN_POINT('',(17.7163725266662,-2.62881444522286,17.3576541937685));
#1404=CARTESIAN_POINT('',(17.8685579116212,-2.83831024621436,17.3576541937685));
#1405=CARTESIAN_POINT('',(17.9737367425728,-3.07614082946094,17.3576541937685));
#1406=CARTESIAN_POINT('',(18.0263261580486,-3.32968221741741,17.3576541937685));
#1407=CARTESIAN_POINT('',(18.0263261580486,-3.58513103544997,17.3576541937685));
#1408=CARTESIAN_POINT('',(18.0263261580486,-3.84057985348253,17.3576541937685));
#1409=CARTESIAN_POINT('',(17.9737367425728,-4.09412124143899,17.3576541937685));
#1410=CARTESIAN_POINT('',(17.8685579116212,-4.33195182468557,17.3576541937685));
#1411=CARTESIAN_POINT('',(17.7163725266662,-4.54144762567708,17.3576541937685));
#1412=CARTESIAN_POINT('',(17.5273922815486,-4.71332131647796,17.3576541937685));
#1413=CARTESIAN_POINT('',(17.3965243795159,-4.83234301271796,17.3576541937685));
#1414=CARTESIAN_POINT('',(17.248398617766,-4.93238917788999,17.3576541937685));
#1415=CARTESIAN_POINT('',(17.2002225264667,-5.09932409007597,17.3576541937685));
#1416=CARTESIAN_POINT('',(17.2002225264667,-5.276221156073,17.3576541937685));
#1417=CARTESIAN_POINT('',(17.2002225264667,-5.45311822207001,17.3576541937685));
#1418=CARTESIAN_POINT('',(17.2002225264667,-1.71714384883001,-14.6423458062315));
#1419=CARTESIAN_POINT('',(17.2002225264667,-1.894040914827,-14.6423458062315));
#1420=CARTESIAN_POINT('',(17.2002225264667,-2.07093798082399,-14.6423458062315));
#1421=CARTESIAN_POINT('',(17.248398617766,-2.23787289300999,-14.6423458062315));
#1422=CARTESIAN_POINT('',(17.3965243795159,-2.33791905818198,-14.6423458062315));
#1423=CARTESIAN_POINT('',(17.5273922815486,-2.45694075442197,-14.6423458062315));
#1424=CARTESIAN_POINT('',(17.7163725266662,-2.62881444522286,-14.6423458062315));
#1425=CARTESIAN_POINT('',(17.8685579116212,-2.83831024621436,-14.6423458062315));
#1426=CARTESIAN_POINT('',(17.9737367425728,-3.07614082946094,-14.6423458062315));
#1427=CARTESIAN_POINT('',(18.0263261580486,-3.32968221741741,-14.6423458062315));
#1428=CARTESIAN_POINT('',(18.0263261580486,-3.58513103544997,-14.6423458062315));
#1429=CARTESIAN_POINT('',(18.0263261580486,-3.84057985348253,-14.6423458062315));
#1430=CARTESIAN_POINT('',(17.9737367425728,-4.09412124143899,-14.6423458062315));
#1431=CARTESIAN_POINT('',(17.8685579116212,-4.33195182468557,-14.6423458062315));
#1432=CARTESIAN_POINT('',(17.7163725266662,-4.54144762567708,-14.6423458062315));
#1433=CARTESIAN_POINT('',(17.5273922815486,-4.71332131647796,-14.6423458062315));
#1434=CARTESIAN_POINT('',(17.3965243795159,-4.83234301271796,-14.6423458062315));
#1435=CARTESIAN_POINT('',(17.248398617766,-4.93238917788999,-14.6423458062315));
#1436=CARTESIAN_POINT('',(17.2002225264667,-5.09932409007597,-14.6423458062315));
#1437=CARTESIAN_POINT('',(17.2002225264667,-5.276221156073,-14.6423458062315));
#1438=CARTESIAN_POINT('',(17.2002225264667,-5.45311822207001,-14.6423458062315));
#1439=CARTESIAN_POINT('',(17.2002225264667,-14.170917473077,17.3576541937685));
#1440=CARTESIAN_POINT('',(17.2002225264667,-14.336602898026,17.3576541937685));
#1441=CARTESIAN_POINT('',(17.2002225264667,-14.502288322975,17.3576541937685));
#1442=CARTESIAN_POINT('',(17.2588011702297,-14.643709679213,17.3576541937685));
#1443=CARTESIAN_POINT('',(17.3759584577546,-14.760866966738,17.3576541937685));
#1444=CARTESIAN_POINT('',(17.4931157452796,-14.878024254263,17.3576541937685));
#1445=CARTESIAN_POINT('',(17.2002225264667,-14.170917473077,-14.6423458062315));
#1446=CARTESIAN_POINT('',(17.2002225264667,-14.336602898026,-14.6423458062315));
#1447=CARTESIAN_POINT('',(17.2002225264667,-14.502288322975,-14.6423458062315));
#1448=CARTESIAN_POINT('',(17.2588011702297,-14.643709679213,-14.6423458062315));
#1449=CARTESIAN_POINT('',(17.3759584577546,-14.760866966738,-14.6423458062315));
#1450=CARTESIAN_POINT('',(17.4931157452796,-14.878024254263,-14.6423458062315));
#1451=CARTESIAN_POINT('',(21.092002873385,9.87821888067496,-1.6418401786323));
#1452=CARTESIAN_POINT('',(21.092002873385,2.97975009764605,7.85765463707184));
#1453=CARTESIAN_POINT('',(21.092002873385,4.97975009764605,0.862706480030414));
#1454=CARTESIAN_POINT('',(21.2348600162422,10.078218880675,7.37849721332188));
#1455=CARTESIAN_POINT('',(21.2348600162422,-16.720249902354,7.37849721332188));
#1456=CARTESIAN_POINT('',(21.1777171590993,10.078218880675,7.36146050492189));
#1457=CARTESIAN_POINT('',(21.1777171590993,-16.720249902354,7.36146050492189));
#1458=CARTESIAN_POINT('',(21.1180346194168,10.078218880675,7.35294215072189));
#1459=CARTESIAN_POINT('',(21.1180346194168,-16.720249902354,7.35294215072189));
#1460=CARTESIAN_POINT('',(21.092002873385,10.078218880675,7.30609120262189));
#1461=CARTESIAN_POINT('',(21.092002873385,-16.720249902354,7.30609120262189));
#1462=CARTESIAN_POINT('',(21.092002873385,10.078218880675,7.24646272322189));
#1463=CARTESIAN_POINT('',(21.092002873385,-16.720249902354,7.2464627232219));
#1464=CARTESIAN_POINT('',(21.092002873385,10.078218880675,7.1868342438219));
#1465=CARTESIAN_POINT('',(21.092002873385,-16.720249902354,7.1868342438219));
#1466=CARTESIAN_POINT('',(21.2348600162422,-16.7202499023539,1.34186390378037));
#1467=CARTESIAN_POINT('',(21.2348600162422,10.078218880675,1.34186390378037));
#1468=CARTESIAN_POINT('',(21.1777171590993,-16.7202499023539,1.35890061218037));
#1469=CARTESIAN_POINT('',(21.1777171590993,10.078218880675,1.35890061218036));
#1470=CARTESIAN_POINT('',(21.1180346194168,-16.7202499023539,1.36741896638037));
#1471=CARTESIAN_POINT('',(21.1180346194168,10.078218880675,1.36741896638036));
#1472=CARTESIAN_POINT('',(21.092002873385,-16.720249902354,1.41426991448036));
#1473=CARTESIAN_POINT('',(21.092002873385,10.078218880675,1.41426991448035));
#1474=CARTESIAN_POINT('',(21.092002873385,-16.720249902354,1.47389839388036));
#1475=CARTESIAN_POINT('',(21.092002873385,10.078218880675,1.47389839388035));
#1476=CARTESIAN_POINT('',(21.092002873385,-16.720249902354,1.53352687328035));
#1477=CARTESIAN_POINT('',(21.092002873385,10.078218880675,1.53352687328035));
#1478=CARTESIAN_POINT('',(20.8016106900434,32.2288618680411,8.08032343436657));
#1479=CARTESIAN_POINT('',(19.6000435699577,32.2288618680411,1.90686118747371));
#1480=CARTESIAN_POINT('',(17.2002225264667,6.48891010190504,1.70802393096744));
#1481=CARTESIAN_POINT('',(17.2002225264667,-5.45311822207001,1.70802393096743));
#1482=CARTESIAN_POINT('',(17.4931157452796,-14.878024254263,1.70802393096743));
#1483=CARTESIAN_POINT('',(16.8110445159908,-18.7635646075661,11.3526027941088));
#1484=CARTESIAN_POINT('',(24.2740577261157,9.87821888067496,-3.64234536292856));
#1485=CARTESIAN_POINT('',(21.092002873385,9.87821888067496,8.25815982136808));
#1486=CARTESIAN_POINT('',(21.0920026312255,5.91289714976801,7.35260279410886));
#1487=CARTESIAN_POINT('',(17.2002225264667,6.48891010190504,11.3526027941088));
#1488=CARTESIAN_POINT('',(17.2002225264667,-5.45311822207,11.3526027941088));
#1489=CARTESIAN_POINT('',(17.4931157452796,-14.878024254263,11.3526027941088));
#1490=CARTESIAN_POINT('',(22.2740577261157,9.87821888067497,-5.6423453629286));
#1491=CARTESIAN_POINT('',(24.2740577261157,-14.520249902354,13.3526027941088));
#1492=CARTESIAN_POINT('',(18.2002225264667,5.91289714976801,6.35368255171162));
#1493=CARTESIAN_POINT('',(24.2740577261157,-16.520249902354,-3.64234536292856));
#1494=CARTESIAN_POINT('',(12.,-16.520249902354,-3.64234536292856));
#1495=CARTESIAN_POINT('',(24.2740577261157,-14.5202499023539,-5.64234536292857));
#1496=CARTESIAN_POINT('',(22.2740577261157,17.,-5.64234536292855));
#1497=CARTESIAN_POINT('',(14.,17.,1.35765463707144));
#1498=CARTESIAN_POINT('',(12.,-14.520249902354,1.35765463707144));
#1499=CARTESIAN_POINT('',(49.9261643160318,-10.476089898095,4.35765463707104));
#1500=CARTESIAN_POINT('',(49.9261643160318,-10.476089898095,4.35765463707104));
#1501=CARTESIAN_POINT('',(49.9261643160318,3.52391010190505,4.35765463707104));
#1502=CARTESIAN_POINT('',(49.9261643160318,3.52391010190493,4.35765463707104));
#1503=CARTESIAN_POINT('',(16.7002225264667,14.023910063588,-3.64234536292857));
#1504=CARTESIAN_POINT('',(16.7002225264667,14.023910063588,-3.64234536292857));
#1505=CARTESIAN_POINT('',(17.2002225264667,-5.45311822207001,9.35260279410884));
#1506=CARTESIAN_POINT('',(17.2002225264667,-5.276221156073,9.35260279410884));
#1507=CARTESIAN_POINT('',(17.2002225264667,-5.09932409007597,9.35260279410884));
#1508=CARTESIAN_POINT('',(17.248398617766,-4.93238917788999,9.35260279410884));
#1509=CARTESIAN_POINT('',(17.3965243795159,-4.83234301271796,9.35260279410884));
#1510=CARTESIAN_POINT('',(17.5273922815486,-4.71332131647796,9.35260279410884));
#1511=CARTESIAN_POINT('',(17.7163725266662,-4.54144762567708,9.35260279410883));
#1512=CARTESIAN_POINT('',(17.8685579116212,-4.33195182468557,9.35260279410884));
#1513=CARTESIAN_POINT('',(17.9737367425728,-4.09412124143899,9.35260279410884));
#1514=CARTESIAN_POINT('',(18.0263261580486,-3.84057985348253,9.35260279410883));
#1515=CARTESIAN_POINT('',(18.0263261580486,-3.58513103544997,9.35260279410884));
#1516=CARTESIAN_POINT('',(18.0263261580486,-3.32968221741741,9.35260279410883));
#1517=CARTESIAN_POINT('',(17.9737367425728,-3.07614082946094,9.35260279410884));
#1518=CARTESIAN_POINT('',(17.8685579116212,-2.83831024621436,9.35260279410884));
#1519=CARTESIAN_POINT('',(17.7163725266662,-2.62881444522286,9.35260279410883));
#1520=CARTESIAN_POINT('',(17.5273922815486,-2.45694075442197,9.35260279410884));
#1521=CARTESIAN_POINT('',(17.3965243795159,-2.33791905818198,9.35260279410884));
#1522=CARTESIAN_POINT('',(17.248398617766,-2.23787289300999,9.35260279410884));
#1523=CARTESIAN_POINT('',(17.2002225264667,-2.07093798082399,9.35260279410884));
#1524=CARTESIAN_POINT('',(17.2002225264667,-1.894040914827,9.35260279410884));
#1525=CARTESIAN_POINT('',(17.2002225264667,-1.71714384883001,9.35260279410884));
#1526=CARTESIAN_POINT('',(17.2002225264667,-5.45311822207001,11.3526027941088));
#1527=CARTESIAN_POINT('',(17.2002225264667,-5.276221156073,11.3526027941088));
#1528=CARTESIAN_POINT('',(17.2002225264667,-5.09932409007597,11.3526027941088));
#1529=CARTESIAN_POINT('',(17.248398617766,-4.93238917788999,11.3526027941088));
#1530=CARTESIAN_POINT('',(17.3965243795159,-4.83234301271796,11.3526027941088));
#1531=CARTESIAN_POINT('',(17.5273922815486,-4.71332131647796,11.3526027941088));
#1532=CARTESIAN_POINT('',(17.7163725266662,-4.54144762567708,11.3526027941088));
#1533=CARTESIAN_POINT('',(17.8685579116212,-4.33195182468557,11.3526027941088));
#1534=CARTESIAN_POINT('',(17.9737367425728,-4.09412124143899,11.3526027941088));
#1535=CARTESIAN_POINT('',(18.0263261580486,-3.84057985348253,11.3526027941088));
#1536=CARTESIAN_POINT('',(18.0263261580486,-3.58513103544997,11.3526027941088));
#1537=CARTESIAN_POINT('',(18.0263261580486,-3.32968221741741,11.3526027941088));
#1538=CARTESIAN_POINT('',(17.9737367425728,-3.07614082946094,11.3526027941088));
#1539=CARTESIAN_POINT('',(17.8685579116212,-2.83831024621436,11.3526027941088));
#1540=CARTESIAN_POINT('',(17.7163725266662,-2.62881444522286,11.3526027941088));
#1541=CARTESIAN_POINT('',(17.5273922815486,-2.45694075442197,11.3526027941088));
#1542=CARTESIAN_POINT('',(17.3965243795159,-2.33791905818198,11.3526027941088));
#1543=CARTESIAN_POINT('',(17.248398617766,-2.23787289300999,11.3526027941088));
#1544=CARTESIAN_POINT('',(17.2002225264667,-2.07093798082399,11.3526027941088));
#1545=CARTESIAN_POINT('',(17.2002225264667,-1.894040914827,11.3526027941088));
#1546=CARTESIAN_POINT('',(17.2002225264667,-1.71714384883001,11.3526027941088));
#1547=CARTESIAN_POINT('',(17.4931157452796,-14.878024254263,9.35260279410884));
#1548=CARTESIAN_POINT('',(17.3759584577546,-14.760866966738,9.35260279410884));
#1549=CARTESIAN_POINT('',(17.2588011702297,-14.643709679213,9.35260279410884));
#1550=CARTESIAN_POINT('',(17.2002225264667,-14.502288322975,9.35260279410884));
#1551=CARTESIAN_POINT('',(17.2002225264667,-14.336602898026,9.35260279410884));
#1552=CARTESIAN_POINT('',(17.2002225264667,-14.170917473077,9.35260279410884));
#1553=CARTESIAN_POINT('',(17.4931157452796,-14.878024254263,11.3526027941088));
#1554=CARTESIAN_POINT('',(17.3759584577546,-14.760866966738,11.3526027941088));
#1555=CARTESIAN_POINT('',(17.2588011702297,-14.643709679213,11.3526027941088));
#1556=CARTESIAN_POINT('',(17.2002225264667,-14.502288322975,11.3526027941088));
#1557=CARTESIAN_POINT('',(17.2002225264667,-14.336602898026,11.3526027941088));
#1558=CARTESIAN_POINT('',(17.2002225264667,-14.170917473077,11.3526027941088));
#1559=CARTESIAN_POINT('',(19.2002225264667,-16.520249902354,9.35260279410884));
#1560=CARTESIAN_POINT('',(19.1352021923887,-16.490199101333,9.35260279410884));
#1561=CARTESIAN_POINT('',(19.0741434206096,-16.450584242883,9.35260279410884));
#1562=CARTESIAN_POINT('',(19.0168852976136,-16.401793806597,9.35260279410884));
#1563=CARTESIAN_POINT('',(18.9621073026336,-16.347015811617,9.35260279410884));
#1564=CARTESIAN_POINT('',(18.9073293076537,-16.292237816637,9.35260279410884));
#1565=CARTESIAN_POINT('',(19.2002225264667,-16.520249902354,11.3526027941088));
#1566=CARTESIAN_POINT('',(19.1352021923887,-16.490199101333,11.3526027941088));
#1567=CARTESIAN_POINT('',(19.0741434206096,-16.450584242883,11.3526027941088));
#1568=CARTESIAN_POINT('',(19.0168852976136,-16.401793806597,11.3526027941088));
#1569=CARTESIAN_POINT('',(18.9621073026336,-16.347015811617,11.3526027941088));
#1570=CARTESIAN_POINT('',(18.9073293076537,-16.292237816637,11.3526027941088));
#1571=CARTESIAN_POINT('',(12.,-16.520249902354,-3.64234536292856));
#1572=CARTESIAN_POINT('',(12.,-16.520249902354,-0.642345362928562));
#1573=CARTESIAN_POINT('',(12.,-16.520249902354,-0.642345362928562));
#1574=CARTESIAN_POINT('',(16.250238237842,-19.,1.22162672243143));
#1575=CARTESIAN_POINT('',(16.250238237842,-19.,7.49368255171162));
#1576=CARTESIAN_POINT('',(21.092002873385,2.97975009764605,7.85765463707184));
#1577=CARTESIAN_POINT('',(21.092002873385,4.97975009764605,0.862706480030414));
#1578=CARTESIAN_POINT('',(15.6128664430096,13.8055869014088,-3.64234536292856));
#1579=CARTESIAN_POINT('',(15.6128664430096,13.8055869014088,-0.642345362928563));
#1580=CARTESIAN_POINT('',(17.2002225264667,6.48891010190504,-0.622972734972422));
#1581=CARTESIAN_POINT('',(17.2002225264667,5.91289714976802,0.357654637071437));
#1582=CARTESIAN_POINT('',(17.2002225264667,5.91289714976801,0.362706480034409));
#1583=CARTESIAN_POINT('',(17.2002225264667,5.67143162463124,1.22162672243144));
#1584=CARTESIAN_POINT('',(19.2002225264667,-16.520249902354,0.862706480034408));
#1585=CARTESIAN_POINT('',(18.9073293076537,-16.292237816637,0.917722785089298));
#1586=CARTESIAN_POINT('',(18.6561839696207,-16.041092478604,1.21984933717727));
#1587=CARTESIAN_POINT('',(18.6556450567851,-16.0405535657685,1.22162672243143));
#1588=CARTESIAN_POINT('',(17.2002225264667,-1.71714384883001,1.22162672243143));
#1589=CARTESIAN_POINT('',(17.2002225264667,-5.45311822207001,1.22162672243143));
#1590=CARTESIAN_POINT('',(17.2002225264667,-14.170917473077,1.22162672243143));
#1591=CARTESIAN_POINT('',(17.4931157452796,-14.878024254263,1.22162672243143));
#1592=CARTESIAN_POINT('',(21.0920026312255,5.91289714976801,0.357654637071438));
#1593=CARTESIAN_POINT('',(21.0920026312255,5.91289714976801,0.362706480034408));
#1594=CARTESIAN_POINT('',(18.9073293076537,-16.292237816637,7.80263833201695));
#1595=CARTESIAN_POINT('',(19.2002225264667,-16.520249902354,7.85765463707184));
#1596=CARTESIAN_POINT('',(18.6561839696207,-16.041092478604,7.50051177992894));
#1597=CARTESIAN_POINT('',(18.6540139348034,-16.0389224437867,7.49368255171162));
#1598=CARTESIAN_POINT('',(18.9073293076537,-16.292237816637,9.35260279410884));
#1599=CARTESIAN_POINT('',(19.2002225264667,-16.520249902354,9.35260279410884));
#1600=CARTESIAN_POINT('',(17.2002225264667,-1.71714384883001,9.35260279410884));
#1601=CARTESIAN_POINT('',(17.2002225264667,-5.45311822207001,9.35260279410884));
#1602=CARTESIAN_POINT('',(17.2002225264667,-14.170917473077,9.35260279410884));
#1603=CARTESIAN_POINT('',(17.4931157452796,-14.878024254263,9.35260279410884));
#1604=CARTESIAN_POINT('',(17.2002225264667,-1.71714384883001,7.49368255171162));
#1605=CARTESIAN_POINT('',(17.2002225264667,-5.45311822207001,7.49368255171162));
#1606=CARTESIAN_POINT('',(17.2002225264667,-14.170917473077,7.49368255171162));
#1607=CARTESIAN_POINT('',(17.4931157452796,-14.878024254263,7.49368255171162));
#1608=CARTESIAN_POINT('',(21.592002873385,9.87821888067496,7.85765463707184));
#1609=CARTESIAN_POINT('',(21.0920026482799,9.87821888067497,8.35765463707179));
#1610=CARTESIAN_POINT('',(21.0920026312255,5.91289714976801,8.35765463707178));
#1611=CARTESIAN_POINT('',(21.592002873385,-16.520249902354,7.85765463707184));
#1612=CARTESIAN_POINT('',(21.0920026482799,9.87821888067496,0.362706480030464));
#1613=CARTESIAN_POINT('',(21.592002873385,9.87821888067497,0.862706480030413));
#1614=CARTESIAN_POINT('',(21.592002873385,-16.520249902354,0.862706480030413));
#1615=CARTESIAN_POINT('',(21.2348600732964,9.87821888067497,7.37849723033216));
#1616=CARTESIAN_POINT('',(21.2348600162422,-16.520249902354,7.37849721332189));
#1617=CARTESIAN_POINT('',(21.2348600732964,9.87821888067497,1.34186388677009));
#1618=CARTESIAN_POINT('',(21.2348600162422,-16.5202499023539,1.34186390378037));
#1619=CARTESIAN_POINT('',(21.0920027383219,9.87821888067496,7.1868342438219));
#1620=CARTESIAN_POINT('',(21.0920027383219,9.87821888067497,1.53352687328035));
#1621=CARTESIAN_POINT('',(21.092002873385,-16.520249902354,7.18683424382191));
#1622=CARTESIAN_POINT('',(21.092002873385,-16.520249902354,1.53352687328035));
#1623=CARTESIAN_POINT('',(20.5904119678081,-16.5202499023539,7.85765463707184));
#1624=CARTESIAN_POINT('',(20.2516661893224,-16.041092478604,7.50051177992894));
#1625=CARTESIAN_POINT('',(20.2451887470814,-16.0389224437867,7.49368255171161));
#1626=CARTESIAN_POINT('',(20.5920056967453,5.91289714976801,7.85933492046515));
#1627=CARTESIAN_POINT('',(20.2451887470814,5.91289714976801,7.49368255171162));
#1628=CARTESIAN_POINT('',(20.5920056967453,-16.5202499023539,7.85933492046516));
#1629=CARTESIAN_POINT('',(20.5920057292998,5.88048192628545,0.861026162314607));
#1630=CARTESIAN_POINT('',(20.2499803604142,5.67143162463124,1.22162672243143));
#1631=CARTESIAN_POINT('',(20.2516661893187,-16.041092478604,1.21984933717727));
#1632=CARTESIAN_POINT('',(20.5904119678071,-16.520249902354,0.862706480031472));
#1633=CARTESIAN_POINT('',(20.2499803604142,-16.0405535657685,1.22162672243143));
#1634=CARTESIAN_POINT('',(20.5920056967453,-16.5202499023539,0.86102619663709));
#1635=CARTESIAN_POINT('',(19.2002225264667,-16.520249902354,11.3526027941088));
#1636=CARTESIAN_POINT('',(21.0920026482799,9.87821888067496,11.3526027941088));
#1637=CARTESIAN_POINT('',(21.0920026312255,5.91289714976801,11.3526027941088));
#1638=CARTESIAN_POINT('',(17.2002225264667,-1.71714384883001,11.3526027941088));
#1639=CARTESIAN_POINT('',(17.2002225264667,-5.45311822207001,11.3526027941088));
#1640=CARTESIAN_POINT('',(17.2002225264667,-14.170917473077,11.3526027941088));
#1641=CARTESIAN_POINT('',(17.4931157452796,-14.878024254263,11.3526027941088));
#1642=CARTESIAN_POINT('',(18.9073293076537,-16.292237816637,11.3526027941088));
#1643=CARTESIAN_POINT('',(24.2740577261157,7.87821888067496,11.3526027941088));
#1644=CARTESIAN_POINT('',(22.2740577261157,9.87821888067496,11.3526027941088));
#1645=CARTESIAN_POINT('',(22.2740577261157,-16.520249902354,11.3526027941088));
#1646=CARTESIAN_POINT('',(24.2740577261157,-14.520249902354,11.3526027941088));
#1647=CARTESIAN_POINT('',(18.2002225264667,5.91289714976801,11.3526027941088));
#1648=CARTESIAN_POINT('',(17.2002225264667,4.91289714976801,11.3526027941088));
#1649=CARTESIAN_POINT('',(21.092002873385,-10.476089898095,3.45765463707126));
#1650=CARTESIAN_POINT('',(24.2740577261157,-10.476089898095,3.45765463707124));
#1651=CARTESIAN_POINT('',(21.092002873385,3.52391010190496,3.45765463707126));
#1652=CARTESIAN_POINT('',(24.2740577261157,3.52391010190496,3.45765463707124));
#1653=CARTESIAN_POINT('',(19.2002225264667,-16.520249902354,-0.642345362928562));
#1654=CARTESIAN_POINT('',(22.2740577261157,-16.520249902354,-0.642345362928566));
#1655=CARTESIAN_POINT('',(24.2740577261157,-14.520249902354,-0.642345362928562));
#1656=CARTESIAN_POINT('',(24.2740577261157,7.87821888067497,-0.642345362928562));
#1657=CARTESIAN_POINT('',(21.0920026312255,6.91289714976801,-0.642345362928562));
#1658=CARTESIAN_POINT('',(17.1921071024151,6.91289714976801,-0.642345362928562));
#1659=CARTESIAN_POINT('',(21.0920026482799,9.87821888067496,-0.642345362928563));
#1660=CARTESIAN_POINT('',(17.2002225264667,6.48891010190504,-0.642345362928563));
#1661=CARTESIAN_POINT('',(18.9073293076537,-16.292237816637,-0.642345362928563));
#1662=CARTESIAN_POINT('',(17.2002225264667,-1.71714384883001,-0.642345362928562));
#1663=CARTESIAN_POINT('',(17.2002225264667,-5.45311822207001,-0.642345362928562));
#1664=CARTESIAN_POINT('',(17.2002225264667,-14.170917473077,-0.642345362928562));
#1665=CARTESIAN_POINT('',(17.4931157452796,-14.878024254263,-0.642345362928562));
#1666=CARTESIAN_POINT('',(22.2740577261157,9.87821888067496,-0.642345362928563));
#1667=CARTESIAN_POINT('',(22.2740577261157,-16.520249902354,-3.64234536292856));
#1668=CARTESIAN_POINT('',(24.2740577261157,-14.520249902354,-3.64234536292856));
#1669=CARTESIAN_POINT('',(14.,17.,-3.64234536292855));
#1670=CARTESIAN_POINT('',(22.2740577261157,17.,-3.64234536292856));
#1671=CARTESIAN_POINT('',(14.,17.,-0.642345362928562));
#1672=CARTESIAN_POINT('',(22.2740577261157,17.,-0.642345362928557));
#1673=CARTESIAN_POINT('',(12.,15.,-3.64234536292856));
#1674=CARTESIAN_POINT('',(12.,15.,-0.642345362928565));
#1675=CARTESIAN_POINT('',(24.2740577261157,15.,-0.642345362928564));
#1676=CARTESIAN_POINT('',(24.2740577261157,15.,-3.64234536292856));
#1677=CARTESIAN_POINT('',(14.,-16.520249902354,-0.642345362928561));
#1678=CARTESIAN_POINT('',(14.,-16.520249902354,-3.64234536292856));
#1679=CARTESIAN_POINT('',(12.,-14.520249902354,-3.64234536292856));
#1680=CARTESIAN_POINT('',(12.,-14.520249902354,-0.642345362928564));
#1681=CARTESIAN_POINT('',(18.2002225264667,5.91289714976801,7.49368255171162));
#1682=CARTESIAN_POINT('',(17.2002225264667,4.91289714976801,7.49368255171162));
#1683=CARTESIAN_POINT('',(24.2740577261157,-10.476089898095,5.25765463707125));
#1684=CARTESIAN_POINT('',(21.0920028733851,-10.476089898095,5.25765463707127));
#1685=CARTESIAN_POINT('',(24.2740577261157,3.52391010190496,5.25765463707125));
#1686=CARTESIAN_POINT('',(21.092002873385,3.52391010190496,5.25765463707127));
#1687=CARTESIAN_POINT('',(17.7875786099237,14.2422332257671,-0.642345362928562));
#1688=CARTESIAN_POINT('',(17.7875786099237,14.2422332257671,-3.64234536292856));
#1689=CARTESIAN_POINT('',(15.6128664430096,13.8055869014088,-0.642345362928563));
#1690=CARTESIAN_POINT('',(15.6128664430096,13.8055869014088,-3.64234536292856));
#1691=CARTESIAN_POINT('',(21.0920026312255,5.91289714976801,0.357654637071438));
#1692=CARTESIAN_POINT('',(17.2002225264667,5.91289714976802,0.357654637071437));
#1693=CARTESIAN_POINT('',(21.0920026312255,5.91289714976801,0.362706480034408));
#1694=CARTESIAN_POINT('',(17.2002225264667,5.91289714976801,0.362706480034409));
#1695=CARTESIAN_POINT('',(17.1921071024151,6.91289714976801,-0.642345362928562));
#1696=CARTESIAN_POINT('',(17.2002303350955,6.77540816146955,-0.642345362928563));
#1697=CARTESIAN_POINT('',(17.2002225264667,6.62565397241502,-0.642621658558178));
#1698=CARTESIAN_POINT('',(17.2002225264667,6.48891010190504,-0.622972734972422));
#1699=CARTESIAN_POINT('',(17.2002225264667,6.48891010190504,-0.622972734972422));
#1700=CARTESIAN_POINT('',(17.2002225264667,6.21669676349496,-0.583858008546323));
#1701=CARTESIAN_POINT('',(17.2002225264667,6.00719566141778,-0.482031045787322));
#1702=CARTESIAN_POINT('',(17.2002225264667,5.91289714976802,-0.265001492600915));
#1703=CARTESIAN_POINT('',(17.2002225264667,5.91289714976802,0.046326572235261));
#1704=CARTESIAN_POINT('',(17.2002225264667,5.91289714976802,0.357654637071437));
#1705=CARTESIAN_POINT('',(17.2002225264667,5.91289714976802,0.357654637071437));
#1706=CARTESIAN_POINT('',(17.2002225264667,5.91289714976801,0.362706480034409));
#1707=CARTESIAN_POINT('',(17.2002225264667,5.67143162463124,1.22162672243144));
#1708=CARTESIAN_POINT('',(17.2002225264667,5.79798400337566,1.1281019476691));
#1709=CARTESIAN_POINT('',(17.2002225264667,5.87958712908552,0.989627919872191));
#1710=CARTESIAN_POINT('',(17.2002225264667,5.91289714976801,0.802860787047928));
#1711=CARTESIAN_POINT('',(17.2002225264667,5.91289714976801,0.582783633541168));
#1712=CARTESIAN_POINT('',(17.2002225264667,5.91289714976801,0.362706480034409));
#1713=CARTESIAN_POINT('',(19.2002225264667,-16.520249902354,0.862706480034408));
#1714=CARTESIAN_POINT('',(19.0797579489435,-16.4645741341415,0.862706480034408));
#1715=CARTESIAN_POINT('',(18.9947294612853,-16.3796379702688,0.87293846703913));
#1716=CARTESIAN_POINT('',(18.9073293076537,-16.292237816637,0.917722785089298));
#1717=CARTESIAN_POINT('',(18.9073293076537,-16.292237816637,0.917722785089298));
#1718=CARTESIAN_POINT('',(18.8048405648067,-16.1897490737901,0.970238579003768));
#1719=CARTESIAN_POINT('',(18.7005405535468,-16.0854490625301,1.07044779019152));
#1720=CARTESIAN_POINT('',(18.6561839696207,-16.041092478604,1.21984933717727));
#1721=CARTESIAN_POINT('',(18.6556450567851,-16.0405535657685,1.22162672243143));
#1722=CARTESIAN_POINT('',(18.6558272247089,-16.0407357336922,1.22103581050486));
#1723=CARTESIAN_POINT('',(18.656006881449,-16.0409153904323,1.22044330896218));
#1724=CARTESIAN_POINT('',(18.6561839696207,-16.041092478604,1.21984933717727));
#1725=CARTESIAN_POINT('',(17.2002225264667,-5.45311822207001,1.22162672243143));
#1726=CARTESIAN_POINT('',(17.2002225264667,-5.276221156073,1.22162672243144));
#1727=CARTESIAN_POINT('',(17.2002225264667,-5.09932409007597,1.22162672243144));
#1728=CARTESIAN_POINT('',(17.248398617766,-4.93238917788999,1.22162672243144));
#1729=CARTESIAN_POINT('',(17.3965243795159,-4.83234301271796,1.22162672243144));
#1730=CARTESIAN_POINT('',(17.5273922815486,-4.71332131647796,1.22162672243144));
#1731=CARTESIAN_POINT('',(17.7163725266662,-4.54144762567708,1.22162672243143));
#1732=CARTESIAN_POINT('',(17.8685579116212,-4.33195182468557,1.22162672243143));
#1733=CARTESIAN_POINT('',(17.9737367425728,-4.09412124143899,1.22162672243143));
#1734=CARTESIAN_POINT('',(18.0263261580486,-3.84057985348253,1.22162672243143));
#1735=CARTESIAN_POINT('',(18.0263261580486,-3.58513103544997,1.22162672243144));
#1736=CARTESIAN_POINT('',(18.0263261580486,-3.32968221741741,1.22162672243143));
#1737=CARTESIAN_POINT('',(17.9737367425728,-3.07614082946094,1.22162672243143));
#1738=CARTESIAN_POINT('',(17.8685579116212,-2.83831024621436,1.22162672243143));
#1739=CARTESIAN_POINT('',(17.7163725266662,-2.62881444522286,1.22162672243143));
#1740=CARTESIAN_POINT('',(17.5273922815486,-2.45694075442197,1.22162672243144));
#1741=CARTESIAN_POINT('',(17.3965243795159,-2.33791905818198,1.22162672243144));
#1742=CARTESIAN_POINT('',(17.248398617766,-2.23787289300999,1.22162672243144));
#1743=CARTESIAN_POINT('',(17.2002225264667,-2.07093798082399,1.22162672243144));
#1744=CARTESIAN_POINT('',(17.2002225264667,-1.894040914827,1.22162672243144));
#1745=CARTESIAN_POINT('',(17.2002225264667,-1.71714384883001,1.22162672243143));
#1746=CARTESIAN_POINT('',(17.4931157452796,-14.878024254263,1.22162672243143));
#1747=CARTESIAN_POINT('',(17.3759584577546,-14.760866966738,1.22162672243144));
#1748=CARTESIAN_POINT('',(17.2588011702297,-14.643709679213,1.22162672243144));
#1749=CARTESIAN_POINT('',(17.2002225264667,-14.502288322975,1.22162672243144));
#1750=CARTESIAN_POINT('',(17.2002225264667,-14.336602898026,1.22162672243144));
#1751=CARTESIAN_POINT('',(17.2002225264667,-14.170917473077,1.22162672243143));
#1752=CARTESIAN_POINT('',(19.2002225264667,-16.520249902354,0.862706480034408));
#1753=CARTESIAN_POINT('',(19.2002225264667,-16.520249902354,-0.642345362928562));
#1754=CARTESIAN_POINT('',(18.9073293076537,-16.292237816637,0.917722785089298));
#1755=CARTESIAN_POINT('',(18.9073293076537,-16.292237816637,-0.642345362928563));
#1756=CARTESIAN_POINT('',(17.2002225264667,6.48891010190504,-0.622972734972422));
#1757=CARTESIAN_POINT('',(17.2002225264667,6.48891010190504,-0.642345362928563));
#1758=CARTESIAN_POINT('',(17.2002225264667,-1.71714384883001,1.22162672243143));
#1759=CARTESIAN_POINT('',(17.2002225264667,-1.71714384883001,-0.642345362928562));
#1760=CARTESIAN_POINT('',(17.2002225264667,-5.45311822207001,1.22162672243143));
#1761=CARTESIAN_POINT('',(17.2002225264667,-5.45311822207001,-0.642345362928562));
#1762=CARTESIAN_POINT('',(17.2002225264667,-14.170917473077,1.22162672243143));
#1763=CARTESIAN_POINT('',(17.2002225264667,-14.170917473077,-0.642345362928562));
#1764=CARTESIAN_POINT('',(17.4931157452796,-14.878024254263,1.22162672243143));
#1765=CARTESIAN_POINT('',(17.4931157452796,-14.878024254263,-0.642345362928562));
#1766=CARTESIAN_POINT('',(21.0920026312255,6.91289714976801,-0.642345362928562));
#1767=CARTESIAN_POINT('',(21.0920026312255,6.51289714976801,-0.642345362928562));
#1768=CARTESIAN_POINT('',(21.0920026312255,6.11289714976801,-0.642345362928562));
#1769=CARTESIAN_POINT('',(21.0920026312255,5.91289714976801,-0.442345362928559));
#1770=CARTESIAN_POINT('',(21.0920026312255,5.91289714976801,-0.0423453629285608));
#1771=CARTESIAN_POINT('',(21.0920026312255,5.91289714976801,0.357654637071438));
#1772=CARTESIAN_POINT('',(21.0920026312255,5.91289714976801,0.357654637071438));
#1773=CARTESIAN_POINT('',(21.0920026312255,5.91289714976801,0.362706480034408));
#1774=CARTESIAN_POINT('',(21.0920026482799,9.87821888067496,-0.642345362928563));
#1775=CARTESIAN_POINT('',(21.0920026482799,9.87821888067496,0.362706480030464));
#1776=CARTESIAN_POINT('',(18.9073293076537,-16.292237816637,7.80263833201695));
#1777=CARTESIAN_POINT('',(18.9947294612853,-16.3796379702687,7.8474226500671));
#1778=CARTESIAN_POINT('',(19.0797579489436,-16.4645741341415,7.85765463707184));
#1779=CARTESIAN_POINT('',(19.2002225264667,-16.520249902354,7.85765463707184));
#1780=CARTESIAN_POINT('',(19.2002225264667,-16.520249902354,7.85765463707184));
#1781=CARTESIAN_POINT('',(20.5904119678081,-16.5202499023539,7.85765463707184));
#1782=CARTESIAN_POINT('',(18.6561839696207,-16.041092478604,7.50051177992894));
#1783=CARTESIAN_POINT('',(18.7005405535466,-16.0854490625299,7.64991332691458));
#1784=CARTESIAN_POINT('',(18.8048405648067,-16.18974907379,7.75012253810244));
#1785=CARTESIAN_POINT('',(18.9073293076537,-16.292237816637,7.80263833201695));
#1786=CARTESIAN_POINT('',(18.6561839696207,-16.041092478604,7.50051177992894));
#1787=CARTESIAN_POINT('',(18.655498235742,-16.0404067447253,7.49821175857827));
#1788=CARTESIAN_POINT('',(18.6547743801,-16.0396828890833,7.4959350812405));
#1789=CARTESIAN_POINT('',(18.6540139348034,-16.0389224437867,7.49368255171162));
#1790=CARTESIAN_POINT('',(18.9073293076537,-16.292237816637,9.35260279410884));
#1791=CARTESIAN_POINT('',(18.9621073026336,-16.347015811617,9.35260279410884));
#1792=CARTESIAN_POINT('',(19.0168852976136,-16.401793806597,9.35260279410884));
#1793=CARTESIAN_POINT('',(19.0741434206096,-16.450584242883,9.35260279410884));
#1794=CARTESIAN_POINT('',(19.1352021923887,-16.490199101333,9.35260279410884));
#1795=CARTESIAN_POINT('',(19.2002225264667,-16.520249902354,9.35260279410884));
#1796=CARTESIAN_POINT('',(17.2002225264667,-1.71714384883001,9.35260279410884));
#1797=CARTESIAN_POINT('',(17.2002225264667,-1.894040914827,9.35260279410884));
#1798=CARTESIAN_POINT('',(17.2002225264667,-2.07093798082399,9.35260279410884));
#1799=CARTESIAN_POINT('',(17.248398617766,-2.23787289300999,9.35260279410884));
#1800=CARTESIAN_POINT('',(17.3965243795159,-2.33791905818198,9.35260279410884));
#1801=CARTESIAN_POINT('',(17.5273922815486,-2.45694075442197,9.35260279410884));
#1802=CARTESIAN_POINT('',(17.7163725266662,-2.62881444522286,9.35260279410883));
#1803=CARTESIAN_POINT('',(17.8685579116212,-2.83831024621436,9.35260279410884));
#1804=CARTESIAN_POINT('',(17.9737367425728,-3.07614082946094,9.35260279410884));
#1805=CARTESIAN_POINT('',(18.0263261580486,-3.32968221741741,9.35260279410883));
#1806=CARTESIAN_POINT('',(18.0263261580486,-3.58513103544997,9.35260279410884));
#1807=CARTESIAN_POINT('',(18.0263261580486,-3.84057985348253,9.35260279410883));
#1808=CARTESIAN_POINT('',(17.9737367425728,-4.09412124143899,9.35260279410884));
#1809=CARTESIAN_POINT('',(17.8685579116212,-4.33195182468557,9.35260279410884));
#1810=CARTESIAN_POINT('',(17.7163725266662,-4.54144762567708,9.35260279410883));
#1811=CARTESIAN_POINT('',(17.5273922815486,-4.71332131647796,9.35260279410884));
#1812=CARTESIAN_POINT('',(17.3965243795159,-4.83234301271796,9.35260279410884));
#1813=CARTESIAN_POINT('',(17.248398617766,-4.93238917788999,9.35260279410884));
#1814=CARTESIAN_POINT('',(17.2002225264667,-5.09932409007597,9.35260279410884));
#1815=CARTESIAN_POINT('',(17.2002225264667,-5.276221156073,9.35260279410884));
#1816=CARTESIAN_POINT('',(17.2002225264667,-5.45311822207001,9.35260279410884));
#1817=CARTESIAN_POINT('',(17.2002225264667,-14.170917473077,9.35260279410884));
#1818=CARTESIAN_POINT('',(17.2002225264667,-14.336602898026,9.35260279410884));
#1819=CARTESIAN_POINT('',(17.2002225264667,-14.502288322975,9.35260279410884));
#1820=CARTESIAN_POINT('',(17.2588011702297,-14.643709679213,9.35260279410884));
#1821=CARTESIAN_POINT('',(17.3759584577546,-14.760866966738,9.35260279410884));
#1822=CARTESIAN_POINT('',(17.4931157452796,-14.878024254263,9.35260279410884));
#1823=CARTESIAN_POINT('',(17.2002225264667,-1.71714384883001,7.49368255171162));
#1824=CARTESIAN_POINT('',(17.2002225264667,-1.894040914827,7.49368255171162));
#1825=CARTESIAN_POINT('',(17.2002225264667,-2.07093798082399,7.49368255171162));
#1826=CARTESIAN_POINT('',(17.248398617766,-2.23787289300999,7.49368255171162));
#1827=CARTESIAN_POINT('',(17.3965243795159,-2.33791905818198,7.49368255171162));
#1828=CARTESIAN_POINT('',(17.5273922815486,-2.45694075442197,7.49368255171162));
#1829=CARTESIAN_POINT('',(17.7163725266662,-2.62881444522286,7.49368255171162));
#1830=CARTESIAN_POINT('',(17.8685579116212,-2.83831024621436,7.49368255171162));
#1831=CARTESIAN_POINT('',(17.9737367425728,-3.07614082946094,7.49368255171162));
#1832=CARTESIAN_POINT('',(18.0263261580486,-3.32968221741741,7.49368255171162));
#1833=CARTESIAN_POINT('',(18.0263261580486,-3.58513103544997,7.49368255171162));
#1834=CARTESIAN_POINT('',(18.0263261580486,-3.84057985348253,7.49368255171162));
#1835=CARTESIAN_POINT('',(17.9737367425728,-4.09412124143899,7.49368255171162));
#1836=CARTESIAN_POINT('',(17.8685579116212,-4.33195182468557,7.49368255171162));
#1837=CARTESIAN_POINT('',(17.7163725266662,-4.54144762567708,7.49368255171162));
#1838=CARTESIAN_POINT('',(17.5273922815486,-4.71332131647796,7.49368255171162));
#1839=CARTESIAN_POINT('',(17.3965243795159,-4.83234301271796,7.49368255171162));
#1840=CARTESIAN_POINT('',(17.248398617766,-4.93238917788999,7.49368255171162));
#1841=CARTESIAN_POINT('',(17.2002225264667,-5.09932409007597,7.49368255171162));
#1842=CARTESIAN_POINT('',(17.2002225264667,-5.276221156073,7.49368255171162));
#1843=CARTESIAN_POINT('',(17.2002225264667,-5.45311822207001,7.49368255171162));
#1844=CARTESIAN_POINT('',(17.2002225264667,-14.170917473077,7.49368255171162));
#1845=CARTESIAN_POINT('',(17.2002225264667,-14.336602898026,7.49368255171162));
#1846=CARTESIAN_POINT('',(17.2002225264667,-14.502288322975,7.49368255171162));
#1847=CARTESIAN_POINT('',(17.2588011702297,-14.643709679213,7.49368255171162));
#1848=CARTESIAN_POINT('',(17.3759584577546,-14.760866966738,7.49368255171162));
#1849=CARTESIAN_POINT('',(17.4931157452796,-14.878024254263,7.49368255171162));
#1850=CARTESIAN_POINT('',(18.6540139348034,-16.0389224437867,7.49368255171162));
#1851=CARTESIAN_POINT('',(20.2451887470814,-16.0389224437867,7.49368255171161));
#1852=CARTESIAN_POINT('',(19.2002225264667,-16.520249902354,9.35260279410884));
#1853=CARTESIAN_POINT('',(19.2002225264667,-16.520249902354,7.85765463707184));
#1854=CARTESIAN_POINT('',(18.9073293076537,-16.292237816637,9.35260279410884));
#1855=CARTESIAN_POINT('',(18.9073293076537,-16.292237816637,7.80263833201695));
#1856=CARTESIAN_POINT('',(17.2002225264667,-1.71714384883001,9.35260279410884));
#1857=CARTESIAN_POINT('',(17.2002225264667,-1.71714384883001,7.49368255171162));
#1858=CARTESIAN_POINT('',(17.2002225264667,-5.45311822207001,9.35260279410884));
#1859=CARTESIAN_POINT('',(17.2002225264667,-5.45311822207001,7.49368255171162));
#1860=CARTESIAN_POINT('',(17.2002225264667,-14.170917473077,9.35260279410884));
#1861=CARTESIAN_POINT('',(17.2002225264667,-14.170917473077,7.49368255171162));
#1862=CARTESIAN_POINT('',(17.4931157452796,-14.878024254263,9.35260279410884));
#1863=CARTESIAN_POINT('',(17.4931157452796,-14.878024254263,7.49368255171162));
#1864=CARTESIAN_POINT('',(21.592002873385,9.87821888067496,7.85765463707184));
#1865=CARTESIAN_POINT('',(21.592002873385,9.87821888067496,8.06476148419016));
#1866=CARTESIAN_POINT('',(21.4455561843916,9.87821888067496,8.21120810725179));
#1867=CARTESIAN_POINT('',(21.2991094953982,9.87821888067497,8.35765473031342));
#1868=CARTESIAN_POINT('',(21.0920026482799,9.87821888067497,8.35765463707179));
#1869=CARTESIAN_POINT('',(21.0920026312255,5.91289714976801,8.35765463707178));
#1870=CARTESIAN_POINT('',(20.752476250539,5.91289714976801,8.35765447263269));
#1871=CARTESIAN_POINT('',(20.6272523350869,5.91289714976799,8.0420643362517));
#1872=CARTESIAN_POINT('',(20.5923239532159,5.91289714976801,7.95403759824054));
#1873=CARTESIAN_POINT('',(20.5920056967453,5.91289714976802,7.85933492046516));
#1874=CARTESIAN_POINT('',(21.0920026482799,9.87821888067497,8.35765463707179));
#1875=CARTESIAN_POINT('',(21.0920026312255,5.91289714976801,8.35765463707178));
#1876=CARTESIAN_POINT('',(21.592002873385,-16.520249902354,7.85765463707184));
#1877=CARTESIAN_POINT('',(21.592002873385,-16.520249902354,8.35765463707184));
#1878=CARTESIAN_POINT('',(21.092002873385,-16.5202499023539,8.35765463707184));
#1879=CARTESIAN_POINT('',(20.5936803428903,-16.5202499023539,8.35765463707184));
#1880=CARTESIAN_POINT('',(20.5920056967453,-16.5202499023539,7.85933492046516));
#1881=CARTESIAN_POINT('',(21.592002873385,-16.520249902354,7.85765463707184));
#1882=CARTESIAN_POINT('',(21.592002873385,9.87821888067496,7.85765463707184));
#1883=CARTESIAN_POINT('',(21.0920026482799,9.87821888067496,0.362706480030464));
#1884=CARTESIAN_POINT('',(21.2991094953982,9.87821888067496,0.362706386788826));
#1885=CARTESIAN_POINT('',(21.4455561843916,9.87821888067496,0.509153009850458));
#1886=CARTESIAN_POINT('',(21.592002873385,9.87821888067497,0.65559963291209));
#1887=CARTESIAN_POINT('',(21.592002873385,9.87821888067497,0.862706480030413));
#1888=CARTESIAN_POINT('',(21.592002873385,9.87821888067497,0.862706480030413));
#1889=CARTESIAN_POINT('',(21.5920028628162,9.87821888067497,1.06981333029975));
#1890=CARTESIAN_POINT('',(21.4455561607792,9.87821888067497,1.21625995725022));
#1891=CARTESIAN_POINT('',(21.3560985380949,9.87821888067497,1.30571753406762));
#1892=CARTESIAN_POINT('',(21.2348600732964,9.87821888067497,1.34186388677009));
#1893=CARTESIAN_POINT('',(21.0920026312255,5.91289714976801,0.362706480034408));
#1894=CARTESIAN_POINT('',(20.9591503988438,5.91289715104598,0.362706544301932));
#1895=CARTESIAN_POINT('',(20.8317392392794,5.91360802990257,0.415592261798733));
#1896=CARTESIAN_POINT('',(20.6442983116506,5.91063616651322,0.60357634566214));
#1897=CARTESIAN_POINT('',(20.5924482298595,5.90790317562357,0.730845322321774));
#1898=CARTESIAN_POINT('',(20.5920057292998,5.88048192628545,0.861026162314607));
#1899=CARTESIAN_POINT('',(21.0920026312255,5.91289714976801,0.362706480034408));
#1900=CARTESIAN_POINT('',(21.0920026482799,9.87821888067496,0.362706480030464));
#1901=CARTESIAN_POINT('',(21.592002873385,-16.520249902354,0.862706480030413));
#1902=CARTESIAN_POINT('',(21.592002873385,-16.5202499023539,1.23538447628038));
#1903=CARTESIAN_POINT('',(21.2348600162422,-16.5202499023539,1.34186390378037));
#1904=CARTESIAN_POINT('',(21.592002873385,-16.520249902354,0.862706480030413));
#1905=CARTESIAN_POINT('',(21.592002873385,9.87821888067497,0.862706480030413));
#1906=CARTESIAN_POINT('',(21.2348600732964,9.87821888067497,7.37849723033216));
#1907=CARTESIAN_POINT('',(21.3560985380949,9.87821888067496,7.41464358303462));
#1908=CARTESIAN_POINT('',(21.4455561607792,9.87821888067496,7.50410115985202));
#1909=CARTESIAN_POINT('',(21.5920028628162,9.87821888067497,7.6505477868025));
#1910=CARTESIAN_POINT('',(21.592002873385,9.87821888067496,7.85765463707184));
#1911=CARTESIAN_POINT('',(21.2348600162422,-16.520249902354,7.37849721332189));
#1912=CARTESIAN_POINT('',(21.592002873385,-16.520249902354,7.48497664082188));
#1913=CARTESIAN_POINT('',(21.592002873385,-16.520249902354,7.85765463707184));
#1914=CARTESIAN_POINT('',(21.0920027383219,9.87821888067497,1.53352687328035));
#1915=CARTESIAN_POINT('',(21.0920027383219,9.87821888067496,7.1868342438219));
#1916=CARTESIAN_POINT('',(21.092002873385,-16.520249902354,1.53352687328035));
#1917=CARTESIAN_POINT('',(21.092002873385,-16.520249902354,7.18683424382191));
#1918=CARTESIAN_POINT('',(21.2348600732964,9.87821888067497,7.37849723033216));
#1919=CARTESIAN_POINT('',(21.2348600162422,-16.520249902354,7.37849721332189));
#1920=CARTESIAN_POINT('',(21.0920027383219,9.87821888067496,7.1868342438219));
#1921=CARTESIAN_POINT('',(21.092002873385,-16.520249902354,7.18683424382191));
#1922=CARTESIAN_POINT('',(21.092002873385,-16.520249902354,1.53352687328035));
#1923=CARTESIAN_POINT('',(21.0920027383219,9.87821888067497,1.53352687328035));
#1924=CARTESIAN_POINT('',(21.2348600162422,-16.5202499023539,1.34186390378037));
#1925=CARTESIAN_POINT('',(21.2348600732964,9.87821888067497,1.34186388677009));
#1926=CARTESIAN_POINT('',(21.0920027383219,9.87821888067496,7.1868342438219));
#1927=CARTESIAN_POINT('',(21.0920027767454,9.87821888067496,7.24646272662395));
#1928=CARTESIAN_POINT('',(21.0920028151689,9.87821888067497,7.306091209426));
#1929=CARTESIAN_POINT('',(21.1180346038933,9.87821888067496,7.35294216130606));
#1930=CARTESIAN_POINT('',(21.1777171777301,9.87821888067497,7.36146051853011));
#1931=CARTESIAN_POINT('',(21.2348600732964,9.87821888067497,7.37849723033216));
#1932=CARTESIAN_POINT('',(21.092002873385,-16.520249902354,7.18683424382191));
#1933=CARTESIAN_POINT('',(21.092002873385,-16.520249902354,7.2464627232219));
#1934=CARTESIAN_POINT('',(21.092002873385,-16.520249902354,7.30609120262189));
#1935=CARTESIAN_POINT('',(21.1180346194168,-16.520249902354,7.35294215072189));
#1936=CARTESIAN_POINT('',(21.1777171590993,-16.520249902354,7.36146050492189));
#1937=CARTESIAN_POINT('',(21.2348600162422,-16.520249902354,7.37849721332189));
#1938=CARTESIAN_POINT('',(21.2348600732964,9.87821888067497,1.34186388677009));
#1939=CARTESIAN_POINT('',(21.1777171777301,9.87821888067497,1.35890059857214));
#1940=CARTESIAN_POINT('',(21.1180346038933,9.87821888067497,1.36741895579619));
#1941=CARTESIAN_POINT('',(21.0920028151689,9.87821888067496,1.41426990767624));
#1942=CARTESIAN_POINT('',(21.0920027767454,9.87821888067497,1.4738983904783));
#1943=CARTESIAN_POINT('',(21.0920027383219,9.87821888067497,1.53352687328035));
#1944=CARTESIAN_POINT('',(21.2348600162422,-16.5202499023539,1.34186390378037));
#1945=CARTESIAN_POINT('',(21.1777171590993,-16.5202499023539,1.35890061218037));
#1946=CARTESIAN_POINT('',(21.1180346194168,-16.5202499023539,1.36741896638037));
#1947=CARTESIAN_POINT('',(21.092002873385,-16.520249902354,1.41426991448036));
#1948=CARTESIAN_POINT('',(21.092002873385,-16.520249902354,1.47389839388036));
#1949=CARTESIAN_POINT('',(21.092002873385,-16.520249902354,1.53352687328035));
#1950=CARTESIAN_POINT('',(20.5904119678081,-16.5202499023539,7.85765463707184));
#1951=CARTESIAN_POINT('',(20.5904119678081,-16.5123298665415,7.85765463707183));
#1952=CARTESIAN_POINT('',(20.590233480527,-16.5044149631302,7.85746645625431));
#1953=CARTESIAN_POINT('',(20.5895209196523,-16.4886088372027,7.85671519662884));
#1954=CARTESIAN_POINT('',(20.5889873035977,-16.4807277077814,7.85615260020279));
#1955=CARTESIAN_POINT('',(20.5868598328605,-16.4571611903285,7.85390958781462));
#1956=CARTESIAN_POINT('',(20.5847444917094,-16.4416179294603,7.85167936376886));
#1957=CARTESIAN_POINT('',(20.5763958575176,-16.3956110053982,7.842877320296));
#1958=CARTESIAN_POINT('',(20.5682254171267,-16.3661624001815,7.83426314822162));
#1959=CARTESIAN_POINT('',(20.5372353912556,-16.2825631664051,7.80159007276068));
#1960=CARTESIAN_POINT('',(20.5083820546546,-16.2341155731672,7.77116972887374));
#1961=CARTESIAN_POINT('',(20.4426598472672,-16.1538252390817,7.70187818809353));
#1962=CARTESIAN_POINT('',(20.405771234824,-16.121400787596,7.66298617738599));
#1963=CARTESIAN_POINT('',(20.330204799089,-16.0717197759907,7.58331577416157));
#1964=CARTESIAN_POINT('',(20.2912492710114,-16.0535351588156,7.54224459487979));
#1965=CARTESIAN_POINT('',(20.2516661893224,-16.041092478604,7.50051177992894));
#1966=CARTESIAN_POINT('',(20.2451887470814,-16.0389224437867,7.49368255171161));
#1967=CARTESIAN_POINT('',(20.247340926249,-16.0396884706322,7.49595161443));
#1968=CARTESIAN_POINT('',(20.2495004847488,-16.0404117233067,7.49822845724777));
#1969=CARTESIAN_POINT('',(20.2516661893224,-16.041092478604,7.50051177992894));
#1970=CARTESIAN_POINT('',(20.5920056967453,5.91289714976801,7.85933492046515));
#1971=CARTESIAN_POINT('',(20.2451887470814,5.91289714976801,7.49368255171162));
#1972=CARTESIAN_POINT('',(20.2451887470814,-16.0389224437867,7.49368255171161));
#1973=CARTESIAN_POINT('',(20.2451887470814,5.91289714976801,7.49368255171162));
#1974=CARTESIAN_POINT('',(20.5920056967453,-16.5202499023539,7.85933492046516));
#1975=CARTESIAN_POINT('',(20.5904119678081,-16.5202499023539,7.85765463707184));
#1976=CARTESIAN_POINT('',(20.5920056967453,5.91289714976801,7.85933492046515));
#1977=CARTESIAN_POINT('',(20.5920056967453,-16.5202499023539,7.85933492046516));
#1978=CARTESIAN_POINT('',(20.2516661893225,-16.041092478604,7.50051177992894));
#1979=CARTESIAN_POINT('',(18.6561839696207,-16.041092478604,7.50051177992894));
#1980=CARTESIAN_POINT('',(20.5920057292998,5.88048192628545,0.861026162314607));
#1981=CARTESIAN_POINT('',(20.5637760266003,5.87420937948896,0.890789003119378));
#1982=CARTESIAN_POINT('',(20.5359347407348,5.86665681817089,0.920142332406614));
#1983=CARTESIAN_POINT('',(20.4148203666337,5.82577349828444,1.04783435502283));
#1984=CARTESIAN_POINT('',(20.3205322162781,5.77205758998742,1.14724323788266));
#1985=CARTESIAN_POINT('',(20.2499803604142,5.67143162463124,1.22162672243143));
#1986=CARTESIAN_POINT('',(20.2516661893187,-16.041092478604,1.21984933717727));
#1987=CARTESIAN_POINT('',(20.2912492710077,-16.0535351588156,1.17811652222639));
#1988=CARTESIAN_POINT('',(20.3302047990852,-16.0717197759906,1.13704534294469));
#1989=CARTESIAN_POINT('',(20.4057712348203,-16.121400787596,1.05737493972024));
#1990=CARTESIAN_POINT('',(20.4426598472634,-16.1538252390817,1.01848292901271));
#1991=CARTESIAN_POINT('',(20.5083820546508,-16.2341155731672,0.949191388232488));
#1992=CARTESIAN_POINT('',(20.5372353912518,-16.2825631664051,0.918771044345564));
#1993=CARTESIAN_POINT('',(20.5682254171229,-16.3661624001815,0.886097968884617));
#1994=CARTESIAN_POINT('',(20.5763958575138,-16.3956110053982,0.877483796810242));
#1995=CARTESIAN_POINT('',(20.5847444917056,-16.4416179294603,0.868681753337387));
#1996=CARTESIAN_POINT('',(20.5868598328567,-16.4571611903285,0.866451529291624));
#1997=CARTESIAN_POINT('',(20.5889873035939,-16.4807277077812,0.864208516903476));
#1998=CARTESIAN_POINT('',(20.5895209196486,-16.4886088372029,0.863645920477392));
#1999=CARTESIAN_POINT('',(20.5902334805232,-16.5044149631301,0.862894660851935));
#2000=CARTESIAN_POINT('',(20.5904119678043,-16.5123298665415,0.862706480034408));
#2001=CARTESIAN_POINT('',(20.5904119678071,-16.520249902354,0.862706480031472));
#2002=CARTESIAN_POINT('',(20.2516661893187,-16.041092478604,1.21984933717727));
#2003=CARTESIAN_POINT('',(20.2511038172929,-16.0409157057698,1.22044225128817));
#2004=CARTESIAN_POINT('',(20.2505418599485,-16.0407360673547,1.22103472819661));
#2005=CARTESIAN_POINT('',(20.2499803604142,-16.0405535657685,1.22162672243143));
#2006=CARTESIAN_POINT('',(20.2499803604142,5.67143162463124,1.22162672243143));
#2007=CARTESIAN_POINT('',(20.2499803604142,-16.0405535657685,1.22162672243143));
#2008=CARTESIAN_POINT('',(20.5904119678071,-16.520249902354,0.862706480031472));
#2009=CARTESIAN_POINT('',(20.5920056967453,-16.5202499023539,0.86102619663709));
#2010=CARTESIAN_POINT('',(20.5920056967453,-16.5202499023539,0.86102619663709));
#2011=CARTESIAN_POINT('',(20.5920057292998,5.88048192628545,0.861026162314607));
#2012=CARTESIAN_POINT('',(20.5920056967453,-16.5202499023539,0.861026196637089));
#2013=CARTESIAN_POINT('',(20.5936803428903,-16.5202499023539,0.362706480030947));
#2014=CARTESIAN_POINT('',(21.0920028733845,-16.5202499023539,0.362706480030419));
#2015=CARTESIAN_POINT('',(21.5920028733851,-16.520249902354,0.36270648002989));
#2016=CARTESIAN_POINT('',(21.592002873385,-16.520249902354,0.862706480030413));
#2017=CARTESIAN_POINT('',(20.2516661893187,-16.041092478604,1.21984933717727));
#2018=CARTESIAN_POINT('',(18.6561839696207,-16.041092478604,1.21984933717727));
#2019=CARTESIAN_POINT('',(20.2499803604142,5.67143162463124,1.22162672243143));
#2020=CARTESIAN_POINT('',(17.2002225264667,5.67143162463124,1.22162672243144));
#2021=CARTESIAN_POINT('',(20.2499803604142,-16.0405535657685,1.22162672243143));
#2022=CARTESIAN_POINT('',(18.6556450567851,-16.0405535657685,1.22162672243143));
#2023=CARTESIAN_POINT('',(20.5904119678071,-16.520249902354,0.862706480031472));
#2024=CARTESIAN_POINT('',(19.2002225264667,-16.520249902354,0.862706480034408));
#2025=CARTESIAN_POINT('',(19.2002225264667,-16.520249902354,9.35260279410884));
#2026=CARTESIAN_POINT('',(19.2002225264667,-16.520249902354,11.3526027941088));
#2027=CARTESIAN_POINT('',(19.2002225264667,-16.520249902354,11.3526027941088));
#2028=CARTESIAN_POINT('',(22.2740577261157,-16.520249902354,11.3526027941088));
#2029=CARTESIAN_POINT('',(21.0920026482799,9.87821888067496,11.3526027941088));
#2030=CARTESIAN_POINT('',(21.0920026312255,5.91289714976801,11.3526027941088));
#2031=CARTESIAN_POINT('',(21.0920026312255,5.91289714976801,11.3526027941088));
#2032=CARTESIAN_POINT('',(18.2002225264667,5.91289714976801,11.3526027941088));
#2033=CARTESIAN_POINT('',(17.2002225264667,-1.71714384883001,11.3526027941088));
#2034=CARTESIAN_POINT('',(17.2002225264667,-1.71714384883001,9.35260279410884));
#2035=CARTESIAN_POINT('',(17.2002225264667,-1.71714384883001,11.3526027941088));
#2036=CARTESIAN_POINT('',(17.2002225264667,-1.894040914827,11.3526027941088));
#2037=CARTESIAN_POINT('',(17.2002225264667,-2.07093798082399,11.3526027941088));
#2038=CARTESIAN_POINT('',(17.248398617766,-2.23787289300999,11.3526027941088));
#2039=CARTESIAN_POINT('',(17.3965243795159,-2.33791905818198,11.3526027941088));
#2040=CARTESIAN_POINT('',(17.5273922815486,-2.45694075442197,11.3526027941088));
#2041=CARTESIAN_POINT('',(17.7163725266662,-2.62881444522286,11.3526027941088));
#2042=CARTESIAN_POINT('',(17.8685579116212,-2.83831024621436,11.3526027941088));
#2043=CARTESIAN_POINT('',(17.9737367425728,-3.07614082946094,11.3526027941088));
#2044=CARTESIAN_POINT('',(18.0263261580486,-3.32968221741741,11.3526027941088));
#2045=CARTESIAN_POINT('',(18.0263261580486,-3.58513103544997,11.3526027941088));
#2046=CARTESIAN_POINT('',(18.0263261580486,-3.84057985348253,11.3526027941088));
#2047=CARTESIAN_POINT('',(17.9737367425728,-4.09412124143899,11.3526027941088));
#2048=CARTESIAN_POINT('',(17.8685579116212,-4.33195182468557,11.3526027941088));
#2049=CARTESIAN_POINT('',(17.7163725266662,-4.54144762567708,11.3526027941088));
#2050=CARTESIAN_POINT('',(17.5273922815486,-4.71332131647796,11.3526027941088));
#2051=CARTESIAN_POINT('',(17.3965243795159,-4.83234301271796,11.3526027941088));
#2052=CARTESIAN_POINT('',(17.248398617766,-4.93238917788999,11.3526027941088));
#2053=CARTESIAN_POINT('',(17.2002225264667,-5.09932409007597,11.3526027941088));
#2054=CARTESIAN_POINT('',(17.2002225264667,-5.276221156073,11.3526027941088));
#2055=CARTESIAN_POINT('',(17.2002225264667,-5.45311822207001,11.3526027941088));
#2056=CARTESIAN_POINT('',(17.2002225264667,-5.45311822207001,11.3526027941088));
#2057=CARTESIAN_POINT('',(17.2002225264667,-5.45311822207001,9.35260279410884));
#2058=CARTESIAN_POINT('',(17.2002225264667,-5.45311822207001,11.3526027941088));
#2059=CARTESIAN_POINT('',(17.2002225264667,-14.170917473077,11.3526027941088));
#2060=CARTESIAN_POINT('',(17.2002225264667,-14.170917473077,11.3526027941088));
#2061=CARTESIAN_POINT('',(17.2002225264667,-14.170917473077,9.35260279410884));
#2062=CARTESIAN_POINT('',(17.2002225264667,-14.170917473077,11.3526027941088));
#2063=CARTESIAN_POINT('',(17.2002225264667,-14.336602898026,11.3526027941088));
#2064=CARTESIAN_POINT('',(17.2002225264667,-14.502288322975,11.3526027941088));
#2065=CARTESIAN_POINT('',(17.2588011702297,-14.643709679213,11.3526027941088));
#2066=CARTESIAN_POINT('',(17.3759584577546,-14.760866966738,11.3526027941088));
#2067=CARTESIAN_POINT('',(17.4931157452796,-14.878024254263,11.3526027941088));
#2068=CARTESIAN_POINT('',(17.4931157452796,-14.878024254263,11.3526027941088));
#2069=CARTESIAN_POINT('',(17.4931157452796,-14.878024254263,9.35260279410884));
#2070=CARTESIAN_POINT('',(17.4931157452796,-14.878024254263,11.3526027941088));
#2071=CARTESIAN_POINT('',(17.7759584577544,-15.1608669667378,11.3526027941088));
#2072=CARTESIAN_POINT('',(18.0588011702292,-15.4437096792126,11.3526027941088));
#2073=CARTESIAN_POINT('',(18.341643882704,-15.7265523916874,11.3526027941088));
#2074=CARTESIAN_POINT('',(18.6244865951789,-16.0093951041622,11.3526027941088));
#2075=CARTESIAN_POINT('',(18.9073293076537,-16.292237816637,11.3526027941088));
#2076=CARTESIAN_POINT('',(18.9073293076537,-16.292237816637,11.3526027941088));
#2077=CARTESIAN_POINT('',(18.9073293076537,-16.292237816637,9.35260279410884));
#2078=CARTESIAN_POINT('',(18.9073293076537,-16.292237816637,11.3526027941088));
#2079=CARTESIAN_POINT('',(18.9621073026336,-16.347015811617,11.3526027941088));
#2080=CARTESIAN_POINT('',(19.0168852976136,-16.401793806597,11.3526027941088));
#2081=CARTESIAN_POINT('',(19.0741434206096,-16.450584242883,11.3526027941088));
#2082=CARTESIAN_POINT('',(19.1352021923887,-16.490199101333,11.3526027941088));
#2083=CARTESIAN_POINT('',(19.2002225264667,-16.520249902354,11.3526027941088));
#2084=CARTESIAN_POINT('',(21.0920026482799,9.87821888067496,11.3526027941088));
#2085=CARTESIAN_POINT('',(21.0920026482799,9.87821888067497,8.35765463707179));
#2086=CARTESIAN_POINT('',(21.0920026312255,5.91289714976801,11.3526027941088));
#2087=CARTESIAN_POINT('',(21.0920026312255,5.91289714976801,8.35765463707178));
#2088=CARTESIAN_POINT('',(22.2740577261157,9.87821888067496,11.3526027941088));
#2089=CARTESIAN_POINT('',(21.0920026482799,9.87821888067496,11.3526027941088));
#2090=CARTESIAN_POINT('',(24.2740577261157,7.87821888067496,11.3526027941088));
#2091=CARTESIAN_POINT('',(22.2740577261157,9.87821888067496,11.3526027941088));
#2092=CARTESIAN_POINT('',(24.2740577261157,-14.520249902354,11.3526027941088));
#2093=CARTESIAN_POINT('',(24.2740577261157,7.87821888067496,11.3526027941088));
#2094=CARTESIAN_POINT('',(24.2740577261157,-14.520249902354,11.3526027941088));
#2095=CARTESIAN_POINT('',(24.2740577261157,-14.520249902354,-0.642345362928562));
#2096=CARTESIAN_POINT('',(22.2740577261157,-16.520249902354,11.3526027941088));
#2097=CARTESIAN_POINT('',(22.2740577261157,-16.520249902354,-0.642345362928566));
#2098=CARTESIAN_POINT('',(22.2740577261157,-16.520249902354,11.3526027941088));
#2099=CARTESIAN_POINT('',(24.2740577261157,-14.520249902354,11.3526027941088));
#2100=CARTESIAN_POINT('',(17.2002225264667,4.91289714976801,11.3526027941088));
#2101=CARTESIAN_POINT('',(17.2002225264667,-1.71714384883001,11.3526027941088));
#2102=CARTESIAN_POINT('',(18.2002225264667,5.91289714976801,11.3526027941088));
#2103=CARTESIAN_POINT('',(17.2002225264667,4.91289714976801,11.3526027941088));
#2104=CARTESIAN_POINT('',(21.092002873385,-10.476089898095,3.45765463707126));
#2105=CARTESIAN_POINT('',(21.092002873385,-9.57608989809506,3.45765463707131));
#2106=CARTESIAN_POINT('',(21.092002873385,-9.57608989809503,4.35765463707127));
#2107=CARTESIAN_POINT('',(21.0920028733851,-9.57608989809498,5.25765463707125));
#2108=CARTESIAN_POINT('',(21.0920028733851,-10.476089898095,5.25765463707127));
#2109=CARTESIAN_POINT('',(24.2740577261157,-10.476089898095,3.45765463707124));
#2110=CARTESIAN_POINT('',(24.2740577261157,-11.376089898095,3.45765463707125));
#2111=CARTESIAN_POINT('',(24.2740577261157,-11.376089898095,4.35765463707124));
#2112=CARTESIAN_POINT('',(24.2740577261157,-11.376089898095,5.25765463707121));
#2113=CARTESIAN_POINT('',(24.2740577261157,-10.476089898095,5.25765463707125));
#2114=CARTESIAN_POINT('',(24.2740577261157,-10.476089898095,3.45765463707124));
#2115=CARTESIAN_POINT('',(21.092002873385,-10.476089898095,3.45765463707126));
#2116=CARTESIAN_POINT('',(21.092002873385,3.52391010190496,3.45765463707126));
#2117=CARTESIAN_POINT('',(21.092002873385,4.423910101905,3.45765463707127));
#2118=CARTESIAN_POINT('',(21.092002873385,4.42391010190494,4.35765463707127));
#2119=CARTESIAN_POINT('',(21.092002873385,4.423910101905,5.25765463707127));
#2120=CARTESIAN_POINT('',(21.092002873385,3.52391010190496,5.25765463707127));
#2121=CARTESIAN_POINT('',(24.2740577261157,3.52391010190496,3.45765463707124));
#2122=CARTESIAN_POINT('',(24.2740577261157,2.62391010190501,3.45765463707129));
#2123=CARTESIAN_POINT('',(24.2740577261157,2.62391010190504,4.35765463707124));
#2124=CARTESIAN_POINT('',(24.2740577261157,2.62391010190501,5.2576546370712));
#2125=CARTESIAN_POINT('',(24.2740577261157,3.52391010190496,5.25765463707125));
#2126=CARTESIAN_POINT('',(24.2740577261157,3.52391010190496,3.45765463707124));
#2127=CARTESIAN_POINT('',(21.092002873385,3.52391010190496,3.45765463707126));
#2128=CARTESIAN_POINT('',(21.0920026312255,6.91289714976801,-0.642345362928562));
#2129=CARTESIAN_POINT('',(17.1921071024151,6.91289714976801,-0.642345362928562));
#2130=CARTESIAN_POINT('',(21.0920026482799,9.87821888067496,-0.642345362928563));
#2131=CARTESIAN_POINT('',(21.0920026312255,6.91289714976801,-0.642345362928562));
#2132=CARTESIAN_POINT('',(17.1921071024151,6.91289714976801,-0.642345362928562));
#2133=CARTESIAN_POINT('',(17.1970096099707,6.82992023276159,-0.642345362928562));
#2134=CARTESIAN_POINT('',(17.1994442371862,6.74580924938993,-0.642345362928562));
#2135=CARTESIAN_POINT('',(17.200239153029,6.66078801973517,-0.642345362928562));
#2136=CARTESIAN_POINT('',(17.2002225264667,6.57508036387949,-0.642345362928562));
#2137=CARTESIAN_POINT('',(17.2002225264667,6.48891010190504,-0.642345362928563));
#2138=CARTESIAN_POINT('',(18.9073293076537,-16.292237816637,-0.642345362928563));
#2139=CARTESIAN_POINT('',(18.9621073026336,-16.347015811617,-0.642345362928562));
#2140=CARTESIAN_POINT('',(19.0168852976136,-16.401793806597,-0.642345362928562));
#2141=CARTESIAN_POINT('',(19.0741434206096,-16.450584242883,-0.642345362928562));
#2142=CARTESIAN_POINT('',(19.1352021923887,-16.490199101333,-0.642345362928562));
#2143=CARTESIAN_POINT('',(19.2002225264667,-16.520249902354,-0.642345362928562));
#2144=CARTESIAN_POINT('',(17.2002225264667,-1.71714384883001,-0.642345362928562));
#2145=CARTESIAN_POINT('',(17.2002225264667,-1.894040914827,-0.642345362928562));
#2146=CARTESIAN_POINT('',(17.2002225264667,-2.07093798082399,-0.642345362928562));
#2147=CARTESIAN_POINT('',(17.248398617766,-2.23787289300999,-0.642345362928562));
#2148=CARTESIAN_POINT('',(17.3965243795159,-2.33791905818198,-0.642345362928562));
#2149=CARTESIAN_POINT('',(17.5273922815486,-2.45694075442197,-0.642345362928562));
#2150=CARTESIAN_POINT('',(17.7163725266662,-2.62881444522286,-0.642345362928562));
#2151=CARTESIAN_POINT('',(17.8685579116212,-2.83831024621436,-0.642345362928563));
#2152=CARTESIAN_POINT('',(17.9737367425728,-3.07614082946094,-0.642345362928563));
#2153=CARTESIAN_POINT('',(18.0263261580486,-3.32968221741741,-0.642345362928562));
#2154=CARTESIAN_POINT('',(18.0263261580486,-3.58513103544997,-0.642345362928562));
#2155=CARTESIAN_POINT('',(18.0263261580486,-3.84057985348253,-0.642345362928562));
#2156=CARTESIAN_POINT('',(17.9737367425728,-4.09412124143899,-0.642345362928563));
#2157=CARTESIAN_POINT('',(17.8685579116212,-4.33195182468557,-0.642345362928563));
#2158=CARTESIAN_POINT('',(17.7163725266662,-4.54144762567708,-0.642345362928562));
#2159=CARTESIAN_POINT('',(17.5273922815486,-4.71332131647796,-0.642345362928562));
#2160=CARTESIAN_POINT('',(17.3965243795159,-4.83234301271796,-0.642345362928562));
#2161=CARTESIAN_POINT('',(17.248398617766,-4.93238917788999,-0.642345362928562));
#2162=CARTESIAN_POINT('',(17.2002225264667,-5.09932409007597,-0.642345362928562));
#2163=CARTESIAN_POINT('',(17.2002225264667,-5.276221156073,-0.642345362928562));
#2164=CARTESIAN_POINT('',(17.2002225264667,-5.45311822207001,-0.642345362928562));
#2165=CARTESIAN_POINT('',(17.2002225264667,-14.170917473077,-0.642345362928562));
#2166=CARTESIAN_POINT('',(17.2002225264667,-14.336602898026,-0.642345362928562));
#2167=CARTESIAN_POINT('',(17.2002225264667,-14.502288322975,-0.642345362928562));
#2168=CARTESIAN_POINT('',(17.2588011702297,-14.643709679213,-0.642345362928562));
#2169=CARTESIAN_POINT('',(17.3759584577546,-14.760866966738,-0.642345362928562));
#2170=CARTESIAN_POINT('',(17.4931157452796,-14.878024254263,-0.642345362928562));
#2171=CARTESIAN_POINT('',(17.2002225264667,6.48891010190504,-0.642345362928563));
#2172=CARTESIAN_POINT('',(17.2002225264667,-1.71714384883001,-0.642345362928562));
#2173=CARTESIAN_POINT('',(17.2002225264667,-5.45311822207001,-0.642345362928562));
#2174=CARTESIAN_POINT('',(17.2002225264667,-14.170917473077,-0.642345362928562));
#2175=CARTESIAN_POINT('',(17.4931157452796,-14.878024254263,-0.642345362928562));
#2176=CARTESIAN_POINT('',(18.9073293076537,-16.292237816637,-0.642345362928563));
#2177=CARTESIAN_POINT('',(21.0920026482799,9.87821888067496,-0.642345362928563));
#2178=CARTESIAN_POINT('',(22.2740577261157,9.87821888067496,-0.642345362928563));
#2179=CARTESIAN_POINT('',(22.2740577261157,9.87821888067496,-0.642345362928563));
#2180=CARTESIAN_POINT('',(24.2740577261157,7.87821888067497,-0.642345362928562));
#2181=CARTESIAN_POINT('',(22.2740577261157,-16.520249902354,-0.642345362928566));
#2182=CARTESIAN_POINT('',(24.2740577261157,-14.520249902354,-0.642345362928562));
#2183=CARTESIAN_POINT('',(24.2740577261157,7.87821888067497,-0.642345362928562));
#2184=CARTESIAN_POINT('',(24.2740577261157,15.,-0.642345362928564));
#2185=CARTESIAN_POINT('',(22.2740577261157,9.87821888067496,-0.642345362928563));
#2186=CARTESIAN_POINT('',(22.2740577261157,9.87821888067496,11.3526027941088));
#2187=CARTESIAN_POINT('',(24.2740577261157,7.87821888067497,-0.642345362928562));
#2188=CARTESIAN_POINT('',(24.2740577261157,7.87821888067496,11.3526027941088));
#2189=CARTESIAN_POINT('',(15.6128664430096,13.8055869014088,-3.64234536292856));
#2190=CARTESIAN_POINT('',(15.3945432808305,14.8929429848659,-3.64234536292856));
#2191=CARTESIAN_POINT('',(16.4818993642875,15.111266147045,-3.64234536292856));
#2192=CARTESIAN_POINT('',(17.5692554477446,15.3295893092242,-3.64234536292856));
#2193=CARTESIAN_POINT('',(17.7875786099237,14.2422332257671,-3.64234536292856));
#2194=CARTESIAN_POINT('',(15.6128664430096,13.8055869014088,-0.642345362928563));
#2195=CARTESIAN_POINT('',(15.7290711690939,13.2268305542904,-0.642345362928562));
#2196=CARTESIAN_POINT('',(16.2740577261157,13.,-0.642345362928562));
#2197=CARTESIAN_POINT('',(16.5866178984178,12.8699083560523,-0.642345362928562));
#2198=CARTESIAN_POINT('',(16.9185456886458,12.9365539801309,-0.642345362928562));
#2199=CARTESIAN_POINT('',(18.0059017721029,13.1548771423101,-0.642345362928562));
#2200=CARTESIAN_POINT('',(17.7875786099237,14.2422332257671,-0.642345362928562));
#2201=CARTESIAN_POINT('',(24.2740577261157,-14.520249902354,-3.64234536292856));
#2202=CARTESIAN_POINT('',(24.2740577261157,7.87821888067497,-3.64234536292856));
#2203=CARTESIAN_POINT('',(24.2740577261157,15.,-3.64234536292856));
#2204=CARTESIAN_POINT('',(24.2740577261157,-14.520249902354,-3.64234536292856));
#2205=CARTESIAN_POINT('',(24.2740577261157,-14.520249902354,-0.642345362928562));
#2206=CARTESIAN_POINT('',(22.2740577261157,-16.520249902354,-3.64234536292856));
#2207=CARTESIAN_POINT('',(22.2740577261157,-16.520249902354,-0.642345362928566));
#2208=CARTESIAN_POINT('',(22.2740577261157,-16.520249902354,-3.64234536292856));
#2209=CARTESIAN_POINT('',(24.2740577261157,-14.520249902354,-3.64234536292856));
#2210=CARTESIAN_POINT('',(22.2740577261157,-16.520249902354,-0.642345362928566));
#2211=CARTESIAN_POINT('',(24.2740577261157,-14.520249902354,-0.642345362928562));
#2212=CARTESIAN_POINT('',(22.2740577261157,17.,-3.64234536292856));
#2213=CARTESIAN_POINT('',(14.,17.,-3.64234536292855));
#2214=CARTESIAN_POINT('',(22.2740577261157,17.,-0.642345362928557));
#2215=CARTESIAN_POINT('',(14.,17.,-0.642345362928562));
#2216=CARTESIAN_POINT('',(12.,15.,-3.64234536292856));
#2217=CARTESIAN_POINT('',(12.,-14.520249902354,-3.64234536292856));
#2218=CARTESIAN_POINT('',(12.,15.,-0.642345362928565));
#2219=CARTESIAN_POINT('',(12.,-14.520249902354,-0.642345362928564));
#2220=CARTESIAN_POINT('',(22.2740577261157,17.,-3.64234536292856));
#2221=CARTESIAN_POINT('',(22.2740577261157,17.,-0.642345362928557));
#2222=CARTESIAN_POINT('',(14.,17.,-0.642345362928562));
#2223=CARTESIAN_POINT('',(14.,17.,-3.64234536292855));
#2224=CARTESIAN_POINT('',(12.,15.,-0.642345362928565));
#2225=CARTESIAN_POINT('',(12.,15.,-3.64234536292856));
#2226=CARTESIAN_POINT('',(24.2740577261157,15.,-3.64234536292856));
#2227=CARTESIAN_POINT('',(24.2740577261157,15.,-0.642345362928564));
#2228=CARTESIAN_POINT('',(24.2740577261157,15.,-3.64234536292856));
#2229=CARTESIAN_POINT('',(22.2740577261157,17.,-3.64234536292856));
#2230=CARTESIAN_POINT('',(24.2740577261157,15.,-0.642345362928564));
#2231=CARTESIAN_POINT('',(22.2740577261157,17.,-0.642345362928557));
#2232=CARTESIAN_POINT('',(14.,17.,-3.64234536292855));
#2233=CARTESIAN_POINT('',(12.,15.,-3.64234536292856));
#2234=CARTESIAN_POINT('',(14.,17.,-0.642345362928562));
#2235=CARTESIAN_POINT('',(12.,15.,-0.642345362928565));
#2236=CARTESIAN_POINT('',(14.,-16.520249902354,-0.642345362928561));
#2237=CARTESIAN_POINT('',(19.2002225264667,-16.520249902354,-0.642345362928562));
#2238=CARTESIAN_POINT('',(14.,-16.520249902354,-3.64234536292856));
#2239=CARTESIAN_POINT('',(19.2002225264667,-16.520249902354,-3.64234536292856));
#2240=CARTESIAN_POINT('',(22.2740577261157,-16.520249902354,-3.64234536292856));
#2241=CARTESIAN_POINT('',(12.,-14.520249902354,-0.642345362928564));
#2242=CARTESIAN_POINT('',(12.,-14.520249902354,-3.64234536292856));
#2243=CARTESIAN_POINT('',(14.,-16.520249902354,-0.642345362928561));
#2244=CARTESIAN_POINT('',(14.,-16.520249902354,-3.64234536292856));
#2245=CARTESIAN_POINT('',(12.,-14.520249902354,-3.64234536292856));
#2246=CARTESIAN_POINT('',(14.,-16.520249902354,-3.64234536292856));
#2247=CARTESIAN_POINT('',(12.,-14.520249902354,-0.642345362928564));
#2248=CARTESIAN_POINT('',(14.,-16.520249902354,-0.642345362928561));
#2249=CARTESIAN_POINT('',(20.2451887470814,5.91289714976801,7.49368255171162));
#2250=CARTESIAN_POINT('',(18.2002225264667,5.91289714976801,7.49368255171162));
#2251=CARTESIAN_POINT('',(17.2002225264667,-1.71714384883001,7.49368255171162));
#2252=CARTESIAN_POINT('',(17.2002225264667,4.91289714976801,7.49368255171162));
#2253=CARTESIAN_POINT('',(17.2002225264667,-14.170917473077,7.49368255171162));
#2254=CARTESIAN_POINT('',(17.2002225264667,-5.45311822207001,7.49368255171162));
#2255=CARTESIAN_POINT('',(18.6540139348034,-16.0389224437867,7.49368255171162));
#2256=CARTESIAN_POINT('',(17.4931157452796,-14.878024254263,7.49368255171162));
#2257=CARTESIAN_POINT('',(17.2002225264667,4.91289714976801,7.49368255171162));
#2258=CARTESIAN_POINT('',(18.2002225264667,5.91289714976801,7.49368255171162));
#2259=CARTESIAN_POINT('',(17.2002225264667,-1.71714384883001,1.22162672243143));
#2260=CARTESIAN_POINT('',(17.2002225264667,5.67143162463124,1.22162672243144));
#2261=CARTESIAN_POINT('',(17.2002225264667,-14.170917473077,1.22162672243143));
#2262=CARTESIAN_POINT('',(17.2002225264667,-5.45311822207001,1.22162672243143));
#2263=CARTESIAN_POINT('',(18.6556450567851,-16.0405535657685,1.22162672243143));
#2264=CARTESIAN_POINT('',(17.4931157452796,-14.878024254263,1.22162672243143));
#2265=CARTESIAN_POINT('',(18.2002225264667,5.91289714976801,7.49368255171162));
#2266=CARTESIAN_POINT('',(18.2002225264667,5.91289714976801,11.3526027941088));
#2267=CARTESIAN_POINT('',(17.2002225264667,4.91289714976801,7.49368255171162));
#2268=CARTESIAN_POINT('',(17.2002225264667,4.91289714976801,11.3526027941088));
#2269=CARTESIAN_POINT('',(24.2740577261157,-10.476089898095,5.25765463707125));
#2270=CARTESIAN_POINT('',(21.0920028733851,-10.476089898095,5.25765463707127));
#2271=CARTESIAN_POINT('',(21.0920028733851,-10.476089898095,5.25765463707127));
#2272=CARTESIAN_POINT('',(21.0920028733851,-11.376089898095,5.25765463707124));
#2273=CARTESIAN_POINT('',(21.092002873385,-11.376089898095,4.35765463707127));
#2274=CARTESIAN_POINT('',(21.092002873385,-11.376089898095,3.45765463707128));
#2275=CARTESIAN_POINT('',(21.092002873385,-10.476089898095,3.45765463707126));
#2276=CARTESIAN_POINT('',(24.2740577261157,-10.476089898095,5.25765463707125));
#2277=CARTESIAN_POINT('',(24.2740577261157,-9.57608989809498,5.25765463707123));
#2278=CARTESIAN_POINT('',(24.2740577261157,-9.57608989809503,4.35765463707124));
#2279=CARTESIAN_POINT('',(24.2740577261157,-9.57608989809506,3.45765463707128));
#2280=CARTESIAN_POINT('',(24.2740577261157,-10.476089898095,3.45765463707124));
#2281=CARTESIAN_POINT('',(24.2740577261157,3.52391010190496,5.25765463707125));
#2282=CARTESIAN_POINT('',(21.0920028733851,3.52391010190496,5.25765463707127));
#2283=CARTESIAN_POINT('',(21.092002873385,3.52391010190496,5.25765463707127));
#2284=CARTESIAN_POINT('',(21.092002873385,2.62391010190501,5.25765463707122));
#2285=CARTESIAN_POINT('',(21.092002873385,2.62391010190504,4.35765463707127));
#2286=CARTESIAN_POINT('',(21.092002873385,2.62391010190501,3.45765463707131));
#2287=CARTESIAN_POINT('',(21.092002873385,3.52391010190496,3.45765463707126));
#2288=CARTESIAN_POINT('',(24.2740577261157,3.52391010190496,5.25765463707125));
#2289=CARTESIAN_POINT('',(24.2740577261157,4.423910101905,5.25765463707124));
#2290=CARTESIAN_POINT('',(24.2740577261157,4.42391010190494,4.35765463707124));
#2291=CARTESIAN_POINT('',(24.2740577261157,4.423910101905,3.45765463707125));
#2292=CARTESIAN_POINT('',(24.2740577261157,3.52391010190496,3.45765463707124));
#2293=CARTESIAN_POINT('',(17.7875786099237,14.2422332257671,-0.642345362928563));
#2294=CARTESIAN_POINT('',(17.7875786099237,14.2422332257671,-3.64234536292856));
#2295=CARTESIAN_POINT('',(17.7875786099237,14.2422332257671,-3.64234536292856));
#2296=CARTESIAN_POINT('',(18.0059017721029,13.1548771423101,-3.64234536292856));
#2297=CARTESIAN_POINT('',(16.9185456886458,12.9365539801309,-3.64234536292856));
#2298=CARTESIAN_POINT('',(16.5866178984178,12.8699083560523,-3.64234536292856));
#2299=CARTESIAN_POINT('',(16.2740577261157,13.,-3.64234536292856));
#2300=CARTESIAN_POINT('',(15.7290711690939,13.2268305542904,-3.64234536292856));
#2301=CARTESIAN_POINT('',(15.6128664430096,13.8055869014088,-3.64234536292856));
#2302=CARTESIAN_POINT('',(17.7875786099237,14.2422332257671,-0.642345362928562));
#2303=CARTESIAN_POINT('',(17.5692554477446,15.3295893092242,-0.642345362928562));
#2304=CARTESIAN_POINT('',(16.4818993642875,15.111266147045,-0.642345362928563));
#2305=CARTESIAN_POINT('',(15.3945432808305,14.8929429848659,-0.642345362928563));
#2306=CARTESIAN_POINT('',(15.6128664430096,13.8055869014088,-0.642345362928563));
#2307=CARTESIAN_POINT('',(0.,0.,0.));
ENDSEC;
END-ISO-10303-21;
