ISO-10303-21;
HEADER;
/* Generated by software containing ST-Developer
 * from STEP Tools, Inc. (www.steptools.com) 
 */
/* OPTION: using custom schema-name function */

FILE_DESCRIPTION(
/* description */ (''),
/* implementation_level */ '2;1');

FILE_NAME(
/* name */ 'Hinge_B_SLA_CNC',
/* time_stamp */ '2026-03-18T17:40:22+03:00',
/* author */ (''),
/* organization */ (''),
/* preprocessor_version */ 'ST-DEVELOPER v16.5',
/* originating_system */ 'Rhino 7.23',
/* authorisation */ '');

FILE_SCHEMA (('CONFIG_CONTROL_DESIGN'));
ENDSEC;

DATA;
#10=SHAPE_REPRESENTATION_RELATIONSHIP('','',#1058,#12);
#11=MANIFOLD_SOLID_BREP('brep_1',#13);
#12=ADVANCED_BREP_SHAPE_REPRESENTATION('brep_rep_0',(#11,#1106),#1057);
#13=CLOSED_SHELL('',(#22,#23,#24,#25,#26,#27,#28,#29,#30,#31,#32,#33,#34,
#35,#36,#37,#38,#39,#40,#41,#42,#43,#44,#45,#46,#47,#48,#49,#50,#51,#52,
#53,#54,#55,#56,#57,#58,#59,#60,#61,#62,#63,#64,#65,#66,#67,#68,#69,#70,
#71,#72,#73,#74,#75,#76));
#14=FACE_BOUND('',#135,.T.);
#15=FACE_BOUND('',#151,.T.);
#16=FACE_BOUND('',#155,.T.);
#17=FACE_BOUND('',#160,.T.);
#18=FACE_BOUND('',#161,.T.);
#19=FACE_BOUND('',#178,.T.);
#20=FACE_BOUND('',#181,.T.);
#21=FACE_BOUND('',#187,.T.);
#22=ADVANCED_FACE('',(#77),#952,.F.);
#23=ADVANCED_FACE('',(#78),#953,.F.);
#24=ADVANCED_FACE('',(#79,#14),#926,.T.);
#25=ADVANCED_FACE('',(#80),#954,.F.);
#26=ADVANCED_FACE('',(#81),#955,.F.);
#27=ADVANCED_FACE('',(#82),#927,.T.);
#28=ADVANCED_FACE('',(#83),#928,.T.);
#29=ADVANCED_FACE('',(#84),#956,.F.);
#30=ADVANCED_FACE('',(#85),#929,.T.);
#31=ADVANCED_FACE('',(#86),#930,.T.);
#32=ADVANCED_FACE('',(#87),#957,.F.);
#33=ADVANCED_FACE('',(#88),#931,.T.);
#34=ADVANCED_FACE('',(#89),#958,.F.);
#35=ADVANCED_FACE('',(#90),#959,.F.);
#36=ADVANCED_FACE('',(#91),#960,.F.);
#37=ADVANCED_FACE('',(#92),#961,.F.);
#38=ADVANCED_FACE('',(#93),#962,.F.);
#39=ADVANCED_FACE('',(#94,#15),#932,.T.);
#40=ADVANCED_FACE('',(#95),#933,.T.);
#41=ADVANCED_FACE('',(#96),#963,.F.);
#42=ADVANCED_FACE('',(#97,#16),#934,.T.);
#43=ADVANCED_FACE('',(#98),#935,.T.);
#44=ADVANCED_FACE('',(#99),#921,.T.);
#45=ADVANCED_FACE('',(#100),#936,.T.);
#46=ADVANCED_FACE('',(#101,#17,#18),#937,.T.);
#47=ADVANCED_FACE('',(#102),#964,.T.);
#48=ADVANCED_FACE('',(#103),#965,.T.);
#49=ADVANCED_FACE('',(#104),#938,.T.);
#50=ADVANCED_FACE('',(#105),#939,.T.);
#51=ADVANCED_FACE('',(#106),#966,.F.);
#52=ADVANCED_FACE('',(#107),#967,.F.);
#53=ADVANCED_FACE('',(#108),#940,.T.);
#54=ADVANCED_FACE('',(#109),#941,.T.);
#55=ADVANCED_FACE('',(#110),#968,.T.);
#56=ADVANCED_FACE('',(#111),#969,.T.);
#57=ADVANCED_FACE('',(#112),#942,.T.);
#58=ADVANCED_FACE('',(#113),#943,.T.);
#59=ADVANCED_FACE('',(#114),#970,.T.);
#60=ADVANCED_FACE('',(#115),#971,.T.);
#61=ADVANCED_FACE('',(#116),#944,.T.);
#62=ADVANCED_FACE('',(#117,#19),#945,.T.);
#63=ADVANCED_FACE('',(#118),#922,.T.);
#64=ADVANCED_FACE('',(#119,#20),#946,.T.);
#65=ADVANCED_FACE('',(#120),#923,.T.);
#66=ADVANCED_FACE('',(#121),#947,.T.);
#67=ADVANCED_FACE('',(#122),#948,.T.);
#68=ADVANCED_FACE('',(#123),#917,.T.);
#69=ADVANCED_FACE('',(#124,#21),#949,.T.);
#70=ADVANCED_FACE('',(#125),#918,.T.);
#71=ADVANCED_FACE('',(#126),#919,.T.);
#72=ADVANCED_FACE('',(#127),#950,.T.);
#73=ADVANCED_FACE('',(#128),#951,.T.);
#74=ADVANCED_FACE('',(#129),#920,.T.);
#75=ADVANCED_FACE('',(#130),#924,.T.);
#76=ADVANCED_FACE('',(#131),#925,.T.);
#77=FACE_OUTER_BOUND('',#132,.T.);
#78=FACE_OUTER_BOUND('',#133,.T.);
#79=FACE_OUTER_BOUND('',#134,.T.);
#80=FACE_OUTER_BOUND('',#136,.T.);
#81=FACE_OUTER_BOUND('',#137,.T.);
#82=FACE_OUTER_BOUND('',#138,.T.);
#83=FACE_OUTER_BOUND('',#139,.T.);
#84=FACE_OUTER_BOUND('',#140,.T.);
#85=FACE_OUTER_BOUND('',#141,.T.);
#86=FACE_OUTER_BOUND('',#142,.T.);
#87=FACE_OUTER_BOUND('',#143,.T.);
#88=FACE_OUTER_BOUND('',#144,.T.);
#89=FACE_OUTER_BOUND('',#145,.T.);
#90=FACE_OUTER_BOUND('',#146,.T.);
#91=FACE_OUTER_BOUND('',#147,.T.);
#92=FACE_OUTER_BOUND('',#148,.T.);
#93=FACE_OUTER_BOUND('',#149,.T.);
#94=FACE_OUTER_BOUND('',#150,.T.);
#95=FACE_OUTER_BOUND('',#152,.T.);
#96=FACE_OUTER_BOUND('',#153,.T.);
#97=FACE_OUTER_BOUND('',#154,.T.);
#98=FACE_OUTER_BOUND('',#156,.T.);
#99=FACE_OUTER_BOUND('',#157,.T.);
#100=FACE_OUTER_BOUND('',#158,.T.);
#101=FACE_OUTER_BOUND('',#159,.T.);
#102=FACE_OUTER_BOUND('',#162,.T.);
#103=FACE_OUTER_BOUND('',#163,.T.);
#104=FACE_OUTER_BOUND('',#164,.T.);
#105=FACE_OUTER_BOUND('',#165,.T.);
#106=FACE_OUTER_BOUND('',#166,.T.);
#107=FACE_OUTER_BOUND('',#167,.T.);
#108=FACE_OUTER_BOUND('',#168,.T.);
#109=FACE_OUTER_BOUND('',#169,.T.);
#110=FACE_OUTER_BOUND('',#170,.T.);
#111=FACE_OUTER_BOUND('',#171,.T.);
#112=FACE_OUTER_BOUND('',#172,.T.);
#113=FACE_OUTER_BOUND('',#173,.T.);
#114=FACE_OUTER_BOUND('',#174,.T.);
#115=FACE_OUTER_BOUND('',#175,.T.);
#116=FACE_OUTER_BOUND('',#176,.T.);
#117=FACE_OUTER_BOUND('',#177,.T.);
#118=FACE_OUTER_BOUND('',#179,.T.);
#119=FACE_OUTER_BOUND('',#180,.T.);
#120=FACE_OUTER_BOUND('',#182,.T.);
#121=FACE_OUTER_BOUND('',#183,.T.);
#122=FACE_OUTER_BOUND('',#184,.T.);
#123=FACE_OUTER_BOUND('',#185,.T.);
#124=FACE_OUTER_BOUND('',#186,.T.);
#125=FACE_OUTER_BOUND('',#188,.T.);
#126=FACE_OUTER_BOUND('',#189,.T.);
#127=FACE_OUTER_BOUND('',#190,.T.);
#128=FACE_OUTER_BOUND('',#191,.T.);
#129=FACE_OUTER_BOUND('',#192,.T.);
#130=FACE_OUTER_BOUND('',#193,.T.);
#131=FACE_OUTER_BOUND('',#194,.T.);
#132=EDGE_LOOP('',(#195,#196,#197,#198));
#133=EDGE_LOOP('',(#199,#200,#201,#202));
#134=EDGE_LOOP('',(#203,#204,#205,#206,#207,#208,#209,#210,#211,#212,#213));
#135=EDGE_LOOP('',(#214,#215));
#136=EDGE_LOOP('',(#216,#217,#218,#219));
#137=EDGE_LOOP('',(#220,#221,#222,#223));
#138=EDGE_LOOP('',(#224,#225,#226,#227));
#139=EDGE_LOOP('',(#228,#229,#230,#231,#232,#233,#234,#235));
#140=EDGE_LOOP('',(#236,#237,#238,#239,#240,#241));
#141=EDGE_LOOP('',(#242,#243,#244,#245,#246));
#142=EDGE_LOOP('',(#247,#248,#249,#250,#251));
#143=EDGE_LOOP('',(#252,#253,#254,#255,#256,#257));
#144=EDGE_LOOP('',(#258,#259,#260,#261,#262,#263,#264,#265));
#145=EDGE_LOOP('',(#266,#267,#268,#269));
#146=EDGE_LOOP('',(#270,#271,#272,#273));
#147=EDGE_LOOP('',(#274,#275,#276,#277));
#148=EDGE_LOOP('',(#278,#279,#280,#281));
#149=EDGE_LOOP('',(#282,#283,#284,#285,#286));
#150=EDGE_LOOP('',(#287,#288,#289,#290,#291,#292,#293,#294,#295,#296,#297));
#151=EDGE_LOOP('',(#298,#299));
#152=EDGE_LOOP('',(#300,#301,#302,#303));
#153=EDGE_LOOP('',(#304,#305,#306,#307,#308));
#154=EDGE_LOOP('',(#309,#310,#311,#312,#313,#314,#315,#316,#317,#318,#319));
#155=EDGE_LOOP('',(#320,#321));
#156=EDGE_LOOP('',(#322,#323,#324,#325));
#157=EDGE_LOOP('',(#326,#327,#328,#329));
#158=EDGE_LOOP('',(#330,#331,#332,#333));
#159=EDGE_LOOP('',(#334,#335,#336,#337,#338,#339,#340,#341,#342,#343,#344,
#345,#346,#347,#348,#349,#350,#351,#352,#353));
#160=EDGE_LOOP('',(#354,#355));
#161=EDGE_LOOP('',(#356,#357));
#162=EDGE_LOOP('',(#358,#359,#360,#361));
#163=EDGE_LOOP('',(#362,#363,#364,#365));
#164=EDGE_LOOP('',(#366,#367,#368,#369));
#165=EDGE_LOOP('',(#370,#371,#372,#373));
#166=EDGE_LOOP('',(#374,#375,#376,#377));
#167=EDGE_LOOP('',(#378,#379,#380,#381));
#168=EDGE_LOOP('',(#382,#383,#384,#385));
#169=EDGE_LOOP('',(#386,#387,#388,#389));
#170=EDGE_LOOP('',(#390,#391,#392,#393));
#171=EDGE_LOOP('',(#394,#395,#396,#397));
#172=EDGE_LOOP('',(#398,#399,#400,#401));
#173=EDGE_LOOP('',(#402,#403,#404,#405));
#174=EDGE_LOOP('',(#406,#407,#408,#409));
#175=EDGE_LOOP('',(#410,#411,#412,#413));
#176=EDGE_LOOP('',(#414,#415,#416,#417));
#177=EDGE_LOOP('',(#418,#419,#420,#421,#422,#423));
#178=EDGE_LOOP('',(#424,#425));
#179=EDGE_LOOP('',(#426,#427,#428,#429));
#180=EDGE_LOOP('',(#430,#431,#432,#433));
#181=EDGE_LOOP('',(#434,#435));
#182=EDGE_LOOP('',(#436,#437,#438,#439));
#183=EDGE_LOOP('',(#440,#441,#442,#443,#444,#445));
#184=EDGE_LOOP('',(#446,#447,#448,#449));
#185=EDGE_LOOP('',(#450,#451,#452,#453));
#186=EDGE_LOOP('',(#454,#455,#456,#457,#458,#459,#460,#461,#462,#463,#464));
#187=EDGE_LOOP('',(#465,#466));
#188=EDGE_LOOP('',(#467,#468,#469,#470));
#189=EDGE_LOOP('',(#471,#472,#473,#474));
#190=EDGE_LOOP('',(#475,#476,#477,#478,#479));
#191=EDGE_LOOP('',(#480,#481,#482,#483,#484));
#192=EDGE_LOOP('',(#485,#486,#487,#488,#489,#490,#491,#492,#493,#494,#495,
#496));
#193=EDGE_LOOP('',(#497,#498,#499,#500));
#194=EDGE_LOOP('',(#501,#502,#503,#504));
#195=ORIENTED_EDGE('',*,*,#505,.T.);
#196=ORIENTED_EDGE('',*,*,#506,.T.);
#197=ORIENTED_EDGE('',*,*,#507,.T.);
#198=ORIENTED_EDGE('',*,*,#508,.T.);
#199=ORIENTED_EDGE('',*,*,#509,.T.);
#200=ORIENTED_EDGE('',*,*,#510,.T.);
#201=ORIENTED_EDGE('',*,*,#511,.T.);
#202=ORIENTED_EDGE('',*,*,#512,.T.);
#203=ORIENTED_EDGE('',*,*,#513,.T.);
#204=ORIENTED_EDGE('',*,*,#514,.T.);
#205=ORIENTED_EDGE('',*,*,#515,.T.);
#206=ORIENTED_EDGE('',*,*,#606,.T.);
#207=ORIENTED_EDGE('',*,*,#612,.T.);
#208=ORIENTED_EDGE('',*,*,#516,.T.);
#209=ORIENTED_EDGE('',*,*,#624,.T.);
#210=ORIENTED_EDGE('',*,*,#517,.T.);
#211=ORIENTED_EDGE('',*,*,#518,.T.);
#212=ORIENTED_EDGE('',*,*,#519,.T.);
#213=ORIENTED_EDGE('',*,*,#520,.T.);
#214=ORIENTED_EDGE('',*,*,#658,.T.);
#215=ORIENTED_EDGE('',*,*,#659,.T.);
#216=ORIENTED_EDGE('',*,*,#521,.T.);
#217=ORIENTED_EDGE('',*,*,#522,.T.);
#218=ORIENTED_EDGE('',*,*,#523,.T.);
#219=ORIENTED_EDGE('',*,*,#524,.T.);
#220=ORIENTED_EDGE('',*,*,#525,.T.);
#221=ORIENTED_EDGE('',*,*,#526,.T.);
#222=ORIENTED_EDGE('',*,*,#527,.T.);
#223=ORIENTED_EDGE('',*,*,#528,.T.);
#224=ORIENTED_EDGE('',*,*,#529,.T.);
#225=ORIENTED_EDGE('',*,*,#530,.T.);
#226=ORIENTED_EDGE('',*,*,#531,.T.);
#227=ORIENTED_EDGE('',*,*,#532,.T.);
#228=ORIENTED_EDGE('',*,*,#533,.T.);
#229=ORIENTED_EDGE('',*,*,#534,.T.);
#230=ORIENTED_EDGE('',*,*,#535,.T.);
#231=ORIENTED_EDGE('',*,*,#536,.T.);
#232=ORIENTED_EDGE('',*,*,#537,.T.);
#233=ORIENTED_EDGE('',*,*,#538,.T.);
#234=ORIENTED_EDGE('',*,*,#539,.T.);
#235=ORIENTED_EDGE('',*,*,#540,.T.);
#236=ORIENTED_EDGE('',*,*,#532,.F.);
#237=ORIENTED_EDGE('',*,*,#541,.T.);
#238=ORIENTED_EDGE('',*,*,#539,.F.);
#239=ORIENTED_EDGE('',*,*,#542,.T.);
#240=ORIENTED_EDGE('',*,*,#646,.T.);
#241=ORIENTED_EDGE('',*,*,#543,.T.);
#242=ORIENTED_EDGE('',*,*,#533,.F.);
#243=ORIENTED_EDGE('',*,*,#544,.T.);
#244=ORIENTED_EDGE('',*,*,#545,.T.);
#245=ORIENTED_EDGE('',*,*,#546,.T.);
#246=ORIENTED_EDGE('',*,*,#547,.T.);
#247=ORIENTED_EDGE('',*,*,#548,.T.);
#248=ORIENTED_EDGE('',*,*,#549,.T.);
#249=ORIENTED_EDGE('',*,*,#550,.T.);
#250=ORIENTED_EDGE('',*,*,#551,.T.);
#251=ORIENTED_EDGE('',*,*,#552,.T.);
#252=ORIENTED_EDGE('',*,*,#648,.T.);
#253=ORIENTED_EDGE('',*,*,#553,.T.);
#254=ORIENTED_EDGE('',*,*,#554,.T.);
#255=ORIENTED_EDGE('',*,*,#555,.T.);
#256=ORIENTED_EDGE('',*,*,#556,.T.);
#257=ORIENTED_EDGE('',*,*,#557,.T.);
#258=ORIENTED_EDGE('',*,*,#554,.F.);
#259=ORIENTED_EDGE('',*,*,#558,.T.);
#260=ORIENTED_EDGE('',*,*,#559,.T.);
#261=ORIENTED_EDGE('',*,*,#560,.T.);
#262=ORIENTED_EDGE('',*,*,#561,.T.);
#263=ORIENTED_EDGE('',*,*,#562,.T.);
#264=ORIENTED_EDGE('',*,*,#552,.F.);
#265=ORIENTED_EDGE('',*,*,#563,.T.);
#266=ORIENTED_EDGE('',*,*,#564,.T.);
#267=ORIENTED_EDGE('',*,*,#505,.F.);
#268=ORIENTED_EDGE('',*,*,#565,.T.);
#269=ORIENTED_EDGE('',*,*,#507,.F.);
#270=ORIENTED_EDGE('',*,*,#566,.T.);
#271=ORIENTED_EDGE('',*,*,#509,.F.);
#272=ORIENTED_EDGE('',*,*,#567,.T.);
#273=ORIENTED_EDGE('',*,*,#511,.F.);
#274=ORIENTED_EDGE('',*,*,#568,.T.);
#275=ORIENTED_EDGE('',*,*,#521,.F.);
#276=ORIENTED_EDGE('',*,*,#569,.F.);
#277=ORIENTED_EDGE('',*,*,#523,.F.);
#278=ORIENTED_EDGE('',*,*,#570,.T.);
#279=ORIENTED_EDGE('',*,*,#525,.F.);
#280=ORIENTED_EDGE('',*,*,#571,.F.);
#281=ORIENTED_EDGE('',*,*,#527,.F.);
#282=ORIENTED_EDGE('',*,*,#572,.T.);
#283=ORIENTED_EDGE('',*,*,#573,.T.);
#284=ORIENTED_EDGE('',*,*,#574,.T.);
#285=ORIENTED_EDGE('',*,*,#575,.T.);
#286=ORIENTED_EDGE('',*,*,#652,.T.);
#287=ORIENTED_EDGE('',*,*,#608,.T.);
#288=ORIENTED_EDGE('',*,*,#614,.T.);
#289=ORIENTED_EDGE('',*,*,#576,.T.);
#290=ORIENTED_EDGE('',*,*,#620,.T.);
#291=ORIENTED_EDGE('',*,*,#577,.T.);
#292=ORIENTED_EDGE('',*,*,#578,.T.);
#293=ORIENTED_EDGE('',*,*,#579,.T.);
#294=ORIENTED_EDGE('',*,*,#580,.T.);
#295=ORIENTED_EDGE('',*,*,#581,.T.);
#296=ORIENTED_EDGE('',*,*,#582,.T.);
#297=ORIENTED_EDGE('',*,*,#583,.T.);
#298=ORIENTED_EDGE('',*,*,#512,.F.);
#299=ORIENTED_EDGE('',*,*,#567,.F.);
#300=ORIENTED_EDGE('',*,*,#575,.F.);
#301=ORIENTED_EDGE('',*,*,#584,.T.);
#302=ORIENTED_EDGE('',*,*,#585,.T.);
#303=ORIENTED_EDGE('',*,*,#586,.T.);
#304=ORIENTED_EDGE('',*,*,#585,.F.);
#305=ORIENTED_EDGE('',*,*,#587,.T.);
#306=ORIENTED_EDGE('',*,*,#581,.F.);
#307=ORIENTED_EDGE('',*,*,#588,.T.);
#308=ORIENTED_EDGE('',*,*,#653,.T.);
#309=ORIENTED_EDGE('',*,*,#589,.T.);
#310=ORIENTED_EDGE('',*,*,#573,.F.);
#311=ORIENTED_EDGE('',*,*,#590,.T.);
#312=ORIENTED_EDGE('',*,*,#591,.T.);
#313=ORIENTED_EDGE('',*,*,#592,.T.);
#314=ORIENTED_EDGE('',*,*,#593,.T.);
#315=ORIENTED_EDGE('',*,*,#622,.T.);
#316=ORIENTED_EDGE('',*,*,#594,.T.);
#317=ORIENTED_EDGE('',*,*,#610,.T.);
#318=ORIENTED_EDGE('',*,*,#604,.T.);
#319=ORIENTED_EDGE('',*,*,#595,.T.);
#320=ORIENTED_EDGE('',*,*,#506,.F.);
#321=ORIENTED_EDGE('',*,*,#564,.F.);
#322=ORIENTED_EDGE('',*,*,#596,.T.);
#323=ORIENTED_EDGE('',*,*,#579,.F.);
#324=ORIENTED_EDGE('',*,*,#597,.T.);
#325=ORIENTED_EDGE('',*,*,#639,.T.);
#326=ORIENTED_EDGE('',*,*,#549,.F.);
#327=ORIENTED_EDGE('',*,*,#633,.T.);
#328=ORIENTED_EDGE('',*,*,#546,.F.);
#329=ORIENTED_EDGE('',*,*,#598,.T.);
#330=ORIENTED_EDGE('',*,*,#550,.F.);
#331=ORIENTED_EDGE('',*,*,#598,.F.);
#332=ORIENTED_EDGE('',*,*,#545,.F.);
#333=ORIENTED_EDGE('',*,*,#599,.T.);
#334=ORIENTED_EDGE('',*,*,#643,.T.);
#335=ORIENTED_EDGE('',*,*,#602,.T.);
#336=ORIENTED_EDGE('',*,*,#582,.F.);
#337=ORIENTED_EDGE('',*,*,#587,.F.);
#338=ORIENTED_EDGE('',*,*,#584,.F.);
#339=ORIENTED_EDGE('',*,*,#574,.F.);
#340=ORIENTED_EDGE('',*,*,#589,.F.);
#341=ORIENTED_EDGE('',*,*,#601,.T.);
#342=ORIENTED_EDGE('',*,*,#514,.F.);
#343=ORIENTED_EDGE('',*,*,#637,.T.);
#344=ORIENTED_EDGE('',*,*,#635,.T.);
#345=ORIENTED_EDGE('',*,*,#555,.F.);
#346=ORIENTED_EDGE('',*,*,#563,.F.);
#347=ORIENTED_EDGE('',*,*,#551,.F.);
#348=ORIENTED_EDGE('',*,*,#599,.F.);
#349=ORIENTED_EDGE('',*,*,#544,.F.);
#350=ORIENTED_EDGE('',*,*,#540,.F.);
#351=ORIENTED_EDGE('',*,*,#541,.F.);
#352=ORIENTED_EDGE('',*,*,#531,.F.);
#353=ORIENTED_EDGE('',*,*,#645,.T.);
#354=ORIENTED_EDGE('',*,*,#528,.F.);
#355=ORIENTED_EDGE('',*,*,#571,.T.);
#356=ORIENTED_EDGE('',*,*,#524,.F.);
#357=ORIENTED_EDGE('',*,*,#569,.T.);
#358=ORIENTED_EDGE('',*,*,#595,.F.);
#359=ORIENTED_EDGE('',*,*,#600,.T.);
#360=ORIENTED_EDGE('',*,*,#515,.F.);
#361=ORIENTED_EDGE('',*,*,#601,.F.);
#362=ORIENTED_EDGE('',*,*,#583,.F.);
#363=ORIENTED_EDGE('',*,*,#602,.F.);
#364=ORIENTED_EDGE('',*,*,#642,.T.);
#365=ORIENTED_EDGE('',*,*,#603,.T.);
#366=ORIENTED_EDGE('',*,*,#600,.F.);
#367=ORIENTED_EDGE('',*,*,#604,.F.);
#368=ORIENTED_EDGE('',*,*,#605,.T.);
#369=ORIENTED_EDGE('',*,*,#606,.F.);
#370=ORIENTED_EDGE('',*,*,#607,.T.);
#371=ORIENTED_EDGE('',*,*,#608,.F.);
#372=ORIENTED_EDGE('',*,*,#603,.F.);
#373=ORIENTED_EDGE('',*,*,#609,.T.);
#374=ORIENTED_EDGE('',*,*,#605,.F.);
#375=ORIENTED_EDGE('',*,*,#610,.F.);
#376=ORIENTED_EDGE('',*,*,#611,.T.);
#377=ORIENTED_EDGE('',*,*,#612,.F.);
#378=ORIENTED_EDGE('',*,*,#613,.T.);
#379=ORIENTED_EDGE('',*,*,#614,.F.);
#380=ORIENTED_EDGE('',*,*,#607,.F.);
#381=ORIENTED_EDGE('',*,*,#615,.T.);
#382=ORIENTED_EDGE('',*,*,#611,.F.);
#383=ORIENTED_EDGE('',*,*,#594,.F.);
#384=ORIENTED_EDGE('',*,*,#616,.T.);
#385=ORIENTED_EDGE('',*,*,#516,.F.);
#386=ORIENTED_EDGE('',*,*,#576,.F.);
#387=ORIENTED_EDGE('',*,*,#613,.F.);
#388=ORIENTED_EDGE('',*,*,#617,.T.);
#389=ORIENTED_EDGE('',*,*,#618,.T.);
#390=ORIENTED_EDGE('',*,*,#619,.T.);
#391=ORIENTED_EDGE('',*,*,#620,.F.);
#392=ORIENTED_EDGE('',*,*,#618,.F.);
#393=ORIENTED_EDGE('',*,*,#621,.T.);
#394=ORIENTED_EDGE('',*,*,#622,.F.);
#395=ORIENTED_EDGE('',*,*,#623,.T.);
#396=ORIENTED_EDGE('',*,*,#624,.F.);
#397=ORIENTED_EDGE('',*,*,#616,.F.);
#398=ORIENTED_EDGE('',*,*,#623,.F.);
#399=ORIENTED_EDGE('',*,*,#593,.F.);
#400=ORIENTED_EDGE('',*,*,#625,.T.);
#401=ORIENTED_EDGE('',*,*,#517,.F.);
#402=ORIENTED_EDGE('',*,*,#626,.T.);
#403=ORIENTED_EDGE('',*,*,#577,.F.);
#404=ORIENTED_EDGE('',*,*,#619,.F.);
#405=ORIENTED_EDGE('',*,*,#641,.T.);
#406=ORIENTED_EDGE('',*,*,#640,.T.);
#407=ORIENTED_EDGE('',*,*,#597,.F.);
#408=ORIENTED_EDGE('',*,*,#578,.F.);
#409=ORIENTED_EDGE('',*,*,#626,.F.);
#410=ORIENTED_EDGE('',*,*,#592,.F.);
#411=ORIENTED_EDGE('',*,*,#627,.T.);
#412=ORIENTED_EDGE('',*,*,#518,.F.);
#413=ORIENTED_EDGE('',*,*,#625,.F.);
#414=ORIENTED_EDGE('',*,*,#519,.F.);
#415=ORIENTED_EDGE('',*,*,#627,.F.);
#416=ORIENTED_EDGE('',*,*,#591,.F.);
#417=ORIENTED_EDGE('',*,*,#628,.T.);
#418=ORIENTED_EDGE('',*,*,#558,.F.);
#419=ORIENTED_EDGE('',*,*,#553,.F.);
#420=ORIENTED_EDGE('',*,*,#647,.T.);
#421=ORIENTED_EDGE('',*,*,#542,.F.);
#422=ORIENTED_EDGE('',*,*,#538,.F.);
#423=ORIENTED_EDGE('',*,*,#629,.T.);
#424=ORIENTED_EDGE('',*,*,#522,.F.);
#425=ORIENTED_EDGE('',*,*,#568,.F.);
#426=ORIENTED_EDGE('',*,*,#631,.T.);
#427=ORIENTED_EDGE('',*,*,#559,.F.);
#428=ORIENTED_EDGE('',*,*,#629,.F.);
#429=ORIENTED_EDGE('',*,*,#537,.F.);
#430=ORIENTED_EDGE('',*,*,#536,.F.);
#431=ORIENTED_EDGE('',*,*,#630,.T.);
#432=ORIENTED_EDGE('',*,*,#560,.F.);
#433=ORIENTED_EDGE('',*,*,#631,.F.);
#434=ORIENTED_EDGE('',*,*,#526,.F.);
#435=ORIENTED_EDGE('',*,*,#570,.F.);
#436=ORIENTED_EDGE('',*,*,#535,.F.);
#437=ORIENTED_EDGE('',*,*,#632,.T.);
#438=ORIENTED_EDGE('',*,*,#561,.F.);
#439=ORIENTED_EDGE('',*,*,#630,.F.);
#440=ORIENTED_EDGE('',*,*,#547,.F.);
#441=ORIENTED_EDGE('',*,*,#633,.F.);
#442=ORIENTED_EDGE('',*,*,#548,.F.);
#443=ORIENTED_EDGE('',*,*,#562,.F.);
#444=ORIENTED_EDGE('',*,*,#632,.F.);
#445=ORIENTED_EDGE('',*,*,#534,.F.);
#446=ORIENTED_EDGE('',*,*,#634,.T.);
#447=ORIENTED_EDGE('',*,*,#556,.F.);
#448=ORIENTED_EDGE('',*,*,#635,.F.);
#449=ORIENTED_EDGE('',*,*,#636,.T.);
#450=ORIENTED_EDGE('',*,*,#636,.F.);
#451=ORIENTED_EDGE('',*,*,#637,.F.);
#452=ORIENTED_EDGE('',*,*,#513,.F.);
#453=ORIENTED_EDGE('',*,*,#650,.T.);
#454=ORIENTED_EDGE('',*,*,#638,.T.);
#455=ORIENTED_EDGE('',*,*,#639,.F.);
#456=ORIENTED_EDGE('',*,*,#640,.F.);
#457=ORIENTED_EDGE('',*,*,#641,.F.);
#458=ORIENTED_EDGE('',*,*,#621,.F.);
#459=ORIENTED_EDGE('',*,*,#617,.F.);
#460=ORIENTED_EDGE('',*,*,#615,.F.);
#461=ORIENTED_EDGE('',*,*,#609,.F.);
#462=ORIENTED_EDGE('',*,*,#642,.F.);
#463=ORIENTED_EDGE('',*,*,#643,.F.);
#464=ORIENTED_EDGE('',*,*,#644,.T.);
#465=ORIENTED_EDGE('',*,*,#566,.F.);
#466=ORIENTED_EDGE('',*,*,#510,.F.);
#467=ORIENTED_EDGE('',*,*,#644,.F.);
#468=ORIENTED_EDGE('',*,*,#645,.F.);
#469=ORIENTED_EDGE('',*,*,#530,.F.);
#470=ORIENTED_EDGE('',*,*,#655,.T.);
#471=ORIENTED_EDGE('',*,*,#646,.F.);
#472=ORIENTED_EDGE('',*,*,#647,.F.);
#473=ORIENTED_EDGE('',*,*,#648,.F.);
#474=ORIENTED_EDGE('',*,*,#649,.T.);
#475=ORIENTED_EDGE('',*,*,#651,.T.);
#476=ORIENTED_EDGE('',*,*,#520,.F.);
#477=ORIENTED_EDGE('',*,*,#628,.F.);
#478=ORIENTED_EDGE('',*,*,#590,.F.);
#479=ORIENTED_EDGE('',*,*,#572,.F.);
#480=ORIENTED_EDGE('',*,*,#654,.T.);
#481=ORIENTED_EDGE('',*,*,#588,.F.);
#482=ORIENTED_EDGE('',*,*,#580,.F.);
#483=ORIENTED_EDGE('',*,*,#596,.F.);
#484=ORIENTED_EDGE('',*,*,#638,.F.);
#485=ORIENTED_EDGE('',*,*,#543,.F.);
#486=ORIENTED_EDGE('',*,*,#649,.F.);
#487=ORIENTED_EDGE('',*,*,#557,.F.);
#488=ORIENTED_EDGE('',*,*,#634,.F.);
#489=ORIENTED_EDGE('',*,*,#650,.F.);
#490=ORIENTED_EDGE('',*,*,#651,.F.);
#491=ORIENTED_EDGE('',*,*,#652,.F.);
#492=ORIENTED_EDGE('',*,*,#586,.F.);
#493=ORIENTED_EDGE('',*,*,#653,.F.);
#494=ORIENTED_EDGE('',*,*,#654,.F.);
#495=ORIENTED_EDGE('',*,*,#655,.F.);
#496=ORIENTED_EDGE('',*,*,#529,.F.);
#497=ORIENTED_EDGE('',*,*,#656,.T.);
#498=ORIENTED_EDGE('',*,*,#508,.F.);
#499=ORIENTED_EDGE('',*,*,#657,.T.);
#500=ORIENTED_EDGE('',*,*,#658,.F.);
#501=ORIENTED_EDGE('',*,*,#657,.F.);
#502=ORIENTED_EDGE('',*,*,#565,.F.);
#503=ORIENTED_EDGE('',*,*,#656,.F.);
#504=ORIENTED_EDGE('',*,*,#659,.F.);
#505=EDGE_CURVE('',#815,#816,#764,.T.);
#506=EDGE_CURVE('',#816,#817,#660,.T.);
#507=EDGE_CURVE('',#817,#818,#765,.T.);
#508=EDGE_CURVE('',#818,#815,#661,.T.);
#509=EDGE_CURVE('',#819,#820,#766,.T.);
#510=EDGE_CURVE('',#820,#821,#662,.T.);
#511=EDGE_CURVE('',#821,#822,#767,.T.);
#512=EDGE_CURVE('',#822,#819,#663,.T.);
#513=EDGE_CURVE('',#823,#824,#768,.T.);
#514=EDGE_CURVE('',#824,#825,#664,.T.);
#515=EDGE_CURVE('',#825,#826,#665,.T.);
#516=EDGE_CURVE('',#828,#829,#769,.T.);
#517=EDGE_CURVE('',#830,#831,#666,.T.);
#518=EDGE_CURVE('',#831,#832,#667,.T.);
#519=EDGE_CURVE('',#832,#833,#668,.T.);
#520=EDGE_CURVE('',#833,#823,#770,.T.);
#521=EDGE_CURVE('',#836,#837,#669,.T.);
#522=EDGE_CURVE('',#837,#838,#670,.T.);
#523=EDGE_CURVE('',#838,#839,#671,.T.);
#524=EDGE_CURVE('',#839,#836,#672,.T.);
#525=EDGE_CURVE('',#840,#841,#673,.T.);
#526=EDGE_CURVE('',#841,#842,#674,.T.);
#527=EDGE_CURVE('',#842,#843,#675,.T.);
#528=EDGE_CURVE('',#843,#840,#676,.T.);
#529=EDGE_CURVE('',#844,#845,#771,.T.);
#530=EDGE_CURVE('',#845,#846,#772,.T.);
#531=EDGE_CURVE('',#846,#847,#773,.T.);
#532=EDGE_CURVE('',#847,#844,#774,.T.);
#533=EDGE_CURVE('',#848,#849,#775,.T.);
#534=EDGE_CURVE('',#849,#850,#776,.T.);
#535=EDGE_CURVE('',#850,#851,#677,.T.);
#536=EDGE_CURVE('',#851,#852,#777,.T.);
#537=EDGE_CURVE('',#852,#853,#678,.T.);
#538=EDGE_CURVE('',#853,#854,#778,.T.);
#539=EDGE_CURVE('',#854,#855,#779,.T.);
#540=EDGE_CURVE('',#855,#848,#780,.T.);
#541=EDGE_CURVE('',#847,#855,#679,.T.);
#542=EDGE_CURVE('',#854,#856,#680,.T.);
#543=EDGE_CURVE('',#857,#844,#781,.T.);
#544=EDGE_CURVE('',#848,#858,#782,.T.);
#545=EDGE_CURVE('',#858,#859,#783,.T.);
#546=EDGE_CURVE('',#859,#860,#681,.T.);
#547=EDGE_CURVE('',#860,#849,#784,.T.);
#548=EDGE_CURVE('',#861,#862,#682,.T.);
#549=EDGE_CURVE('',#862,#863,#683,.T.);
#550=EDGE_CURVE('',#863,#864,#785,.T.);
#551=EDGE_CURVE('',#864,#865,#684,.T.);
#552=EDGE_CURVE('',#865,#861,#786,.T.);
#553=EDGE_CURVE('',#867,#868,#685,.T.);
#554=EDGE_CURVE('',#868,#869,#787,.T.);
#555=EDGE_CURVE('',#869,#870,#686,.T.);
#556=EDGE_CURVE('',#870,#871,#788,.T.);
#557=EDGE_CURVE('',#871,#866,#789,.T.);
#558=EDGE_CURVE('',#868,#872,#687,.T.);
#559=EDGE_CURVE('',#872,#873,#688,.T.);
#560=EDGE_CURVE('',#873,#874,#689,.T.);
#561=EDGE_CURVE('',#874,#875,#690,.T.);
#562=EDGE_CURVE('',#875,#861,#691,.T.);
#563=EDGE_CURVE('',#865,#869,#692,.T.);
#564=EDGE_CURVE('',#817,#816,#693,.T.);
#565=EDGE_CURVE('',#815,#818,#694,.T.);
#566=EDGE_CURVE('',#821,#820,#695,.T.);
#567=EDGE_CURVE('',#819,#822,#696,.T.);
#568=EDGE_CURVE('',#838,#837,#697,.T.);
#569=EDGE_CURVE('',#839,#836,#698,.T.);
#570=EDGE_CURVE('',#842,#841,#699,.T.);
#571=EDGE_CURVE('',#843,#840,#700,.T.);
#572=EDGE_CURVE('',#876,#877,#701,.T.);
#573=EDGE_CURVE('',#877,#878,#702,.T.);
#574=EDGE_CURVE('',#878,#879,#703,.T.);
#575=EDGE_CURVE('',#879,#880,#704,.T.);
#576=EDGE_CURVE('',#883,#884,#705,.T.);
#577=EDGE_CURVE('',#885,#886,#706,.T.);
#578=EDGE_CURVE('',#886,#887,#707,.T.);
#579=EDGE_CURVE('',#887,#888,#708,.T.);
#580=EDGE_CURVE('',#888,#889,#790,.T.);
#581=EDGE_CURVE('',#889,#890,#709,.T.);
#582=EDGE_CURVE('',#890,#891,#791,.T.);
#583=EDGE_CURVE('',#891,#881,#710,.T.);
#584=EDGE_CURVE('',#879,#892,#711,.T.);
#585=EDGE_CURVE('',#892,#893,#712,.T.);
#586=EDGE_CURVE('',#893,#880,#713,.T.);
#587=EDGE_CURVE('',#892,#890,#714,.T.);
#588=EDGE_CURVE('',#889,#894,#715,.T.);
#589=EDGE_CURVE('',#895,#878,#792,.T.);
#590=EDGE_CURVE('',#877,#896,#793,.T.);
#591=EDGE_CURVE('',#896,#897,#716,.T.);
#592=EDGE_CURVE('',#897,#898,#717,.T.);
#593=EDGE_CURVE('',#898,#899,#718,.T.);
#594=EDGE_CURVE('',#900,#901,#719,.T.);
#595=EDGE_CURVE('',#903,#895,#720,.T.);
#596=EDGE_CURVE('',#904,#888,#721,.T.);
#597=EDGE_CURVE('',#887,#905,#722,.T.);
#598=EDGE_CURVE('',#859,#863,#723,.T.);
#599=EDGE_CURVE('',#858,#864,#794,.T.);
#600=EDGE_CURVE('',#903,#826,#724,.T.);
#601=EDGE_CURVE('',#895,#825,#725,.T.);
#602=EDGE_CURVE('',#907,#891,#726,.T.);
#603=EDGE_CURVE('',#909,#881,#727,.T.);
#604=EDGE_CURVE('',#902,#903,#728,.T.);
#605=EDGE_CURVE('',#902,#827,#729,.T.);
#606=EDGE_CURVE('',#826,#827,#730,.T.);
#607=EDGE_CURVE('',#910,#882,#731,.T.);
#608=EDGE_CURVE('',#881,#882,#732,.T.);
#609=EDGE_CURVE('',#909,#910,#733,.T.);
#610=EDGE_CURVE('',#901,#902,#734,.T.);
#611=EDGE_CURVE('',#901,#828,#735,.T.);
#612=EDGE_CURVE('',#827,#828,#736,.T.);
#613=EDGE_CURVE('',#911,#883,#737,.T.);
#614=EDGE_CURVE('',#882,#883,#738,.T.);
#615=EDGE_CURVE('',#910,#911,#739,.T.);
#616=EDGE_CURVE('',#900,#829,#740,.T.);
#617=EDGE_CURVE('',#911,#912,#795,.T.);
#618=EDGE_CURVE('',#912,#884,#741,.T.);
#619=EDGE_CURVE('',#913,#885,#742,.T.);
#620=EDGE_CURVE('',#884,#885,#743,.T.);
#621=EDGE_CURVE('',#912,#913,#744,.T.);
#622=EDGE_CURVE('',#899,#900,#745,.T.);
#623=EDGE_CURVE('',#899,#830,#746,.T.);
#624=EDGE_CURVE('',#829,#830,#747,.T.);
#625=EDGE_CURVE('',#898,#831,#748,.T.);
#626=EDGE_CURVE('',#914,#886,#749,.T.);
#627=EDGE_CURVE('',#897,#832,#750,.T.);
#628=EDGE_CURVE('',#896,#833,#751,.T.);
#629=EDGE_CURVE('',#853,#872,#796,.T.);
#630=EDGE_CURVE('',#851,#874,#752,.T.);
#631=EDGE_CURVE('',#852,#873,#797,.T.);
#632=EDGE_CURVE('',#850,#875,#753,.T.);
#633=EDGE_CURVE('',#862,#860,#754,.T.);
#634=EDGE_CURVE('',#915,#871,#798,.T.);
#635=EDGE_CURVE('',#908,#870,#799,.T.);
#636=EDGE_CURVE('',#908,#915,#800,.T.);
#637=EDGE_CURVE('',#824,#908,#801,.T.);
#638=EDGE_CURVE('',#916,#904,#802,.T.);
#639=EDGE_CURVE('',#905,#904,#755,.T.);
#640=EDGE_CURVE('',#914,#905,#756,.T.);
#641=EDGE_CURVE('',#913,#914,#757,.T.);
#642=EDGE_CURVE('',#907,#909,#758,.T.);
#643=EDGE_CURVE('',#906,#907,#759,.T.);
#644=EDGE_CURVE('',#906,#916,#803,.T.);
#645=EDGE_CURVE('',#846,#906,#804,.T.);
#646=EDGE_CURVE('',#856,#857,#805,.T.);
#647=EDGE_CURVE('',#867,#856,#806,.T.);
#648=EDGE_CURVE('',#866,#867,#807,.T.);
#649=EDGE_CURVE('',#866,#857,#808,.T.);
#650=EDGE_CURVE('',#823,#915,#809,.T.);
#651=EDGE_CURVE('',#876,#823,#810,.T.);
#652=EDGE_CURVE('',#880,#876,#811,.T.);
#653=EDGE_CURVE('',#894,#893,#812,.T.);
#654=EDGE_CURVE('',#916,#894,#813,.T.);
#655=EDGE_CURVE('',#845,#916,#814,.T.);
#656=EDGE_CURVE('',#835,#815,#760,.T.);
#657=EDGE_CURVE('',#818,#834,#761,.T.);
#658=EDGE_CURVE('',#835,#834,#762,.T.);
#659=EDGE_CURVE('',#834,#835,#763,.T.);
#660=(
BOUNDED_CURVE()
B_SPLINE_CURVE(2,(#1426,#1427,#1428,#1429,#1430),.UNSPECIFIED.,.F.,.F.)
B_SPLINE_CURVE_WITH_KNOTS((3,2,3),(0.,1.99999999999997,3.99999999999996),
 .UNSPECIFIED.)
CURVE()
GEOMETRIC_REPRESENTATION_ITEM()
RATIONAL_B_SPLINE_CURVE((1.,0.707106781186553,1.,0.707106781186553,1.))
REPRESENTATION_ITEM('')
);
#661=(
BOUNDED_CURVE()
B_SPLINE_CURVE(2,(#1433,#1434,#1435,#1436,#1437),.UNSPECIFIED.,.F.,.F.)
B_SPLINE_CURVE_WITH_KNOTS((3,2,3),(0.,1.99999999999999,3.99999999999999),
 .UNSPECIFIED.)
CURVE()
GEOMETRIC_REPRESENTATION_ITEM()
RATIONAL_B_SPLINE_CURVE((1.,0.707106781186548,1.,0.707106781186548,1.))
REPRESENTATION_ITEM('')
);
#662=(
BOUNDED_CURVE()
B_SPLINE_CURVE(2,(#1440,#1441,#1442,#1443,#1444),.UNSPECIFIED.,.F.,.F.)
B_SPLINE_CURVE_WITH_KNOTS((3,2,3),(0.,1.99999999999996,3.99999999999989),
 .UNSPECIFIED.)
CURVE()
GEOMETRIC_REPRESENTATION_ITEM()
RATIONAL_B_SPLINE_CURVE((1.,0.707106781186558,1.,0.707106781186558,1.))
REPRESENTATION_ITEM('')
);
#663=(
BOUNDED_CURVE()
B_SPLINE_CURVE(2,(#1447,#1448,#1449,#1450,#1451),.UNSPECIFIED.,.F.,.F.)
B_SPLINE_CURVE_WITH_KNOTS((3,2,3),(0.,1.99999999999996,3.99999999999989),
 .UNSPECIFIED.)
CURVE()
GEOMETRIC_REPRESENTATION_ITEM()
RATIONAL_B_SPLINE_CURVE((1.,0.707106781186558,1.,0.707106781186558,1.))
REPRESENTATION_ITEM('')
);
#664=(
BOUNDED_CURVE()
B_SPLINE_CURVE(5,(#1454,#1455,#1456,#1457,#1458,#1459),.UNSPECIFIED.,.F.,
 .F.)
B_SPLINE_CURVE_WITH_KNOTS((6,6),(0.,1.39420762180089),.UNSPECIFIED.)
CURVE()
GEOMETRIC_REPRESENTATION_ITEM()
RATIONAL_B_SPLINE_CURVE((1.,1.,1.,1.,1.,1.))
REPRESENTATION_ITEM('')
);
#665=(
BOUNDED_CURVE()
B_SPLINE_CURVE(2,(#1460,#1461,#1462),.UNSPECIFIED.,.F.,.F.)
B_SPLINE_CURVE_WITH_KNOTS((3,3),(0.,1.28406200078375),.UNSPECIFIED.)
CURVE()
GEOMETRIC_REPRESENTATION_ITEM()
RATIONAL_B_SPLINE_CURVE((1.,0.923879496624931,1.))
REPRESENTATION_ITEM('')
);
#666=(
BOUNDED_CURVE()
B_SPLINE_CURVE(5,(#1465,#1466,#1467,#1468,#1469,#1470),.UNSPECIFIED.,.F.,
 .F.)
B_SPLINE_CURVE_WITH_KNOTS((6,6),(0.,2.03742648445549),.UNSPECIFIED.)
CURVE()
GEOMETRIC_REPRESENTATION_ITEM()
RATIONAL_B_SPLINE_CURVE((1.,1.,1.,1.,1.,1.))
REPRESENTATION_ITEM('')
);
#667=(
BOUNDED_CURVE()
B_SPLINE_CURVE(2,(#1471,#1472,#1473),.UNSPECIFIED.,.F.,.F.)
B_SPLINE_CURVE_WITH_KNOTS((3,3),(0.,4.13437977320432),.UNSPECIFIED.)
CURVE()
GEOMETRIC_REPRESENTATION_ITEM()
RATIONAL_B_SPLINE_CURVE((1.,0.749588404655983,1.))
REPRESENTATION_ITEM('')
);
#668=(
BOUNDED_CURVE()
B_SPLINE_CURVE(5,(#1474,#1475,#1476,#1477,#1478,#1479),.UNSPECIFIED.,.F.,
 .F.)
B_SPLINE_CURVE_WITH_KNOTS((6,6),(0.,2.54300471164366),.UNSPECIFIED.)
CURVE()
GEOMETRIC_REPRESENTATION_ITEM()
RATIONAL_B_SPLINE_CURVE((1.,1.,1.,1.,1.,1.))
REPRESENTATION_ITEM('')
);
#669=(
BOUNDED_CURVE()
B_SPLINE_CURVE(1,(#1482,#1483),.UNSPECIFIED.,.F.,.F.)
B_SPLINE_CURVE_WITH_KNOTS((2,2),(0.,3.8917805890779),.UNSPECIFIED.)
CURVE()
GEOMETRIC_REPRESENTATION_ITEM()
RATIONAL_B_SPLINE_CURVE((1.,1.))
REPRESENTATION_ITEM('')
);
#670=(
BOUNDED_CURVE()
B_SPLINE_CURVE(2,(#1484,#1485,#1486,#1487,#1488),.UNSPECIFIED.,.F.,.F.)
B_SPLINE_CURVE_WITH_KNOTS((3,2,3),(0.,1.79999999999998,3.60000000000001),
 .UNSPECIFIED.)
CURVE()
GEOMETRIC_REPRESENTATION_ITEM()
RATIONAL_B_SPLINE_CURVE((1.,0.707106781186542,1.,0.707106781186542,1.))
REPRESENTATION_ITEM('')
);
#671=(
BOUNDED_CURVE()
B_SPLINE_CURVE(1,(#1489,#1490),.UNSPECIFIED.,.F.,.F.)
B_SPLINE_CURVE_WITH_KNOTS((2,2),(0.,3.8917805890779),.UNSPECIFIED.)
CURVE()
GEOMETRIC_REPRESENTATION_ITEM()
RATIONAL_B_SPLINE_CURVE((1.,1.))
REPRESENTATION_ITEM('')
);
#672=(
BOUNDED_CURVE()
B_SPLINE_CURVE(2,(#1491,#1492,#1493,#1494,#1495),.UNSPECIFIED.,.F.,.F.)
B_SPLINE_CURVE_WITH_KNOTS((3,2,3),(0.,1.79999999999978,3.59999999999958),
 .UNSPECIFIED.)
CURVE()
GEOMETRIC_REPRESENTATION_ITEM()
RATIONAL_B_SPLINE_CURVE((1.,0.707106781186589,1.,0.707106781186589,1.))
REPRESENTATION_ITEM('')
);
#673=(
BOUNDED_CURVE()
B_SPLINE_CURVE(1,(#1496,#1497),.UNSPECIFIED.,.F.,.F.)
B_SPLINE_CURVE_WITH_KNOTS((2,2),(0.,3.8917805890779),.UNSPECIFIED.)
CURVE()
GEOMETRIC_REPRESENTATION_ITEM()
RATIONAL_B_SPLINE_CURVE((1.,1.))
REPRESENTATION_ITEM('')
);
#674=(
BOUNDED_CURVE()
B_SPLINE_CURVE(2,(#1498,#1499,#1500,#1501,#1502),.UNSPECIFIED.,.F.,.F.)
B_SPLINE_CURVE_WITH_KNOTS((3,2,3),(0.,1.79999999999998,3.59999999999995),
 .UNSPECIFIED.)
CURVE()
GEOMETRIC_REPRESENTATION_ITEM()
RATIONAL_B_SPLINE_CURVE((1.,0.707106781186548,1.,0.707106781186548,1.))
REPRESENTATION_ITEM('')
);
#675=(
BOUNDED_CURVE()
B_SPLINE_CURVE(1,(#1503,#1504),.UNSPECIFIED.,.F.,.F.)
B_SPLINE_CURVE_WITH_KNOTS((2,2),(0.,3.8917805890779),.UNSPECIFIED.)
CURVE()
GEOMETRIC_REPRESENTATION_ITEM()
RATIONAL_B_SPLINE_CURVE((1.,1.))
REPRESENTATION_ITEM('')
);
#676=(
BOUNDED_CURVE()
B_SPLINE_CURVE(2,(#1505,#1506,#1507,#1508,#1509),.UNSPECIFIED.,.F.,.F.)
B_SPLINE_CURVE_WITH_KNOTS((3,2,3),(0.,1.80000000000005,3.60000000000008),
 .UNSPECIFIED.)
CURVE()
GEOMETRIC_REPRESENTATION_ITEM()
RATIONAL_B_SPLINE_CURVE((1.,0.707106781186545,1.,0.707106781186545,1.))
REPRESENTATION_ITEM('')
);
#677=(
BOUNDED_CURVE()
B_SPLINE_CURVE(5,(#1524,#1525,#1526,#1527,#1528,#1529),.UNSPECIFIED.,.F.,
 .F.)
B_SPLINE_CURVE_WITH_KNOTS((6,6),(0.,0.815815072742196),.UNSPECIFIED.)
CURVE()
GEOMETRIC_REPRESENTATION_ITEM()
RATIONAL_B_SPLINE_CURVE((1.,1.,1.,1.,1.,1.))
REPRESENTATION_ITEM('')
);
#678=(
BOUNDED_CURVE()
B_SPLINE_CURVE(5,(#1532,#1533,#1534,#1535,#1536,#1537,#1538,#1539,#1540,
#1541,#1542,#1543,#1544,#1545,#1546,#1547,#1548,#1549,#1550,#1551,#1552),
 .UNSPECIFIED.,.F.,.F.)
B_SPLINE_CURVE_WITH_KNOTS((6,5,5,5,6),(0.,0.883185680012971,2.17200923652364,
3.46083279303433,4.3440184730473),.UNSPECIFIED.)
CURVE()
GEOMETRIC_REPRESENTATION_ITEM()
RATIONAL_B_SPLINE_CURVE((1.,1.,1.,1.,1.,1.,0.96582293475594,0.94873440213391,
0.94873440213391,0.96582293475594,1.,0.965822934755953,0.94873440213393,
0.94873440213393,0.965822934755954,1.,1.,1.,1.,1.,1.))
REPRESENTATION_ITEM('')
);
#679=(
BOUNDED_CURVE()
B_SPLINE_CURVE(2,(#1561,#1562,#1563),.UNSPECIFIED.,.F.,.F.)
B_SPLINE_CURVE_WITH_KNOTS((3,3),(0.,2.76911936714183),.UNSPECIFIED.)
CURVE()
GEOMETRIC_REPRESENTATION_ITEM()
RATIONAL_B_SPLINE_CURVE((1.,0.913068674557924,1.))
REPRESENTATION_ITEM('')
);
#680=(
BOUNDED_CURVE()
B_SPLINE_CURVE(2,(#1564,#1565,#1566),.UNSPECIFIED.,.F.,.F.)
B_SPLINE_CURVE_WITH_KNOTS((3,3),(0.,0.581072473987252),.UNSPECIFIED.)
CURVE()
GEOMETRIC_REPRESENTATION_ITEM()
RATIONAL_B_SPLINE_CURVE((1.,0.995636875025631,1.))
REPRESENTATION_ITEM('')
);
#681=(
BOUNDED_CURVE()
B_SPLINE_CURVE(5,(#1577,#1578,#1579,#1580,#1581,#1582),.UNSPECIFIED.,.F.,
 .F.)
B_SPLINE_CURVE_WITH_KNOTS((6,6),(0.,0.374574753561847),.UNSPECIFIED.)
CURVE()
GEOMETRIC_REPRESENTATION_ITEM()
RATIONAL_B_SPLINE_CURVE((1.,1.,1.,1.,1.,1.))
REPRESENTATION_ITEM('')
);
#682=(
BOUNDED_CURVE()
B_SPLINE_CURVE(5,(#1585,#1586,#1587,#1588,#1589,#1590),.UNSPECIFIED.,.F.,
 .F.)
B_SPLINE_CURVE_WITH_KNOTS((6,6),(0.,1.78198025099914),.UNSPECIFIED.)
CURVE()
GEOMETRIC_REPRESENTATION_ITEM()
RATIONAL_B_SPLINE_CURVE((1.,1.,1.,1.,1.,1.))
REPRESENTATION_ITEM('')
);
#683=(
BOUNDED_CURVE()
B_SPLINE_CURVE(5,(#1591,#1592,#1593,#1594,#1595,#1596),.UNSPECIFIED.,.F.,
 .F.)
B_SPLINE_CURVE_WITH_KNOTS((6,6),(0.,0.374574753561842),.UNSPECIFIED.)
CURVE()
GEOMETRIC_REPRESENTATION_ITEM()
RATIONAL_B_SPLINE_CURVE((1.,1.,1.,1.,1.,1.))
REPRESENTATION_ITEM('')
);
#684=(
BOUNDED_CURVE()
B_SPLINE_CURVE(2,(#1599,#1600,#1601),.UNSPECIFIED.,.F.,.F.)
B_SPLINE_CURVE_WITH_KNOTS((3,3),(0.,1.488062405139),.UNSPECIFIED.)
CURVE()
GEOMETRIC_REPRESENTATION_ITEM()
RATIONAL_B_SPLINE_CURVE((1.,1.,1.))
REPRESENTATION_ITEM('')
);
#685=(
BOUNDED_CURVE()
B_SPLINE_CURVE(2,(#1604,#1605,#1606),.UNSPECIFIED.,.F.,.F.)
B_SPLINE_CURVE_WITH_KNOTS((3,3),(0.,0.581072473988301),.UNSPECIFIED.)
CURVE()
GEOMETRIC_REPRESENTATION_ITEM()
RATIONAL_B_SPLINE_CURVE((1.,0.995636875025609,1.))
REPRESENTATION_ITEM('')
);
#686=(
BOUNDED_CURVE()
B_SPLINE_CURVE(2,(#1609,#1610,#1611),.UNSPECIFIED.,.F.,.F.)
B_SPLINE_CURVE_WITH_KNOTS((3,3),(0.,2.76911936714243),.UNSPECIFIED.)
CURVE()
GEOMETRIC_REPRESENTATION_ITEM()
RATIONAL_B_SPLINE_CURVE((1.,0.913068674558154,1.))
REPRESENTATION_ITEM('')
);
#687=(
BOUNDED_CURVE()
B_SPLINE_CURVE(2,(#1620,#1621,#1622,#1623,#1624),.UNSPECIFIED.,.F.,.F.)
B_SPLINE_CURVE_WITH_KNOTS((3,2,3),(0.,0.423987299582897,7.630040998598),
 .UNSPECIFIED.)
CURVE()
GEOMETRIC_REPRESENTATION_ITEM()
RATIONAL_B_SPLINE_CURVE((1.,1.,1.,1.,1.))
REPRESENTATION_ITEM('')
);
#688=(
BOUNDED_CURVE()
B_SPLINE_CURVE(5,(#1625,#1626,#1627,#1628,#1629,#1630,#1631,#1632,#1633,
#1634,#1635,#1636,#1637,#1638,#1639,#1640,#1641,#1642,#1643,#1644,#1645),
 .UNSPECIFIED.,.F.,.F.)
B_SPLINE_CURVE_WITH_KNOTS((6,5,5,5,6),(0.,0.883185680012971,2.17200923652364,
3.46083279303432,4.34401847304723),.UNSPECIFIED.)
CURVE()
GEOMETRIC_REPRESENTATION_ITEM()
RATIONAL_B_SPLINE_CURVE((1.,1.,1.,1.,1.,1.,0.965822934755958,0.948734402133937,
0.948734402133937,0.965822934755958,1.,0.965822934755956,0.948734402133934,
0.948734402133934,0.965822934755956,1.,1.,1.,1.,1.,1.))
REPRESENTATION_ITEM('')
);
#689=(
BOUNDED_CURVE()
B_SPLINE_CURVE(2,(#1646,#1647,#1648),.UNSPECIFIED.,.F.,.F.)
B_SPLINE_CURVE_WITH_KNOTS((3,3),(0.,8.71779925100699),.UNSPECIFIED.)
CURVE()
GEOMETRIC_REPRESENTATION_ITEM()
RATIONAL_B_SPLINE_CURVE((1.,1.,1.))
REPRESENTATION_ITEM('')
);
#690=(
BOUNDED_CURVE()
B_SPLINE_CURVE(5,(#1649,#1650,#1651,#1652,#1653,#1654),.UNSPECIFIED.,.F.,
 .F.)
B_SPLINE_CURVE_WITH_KNOTS((6,6),(0.,0.815815072742196),.UNSPECIFIED.)
CURVE()
GEOMETRIC_REPRESENTATION_ITEM()
RATIONAL_B_SPLINE_CURVE((1.,1.,1.,1.,1.,1.))
REPRESENTATION_ITEM('')
);
#691=(
BOUNDED_CURVE()
B_SPLINE_CURVE(5,(#1655,#1656,#1657,#1658,#1659,#1660),.UNSPECIFIED.,.F.,
 .F.)
B_SPLINE_CURVE_WITH_KNOTS((6,6),(0.,0.218019749002135),.UNSPECIFIED.)
CURVE()
GEOMETRIC_REPRESENTATION_ITEM()
RATIONAL_B_SPLINE_CURVE((1.,1.,1.,1.,1.,1.))
REPRESENTATION_ITEM('')
);
#692=(
BOUNDED_CURVE()
B_SPLINE_CURVE(2,(#1661,#1662,#1663,#1664,#1665),.UNSPECIFIED.,.F.,.F.)
B_SPLINE_CURVE_WITH_KNOTS((3,2,3),(0.,20.5210973474001,20.945084646983),
 .UNSPECIFIED.)
CURVE()
GEOMETRIC_REPRESENTATION_ITEM()
RATIONAL_B_SPLINE_CURVE((1.,1.,1.,1.,1.))
REPRESENTATION_ITEM('')
);
#693=(
BOUNDED_CURVE()
B_SPLINE_CURVE(2,(#1666,#1667,#1668,#1669,#1670),.UNSPECIFIED.,.F.,.F.)
B_SPLINE_CURVE_WITH_KNOTS((3,2,3),(0.,2.00000000000001,4.00000000000002),
 .UNSPECIFIED.)
CURVE()
GEOMETRIC_REPRESENTATION_ITEM()
RATIONAL_B_SPLINE_CURVE((1.,0.707106781186548,1.,0.707106781186548,1.))
REPRESENTATION_ITEM('')
);
#694=(
BOUNDED_CURVE()
B_SPLINE_CURVE(2,(#1671,#1672,#1673,#1674,#1675),.UNSPECIFIED.,.F.,.F.)
B_SPLINE_CURVE_WITH_KNOTS((3,2,3),(0.,2.00000000000001,4.00000000000002),
 .UNSPECIFIED.)
CURVE()
GEOMETRIC_REPRESENTATION_ITEM()
RATIONAL_B_SPLINE_CURVE((1.,0.707106781186548,1.,0.707106781186548,1.))
REPRESENTATION_ITEM('')
);
#695=(
BOUNDED_CURVE()
B_SPLINE_CURVE(2,(#1676,#1677,#1678,#1679,#1680),.UNSPECIFIED.,.F.,.F.)
B_SPLINE_CURVE_WITH_KNOTS((3,2,3),(0.,2.00000000000025,4.00000000000046),
 .UNSPECIFIED.)
CURVE()
GEOMETRIC_REPRESENTATION_ITEM()
RATIONAL_B_SPLINE_CURVE((1.,0.707106781186507,1.,0.707106781186507,1.))
REPRESENTATION_ITEM('')
);
#696=(
BOUNDED_CURVE()
B_SPLINE_CURVE(2,(#1681,#1682,#1683,#1684,#1685),.UNSPECIFIED.,.F.,.F.)
B_SPLINE_CURVE_WITH_KNOTS((3,2,3),(0.,2.00000000000001,4.00000000000002),
 .UNSPECIFIED.)
CURVE()
GEOMETRIC_REPRESENTATION_ITEM()
RATIONAL_B_SPLINE_CURVE((1.,0.707106781186548,1.,0.707106781186548,1.))
REPRESENTATION_ITEM('')
);
#697=(
BOUNDED_CURVE()
B_SPLINE_CURVE(2,(#1686,#1687,#1688,#1689,#1690),.UNSPECIFIED.,.F.,.F.)
B_SPLINE_CURVE_WITH_KNOTS((3,2,3),(0.,1.80000000000001,3.60000000000002),
 .UNSPECIFIED.)
CURVE()
GEOMETRIC_REPRESENTATION_ITEM()
RATIONAL_B_SPLINE_CURVE((1.,0.707106781186548,1.,0.707106781186548,1.))
REPRESENTATION_ITEM('')
);
#698=(
BOUNDED_CURVE()
B_SPLINE_CURVE(2,(#1691,#1692,#1693,#1694,#1695),.UNSPECIFIED.,.F.,.F.)
B_SPLINE_CURVE_WITH_KNOTS((3,2,3),(-3.60000000000002,-1.79999999999999,
0.),.UNSPECIFIED.)
CURVE()
GEOMETRIC_REPRESENTATION_ITEM()
RATIONAL_B_SPLINE_CURVE((1.,0.707106781186542,1.,0.707106781186542,1.))
REPRESENTATION_ITEM('')
);
#699=(
BOUNDED_CURVE()
B_SPLINE_CURVE(2,(#1696,#1697,#1698,#1699,#1700),.UNSPECIFIED.,.F.,.F.)
B_SPLINE_CURVE_WITH_KNOTS((3,2,3),(0.,1.8,3.59999999999999),
 .UNSPECIFIED.)
CURVE()
GEOMETRIC_REPRESENTATION_ITEM()
RATIONAL_B_SPLINE_CURVE((1.,0.70710678118655,1.,0.70710678118655,1.))
REPRESENTATION_ITEM('')
);
#700=(
BOUNDED_CURVE()
B_SPLINE_CURVE(2,(#1701,#1702,#1703,#1704,#1705),.UNSPECIFIED.,.F.,.F.)
B_SPLINE_CURVE_WITH_KNOTS((3,2,3),(-3.60000000000001,-1.80000000000003,
0.),.UNSPECIFIED.)
CURVE()
GEOMETRIC_REPRESENTATION_ITEM()
RATIONAL_B_SPLINE_CURVE((1.,0.707106781186545,1.,0.707106781186545,1.))
REPRESENTATION_ITEM('')
);
#701=(
BOUNDED_CURVE()
B_SPLINE_CURVE(2,(#1706,#1707,#1708),.UNSPECIFIED.,.F.,.F.)
B_SPLINE_CURVE_WITH_KNOTS((3,3),(0.,0.552947279228126),.UNSPECIFIED.)
CURVE()
GEOMETRIC_REPRESENTATION_ITEM()
RATIONAL_B_SPLINE_CURVE((1.,0.983960526887557,1.))
REPRESENTATION_ITEM('')
);
#702=(
BOUNDED_CURVE()
B_SPLINE_CURVE(1,(#1709,#1710,#1711),.UNSPECIFIED.,.F.,.F.)
B_SPLINE_CURVE_WITH_KNOTS((2,1,2),(0.,4.1398494063179,6.8917805890779),
 .UNSPECIFIED.)
CURVE()
GEOMETRIC_REPRESENTATION_ITEM()
RATIONAL_B_SPLINE_CURVE((1.,1.,1.))
REPRESENTATION_ITEM('')
);
#703=(
BOUNDED_CURVE()
B_SPLINE_CURVE(2,(#1712,#1713,#1714),.UNSPECIFIED.,.F.,.F.)
B_SPLINE_CURVE_WITH_KNOTS((3,3),(0.,3.05000000000486),.UNSPECIFIED.)
CURVE()
GEOMETRIC_REPRESENTATION_ITEM()
RATIONAL_B_SPLINE_CURVE((1.,0.707106781185302,1.))
REPRESENTATION_ITEM('')
);
#704=(
BOUNDED_CURVE()
B_SPLINE_CURVE(1,(#1715,#1716,#1717),.UNSPECIFIED.,.F.,.F.)
B_SPLINE_CURVE_WITH_KNOTS((2,1,2),(0.,2.75193118276,6.5867148507204),
 .UNSPECIFIED.)
CURVE()
GEOMETRIC_REPRESENTATION_ITEM()
RATIONAL_B_SPLINE_CURVE((1.,1.,1.))
REPRESENTATION_ITEM('')
);
#705=(
BOUNDED_CURVE()
B_SPLINE_CURVE(2,(#1718,#1719,#1720),.UNSPECIFIED.,.F.,.F.)
B_SPLINE_CURVE_WITH_KNOTS((3,3),(0.,0.707628696736094),.UNSPECIFIED.)
CURVE()
GEOMETRIC_REPRESENTATION_ITEM()
RATIONAL_B_SPLINE_CURVE((1.,1.,1.))
REPRESENTATION_ITEM('')
);
#706=(
BOUNDED_CURVE()
B_SPLINE_CURVE(5,(#1721,#1722,#1723,#1724,#1725,#1726),.UNSPECIFIED.,.F.,
 .F.)
B_SPLINE_CURVE_WITH_KNOTS((6,6),(0.,2.03742648445559),.UNSPECIFIED.)
CURVE()
GEOMETRIC_REPRESENTATION_ITEM()
RATIONAL_B_SPLINE_CURVE((1.,1.,1.,1.,1.,1.))
REPRESENTATION_ITEM('')
);
#707=(
BOUNDED_CURVE()
B_SPLINE_CURVE(2,(#1727,#1728,#1729),.UNSPECIFIED.,.F.,.F.)
B_SPLINE_CURVE_WITH_KNOTS((3,3),(0.,4.13437977320414),.UNSPECIFIED.)
CURVE()
GEOMETRIC_REPRESENTATION_ITEM()
RATIONAL_B_SPLINE_CURVE((1.,0.749588404655999,1.))
REPRESENTATION_ITEM('')
);
#708=(
BOUNDED_CURVE()
B_SPLINE_CURVE(5,(#1730,#1731,#1732,#1733,#1734,#1735),.UNSPECIFIED.,.F.,
 .F.)
B_SPLINE_CURVE_WITH_KNOTS((6,6),(0.,2.54300471164366),.UNSPECIFIED.)
CURVE()
GEOMETRIC_REPRESENTATION_ITEM()
RATIONAL_B_SPLINE_CURVE((1.,1.,1.,1.,1.,1.))
REPRESENTATION_ITEM('')
);
#709=(
BOUNDED_CURVE()
B_SPLINE_CURVE(1,(#1738,#1739,#1740),.UNSPECIFIED.,.F.,.F.)
B_SPLINE_CURVE_WITH_KNOTS((2,1,2),(0.,4.1398494063179,6.8917805890779),
 .UNSPECIFIED.)
CURVE()
GEOMETRIC_REPRESENTATION_ITEM()
RATIONAL_B_SPLINE_CURVE((1.,1.,1.))
REPRESENTATION_ITEM('')
);
#710=(
BOUNDED_CURVE()
B_SPLINE_CURVE(2,(#1743,#1744,#1745),.UNSPECIFIED.,.F.,.F.)
B_SPLINE_CURVE_WITH_KNOTS((3,3),(0.,1.2840620007835),.UNSPECIFIED.)
CURVE()
GEOMETRIC_REPRESENTATION_ITEM()
RATIONAL_B_SPLINE_CURVE((1.,0.923879496624911,1.))
REPRESENTATION_ITEM('')
);
#711=(
BOUNDED_CURVE()
B_SPLINE_CURVE(2,(#1746,#1747,#1748),.UNSPECIFIED.,.F.,.F.)
B_SPLINE_CURVE_WITH_KNOTS((3,3),(0.,1.9500000000001),.UNSPECIFIED.)
CURVE()
GEOMETRIC_REPRESENTATION_ITEM()
RATIONAL_B_SPLINE_CURVE((1.,1.,1.))
REPRESENTATION_ITEM('')
);
#712=(
BOUNDED_CURVE()
B_SPLINE_CURVE(1,(#1749,#1750,#1751),.UNSPECIFIED.,.F.,.F.)
B_SPLINE_CURVE_WITH_KNOTS((2,1,2),(0.,2.75193118276,6.5867148507204),
 .UNSPECIFIED.)
CURVE()
GEOMETRIC_REPRESENTATION_ITEM()
RATIONAL_B_SPLINE_CURVE((1.,1.,1.))
REPRESENTATION_ITEM('')
);
#713=(
BOUNDED_CURVE()
B_SPLINE_CURVE(2,(#1752,#1753,#1754),.UNSPECIFIED.,.F.,.F.)
B_SPLINE_CURVE_WITH_KNOTS((3,3),(0.,1.95),.UNSPECIFIED.)
CURVE()
GEOMETRIC_REPRESENTATION_ITEM()
RATIONAL_B_SPLINE_CURVE((1.,1.,1.))
REPRESENTATION_ITEM('')
);
#714=(
BOUNDED_CURVE()
B_SPLINE_CURVE(2,(#1755,#1756,#1757),.UNSPECIFIED.,.F.,.F.)
B_SPLINE_CURVE_WITH_KNOTS((3,3),(0.,3.05000000000435),.UNSPECIFIED.)
CURVE()
GEOMETRIC_REPRESENTATION_ITEM()
RATIONAL_B_SPLINE_CURVE((1.,0.707106781185546,1.))
REPRESENTATION_ITEM('')
);
#715=(
BOUNDED_CURVE()
B_SPLINE_CURVE(2,(#1758,#1759,#1760),.UNSPECIFIED.,.F.,.F.)
B_SPLINE_CURVE_WITH_KNOTS((3,3),(0.,0.55294727922813),.UNSPECIFIED.)
CURVE()
GEOMETRIC_REPRESENTATION_ITEM()
RATIONAL_B_SPLINE_CURVE((1.,0.983960526887568,1.))
REPRESENTATION_ITEM('')
);
#716=(
BOUNDED_CURVE()
B_SPLINE_CURVE(5,(#1765,#1766,#1767,#1768,#1769,#1770),.UNSPECIFIED.,.F.,
 .F.)
B_SPLINE_CURVE_WITH_KNOTS((6,6),(0.,2.54300471164366),.UNSPECIFIED.)
CURVE()
GEOMETRIC_REPRESENTATION_ITEM()
RATIONAL_B_SPLINE_CURVE((1.,1.,1.,1.,1.,1.))
REPRESENTATION_ITEM('')
);
#717=(
BOUNDED_CURVE()
B_SPLINE_CURVE(2,(#1771,#1772,#1773),.UNSPECIFIED.,.F.,.F.)
B_SPLINE_CURVE_WITH_KNOTS((3,3),(0.,4.13437977320442),.UNSPECIFIED.)
CURVE()
GEOMETRIC_REPRESENTATION_ITEM()
RATIONAL_B_SPLINE_CURVE((1.,0.749588404655948,1.))
REPRESENTATION_ITEM('')
);
#718=(
BOUNDED_CURVE()
B_SPLINE_CURVE(5,(#1774,#1775,#1776,#1777,#1778,#1779),.UNSPECIFIED.,.F.,
 .F.)
B_SPLINE_CURVE_WITH_KNOTS((6,6),(0.,2.03742648445559),.UNSPECIFIED.)
CURVE()
GEOMETRIC_REPRESENTATION_ITEM()
RATIONAL_B_SPLINE_CURVE((1.,1.,1.,1.,1.,1.))
REPRESENTATION_ITEM('')
);
#719=(
BOUNDED_CURVE()
B_SPLINE_CURVE(2,(#1780,#1781,#1782),.UNSPECIFIED.,.F.,.F.)
B_SPLINE_CURVE_WITH_KNOTS((3,3),(0.,0.707628696736094),.UNSPECIFIED.)
CURVE()
GEOMETRIC_REPRESENTATION_ITEM()
RATIONAL_B_SPLINE_CURVE((1.,1.,1.))
REPRESENTATION_ITEM('')
);
#720=(
BOUNDED_CURVE()
B_SPLINE_CURVE(2,(#1783,#1784,#1785),.UNSPECIFIED.,.F.,.F.)
B_SPLINE_CURVE_WITH_KNOTS((3,3),(0.,1.28406200078344),.UNSPECIFIED.)
CURVE()
GEOMETRIC_REPRESENTATION_ITEM()
RATIONAL_B_SPLINE_CURVE((1.,0.923879496624974,1.))
REPRESENTATION_ITEM('')
);
#721=(
BOUNDED_CURVE()
B_SPLINE_CURVE(1,(#1786,#1787),.UNSPECIFIED.,.F.,.F.)
B_SPLINE_CURVE_WITH_KNOTS((2,2),(0.,2.25),.UNSPECIFIED.)
CURVE()
GEOMETRIC_REPRESENTATION_ITEM()
RATIONAL_B_SPLINE_CURVE((1.,1.))
REPRESENTATION_ITEM('')
);
#722=(
BOUNDED_CURVE()
B_SPLINE_CURVE(1,(#1788,#1789),.UNSPECIFIED.,.F.,.F.)
B_SPLINE_CURVE_WITH_KNOTS((2,2),(0.,2.25),.UNSPECIFIED.)
CURVE()
GEOMETRIC_REPRESENTATION_ITEM()
RATIONAL_B_SPLINE_CURVE((1.,1.))
REPRESENTATION_ITEM('')
);
#723=(
BOUNDED_CURVE()
B_SPLINE_CURVE(1,(#1790,#1791),.UNSPECIFIED.,.F.,.F.)
B_SPLINE_CURVE_WITH_KNOTS((2,2),(-6.00000000000071,0.),.UNSPECIFIED.)
CURVE()
GEOMETRIC_REPRESENTATION_ITEM()
RATIONAL_B_SPLINE_CURVE((1.,1.))
REPRESENTATION_ITEM('')
);
#724=(
BOUNDED_CURVE()
B_SPLINE_CURVE(1,(#1794,#1795),.UNSPECIFIED.,.F.,.F.)
B_SPLINE_CURVE_WITH_KNOTS((2,2),(0.,2.75000000000101),.UNSPECIFIED.)
CURVE()
GEOMETRIC_REPRESENTATION_ITEM()
RATIONAL_B_SPLINE_CURVE((1.,1.))
REPRESENTATION_ITEM('')
);
#725=(
BOUNDED_CURVE()
B_SPLINE_CURVE(1,(#1796,#1797),.UNSPECIFIED.,.F.,.F.)
B_SPLINE_CURVE_WITH_KNOTS((2,2),(-2.75000000000101,0.),.UNSPECIFIED.)
CURVE()
GEOMETRIC_REPRESENTATION_ITEM()
RATIONAL_B_SPLINE_CURVE((1.,1.))
REPRESENTATION_ITEM('')
);
#726=(
BOUNDED_CURVE()
B_SPLINE_CURVE(1,(#1798,#1799),.UNSPECIFIED.,.F.,.F.)
B_SPLINE_CURVE_WITH_KNOTS((2,2),(-2.2500000000001,0.),.UNSPECIFIED.)
CURVE()
GEOMETRIC_REPRESENTATION_ITEM()
RATIONAL_B_SPLINE_CURVE((1.,1.))
REPRESENTATION_ITEM('')
);
#727=(
BOUNDED_CURVE()
B_SPLINE_CURVE(1,(#1800,#1801),.UNSPECIFIED.,.F.,.F.)
B_SPLINE_CURVE_WITH_KNOTS((2,2),(0.,2.2500000000028),.UNSPECIFIED.)
CURVE()
GEOMETRIC_REPRESENTATION_ITEM()
RATIONAL_B_SPLINE_CURVE((1.,1.))
REPRESENTATION_ITEM('')
);
#728=(
BOUNDED_CURVE()
B_SPLINE_CURVE(5,(#1802,#1803,#1804,#1805,#1806,#1807),.UNSPECIFIED.,.F.,
 .F.)
B_SPLINE_CURVE_WITH_KNOTS((6,6),(-1.26152236891455,0.),.UNSPECIFIED.)
CURVE()
GEOMETRIC_REPRESENTATION_ITEM()
RATIONAL_B_SPLINE_CURVE((1.,1.,1.,1.,1.,1.))
REPRESENTATION_ITEM('')
);
#729=(
BOUNDED_CURVE()
B_SPLINE_CURVE(1,(#1808,#1809),.UNSPECIFIED.,.F.,.F.)
B_SPLINE_CURVE_WITH_KNOTS((2,2),(0.,2.75000000000101),.UNSPECIFIED.)
CURVE()
GEOMETRIC_REPRESENTATION_ITEM()
RATIONAL_B_SPLINE_CURVE((1.,1.))
REPRESENTATION_ITEM('')
);
#730=(
BOUNDED_CURVE()
B_SPLINE_CURVE(5,(#1810,#1811,#1812,#1813,#1814,#1815),.UNSPECIFIED.,.F.,
 .F.)
B_SPLINE_CURVE_WITH_KNOTS((6,6),(-1.26152236891455,0.),.UNSPECIFIED.)
CURVE()
GEOMETRIC_REPRESENTATION_ITEM()
RATIONAL_B_SPLINE_CURVE((1.,1.,1.,1.,1.,1.))
REPRESENTATION_ITEM('')
);
#731=(
BOUNDED_CURVE()
B_SPLINE_CURVE(1,(#1816,#1817),.UNSPECIFIED.,.F.,.F.)
B_SPLINE_CURVE_WITH_KNOTS((2,2),(0.,2.25000000000401),.UNSPECIFIED.)
CURVE()
GEOMETRIC_REPRESENTATION_ITEM()
RATIONAL_B_SPLINE_CURVE((1.,1.))
REPRESENTATION_ITEM('')
);
#732=(
BOUNDED_CURVE()
B_SPLINE_CURVE(5,(#1818,#1819,#1820,#1821,#1822,#1823),.UNSPECIFIED.,.F.,
 .F.)
B_SPLINE_CURVE_WITH_KNOTS((6,6),(-1.26152236891455,0.),.UNSPECIFIED.)
CURVE()
GEOMETRIC_REPRESENTATION_ITEM()
RATIONAL_B_SPLINE_CURVE((1.,1.,1.,1.,1.,1.))
REPRESENTATION_ITEM('')
);
#733=(
BOUNDED_CURVE()
B_SPLINE_CURVE(5,(#1824,#1825,#1826,#1827,#1828,#1829),.UNSPECIFIED.,.F.,
 .F.)
B_SPLINE_CURVE_WITH_KNOTS((6,6),(0.,1.26152236891455),.UNSPECIFIED.)
CURVE()
GEOMETRIC_REPRESENTATION_ITEM()
RATIONAL_B_SPLINE_CURVE((1.,1.,1.,1.,1.,1.))
REPRESENTATION_ITEM('')
);
#734=(
BOUNDED_CURVE()
B_SPLINE_CURVE(2,(#1830,#1831,#1832),.UNSPECIFIED.,.F.,.F.)
B_SPLINE_CURVE_WITH_KNOTS((3,3),(-1.28406204335617,0.),.UNSPECIFIED.)
CURVE()
GEOMETRIC_REPRESENTATION_ITEM()
RATIONAL_B_SPLINE_CURVE((1.,0.923879532511348,1.))
REPRESENTATION_ITEM('')
);
#735=(
BOUNDED_CURVE()
B_SPLINE_CURVE(1,(#1833,#1834),.UNSPECIFIED.,.F.,.F.)
B_SPLINE_CURVE_WITH_KNOTS((2,2),(0.,2.75000000000101),.UNSPECIFIED.)
CURVE()
GEOMETRIC_REPRESENTATION_ITEM()
RATIONAL_B_SPLINE_CURVE((1.,1.))
REPRESENTATION_ITEM('')
);
#736=(
BOUNDED_CURVE()
B_SPLINE_CURVE(2,(#1835,#1836,#1837),.UNSPECIFIED.,.F.,.F.)
B_SPLINE_CURVE_WITH_KNOTS((3,3),(-1.28406204335617,0.),.UNSPECIFIED.)
CURVE()
GEOMETRIC_REPRESENTATION_ITEM()
RATIONAL_B_SPLINE_CURVE((1.,0.923879532511348,1.))
REPRESENTATION_ITEM('')
);
#737=(
BOUNDED_CURVE()
B_SPLINE_CURVE(1,(#1838,#1839),.UNSPECIFIED.,.F.,.F.)
B_SPLINE_CURVE_WITH_KNOTS((2,2),(0.,2.2500000000055),.UNSPECIFIED.)
CURVE()
GEOMETRIC_REPRESENTATION_ITEM()
RATIONAL_B_SPLINE_CURVE((1.,1.))
REPRESENTATION_ITEM('')
);
#738=(
BOUNDED_CURVE()
B_SPLINE_CURVE(2,(#1840,#1841,#1842),.UNSPECIFIED.,.F.,.F.)
B_SPLINE_CURVE_WITH_KNOTS((3,3),(-1.28406204335624,0.),.UNSPECIFIED.)
CURVE()
GEOMETRIC_REPRESENTATION_ITEM()
RATIONAL_B_SPLINE_CURVE((1.,0.923879532511295,1.))
REPRESENTATION_ITEM('')
);
#739=(
BOUNDED_CURVE()
B_SPLINE_CURVE(2,(#1843,#1844,#1845),.UNSPECIFIED.,.F.,.F.)
B_SPLINE_CURVE_WITH_KNOTS((3,3),(0.,1.28406204335624),.UNSPECIFIED.)
CURVE()
GEOMETRIC_REPRESENTATION_ITEM()
RATIONAL_B_SPLINE_CURVE((1.,0.923879532511295,1.))
REPRESENTATION_ITEM('')
);
#740=(
BOUNDED_CURVE()
B_SPLINE_CURVE(1,(#1846,#1847),.UNSPECIFIED.,.F.,.F.)
B_SPLINE_CURVE_WITH_KNOTS((2,2),(0.,2.75000000000101),.UNSPECIFIED.)
CURVE()
GEOMETRIC_REPRESENTATION_ITEM()
RATIONAL_B_SPLINE_CURVE((1.,1.))
REPRESENTATION_ITEM('')
);
#741=(
BOUNDED_CURVE()
B_SPLINE_CURVE(1,(#1850,#1851),.UNSPECIFIED.,.F.,.F.)
B_SPLINE_CURVE_WITH_KNOTS((2,2),(0.,2.25000000000651),.UNSPECIFIED.)
CURVE()
GEOMETRIC_REPRESENTATION_ITEM()
RATIONAL_B_SPLINE_CURVE((1.,1.))
REPRESENTATION_ITEM('')
);
#742=(
BOUNDED_CURVE()
B_SPLINE_CURVE(1,(#1852,#1853),.UNSPECIFIED.,.F.,.F.)
B_SPLINE_CURVE_WITH_KNOTS((2,2),(0.,2.2500000000076),.UNSPECIFIED.)
CURVE()
GEOMETRIC_REPRESENTATION_ITEM()
RATIONAL_B_SPLINE_CURVE((1.,1.))
REPRESENTATION_ITEM('')
);
#743=(
BOUNDED_CURVE()
B_SPLINE_CURVE(2,(#1854,#1855,#1856,#1857,#1858),.UNSPECIFIED.,.F.,.F.)
B_SPLINE_CURVE_WITH_KNOTS((3,2,3),(-1.38177880233495,-0.690889401167476,
0.),.UNSPECIFIED.)
CURVE()
GEOMETRIC_REPRESENTATION_ITEM()
RATIONAL_B_SPLINE_CURVE((1.,0.918066465357211,1.,0.918066465357211,1.))
REPRESENTATION_ITEM('')
);
#744=(
BOUNDED_CURVE()
B_SPLINE_CURVE(2,(#1859,#1860,#1861,#1862,#1863),.UNSPECIFIED.,.F.,.F.)
B_SPLINE_CURVE_WITH_KNOTS((3,2,3),(0.,0.69088940116747,1.38177880233495),
 .UNSPECIFIED.)
CURVE()
GEOMETRIC_REPRESENTATION_ITEM()
RATIONAL_B_SPLINE_CURVE((1.,0.918066465357211,1.,0.918066465357211,1.))
REPRESENTATION_ITEM('')
);
#745=(
BOUNDED_CURVE()
B_SPLINE_CURVE(2,(#1864,#1865,#1866,#1867,#1868),.UNSPECIFIED.,.F.,.F.)
B_SPLINE_CURVE_WITH_KNOTS((3,2,3),(-1.38177880233494,-0.690889401167465,
0.),.UNSPECIFIED.)
CURVE()
GEOMETRIC_REPRESENTATION_ITEM()
RATIONAL_B_SPLINE_CURVE((1.,0.918066465357211,1.,0.918066465357211,1.))
REPRESENTATION_ITEM('')
);
#746=(
BOUNDED_CURVE()
B_SPLINE_CURVE(1,(#1869,#1870),.UNSPECIFIED.,.F.,.F.)
B_SPLINE_CURVE_WITH_KNOTS((2,2),(0.,2.75000000000101),.UNSPECIFIED.)
CURVE()
GEOMETRIC_REPRESENTATION_ITEM()
RATIONAL_B_SPLINE_CURVE((1.,1.))
REPRESENTATION_ITEM('')
);
#747=(
BOUNDED_CURVE()
B_SPLINE_CURVE(2,(#1871,#1872,#1873,#1874,#1875),.UNSPECIFIED.,.F.,.F.)
B_SPLINE_CURVE_WITH_KNOTS((3,2,3),(-1.38177880233494,-0.690889401167479,
0.),.UNSPECIFIED.)
CURVE()
GEOMETRIC_REPRESENTATION_ITEM()
RATIONAL_B_SPLINE_CURVE((1.,0.918066465357211,1.,0.918066465357211,1.))
REPRESENTATION_ITEM('')
);
#748=(
BOUNDED_CURVE()
B_SPLINE_CURVE(1,(#1876,#1877),.UNSPECIFIED.,.F.,.F.)
B_SPLINE_CURVE_WITH_KNOTS((2,2),(0.,2.75000000000101),.UNSPECIFIED.)
CURVE()
GEOMETRIC_REPRESENTATION_ITEM()
RATIONAL_B_SPLINE_CURVE((1.,1.))
REPRESENTATION_ITEM('')
);
#749=(
BOUNDED_CURVE()
B_SPLINE_CURVE(1,(#1878,#1879),.UNSPECIFIED.,.F.,.F.)
B_SPLINE_CURVE_WITH_KNOTS((2,2),(0.,2.25),.UNSPECIFIED.)
CURVE()
GEOMETRIC_REPRESENTATION_ITEM()
RATIONAL_B_SPLINE_CURVE((1.,1.))
REPRESENTATION_ITEM('')
);
#750=(
BOUNDED_CURVE()
B_SPLINE_CURVE(1,(#1880,#1881),.UNSPECIFIED.,.F.,.F.)
B_SPLINE_CURVE_WITH_KNOTS((2,2),(-2.75000000000101,0.),.UNSPECIFIED.)
CURVE()
GEOMETRIC_REPRESENTATION_ITEM()
RATIONAL_B_SPLINE_CURVE((1.,1.))
REPRESENTATION_ITEM('')
);
#751=(
BOUNDED_CURVE()
B_SPLINE_CURVE(1,(#1882,#1883),.UNSPECIFIED.,.F.,.F.)
B_SPLINE_CURVE_WITH_KNOTS((2,2),(0.,2.75000000000101),.UNSPECIFIED.)
CURVE()
GEOMETRIC_REPRESENTATION_ITEM()
RATIONAL_B_SPLINE_CURVE((1.,1.))
REPRESENTATION_ITEM('')
);
#752=(
BOUNDED_CURVE()
B_SPLINE_CURVE(1,(#1886,#1887),.UNSPECIFIED.,.F.,.F.)
B_SPLINE_CURVE_WITH_KNOTS((2,2),(0.,6.00000000000071),.UNSPECIFIED.)
CURVE()
GEOMETRIC_REPRESENTATION_ITEM()
RATIONAL_B_SPLINE_CURVE((1.,1.))
REPRESENTATION_ITEM('')
);
#753=(
BOUNDED_CURVE()
B_SPLINE_CURVE(1,(#1890,#1891),.UNSPECIFIED.,.F.,.F.)
B_SPLINE_CURVE_WITH_KNOTS((2,2),(0.,6.00000000000071),.UNSPECIFIED.)
CURVE()
GEOMETRIC_REPRESENTATION_ITEM()
RATIONAL_B_SPLINE_CURVE((1.,1.))
REPRESENTATION_ITEM('')
);
#754=(
BOUNDED_CURVE()
B_SPLINE_CURVE(1,(#1892,#1893),.UNSPECIFIED.,.F.,.F.)
B_SPLINE_CURVE_WITH_KNOTS((2,2),(-6.00000000000071,0.),.UNSPECIFIED.)
CURVE()
GEOMETRIC_REPRESENTATION_ITEM()
RATIONAL_B_SPLINE_CURVE((1.,1.))
REPRESENTATION_ITEM('')
);
#755=(
BOUNDED_CURVE()
B_SPLINE_CURVE(5,(#1907,#1908,#1909,#1910,#1911,#1912),.UNSPECIFIED.,.F.,
 .F.)
B_SPLINE_CURVE_WITH_KNOTS((6,6),(-2.54300471164366,0.),.UNSPECIFIED.)
CURVE()
GEOMETRIC_REPRESENTATION_ITEM()
RATIONAL_B_SPLINE_CURVE((1.,1.,1.,1.,1.,1.))
REPRESENTATION_ITEM('')
);
#756=(
BOUNDED_CURVE()
B_SPLINE_CURVE(2,(#1913,#1914,#1915),.UNSPECIFIED.,.F.,.F.)
B_SPLINE_CURVE_WITH_KNOTS((3,3),(-4.13437977320417,0.),.UNSPECIFIED.)
CURVE()
GEOMETRIC_REPRESENTATION_ITEM()
RATIONAL_B_SPLINE_CURVE((1.,0.749588404655996,1.))
REPRESENTATION_ITEM('')
);
#757=(
BOUNDED_CURVE()
B_SPLINE_CURVE(5,(#1916,#1917,#1918,#1919,#1920,#1921),.UNSPECIFIED.,.F.,
 .F.)
B_SPLINE_CURVE_WITH_KNOTS((6,6),(-2.03742648445559,0.),.UNSPECIFIED.)
CURVE()
GEOMETRIC_REPRESENTATION_ITEM()
RATIONAL_B_SPLINE_CURVE((1.,1.,1.,1.,1.,1.))
REPRESENTATION_ITEM('')
);
#758=(
BOUNDED_CURVE()
B_SPLINE_CURVE(2,(#1922,#1923,#1924),.UNSPECIFIED.,.F.,.F.)
B_SPLINE_CURVE_WITH_KNOTS((3,3),(-1.28406200078342,0.),.UNSPECIFIED.)
CURVE()
GEOMETRIC_REPRESENTATION_ITEM()
RATIONAL_B_SPLINE_CURVE((1.,0.923879496624972,1.))
REPRESENTATION_ITEM('')
);
#759=(
BOUNDED_CURVE()
B_SPLINE_CURVE(5,(#1925,#1926,#1927,#1928,#1929,#1930),.UNSPECIFIED.,.F.,
 .F.)
B_SPLINE_CURVE_WITH_KNOTS((6,6),(-1.39420762180121,0.),.UNSPECIFIED.)
CURVE()
GEOMETRIC_REPRESENTATION_ITEM()
RATIONAL_B_SPLINE_CURVE((1.,1.,1.,1.,1.,1.))
REPRESENTATION_ITEM('')
);
#760=(
BOUNDED_CURVE()
B_SPLINE_CURVE(1,(#2056,#2057),.UNSPECIFIED.,.F.,.F.)
B_SPLINE_CURVE_WITH_KNOTS((2,2),(0.,1.83595934960748),.UNSPECIFIED.)
CURVE()
GEOMETRIC_REPRESENTATION_ITEM()
RATIONAL_B_SPLINE_CURVE((1.,1.))
REPRESENTATION_ITEM('')
);
#761=(
BOUNDED_CURVE()
B_SPLINE_CURVE(1,(#2058,#2059),.UNSPECIFIED.,.F.,.F.)
B_SPLINE_CURVE_WITH_KNOTS((2,2),(-1.83595934960748,0.),.UNSPECIFIED.)
CURVE()
GEOMETRIC_REPRESENTATION_ITEM()
RATIONAL_B_SPLINE_CURVE((1.,1.))
REPRESENTATION_ITEM('')
);
#762=(
BOUNDED_CURVE()
B_SPLINE_CURVE(2,(#2060,#2061,#2062,#2063,#2064),.UNSPECIFIED.,.F.,.F.)
B_SPLINE_CURVE_WITH_KNOTS((3,2,3),(7.56228438718415,11.3434265807782,15.1245687743722),
 .UNSPECIFIED.)
CURVE()
GEOMETRIC_REPRESENTATION_ITEM()
RATIONAL_B_SPLINE_CURVE((1.,0.707106781186461,1.,0.707106781186461,1.))
REPRESENTATION_ITEM('')
);
#763=(
BOUNDED_CURVE()
B_SPLINE_CURVE(2,(#2065,#2066,#2067,#2068,#2069),.UNSPECIFIED.,.F.,.F.)
B_SPLINE_CURVE_WITH_KNOTS((3,2,3),(0.,3.78114219359208,7.56228438718415),
 .UNSPECIFIED.)
CURVE()
GEOMETRIC_REPRESENTATION_ITEM()
RATIONAL_B_SPLINE_CURVE((1.,0.707106781186652,1.,0.707106781186652,1.))
REPRESENTATION_ITEM('')
);
#764=B_SPLINE_CURVE_WITH_KNOTS('',1,(#1424,#1425),.UNSPECIFIED.,.F.,.F.,
(2,2),(0.,1.414143354806),.UNSPECIFIED.);
#765=B_SPLINE_CURVE_WITH_KNOTS('',1,(#1431,#1432),.UNSPECIFIED.,.F.,.F.,
(2,2),(0.,1.414143354806),.UNSPECIFIED.);
#766=B_SPLINE_CURVE_WITH_KNOTS('',1,(#1438,#1439),.UNSPECIFIED.,.F.,.F.,
(2,2),(0.,2.25),.UNSPECIFIED.);
#767=B_SPLINE_CURVE_WITH_KNOTS('',1,(#1445,#1446),.UNSPECIFIED.,.F.,.F.,
(2,2),(0.,2.25),.UNSPECIFIED.);
#768=B_SPLINE_CURVE_WITH_KNOTS('',1,(#1452,#1453),.UNSPECIFIED.,.F.,.F.,
(2,2),(0.,6.891780589078),.UNSPECIFIED.);
#769=B_SPLINE_CURVE_WITH_KNOTS('',1,(#1463,#1464),.UNSPECIFIED.,.F.,.F.,
(2,2),(0.,0.707628696736094),.UNSPECIFIED.);
#770=B_SPLINE_CURVE_WITH_KNOTS('',1,(#1480,#1481),.UNSPECIFIED.,.F.,.F.,
(2,2),(0.,1.00186740840311),.UNSPECIFIED.);
#771=B_SPLINE_CURVE_WITH_KNOTS('',3,(#1510,#1511,#1512,#1513),
 .UNSPECIFIED.,.F.,.F.,(4,4),(0.,0.0476433384441672),.UNSPECIFIED.);
#772=B_SPLINE_CURVE_WITH_KNOTS('',1,(#1514,#1515),.UNSPECIFIED.,.F.,.F.,
(2,2),(0.,5.4614013577183),.UNSPECIFIED.);
#773=B_SPLINE_CURVE_WITH_KNOTS('',1,(#1516,#1517),.UNSPECIFIED.,.F.,.F.,
(2,2),(0.,0.0340837416268938),.UNSPECIFIED.);
#774=B_SPLINE_CURVE_WITH_KNOTS('',1,(#1518,#1519),.UNSPECIFIED.,.F.,.F.,
(2,2),(0.,5.4281134768985),.UNSPECIFIED.);
#775=B_SPLINE_CURVE_WITH_KNOTS('',1,(#1520,#1521),.UNSPECIFIED.,.F.,.F.,
(2,2),(0.,3.4447241273129),.UNSPECIFIED.);
#776=B_SPLINE_CURVE_WITH_KNOTS('',1,(#1522,#1523),.UNSPECIFIED.,.F.,.F.,
(2,2),(0.,0.218019749002135),.UNSPECIFIED.);
#777=B_SPLINE_CURVE_WITH_KNOTS('',1,(#1530,#1531),.UNSPECIFIED.,.F.,.F.,
(2,2),(0.,8.71779925100699),.UNSPECIFIED.);
#778=B_SPLINE_CURVE_WITH_KNOTS('',1,(#1553,#1554,#1555),.UNSPECIFIED.,.F.,
 .F.,(2,1,2),(0.,7.206053699015,7.630040998599),.UNSPECIFIED.);
#779=B_SPLINE_CURVE_WITH_KNOTS('',1,(#1556,#1557),.UNSPECIFIED.,.F.,.F.,
(2,2),(0.,3.8917805890779),.UNSPECIFIED.);
#780=B_SPLINE_CURVE_WITH_KNOTS('',1,(#1558,#1559,#1560),.UNSPECIFIED.,.F.,
 .F.,(2,1,2),(0.,0.423987299583999,20.945084646984),.UNSPECIFIED.);
#781=B_SPLINE_CURVE_WITH_KNOTS('',3,(#1567,#1568,#1569,#1570,#1571,#1572),
 .UNSPECIFIED.,.F.,.F.,(4,2,4),(0.,0.293021759761077,0.631208608957765),
 .UNSPECIFIED.);
#782=B_SPLINE_CURVE_WITH_KNOTS('',1,(#1573,#1574),.UNSPECIFIED.,.F.,.F.,
(2,2),(0.,1.488062405139),.UNSPECIFIED.);
#783=B_SPLINE_CURVE_WITH_KNOTS('',1,(#1575,#1576),.UNSPECIFIED.,.F.,.F.,
(2,2),(0.,1.8917805890779),.UNSPECIFIED.);
#784=B_SPLINE_CURVE_WITH_KNOTS('',1,(#1583,#1584),.UNSPECIFIED.,.F.,.F.,
(2,2),(0.,1.78198025099914),.UNSPECIFIED.);
#785=B_SPLINE_CURVE_WITH_KNOTS('',1,(#1597,#1598),.UNSPECIFIED.,.F.,.F.,
(2,2),(0.,1.891780589078),.UNSPECIFIED.);
#786=B_SPLINE_CURVE_WITH_KNOTS('',1,(#1602,#1603),.UNSPECIFIED.,.F.,.F.,
(2,2),(0.,3.44472412731299),.UNSPECIFIED.);
#787=B_SPLINE_CURVE_WITH_KNOTS('',1,(#1607,#1608),.UNSPECIFIED.,.F.,.F.,
(2,2),(0.,3.8917805890779),.UNSPECIFIED.);
#788=B_SPLINE_CURVE_WITH_KNOTS('',1,(#1612,#1613),.UNSPECIFIED.,.F.,.F.,
(2,2),(0.,5.4281134768985),.UNSPECIFIED.);
#789=B_SPLINE_CURVE_WITH_KNOTS('',3,(#1614,#1615,#1616,#1617,#1618,#1619),
 .UNSPECIFIED.,.F.,.F.,(4,2,4),(0.,0.338186849196992,0.631208608962948),
 .UNSPECIFIED.);
#790=B_SPLINE_CURVE_WITH_KNOTS('',1,(#1736,#1737),.UNSPECIFIED.,.F.,.F.,
(2,2),(0.,0.466515841395903),.UNSPECIFIED.);
#791=B_SPLINE_CURVE_WITH_KNOTS('',1,(#1741,#1742),.UNSPECIFIED.,.F.,.F.,
(2,2),(0.,0.858856054794003),.UNSPECIFIED.);
#792=B_SPLINE_CURVE_WITH_KNOTS('',1,(#1761,#1762),.UNSPECIFIED.,.F.,.F.,
(2,2),(0.,0.858856054794003),.UNSPECIFIED.);
#793=B_SPLINE_CURVE_WITH_KNOTS('',1,(#1763,#1764),.UNSPECIFIED.,.F.,.F.,
(2,2),(0.,0.466515841395903),.UNSPECIFIED.);
#794=B_SPLINE_CURVE_WITH_KNOTS('',1,(#1792,#1793),.UNSPECIFIED.,.F.,.F.,
(2,2),(0.,6.00000000000071),.UNSPECIFIED.);
#795=B_SPLINE_CURVE_WITH_KNOTS('',1,(#1848,#1849),.UNSPECIFIED.,.F.,.F.,
(2,2),(0.,0.707628696736094),.UNSPECIFIED.);
#796=B_SPLINE_CURVE_WITH_KNOTS('',1,(#1884,#1885),.UNSPECIFIED.,.F.,.F.,
(2,2),(0.,6.00000000000071),.UNSPECIFIED.);
#797=B_SPLINE_CURVE_WITH_KNOTS('',1,(#1888,#1889),.UNSPECIFIED.,.F.,.F.,
(2,2),(-6.00000000000071,0.),.UNSPECIFIED.);
#798=B_SPLINE_CURVE_WITH_KNOTS('',3,(#1894,#1895,#1896,#1897),
 .UNSPECIFIED.,.F.,.F.,(4,4),(0.,0.0476433384412683),.UNSPECIFIED.);
#799=B_SPLINE_CURVE_WITH_KNOTS('',1,(#1898,#1899),.UNSPECIFIED.,.F.,.F.,
(2,2),(-0.0340837416258567,0.),.UNSPECIFIED.);
#800=B_SPLINE_CURVE_WITH_KNOTS('',1,(#1900,#1901),.UNSPECIFIED.,.F.,.F.,
(2,2),(0.,5.4614013577183),.UNSPECIFIED.);
#801=B_SPLINE_CURVE_WITH_KNOTS('',2,(#1902,#1903,#1904),.UNSPECIFIED.,.F.,
 .F.,(3,3),(-2.66117517241496,0.),.UNSPECIFIED.);
#802=B_SPLINE_CURVE_WITH_KNOTS('',1,(#1905,#1906),.UNSPECIFIED.,.F.,.F.,
(2,2),(0.,1.00186740840311),.UNSPECIFIED.);
#803=B_SPLINE_CURVE_WITH_KNOTS('',1,(#1931,#1932),.UNSPECIFIED.,.F.,.F.,
(2,2),(0.,6.8917805890779),.UNSPECIFIED.);
#804=B_SPLINE_CURVE_WITH_KNOTS('',2,(#1933,#1934,#1935),.UNSPECIFIED.,.F.,
 .F.,(3,3),(-2.66117531077706,0.),.UNSPECIFIED.);
#805=B_SPLINE_CURVE_WITH_KNOTS('',3,(#1936,#1937,#1938,#1939,#1940,#1941,
#1942,#1943,#1944,#1945,#1946,#1947,#1948,#1949,#1950,#1951,#1952,#1953,
#1954,#1955,#1956,#1957,#1958,#1959,#1960,#1961,#1962,#1963,#1964,#1965,
#1966,#1967),.UNSPECIFIED.,.F.,.F.,(4,3,2,3,2,3,2,3,2,3,2,3,4),(-2.24015491150938,
-1.56528567522757,-1.56528562547917,-1.22556993238867,-1.2255698284807,
-0.884193682576857,-0.884193504253279,-0.533156081959131,-0.53315585243149,
-0.184019753714808,-0.184019511469897,-0.0662254551636076,0.),
 .UNSPECIFIED.);
#806=B_SPLINE_CURVE_WITH_KNOTS('',1,(#1968,#1969),.UNSPECIFIED.,.F.,.F.,
(2,2),(-6.10796944230751,0.),.UNSPECIFIED.);
#807=B_SPLINE_CURVE_WITH_KNOTS('',3,(#1970,#1971,#1972,#1973,#1974,#1975,
#1976,#1977,#1978,#1979,#1980,#1981,#1982,#1983,#1984,#1985,#1986,#1987,
#1988,#1989,#1990,#1991,#1992,#1993,#1994,#1995,#1996,#1997,#1998,#1999,
#2000,#2001),.UNSPECIFIED.,.F.,.F.,(4,3,2,3,2,3,2,3,2,3,2,3,4),(-2.24015493323161,
-2.17392945634598,-2.05613540003962,-2.05613515779482,-1.70699905907783,
-1.70699882955027,-1.35596140725633,-1.35596122893281,-1.01458508302882,
-1.01458497912071,-0.674869286029882,-0.674869236281679,0.),
 .UNSPECIFIED.);
#808=B_SPLINE_CURVE_WITH_KNOTS('',1,(#2002,#2003),.UNSPECIFIED.,.F.,.F.,
(2,2),(-7.5896130188594,0.),.UNSPECIFIED.);
#809=B_SPLINE_CURVE_WITH_KNOTS('',3,(#2004,#2005,#2006,#2007,#2008,#2009,
#2010,#2011,#2012,#2013),.UNSPECIFIED.,.F.,.F.,(4,2,2,2,4),(-2.95436540594131,
-2.21389374211173,-1.47113438052252,-0.733338202555635,0.),
 .UNSPECIFIED.);
#810=B_SPLINE_CURVE_WITH_KNOTS('',1,(#2014,#2015),.UNSPECIFIED.,.F.,.F.,
(2,2),(-2.84705612865901,0.),.UNSPECIFIED.);
#811=B_SPLINE_CURVE_WITH_KNOTS('',3,(#2016,#2017,#2018,#2019,#2020,#2021,
#2022,#2023,#2024,#2025,#2026,#2027,#2028,#2029),.UNSPECIFIED.,.F.,.F.,
(4,2,2,2,2,2,4),(-1.88543495228853,-1.76746845243417,-1.64950525002116,
-1.41340626237407,-0.941291751077084,-0.470745558427899,0.),
 .UNSPECIFIED.);
#812=B_SPLINE_CURVE_WITH_KNOTS('',3,(#2030,#2031,#2032,#2033,#2034,#2035,
#2036,#2037,#2038,#2039,#2040,#2041,#2042,#2043),.UNSPECIFIED.,.F.,.F.,
(4,2,2,2,2,2,4),(-1.88543495229126,-1.41468939356955,-0.94414320061715,
-0.472028688994518,-0.235929701200863,-0.117966499905385,0.),
 .UNSPECIFIED.);
#813=B_SPLINE_CURVE_WITH_KNOTS('',1,(#2044,#2045),.UNSPECIFIED.,.F.,.F.,
(2,2),(-2.3470561286593,0.),.UNSPECIFIED.);
#814=B_SPLINE_CURVE_WITH_KNOTS('',3,(#2046,#2047,#2048,#2049,#2050,#2051,
#2052,#2053,#2054,#2055),.UNSPECIFIED.,.F.,.F.,(4,2,2,2,4),(-2.9543654059411,
-2.22102720338544,-1.48323102541928,-0.740471663830061,0.),
 .UNSPECIFIED.);
#815=VERTEX_POINT('',#1322);
#816=VERTEX_POINT('',#1323);
#817=VERTEX_POINT('',#1324);
#818=VERTEX_POINT('',#1325);
#819=VERTEX_POINT('',#1326);
#820=VERTEX_POINT('',#1327);
#821=VERTEX_POINT('',#1328);
#822=VERTEX_POINT('',#1329);
#823=VERTEX_POINT('',#1330);
#824=VERTEX_POINT('',#1331);
#825=VERTEX_POINT('',#1332);
#826=VERTEX_POINT('',#1333);
#827=VERTEX_POINT('',#1334);
#828=VERTEX_POINT('',#1335);
#829=VERTEX_POINT('',#1336);
#830=VERTEX_POINT('',#1337);
#831=VERTEX_POINT('',#1338);
#832=VERTEX_POINT('',#1339);
#833=VERTEX_POINT('',#1340);
#834=VERTEX_POINT('',#1341);
#835=VERTEX_POINT('',#1342);
#836=VERTEX_POINT('',#1343);
#837=VERTEX_POINT('',#1344);
#838=VERTEX_POINT('',#1345);
#839=VERTEX_POINT('',#1346);
#840=VERTEX_POINT('',#1347);
#841=VERTEX_POINT('',#1348);
#842=VERTEX_POINT('',#1349);
#843=VERTEX_POINT('',#1350);
#844=VERTEX_POINT('',#1351);
#845=VERTEX_POINT('',#1352);
#846=VERTEX_POINT('',#1353);
#847=VERTEX_POINT('',#1354);
#848=VERTEX_POINT('',#1355);
#849=VERTEX_POINT('',#1356);
#850=VERTEX_POINT('',#1357);
#851=VERTEX_POINT('',#1358);
#852=VERTEX_POINT('',#1359);
#853=VERTEX_POINT('',#1360);
#854=VERTEX_POINT('',#1361);
#855=VERTEX_POINT('',#1362);
#856=VERTEX_POINT('',#1363);
#857=VERTEX_POINT('',#1364);
#858=VERTEX_POINT('',#1365);
#859=VERTEX_POINT('',#1366);
#860=VERTEX_POINT('',#1367);
#861=VERTEX_POINT('',#1368);
#862=VERTEX_POINT('',#1369);
#863=VERTEX_POINT('',#1370);
#864=VERTEX_POINT('',#1371);
#865=VERTEX_POINT('',#1372);
#866=VERTEX_POINT('',#1373);
#867=VERTEX_POINT('',#1374);
#868=VERTEX_POINT('',#1375);
#869=VERTEX_POINT('',#1376);
#870=VERTEX_POINT('',#1377);
#871=VERTEX_POINT('',#1378);
#872=VERTEX_POINT('',#1379);
#873=VERTEX_POINT('',#1380);
#874=VERTEX_POINT('',#1381);
#875=VERTEX_POINT('',#1382);
#876=VERTEX_POINT('',#1383);
#877=VERTEX_POINT('',#1384);
#878=VERTEX_POINT('',#1385);
#879=VERTEX_POINT('',#1386);
#880=VERTEX_POINT('',#1387);
#881=VERTEX_POINT('',#1388);
#882=VERTEX_POINT('',#1389);
#883=VERTEX_POINT('',#1390);
#884=VERTEX_POINT('',#1391);
#885=VERTEX_POINT('',#1392);
#886=VERTEX_POINT('',#1393);
#887=VERTEX_POINT('',#1394);
#888=VERTEX_POINT('',#1395);
#889=VERTEX_POINT('',#1396);
#890=VERTEX_POINT('',#1397);
#891=VERTEX_POINT('',#1398);
#892=VERTEX_POINT('',#1399);
#893=VERTEX_POINT('',#1400);
#894=VERTEX_POINT('',#1401);
#895=VERTEX_POINT('',#1402);
#896=VERTEX_POINT('',#1403);
#897=VERTEX_POINT('',#1404);
#898=VERTEX_POINT('',#1405);
#899=VERTEX_POINT('',#1406);
#900=VERTEX_POINT('',#1407);
#901=VERTEX_POINT('',#1408);
#902=VERTEX_POINT('',#1409);
#903=VERTEX_POINT('',#1410);
#904=VERTEX_POINT('',#1411);
#905=VERTEX_POINT('',#1412);
#906=VERTEX_POINT('',#1413);
#907=VERTEX_POINT('',#1414);
#908=VERTEX_POINT('',#1415);
#909=VERTEX_POINT('',#1416);
#910=VERTEX_POINT('',#1417);
#911=VERTEX_POINT('',#1418);
#912=VERTEX_POINT('',#1419);
#913=VERTEX_POINT('',#1420);
#914=VERTEX_POINT('',#1421);
#915=VERTEX_POINT('',#1422);
#916=VERTEX_POINT('',#1423);
#917=B_SPLINE_SURFACE_WITH_KNOTS('',1,2,((#1267,#1268,#1269),(#1270,#1271,
#1272)),.UNSPECIFIED.,.F.,.F.,.F.,(2,2),(3,3),(0.,83.),(-3.09197112358106E-14,
3.01089015493816),.UNSPECIFIED.);
#918=B_SPLINE_SURFACE_WITH_KNOTS('',1,2,((#1274,#1275,#1276),(#1277,#1278,
#1279)),.UNSPECIFIED.,.F.,.F.,.F.,(2,2),(3,3),(0.,83.),(6.83964325890425,
9.85053341384241),.UNSPECIFIED.);
#919=B_SPLINE_SURFACE_WITH_KNOTS('',5,1,((#1280,#1281),(#1282,#1283),(#1284,
#1285),(#1286,#1287),(#1288,#1289),(#1290,#1291)),.UNSPECIFIED.,.F.,.F.,
 .F.,(6,6),(2,2),(-1.0547118733939E-14,2.84309249583677),(-1.51,12.010000000001),
 .UNSPECIFIED.);
#920=B_SPLINE_SURFACE_WITH_KNOTS('',1,3,((#1294,#1295,#1296,#1297),(#1298,
#1299,#1300,#1301)),.UNSPECIFIED.,.F.,.F.,.F.,(2,2),(4,4),(0.,118.),(0.,
3.71752863123378),.UNSPECIFIED.);
#921=(
BOUNDED_SURFACE()
B_SPLINE_SURFACE(1,5,((#1180,#1181,#1182,#1183,#1184,#1185),(#1186,#1187,
#1188,#1189,#1190,#1191)),.UNSPECIFIED.,.F.,.F.,.F.)
B_SPLINE_SURFACE_WITH_KNOTS((2,2),(6,6),(0.,39.),(-1.64679365456666E-7,
0.374574753561838),.UNSPECIFIED.)
GEOMETRIC_REPRESENTATION_ITEM()
RATIONAL_B_SPLINE_SURFACE(((1.,1.,1.,1.,1.,1.),(1.,1.,1.,1.,1.,1.)))
REPRESENTATION_ITEM('')
SURFACE()
);
#922=(
BOUNDED_SURFACE()
B_SPLINE_SURFACE(1,5,((#1210,#1211,#1212,#1213,#1214,#1215,#1216,#1217,
#1218,#1219,#1220,#1221,#1222,#1223,#1224,#1225,#1226,#1227,#1228,#1229,
#1230),(#1231,#1232,#1233,#1234,#1235,#1236,#1237,#1238,#1239,#1240,#1241,
#1242,#1243,#1244,#1245,#1246,#1247,#1248,#1249,#1250,#1251)),
 .UNSPECIFIED.,.F.,.F.,.F.)
B_SPLINE_SURFACE_WITH_KNOTS((2,2),(6,5,5,5,6),(0.,39.),(61.6301759654359,
62.5133616454488,63.7833335428918,65.0533054403348,65.9364911203477),
 .UNSPECIFIED.)
GEOMETRIC_REPRESENTATION_ITEM()
RATIONAL_B_SPLINE_SURFACE(((1.,1.,1.,1.,1.,1.,0.965822934755939,0.948734402133909,
0.948734402133909,0.965822934755939,1.,0.965822934755939,0.948734402133909,
0.948734402133909,0.965822934755939,1.,1.,1.,1.,1.,1.),(1.,1.,1.,1.,1.,
1.,0.965822934755939,0.948734402133909,0.948734402133909,0.965822934755939,
1.,0.965822934755939,0.948734402133909,0.948734402133909,0.965822934755939,
1.,1.,1.,1.,1.,1.)))
REPRESENTATION_ITEM('')
SURFACE()
);
#923=(
BOUNDED_SURFACE()
B_SPLINE_SURFACE(1,5,((#1253,#1254,#1255,#1256,#1257,#1258),(#1259,#1260,
#1261,#1262,#1263,#1264)),.UNSPECIFIED.,.F.,.F.,.F.)
B_SPLINE_SURFACE_WITH_KNOTS((2,2),(6,6),(0.,39.),(74.6542903713547,75.4701054440968),
 .UNSPECIFIED.)
GEOMETRIC_REPRESENTATION_ITEM()
RATIONAL_B_SPLINE_SURFACE(((1.,1.,1.,1.,1.,1.),(1.,1.,1.,1.,1.,1.)))
REPRESENTATION_ITEM('')
SURFACE()
);
#924=(
BOUNDED_SURFACE()
B_SPLINE_SURFACE(1,2,((#1302,#1303,#1304,#1305,#1306),(#1307,#1308,#1309,
#1310,#1311)),.UNSPECIFIED.,.F.,.F.,.F.)
B_SPLINE_SURFACE_WITH_KNOTS((2,2),(3,2,3),(0.,1.83595934960748),(7.56228438718415,
11.3434265807782,15.1245687743722),.UNSPECIFIED.)
GEOMETRIC_REPRESENTATION_ITEM()
RATIONAL_B_SPLINE_SURFACE(((1.,0.707106781186463,1.,0.707106781186463,1.),
(1.,0.707106781186527,1.,0.707106781186527,1.)))
REPRESENTATION_ITEM('')
SURFACE()
);
#925=(
BOUNDED_SURFACE()
B_SPLINE_SURFACE(1,2,((#1312,#1313,#1314,#1315,#1316),(#1317,#1318,#1319,
#1320,#1321)),.UNSPECIFIED.,.F.,.F.,.F.)
B_SPLINE_SURFACE_WITH_KNOTS((2,2),(3,2,3),(0.,1.83595934960748),(0.,3.78114219359207,
7.56228438718415),.UNSPECIFIED.)
GEOMETRIC_REPRESENTATION_ITEM()
RATIONAL_B_SPLINE_SURFACE(((1.,0.707106781186643,1.,0.707106781186643,1.),
(1.,0.707106781186548,1.,0.707106781186548,1.)))
REPRESENTATION_ITEM('')
SURFACE()
);
#926=PLANE('',#1062);
#927=PLANE('',#1065);
#928=PLANE('',#1066);
#929=PLANE('',#1068);
#930=PLANE('',#1069);
#931=PLANE('',#1071);
#932=PLANE('',#1077);
#933=PLANE('',#1078);
#934=PLANE('',#1080);
#935=PLANE('',#1081);
#936=PLANE('',#1082);
#937=PLANE('',#1083);
#938=PLANE('',#1086);
#939=PLANE('',#1087);
#940=PLANE('',#1090);
#941=PLANE('',#1091);
#942=PLANE('',#1094);
#943=PLANE('',#1095);
#944=PLANE('',#1098);
#945=PLANE('',#1099);
#946=PLANE('',#1100);
#947=PLANE('',#1101);
#948=PLANE('',#1102);
#949=PLANE('',#1103);
#950=PLANE('',#1104);
#951=PLANE('',#1105);
#952=CYLINDRICAL_SURFACE('',#1060,0.99999999999998);
#953=CYLINDRICAL_SURFACE('',#1061,0.999999999999979);
#954=CYLINDRICAL_SURFACE('',#1063,0.900000000000031);
#955=CYLINDRICAL_SURFACE('',#1064,0.900000000000006);
#956=CYLINDRICAL_SURFACE('',#1067,3.10000000000002);
#957=CYLINDRICAL_SURFACE('',#1070,3.10000000000016);
#958=CYLINDRICAL_SURFACE('',#1072,1.);
#959=CYLINDRICAL_SURFACE('',#1073,1.);
#960=CYLINDRICAL_SURFACE('',#1074,0.900000000000045);
#961=CYLINDRICAL_SURFACE('',#1075,0.900000000000006);
#962=CYLINDRICAL_SURFACE('',#1076,1.52499999999778);
#963=CYLINDRICAL_SURFACE('',#1079,1.52499999999791);
#964=CYLINDRICAL_SURFACE('',#1084,1.55000000000086);
#965=CYLINDRICAL_SURFACE('',#1085,1.55000000000086);
#966=CYLINDRICAL_SURFACE('',#1088,1.55000000000035);
#967=CYLINDRICAL_SURFACE('',#1089,1.55000000000035);
#968=CYLINDRICAL_SURFACE('',#1092,0.799999999998803);
#969=CYLINDRICAL_SURFACE('',#1093,0.799999999998803);
#970=CYLINDRICAL_SURFACE('',#1096,2.34103586951613);
#971=CYLINDRICAL_SURFACE('',#1097,2.34103586951612);
#972=SHAPE_DEFINITION_REPRESENTATION(#973,#1058);
#973=PRODUCT_DEFINITION_SHAPE('Document','',#975);
#974=PRODUCT_DEFINITION_CONTEXT('3D Mechanical Parts',#1047,'design');
#975=PRODUCT_DEFINITION('A','First version',#1017,#974);
#976=DATE_TIME_ROLE('classification_date');
#977=DATE_TIME_ROLE('creation_date');
#978=APPLIED_DATE_AND_TIME_ASSIGNMENT(#1002,#976,(#981));
#979=APPLIED_DATE_AND_TIME_ASSIGNMENT(#1004,#977,(#975));
#980=SECURITY_CLASSIFICATION_LEVEL('unclassified');
#981=SECURITY_CLASSIFICATION('A','Security for version',#980);
#982=APPLIED_SECURITY_CLASSIFICATION_ASSIGNMENT(#981,(#1017));
#983=APPROVAL_ROLE('Version approval');
#984=APPROVAL_ROLE('Version Security approval');
#985=APPROVAL_ROLE('Definition approval');
#986=APPROVAL_PERSON_ORGANIZATION(#1035,#1011,#983);
#987=APPROVAL_PERSON_ORGANIZATION(#1036,#1012,#984);
#988=APPROVAL_PERSON_ORGANIZATION(#1039,#1013,#985);
#989=COORDINATED_UNIVERSAL_TIME_OFFSET(5,0,.BEHIND.);
#990=LOCAL_TIME(0,0,0.,#989);
#991=LOCAL_TIME(0,0,0.,#989);
#992=LOCAL_TIME(0,0,0.,#989);
#993=LOCAL_TIME(0,0,0.,#989);
#994=LOCAL_TIME(0,0,0.,#989);
#995=CALENDAR_DATE(1999,1,1);
#996=CALENDAR_DATE(1999,1,1);
#997=CALENDAR_DATE(1999,1,1);
#998=CALENDAR_DATE(1999,1,1);
#999=CALENDAR_DATE(1999,1,1);
#1000=DATE_AND_TIME(#995,#990);
#1001=DATE_AND_TIME(#996,#991);
#1002=DATE_AND_TIME(#997,#992);
#1003=DATE_AND_TIME(#998,#993);
#1004=DATE_AND_TIME(#999,#994);
#1005=APPROVAL_DATE_TIME(#1000,#1011);
#1006=APPROVAL_DATE_TIME(#1001,#1012);
#1007=APPROVAL_DATE_TIME(#1003,#1013);
#1008=APPROVAL_STATUS('not_yet_approved');
#1009=APPROVAL_STATUS('not_yet_approved');
#1010=APPROVAL_STATUS('approved');
#1011=APPROVAL(#1008,'Version approval');
#1012=APPROVAL(#1009,'Version Security approval');
#1013=APPROVAL(#1010,'Definition approval');
#1014=APPLIED_APPROVAL_ASSIGNMENT(#1011,(#1017));
#1015=APPLIED_APPROVAL_ASSIGNMENT(#1012,(#981));
#1016=APPLIED_APPROVAL_ASSIGNMENT(#1013,(#975));
#1017=PRODUCT_DEFINITION_FORMATION_WITH_SPECIFIED_SOURCE('A',
'First version',#1049,.MADE.);
#1018=PERSON_AND_ORGANIZATION_ROLE('design_owner');
#1019=PERSON_AND_ORGANIZATION_ROLE('creator');
#1020=PERSON_AND_ORGANIZATION_ROLE('design_supplier');
#1021=PERSON_AND_ORGANIZATION_ROLE('classification_officer');
#1022=PERSON_AND_ORGANIZATION_ROLE('creator');
#1023=ORGANIZATION('STI','lab','lab');
#1024=ORGANIZATION('STI','unknown','unknown');
#1025=ORGANIZATION('STI','unknown','unknown');
#1026=ORGANIZATION('STI','unknown','unknown');
#1027=ORGANIZATION('STI','unknown','unknown');
#1028=ORGANIZATION('STI','unknown','unknown');
#1029=ORGANIZATION('STI','unknown','unknown');
#1030=PERSON('1','Box','vc60',$,$,$);
#1031=PERSON('2','last','first',$,$,$);
#1032=PERSON('3','President','Mr.',$,$,$);
#1033=PERSON_AND_ORGANIZATION(#1030,#1023);
#1034=PERSON_AND_ORGANIZATION(#1031,#1024);
#1035=PERSON_AND_ORGANIZATION(#1032,#1025);
#1036=PERSON_AND_ORGANIZATION(#1032,#1026);
#1037=PERSON_AND_ORGANIZATION(#1032,#1027);
#1038=PERSON_AND_ORGANIZATION(#1031,#1028);
#1039=PERSON_AND_ORGANIZATION(#1032,#1029);
#1040=APPLIED_PERSON_AND_ORGANIZATION_ASSIGNMENT(#1033,#1018,(#1049));
#1041=APPLIED_PERSON_AND_ORGANIZATION_ASSIGNMENT(#1034,#1019,(#1017));
#1042=APPLIED_PERSON_AND_ORGANIZATION_ASSIGNMENT(#1034,#1020,(#1017));
#1043=APPLIED_PERSON_AND_ORGANIZATION_ASSIGNMENT(#1037,#1021,(#981));
#1044=APPLIED_PERSON_AND_ORGANIZATION_ASSIGNMENT(#1038,#1022,(#975));
#1045=PRODUCT_RELATED_PRODUCT_CATEGORY('detail','detail',(#1049));
#1046=APPLICATION_PROTOCOL_DEFINITION('International Standard',
'config_control_design',1994,#1047);
#1047=APPLICATION_CONTEXT(
'configuration controlled 3d designs of mechanical parts and assemblie
s');
#1048=PRODUCT_CONTEXT('3D Mechanical Parts',#1047,'mechanical');
#1049=PRODUCT('Document','Document','',(#1048));
#1050=(
LENGTH_UNIT()
NAMED_UNIT(*)
SI_UNIT(.MILLI.,.METRE.)
);
#1051=(
NAMED_UNIT(*)
PLANE_ANGLE_UNIT()
SI_UNIT($,.RADIAN.)
);
#1052=DIMENSIONAL_EXPONENTS(0.,0.,0.,0.,0.,0.,0.);
#1053=PLANE_ANGLE_MEASURE_WITH_UNIT(PLANE_ANGLE_MEASURE(0.01745329252),
#1051);
#1054=(
CONVERSION_BASED_UNIT('DEGREES',#1053)
NAMED_UNIT(#1052)
PLANE_ANGLE_UNIT()
);
#1055=(
NAMED_UNIT(*)
SI_UNIT($,.STERADIAN.)
SOLID_ANGLE_UNIT()
);
#1056=UNCERTAINTY_MEASURE_WITH_UNIT(LENGTH_MEASURE(0.001),#1050,
'DISTANCE_ACCURACY_VALUE',
'Maximum model space distance between geometric entities at asserted c
onnectivities');
#1057=(
GEOMETRIC_REPRESENTATION_CONTEXT(3)
GLOBAL_UNCERTAINTY_ASSIGNED_CONTEXT((#1056))
GLOBAL_UNIT_ASSIGNED_CONTEXT((#1055,#1054,#1050))
REPRESENTATION_CONTEXT('ID1','3D')
);
#1058=SHAPE_REPRESENTATION('Document',(#1059,#1106),#1057);
#1059=AXIS2_PLACEMENT_3D('',#1157,#1107,#1108);
#1060=AXIS2_PLACEMENT_3D('',#1158,#1109,$);
#1061=AXIS2_PLACEMENT_3D('',#1159,#1110,$);
#1062=AXIS2_PLACEMENT_3D('',#1160,#1111,$);
#1063=AXIS2_PLACEMENT_3D('',#1161,#1112,$);
#1064=AXIS2_PLACEMENT_3D('',#1162,#1113,$);
#1065=AXIS2_PLACEMENT_3D('',#1163,#1114,$);
#1066=AXIS2_PLACEMENT_3D('',#1164,#1115,$);
#1067=AXIS2_PLACEMENT_3D('',#1165,#1116,$);
#1068=AXIS2_PLACEMENT_3D('',#1166,#1117,$);
#1069=AXIS2_PLACEMENT_3D('',#1167,#1118,$);
#1070=AXIS2_PLACEMENT_3D('',#1168,#1119,$);
#1071=AXIS2_PLACEMENT_3D('',#1169,#1120,$);
#1072=AXIS2_PLACEMENT_3D('',#1170,#1121,$);
#1073=AXIS2_PLACEMENT_3D('',#1171,#1122,$);
#1074=AXIS2_PLACEMENT_3D('',#1172,#1123,$);
#1075=AXIS2_PLACEMENT_3D('',#1173,#1124,$);
#1076=AXIS2_PLACEMENT_3D('',#1174,#1125,$);
#1077=AXIS2_PLACEMENT_3D('',#1175,#1126,$);
#1078=AXIS2_PLACEMENT_3D('',#1176,#1127,$);
#1079=AXIS2_PLACEMENT_3D('',#1177,#1128,$);
#1080=AXIS2_PLACEMENT_3D('',#1178,#1129,$);
#1081=AXIS2_PLACEMENT_3D('',#1179,#1130,$);
#1082=AXIS2_PLACEMENT_3D('',#1192,#1131,$);
#1083=AXIS2_PLACEMENT_3D('',#1193,#1132,$);
#1084=AXIS2_PLACEMENT_3D('',#1194,#1133,$);
#1085=AXIS2_PLACEMENT_3D('',#1195,#1134,$);
#1086=AXIS2_PLACEMENT_3D('',#1196,#1135,$);
#1087=AXIS2_PLACEMENT_3D('',#1197,#1136,$);
#1088=AXIS2_PLACEMENT_3D('',#1198,#1137,$);
#1089=AXIS2_PLACEMENT_3D('',#1199,#1138,$);
#1090=AXIS2_PLACEMENT_3D('',#1200,#1139,$);
#1091=AXIS2_PLACEMENT_3D('',#1201,#1140,$);
#1092=AXIS2_PLACEMENT_3D('',#1202,#1141,$);
#1093=AXIS2_PLACEMENT_3D('',#1203,#1142,$);
#1094=AXIS2_PLACEMENT_3D('',#1204,#1143,$);
#1095=AXIS2_PLACEMENT_3D('',#1205,#1144,$);
#1096=AXIS2_PLACEMENT_3D('',#1206,#1145,$);
#1097=AXIS2_PLACEMENT_3D('',#1207,#1146,$);
#1098=AXIS2_PLACEMENT_3D('',#1208,#1147,$);
#1099=AXIS2_PLACEMENT_3D('',#1209,#1148,$);
#1100=AXIS2_PLACEMENT_3D('',#1252,#1149,$);
#1101=AXIS2_PLACEMENT_3D('',#1265,#1150,$);
#1102=AXIS2_PLACEMENT_3D('',#1266,#1151,$);
#1103=AXIS2_PLACEMENT_3D('',#1273,#1152,$);
#1104=AXIS2_PLACEMENT_3D('',#1292,#1153,$);
#1105=AXIS2_PLACEMENT_3D('',#1293,#1154,$);
#1106=AXIS2_PLACEMENT_3D('',#2070,#1155,#1156);
#1107=DIRECTION('',(0.,0.,1.));
#1108=DIRECTION('',(1.,0.,0.));
#1109=DIRECTION('',(5.6843418860808E-14,0.,-1.));
#1110=DIRECTION('',(0.,0.,-1.));
#1111=DIRECTION('',(0.,0.,1.));
#1112=DIRECTION('',(-1.,0.,0.));
#1113=DIRECTION('',(-1.,0.,0.));
#1114=DIRECTION('',(0.,-0.744709458601818,-0.667388808918));
#1115=DIRECTION('',(0.,0.,-1.));
#1116=DIRECTION('',(-1.,9.67254949970195E-13,2.20497455419745E-12));
#1117=DIRECTION('',(0.,0.,-1.));
#1118=DIRECTION('',(0.,0.,1.));
#1119=DIRECTION('',(1.,-9.71839096652472E-13,2.21872699424433E-12));
#1120=DIRECTION('',(0.,0.,1.));
#1121=DIRECTION('',(5.6843418860808E-14,0.,-1.));
#1122=DIRECTION('',(-2.84217094304042E-14,-2.01948391736582E-28,-1.));
#1123=DIRECTION('',(-1.,0.,0.));
#1124=DIRECTION('',(-1.,0.,0.));
#1125=DIRECTION('',(1.,0.,0.));
#1126=DIRECTION('',(0.,0.,1.));
#1127=DIRECTION('',(0.,1.,0.));
#1128=DIRECTION('',(1.,-1.86371865117659E-14,1.73672360537174E-28));
#1129=DIRECTION('',(0.,0.,-1.));
#1130=DIRECTION('',(-0.998044315329148,0.0625103562553626,-9.71606115091146E-17));
#1131=DIRECTION('',(0.,-1.,0.));
#1132=DIRECTION('',(1.,0.,0.));
#1133=DIRECTION('',(0.,0.,1.));
#1134=DIRECTION('',(0.,0.,1.));
#1135=DIRECTION('',(0.707106781186561,0.707106781186534,-1.09906472107862E-15));
#1136=DIRECTION('',(0.707106781186561,0.707106781186534,-1.256073966947E-15));
#1137=DIRECTION('',(1.45787405585003E-28,-1.37524400469665E-14,-1.));
#1138=DIRECTION('',(0.,0.,-1.));
#1139=DIRECTION('',(1.,0.,0.));
#1140=DIRECTION('',(1.,0.,0.));
#1141=DIRECTION('',(0.,0.,1.));
#1142=DIRECTION('',(0.,0.,1.));
#1143=DIRECTION('',(-0.0596527712988298,0.998219187792125,-2.10566725922794E-15));
#1144=DIRECTION('',(-0.0596527712988294,0.998219187792125,-1.77319348145511E-15));
#1145=DIRECTION('',(1.51758190682264E-14,-1.51758190682263E-14,1.));
#1146=DIRECTION('',(2.73164743228077E-14,-1.51758190682264E-14,1.));
#1147=DIRECTION('',(-0.998044315329148,0.0625103562553627,-9.71606115091148E-17));
#1148=DIRECTION('',(-1.,0.,0.));
#1149=DIRECTION('',(-1.,0.,0.));
#1150=DIRECTION('',(-0.707106781186531,-0.707106781186564,1.25607396694705E-15));
#1151=DIRECTION('',(-1.88129281156054E-15,-0.744709458601912,0.667388808917896));
#1152=DIRECTION('',(0.,0.,-1.));
#1153=DIRECTION('',(-1.,0.,0.));
#1154=DIRECTION('',(-1.,0.,0.));
#1155=DIRECTION('',(0.,0.,1.));
#1156=DIRECTION('',(1.,0.,0.));
#1157=CARTESIAN_POINT('',(0.,0.,0.));
#1158=CARTESIAN_POINT('',(69.402355399387,-7.91006886866547,44.9751232711842));
#1159=CARTESIAN_POINT('',(69.402355399387,-7.91006886866558,38.1430515937815));
#1160=CARTESIAN_POINT('',(66.2011773224171,-12.0624757179645,47.0180515937822));
#1161=CARTESIAN_POINT('',(71.8482456939259,-18.4100688303486,42.0180515937812));
#1162=CARTESIAN_POINT('',(71.8482456939259,-32.4100688303486,42.0180515937812));
#1163=CARTESIAN_POINT('',(67.7745944949748,-14.126499479913,38.4489400603005));
#1164=CARTESIAN_POINT('',(74.1953140473727,-39.072674894167,39.0180515937806));
#1165=CARTESIAN_POINT('',(71.0800792500095,-16.021081782485,35.9180515937793));
#1166=CARTESIAN_POINT('',(74.1506084011962,-38.6150350751215,39.0180515937816));
#1167=CARTESIAN_POINT('',(69.9929394484207,-38.6150350751215,45.0180515937823));
#1168=CARTESIAN_POINT('',(71.0800792500096,-16.0210817824868,48.1180515937836));
#1169=CARTESIAN_POINT('',(69.5011773404792,-39.0726748941669,45.0180515937793));
#1170=CARTESIAN_POINT('',(69.402355399387,-7.91006886866546,44.9751232711842));
#1171=CARTESIAN_POINT('',(69.402355399387,-7.91006886866558,38.1430515937815));
#1172=CARTESIAN_POINT('',(71.8482456939259,-18.4100688303487,42.0180515937811));
#1173=CARTESIAN_POINT('',(71.8482456939259,-32.4100688303486,42.0180515937812));
#1174=CARTESIAN_POINT('',(70.348245693926,-10.9146161063746,42.7430515937837));
#1175=CARTESIAN_POINT('',(66.2011773224171,-11.4735889942566,39.2680515937816));
#1176=CARTESIAN_POINT('',(66.5367496526725,-12.4396161063726,40.5860515937816));
#1177=CARTESIAN_POINT('',(70.3482456939259,-10.9146161063747,40.7930515937795));
#1178=CARTESIAN_POINT('',(74.4953142460556,-11.4735889942566,44.2680515937812));
#1179=CARTESIAN_POINT('',(67.0780117306103,-7.6435639773263,36.7810515937815));
#1180=CARTESIAN_POINT('',(71.6094623009879,-38.2262166284766,55.0180513462333));
#1181=CARTESIAN_POINT('',(71.6642403200506,-38.2809946475394,55.0180513462333));
#1182=CARTESIAN_POINT('',(71.7190183358423,-38.3357726744993,55.0180513462333));
#1183=CARTESIAN_POINT('',(71.7762764806696,-38.3845631403037,55.0180513462333));
#1184=CARTESIAN_POINT('',(71.8373352775511,-38.4241780203749,55.0180513462333));
#1185=CARTESIAN_POINT('',(71.9023556402149,-38.4542288346076,55.0180513462333));
#1186=CARTESIAN_POINT('',(71.6094623009879,-38.2262166284767,16.0180513462329));
#1187=CARTESIAN_POINT('',(71.6642403200506,-38.2809946475394,16.0180513462329));
#1188=CARTESIAN_POINT('',(71.7190183358423,-38.3357726744994,16.0180513462329));
#1189=CARTESIAN_POINT('',(71.7762764806696,-38.3845631403038,16.0180513462329));
#1190=CARTESIAN_POINT('',(71.8373352775511,-38.424178020375,16.0180513462329));
#1191=CARTESIAN_POINT('',(71.9023556402149,-38.4542288346076,16.0180513462329));
#1192=CARTESIAN_POINT('',(71.7011773404792,-38.4542288346076,45.6300515937824));
#1193=CARTESIAN_POINT('',(73.7941362292928,-41.3060757129105,36.0060515937799));
#1194=CARTESIAN_POINT('',(72.2441362292919,-10.0557600515789,45.6430515937817));
#1195=CARTESIAN_POINT('',(72.2441362292919,-10.0557600515789,38.1430515937829));
#1196=CARTESIAN_POINT('',(73.4413548423,-9.06094764290737,43.9810515937811));
#1197=CARTESIAN_POINT('',(73.4413548423,-9.06094764290739,36.7810515937811));
#1198=CARTESIAN_POINT('',(73.5441362292939,-6.97169800822257,45.6430515937817));
#1199=CARTESIAN_POINT('',(73.5441362292939,-6.97169800822257,38.1430515937842));
#1200=CARTESIAN_POINT('',(71.9941362292936,-7.65446087789628,43.9810515937811));
#1201=CARTESIAN_POINT('',(71.9941362292936,-7.65446087789629,36.7810515937809));
#1202=CARTESIAN_POINT('',(71.1941362292948,-6.26406931148597,38.1430515937853));
#1203=CARTESIAN_POINT('',(71.1941362292948,-6.26406931148595,45.6430515937817));
#1204=CARTESIAN_POINT('',(68.8965641236514,-5.59994317090899,47.3050515937823));
#1205=CARTESIAN_POINT('',(68.8965641236514,-5.599943170909,39.5050515937899));
#1206=CARTESIAN_POINT('',(69.4023556402149,-7.91006886866682,38.1430515937813));
#1207=CARTESIAN_POINT('',(69.4023556402151,-7.91006886866696,45.6430515937817));
#1208=CARTESIAN_POINT('',(67.0780117306103,-7.64356397732629,43.9810515937811));
#1209=CARTESIAN_POINT('',(69.9023556402149,-14.6124634352751,38.341269928397));
#1210=CARTESIAN_POINT('',(69.9023556402149,-23.6511227810836,55.0180513462332));
#1211=CARTESIAN_POINT('',(69.9023556402149,-23.8280198470806,55.0180513462332));
#1212=CARTESIAN_POINT('',(69.9023556402149,-24.0049169130776,55.0180513462332));
#1213=CARTESIAN_POINT('',(69.9505317315142,-24.1718518252636,55.0180513462332));
#1214=CARTESIAN_POINT('',(70.0986574932641,-24.2718979904355,55.0180513462332));
#1215=CARTESIAN_POINT('',(70.2295253952968,-24.3909196866755,55.0180513462332));
#1216=CARTESIAN_POINT('',(70.4185056404144,-24.5627933774765,55.0180513462332));
#1217=CARTESIAN_POINT('',(70.5706910253694,-24.772289178468,55.0180513462332));
#1218=CARTESIAN_POINT('',(70.675869856321,-25.0101197617146,55.0180513462332));
#1219=CARTESIAN_POINT('',(70.7284592717968,-25.263661149671,55.0180513462332));
#1220=CARTESIAN_POINT('',(70.7284592717968,-25.5191099677035,55.0180513462332));
#1221=CARTESIAN_POINT('',(70.7284592717968,-25.7745587857361,55.0180513462332));
#1222=CARTESIAN_POINT('',(70.675869856321,-26.0281001736926,55.0180513462332));
#1223=CARTESIAN_POINT('',(70.5706910253694,-26.2659307569392,55.0180513462332));
#1224=CARTESIAN_POINT('',(70.4185056404144,-26.4754265579306,55.0180513462332));
#1225=CARTESIAN_POINT('',(70.2295253952968,-26.6473002487315,55.0180513462332));
#1226=CARTESIAN_POINT('',(70.0986574932641,-26.7663219449715,55.0180513462332));
#1227=CARTESIAN_POINT('',(69.9505317315142,-26.8663681101436,55.0180513462332));
#1228=CARTESIAN_POINT('',(69.9023556402149,-27.0333030223296,55.0180513462332));
#1229=CARTESIAN_POINT('',(69.9023556402149,-27.2102000883266,55.0180513462332));
#1230=CARTESIAN_POINT('',(69.9023556402149,-27.3870971543236,55.0180513462332));
#1231=CARTESIAN_POINT('',(69.9023556402149,-23.6511227810836,16.0180513462328));
#1232=CARTESIAN_POINT('',(69.9023556402149,-23.8280198470806,16.0180513462328));
#1233=CARTESIAN_POINT('',(69.9023556402149,-24.0049169130776,16.0180513462328));
#1234=CARTESIAN_POINT('',(69.9505317315142,-24.1718518252636,16.0180513462328));
#1235=CARTESIAN_POINT('',(70.0986574932641,-24.2718979904356,16.0180513462328));
#1236=CARTESIAN_POINT('',(70.2295253952968,-24.3909196866756,16.0180513462328));
#1237=CARTESIAN_POINT('',(70.4185056404144,-24.5627933774765,16.0180513462328));
#1238=CARTESIAN_POINT('',(70.5706910253694,-24.772289178468,16.0180513462328));
#1239=CARTESIAN_POINT('',(70.675869856321,-25.0101197617146,16.0180513462328));
#1240=CARTESIAN_POINT('',(70.7284592717968,-25.263661149671,16.0180513462328));
#1241=CARTESIAN_POINT('',(70.7284592717968,-25.5191099677036,16.0180513462328));
#1242=CARTESIAN_POINT('',(70.7284592717968,-25.7745587857361,16.0180513462328));
#1243=CARTESIAN_POINT('',(70.675869856321,-26.0281001736926,16.0180513462328));
#1244=CARTESIAN_POINT('',(70.5706910253694,-26.2659307569392,16.0180513462328));
#1245=CARTESIAN_POINT('',(70.4185056404144,-26.4754265579307,16.0180513462328));
#1246=CARTESIAN_POINT('',(70.2295253952968,-26.6473002487316,16.0180513462328));
#1247=CARTESIAN_POINT('',(70.0986574932641,-26.7663219449716,16.0180513462328));
#1248=CARTESIAN_POINT('',(69.9505317315142,-26.8663681101436,16.0180513462328));
#1249=CARTESIAN_POINT('',(69.9023556402149,-27.0333030223296,16.0180513462328));
#1250=CARTESIAN_POINT('',(69.9023556402149,-27.2102000883266,16.0180513462328));
#1251=CARTESIAN_POINT('',(69.9023556402149,-27.3870971543236,16.0180513462328));
#1252=CARTESIAN_POINT('',(69.9023556402149,-26.5033172292229,38.4060515937815));
#1253=CARTESIAN_POINT('',(69.9023556402149,-36.1048964053305,55.0180513462333));
#1254=CARTESIAN_POINT('',(69.9023556402149,-36.2705818302796,55.0180513462333));
#1255=CARTESIAN_POINT('',(69.9023556402149,-36.4362672552286,55.0180513462333));
#1256=CARTESIAN_POINT('',(69.9609342839779,-36.5776886114666,55.0180513462333));
#1257=CARTESIAN_POINT('',(70.0780915715028,-36.6948458989915,55.0180513462333));
#1258=CARTESIAN_POINT('',(70.1952488590278,-36.8120031865166,55.0180513462333));
#1259=CARTESIAN_POINT('',(69.9023556402149,-36.1048964053306,16.0180513462329));
#1260=CARTESIAN_POINT('',(69.9023556402149,-36.2705818302796,16.0180513462329));
#1261=CARTESIAN_POINT('',(69.9023556402149,-36.4362672552286,16.0180513462329));
#1262=CARTESIAN_POINT('',(69.9609342839779,-36.5776886114666,16.0180513462329));
#1263=CARTESIAN_POINT('',(70.0780915715028,-36.6948458989916,16.0180513462329));
#1264=CARTESIAN_POINT('',(70.1952488590278,-36.8120031865166,16.0180513462329));
#1265=CARTESIAN_POINT('',(71.7628836572253,-38.379637984714,45.6300515937824));
#1266=CARTESIAN_POINT('',(67.7745944949748,-13.2757183339988,46.5365119297844));
#1267=CARTESIAN_POINT('',(36.9761908398639,-13.6897353530921,46.0745287709102));
#1268=CARTESIAN_POINT('',(36.9761908398639,-12.8441752951806,47.0180515937822));
#1269=CARTESIAN_POINT('',(36.9761908398639,-11.4499676733797,47.0180515937822));
#1270=CARTESIAN_POINT('',(119.976190839864,-13.6897353530921,46.0745287709102));
#1271=CARTESIAN_POINT('',(119.976190839864,-12.8441752951806,47.0180515937822));
#1272=CARTESIAN_POINT('',(119.976190839864,-11.4499676733797,47.0180515937822));
#1273=CARTESIAN_POINT('',(74.4953142460556,-12.0624757179645,37.0180515937815));
#1274=CARTESIAN_POINT('',(36.9761908398639,-11.4499676733798,37.0180515937803));
#1275=CARTESIAN_POINT('',(36.9761908398639,-12.8441752951806,37.0180515937803));
#1276=CARTESIAN_POINT('',(36.9761908398639,-13.6897353530921,37.9615744166517));
#1277=CARTESIAN_POINT('',(119.976190839864,-11.4499676733798,37.0180515937803));
#1278=CARTESIAN_POINT('',(119.976190839864,-12.8441752951806,37.0180515937803));
#1279=CARTESIAN_POINT('',(119.976190839864,-13.6897353530921,37.9615744166517));
#1280=CARTESIAN_POINT('',(68.392355399387,-13.9350688303486,35.0080515937815));
#1281=CARTESIAN_POINT('',(68.392355399387,-13.9350688303486,48.5280515937822));
#1282=CARTESIAN_POINT('',(68.996355399387,-13.9350688303487,35.0080515937815));
#1283=CARTESIAN_POINT('',(68.996355399387,-13.9350688303487,48.5280515937822));
#1284=CARTESIAN_POINT('',(69.600355399387,-13.9350688303486,35.0080515937815));
#1285=CARTESIAN_POINT('',(69.600355399387,-13.9350688303486,48.5280515937822));
#1286=CARTESIAN_POINT('',(69.902355399387,-14.2370688303486,35.0080515937815));
#1287=CARTESIAN_POINT('',(69.902355399387,-14.2370688303486,48.5280515937822));
#1288=CARTESIAN_POINT('',(69.902355399387,-14.8410688303487,35.0080515937815));
#1289=CARTESIAN_POINT('',(69.902355399387,-14.8410688303486,48.5280515937822));
#1290=CARTESIAN_POINT('',(69.902355399387,-15.4450688303487,35.0080515937815));
#1291=CARTESIAN_POINT('',(69.902355399387,-15.4450688303486,48.5280515937822));
#1292=CARTESIAN_POINT('',(66.9023556402149,-10.3359135241363,43.8742898522573));
#1293=CARTESIAN_POINT('',(66.9023556402149,-10.3359135241364,36.7713459809144));
#1294=CARTESIAN_POINT('',(68.9545925558931,-13.954565444015,-56.3396028475358));
#1295=CARTESIAN_POINT('',(68.302355399387,-13.9350688303487,-56.3396028475358));
#1296=CARTESIAN_POINT('',(66.902355399387,-12.5350688303487,-56.3396028475358));
#1297=CARTESIAN_POINT('',(66.902355399387,-11.4499676733799,-56.3396028475358));
#1298=CARTESIAN_POINT('',(68.9545925558931,-13.9545654440148,61.6603971524642));
#1299=CARTESIAN_POINT('',(68.302355399387,-13.9350688303485,61.6603971524642));
#1300=CARTESIAN_POINT('',(66.902355399387,-12.5350688303485,61.6603971524643));
#1301=CARTESIAN_POINT('',(66.902355399387,-11.4499676733797,61.6603971524642));
#1302=CARTESIAN_POINT('',(67.4304942394122,-7.91006886866555,47.0180515937822));
#1303=CARTESIAN_POINT('',(67.4304942394117,-5.93820770869027,47.0180515937822));
#1304=CARTESIAN_POINT('',(69.402355399387,-5.93820770869027,47.0180515937822));
#1305=CARTESIAN_POINT('',(71.3742165593623,-5.93820770869027,47.0180515937822));
#1306=CARTESIAN_POINT('',(71.3742165593618,-7.91006886866555,47.0180515937822));
#1307=CARTESIAN_POINT('',(68.402355399387,-7.91006886866546,45.6821949485872));
#1308=CARTESIAN_POINT('',(68.402355399387,-6.91006886866555,45.6821949485872));
#1309=CARTESIAN_POINT('',(69.402355399387,-6.91006886866546,45.6821949485872));
#1310=CARTESIAN_POINT('',(70.4023553993871,-6.91006886866545,45.6821949485872));
#1311=CARTESIAN_POINT('',(70.402355399387,-7.91006886866546,45.6821949485872));
#1312=CARTESIAN_POINT('',(71.3742165593618,-7.91006886866555,47.0180515937822));
#1313=CARTESIAN_POINT('',(71.3742165593613,-9.88193002863977,47.0180515937822));
#1314=CARTESIAN_POINT('',(69.402355399387,-9.88193002863977,47.0180515937822));
#1315=CARTESIAN_POINT('',(67.4304942394127,-9.88193002863977,47.0180515937822));
#1316=CARTESIAN_POINT('',(67.4304942394122,-7.91006886866555,47.0180515937822));
#1317=CARTESIAN_POINT('',(70.402355399387,-7.91006886866546,45.6821949485872));
#1318=CARTESIAN_POINT('',(70.402355399387,-8.91006886866555,45.6821949485872));
#1319=CARTESIAN_POINT('',(69.402355399387,-8.91006886866546,45.6821949485872));
#1320=CARTESIAN_POINT('',(68.402355399387,-8.91006886866555,45.6821949485872));
#1321=CARTESIAN_POINT('',(68.402355399387,-7.91006886866546,45.6821949485872));
#1322=CARTESIAN_POINT('',(68.402355399387,-7.91006886866546,45.6821949485872));
#1323=CARTESIAN_POINT('',(68.402355399387,-7.91006886866548,44.2680515937812));
#1324=CARTESIAN_POINT('',(70.402355399387,-7.91006886866548,44.2680515937812));
#1325=CARTESIAN_POINT('',(70.402355399387,-7.91006886866546,45.6821949485872));
#1326=CARTESIAN_POINT('',(68.402355399387,-7.91006886866549,39.2680515937815));
#1327=CARTESIAN_POINT('',(68.402355399387,-7.91006886866549,37.0180515937815));
#1328=CARTESIAN_POINT('',(70.402355399387,-7.91006886866549,37.0180515937815));
#1329=CARTESIAN_POINT('',(70.402355399387,-7.91006886866549,39.2680515937815));
#1330=CARTESIAN_POINT('',(66.902355399387,-11.4499676733798,47.0180515937822));
#1331=CARTESIAN_POINT('',(73.794135988465,-11.4499676733798,47.0180515937822));
#1332=CARTESIAN_POINT('',(73.794135988465,-10.0557600515789,47.0180515937822));
#1333=CARTESIAN_POINT('',(73.3401517401322,-8.95974454073956,47.0180515937822));
#1334=CARTESIAN_POINT('',(72.4481207184542,-8.06771351906156,47.0180515937822));
#1335=CARTESIAN_POINT('',(71.9941362292936,-6.97169800822266,47.0180515937822));
#1336=CARTESIAN_POINT('',(71.9941362292936,-6.26406931148655,47.0180515937822));
#1337=CARTESIAN_POINT('',(71.1464140122543,-5.46549396125359,47.0180515937822));
#1338=CARTESIAN_POINT('',(69.112615800898,-5.58703208302857,47.0180515937822));
#1339=CARTESIAN_POINT('',(67.0613195298709,-7.91006886866546,47.0180515937822));
#1340=CARTESIAN_POINT('',(66.902355399387,-10.4481002649767,47.0180515937822));
#1341=CARTESIAN_POINT('',(71.3742165593618,-7.91006886866555,47.0180515937822));
#1342=CARTESIAN_POINT('',(67.4304942394122,-7.91006886866555,47.0180515937822));
#1343=CARTESIAN_POINT('',(73.7941359884649,-18.4100688303486,42.9180515937811));
#1344=CARTESIAN_POINT('',(69.902355399387,-18.4100688303486,42.9180515937811));
#1345=CARTESIAN_POINT('',(69.902355399387,-18.4100688303486,41.1180515937811));
#1346=CARTESIAN_POINT('',(73.7941359884649,-18.4100688303486,41.1180515937811));
#1347=CARTESIAN_POINT('',(73.7941359884649,-32.4100688303486,42.9180515937812));
#1348=CARTESIAN_POINT('',(69.902355399387,-32.4100688303486,42.9180515937812));
#1349=CARTESIAN_POINT('',(69.902355399387,-32.4100688303486,41.1180515937811));
#1350=CARTESIAN_POINT('',(73.7941359884649,-32.4100688303486,41.1180515937811));
#1351=CARTESIAN_POINT('',(68.3660225115664,-13.7124824608196,37.9869569014262));
#1352=CARTESIAN_POINT('',(68.3327346307466,-13.6897353530921,37.9615744166517));
#1353=CARTESIAN_POINT('',(73.7941359884649,-13.6897353530921,37.9615744166517));
#1354=CARTESIAN_POINT('',(73.7941359884649,-13.7124824608196,37.9869569014261));
#1355=CARTESIAN_POINT('',(73.7941359884649,-36.9661664294686,39.0180515937815));
#1356=CARTESIAN_POINT('',(70.349411861152,-36.9661664294686,39.0180515937815));
#1357=CARTESIAN_POINT('',(70.1952486182,-36.8120031865166,39.0180515937815));
#1358=CARTESIAN_POINT('',(69.902355399387,-36.1048964053306,39.0180515937815));
#1359=CARTESIAN_POINT('',(69.902355399387,-27.3870971543236,39.0180515937815));
#1360=CARTESIAN_POINT('',(69.902355399387,-23.6511227810836,39.0180515937815));
#1361=CARTESIAN_POINT('',(69.902355399387,-16.0210817824846,39.0180515937803));
#1362=CARTESIAN_POINT('',(73.7941359884649,-16.0210817824846,39.0180515937804));
#1363=CARTESIAN_POINT('',(69.902355399387,-15.4450688303486,38.9640668726277));
#1364=CARTESIAN_POINT('',(68.8888983530589,-13.9484064681642,38.2232450843518));
#1365=CARTESIAN_POINT('',(73.7941359884649,-38.4542288346076,39.0180515937815));
#1366=CARTESIAN_POINT('',(71.902355399387,-38.4542288346076,39.0180515937815));
#1367=CARTESIAN_POINT('',(71.609462180574,-38.2262167488906,39.0180515937815));
#1368=CARTESIAN_POINT('',(70.349411861152,-36.9661664294686,45.0180515937823));
#1369=CARTESIAN_POINT('',(71.609462180574,-38.2262167488906,45.0180515937823));
#1370=CARTESIAN_POINT('',(71.902355399387,-38.4542288346076,45.0180515937823));
#1371=CARTESIAN_POINT('',(73.794135988465,-38.4542288346076,45.0180515937823));
#1372=CARTESIAN_POINT('',(73.794135988465,-36.9661664294686,45.0180515937823));
#1373=CARTESIAN_POINT('',(68.8888983530642,-13.948406468165,45.8128581032112));
#1374=CARTESIAN_POINT('',(69.902355399387,-15.4450688303486,45.0720363149352));
#1375=CARTESIAN_POINT('',(69.902355399387,-16.0210817824856,45.0180515937822));
#1376=CARTESIAN_POINT('',(73.7941359884649,-16.0210817824856,45.0180515937822));
#1377=CARTESIAN_POINT('',(73.7941359884649,-13.7124824608196,46.0491462861372));
#1378=CARTESIAN_POINT('',(68.3660225115664,-13.7124824608196,46.0491462861372));
#1379=CARTESIAN_POINT('',(69.902355399387,-23.6511227810836,45.0180515937822));
#1380=CARTESIAN_POINT('',(69.902355399387,-27.3870971543236,45.0180515937823));
#1381=CARTESIAN_POINT('',(69.902355399387,-36.1048964053305,45.0180515937823));
#1382=CARTESIAN_POINT('',(70.1952486182,-36.8120031865166,45.0180515937823));
#1383=CARTESIAN_POINT('',(66.902355399387,-11.4499676733798,44.1709954651232));
#1384=CARTESIAN_POINT('',(66.902355399387,-10.9146161063726,44.2680515937812));
#1385=CARTESIAN_POINT('',(73.7941359884649,-10.9146161063726,44.2680515937812));
#1386=CARTESIAN_POINT('',(73.7941359884649,-12.4396161063726,42.7430515937817));
#1387=CARTESIAN_POINT('',(67.2074211377445,-12.4396161063726,42.7430515937816));
#1388=CARTESIAN_POINT('',(73.3401517401322,-8.95974454073959,39.2680515937843));
#1389=CARTESIAN_POINT('',(72.4481207184542,-8.06771351906158,39.2680515937855));
#1390=CARTESIAN_POINT('',(71.9941362292936,-6.97169800822267,39.268051593787));
#1391=CARTESIAN_POINT('',(71.9941362292936,-6.26406931148658,39.268051593788));
#1392=CARTESIAN_POINT('',(71.1464140122543,-5.4654939612536,39.2680515937891));
#1393=CARTESIAN_POINT('',(69.1126158008979,-5.58703208302859,39.2680515937815));
#1394=CARTESIAN_POINT('',(67.0613195298709,-7.91006886866549,39.2680515937815));
#1395=CARTESIAN_POINT('',(66.902355399387,-10.4481002649767,39.2680515937815));
#1396=CARTESIAN_POINT('',(66.902355399387,-10.9146161063726,39.2680515937815));
#1397=CARTESIAN_POINT('',(73.7941359884649,-10.9146161063726,39.2680515937816));
#1398=CARTESIAN_POINT('',(73.7941359884649,-10.0557600515786,39.2680515937816));
#1399=CARTESIAN_POINT('',(73.7941359884649,-12.4396161063726,40.7930515937816));
#1400=CARTESIAN_POINT('',(67.2074211377445,-12.4396161063726,40.7930515937816));
#1401=CARTESIAN_POINT('',(66.902355399387,-11.4499676733798,39.3651077224396));
#1402=CARTESIAN_POINT('',(73.7941359884649,-10.0557600515786,44.2680515937812));
#1403=CARTESIAN_POINT('',(66.902355399387,-10.4481002649767,44.2680515937812));
#1404=CARTESIAN_POINT('',(67.0613195298709,-7.91006886866548,44.2680515937812));
#1405=CARTESIAN_POINT('',(69.1126158008979,-5.58703208302856,44.2680515937812));
#1406=CARTESIAN_POINT('',(71.1464140122543,-5.46549396125359,44.2680515937812));
#1407=CARTESIAN_POINT('',(71.9941362292936,-6.26406931148657,44.2680515937812));
#1408=CARTESIAN_POINT('',(71.9941362292936,-6.97169800822266,44.2680515937812));
#1409=CARTESIAN_POINT('',(72.4481207184542,-8.06771351906157,44.2680515937812));
#1410=CARTESIAN_POINT('',(73.3401517401322,-8.95974454073958,44.2680515937812));
#1411=CARTESIAN_POINT('',(66.902355399387,-10.4481002649767,37.0180515937815));
#1412=CARTESIAN_POINT('',(67.0613195298709,-7.91006886866549,37.0180515937815));
#1413=CARTESIAN_POINT('',(73.7941359884649,-11.4499676733798,37.0180515937803));
#1414=CARTESIAN_POINT('',(73.7941359884649,-10.0557600515786,37.0180515937815));
#1415=CARTESIAN_POINT('',(73.7941359884649,-13.6897353530921,46.0745287709102));
#1416=CARTESIAN_POINT('',(73.3401517401322,-8.95974454073959,37.0180515937815));
#1417=CARTESIAN_POINT('',(72.4481207184542,-8.06771351906158,37.0180515937815));
#1418=CARTESIAN_POINT('',(71.9941362292936,-6.97169800822267,37.0180515937815));
#1419=CARTESIAN_POINT('',(71.9941362292936,-6.26406931148658,37.0180515937815));
#1420=CARTESIAN_POINT('',(71.1464140122543,-5.4654939612536,37.0180515937815));
#1421=CARTESIAN_POINT('',(69.1126158008979,-5.58703208302857,37.0180515937815));
#1422=CARTESIAN_POINT('',(68.3327346307466,-13.6897353530921,46.0745287709102));
#1423=CARTESIAN_POINT('',(66.902355399387,-11.4499676733798,37.0180515937803));
#1424=CARTESIAN_POINT('',(68.402355399387,-7.91006886866546,45.6821949485872));
#1425=CARTESIAN_POINT('',(68.402355399387,-7.91006886866546,44.2680515937812));
#1426=CARTESIAN_POINT('',(68.402355399387,-7.91006886866546,44.2680515937812));
#1427=CARTESIAN_POINT('',(68.402355399387,-6.91006886866548,44.2680515937812));
#1428=CARTESIAN_POINT('',(69.402355399387,-6.91006886866548,44.2680515937812));
#1429=CARTESIAN_POINT('',(70.402355399387,-6.91006886866548,44.2680515937812));
#1430=CARTESIAN_POINT('',(70.402355399387,-7.91006886866546,44.2680515937812));
#1431=CARTESIAN_POINT('',(70.402355399387,-7.91006886866546,44.2680515937812));
#1432=CARTESIAN_POINT('',(70.402355399387,-7.91006886866546,45.6821949485872));
#1433=CARTESIAN_POINT('',(70.402355399387,-7.91006886866546,45.6821949485872));
#1434=CARTESIAN_POINT('',(70.402355399387,-6.91006886866546,45.6821949485872));
#1435=CARTESIAN_POINT('',(69.402355399387,-6.91006886866546,45.6821949485872));
#1436=CARTESIAN_POINT('',(68.402355399387,-6.91006886866546,45.6821949485872));
#1437=CARTESIAN_POINT('',(68.402355399387,-7.91006886866546,45.6821949485872));
#1438=CARTESIAN_POINT('',(68.402355399387,-7.91006886866548,39.2680515937815));
#1439=CARTESIAN_POINT('',(68.402355399387,-7.91006886866548,37.0180515937815));
#1440=CARTESIAN_POINT('',(68.402355399387,-7.91006886866548,37.0180515937815));
#1441=CARTESIAN_POINT('',(68.402355399387,-6.91006886866549,37.0180515937815));
#1442=CARTESIAN_POINT('',(69.402355399387,-6.9100688686655,37.0180515937815));
#1443=CARTESIAN_POINT('',(70.402355399387,-6.91006886866551,37.0180515937815));
#1444=CARTESIAN_POINT('',(70.402355399387,-7.91006886866548,37.0180515937815));
#1445=CARTESIAN_POINT('',(70.402355399387,-7.91006886866548,37.0180515937815));
#1446=CARTESIAN_POINT('',(70.402355399387,-7.91006886866548,39.2680515937815));
#1447=CARTESIAN_POINT('',(70.402355399387,-7.91006886866548,39.2680515937815));
#1448=CARTESIAN_POINT('',(70.402355399387,-6.91006886866549,39.2680515937815));
#1449=CARTESIAN_POINT('',(69.402355399387,-6.9100688686655,39.2680515937815));
#1450=CARTESIAN_POINT('',(68.402355399387,-6.91006886866551,39.2680515937815));
#1451=CARTESIAN_POINT('',(68.402355399387,-7.91006886866548,39.2680515937815));
#1452=CARTESIAN_POINT('',(66.902355399387,-11.4499676733798,47.0180515937822));
#1453=CARTESIAN_POINT('',(73.794135988465,-11.4499676733798,47.0180515937822));
#1454=CARTESIAN_POINT('',(73.794135988465,-11.4499676733798,47.0180515937822));
#1455=CARTESIAN_POINT('',(73.794135988465,-11.1711261490196,47.0180515937822));
#1456=CARTESIAN_POINT('',(73.794135988465,-10.8922846246595,47.0180515937822));
#1457=CARTESIAN_POINT('',(73.794135988465,-10.6134431002992,47.0180515937822));
#1458=CARTESIAN_POINT('',(73.794135988465,-10.334601575939,47.0180515937822));
#1459=CARTESIAN_POINT('',(73.794135988465,-10.0557600515789,47.0180515937822));
#1460=CARTESIAN_POINT('',(73.794135988465,-10.0557600515789,47.0180515937822));
#1461=CARTESIAN_POINT('',(73.7941361690858,-9.41372902990066,47.0180515937823));
#1462=CARTESIAN_POINT('',(73.3401517401322,-8.95974454073956,47.0180515937822));
#1463=CARTESIAN_POINT('',(71.9941362292936,-6.97169800822266,47.0180515937822));
#1464=CARTESIAN_POINT('',(71.9941362292936,-6.26406931148655,47.0180515937822));
#1465=CARTESIAN_POINT('',(71.1464140122543,-5.46549396125357,47.0180515937822));
#1466=CARTESIAN_POINT('',(70.7396543940658,-5.48980158560856,47.0180515937822));
#1467=CARTESIAN_POINT('',(70.3328947758773,-5.51410920996356,47.0180515937822));
#1468=CARTESIAN_POINT('',(69.9261351576888,-5.53841683431857,47.0180515937822));
#1469=CARTESIAN_POINT('',(69.5193755395004,-5.56272445867357,47.0180515937822));
#1470=CARTESIAN_POINT('',(69.112615800898,-5.58703208302856,47.0180515937822));
#1471=CARTESIAN_POINT('',(69.112615800898,-5.58703208302857,47.0180515937822));
#1472=CARTESIAN_POINT('',(67.0613195298721,-5.8428789820633,47.0180515937822));
#1473=CARTESIAN_POINT('',(67.0613195298709,-7.91006886866546,47.0180515937822));
#1474=CARTESIAN_POINT('',(67.0613195298709,-7.91006886866546,47.0180515937822));
#1475=CARTESIAN_POINT('',(67.0295267037742,-8.41767514792755,47.0180515937822));
#1476=CARTESIAN_POINT('',(66.9977338776774,-8.92528142719055,47.0180515937822));
#1477=CARTESIAN_POINT('',(66.9659410515806,-9.43288770645256,47.0180515937822));
#1478=CARTESIAN_POINT('',(66.9341482254838,-9.94049398571457,47.0180515937822));
#1479=CARTESIAN_POINT('',(66.902355399387,-10.4481002649767,47.0180515937822));
#1480=CARTESIAN_POINT('',(66.902355399387,-10.4481002649767,47.0180515937822));
#1481=CARTESIAN_POINT('',(66.902355399387,-11.4499676733798,47.0180515937822));
#1482=CARTESIAN_POINT('',(73.7941359884649,-18.4100688303486,42.9180515937811));
#1483=CARTESIAN_POINT('',(69.902355399387,-18.4100688303486,42.9180515937811));
#1484=CARTESIAN_POINT('',(69.902355399387,-18.4100688303486,42.9180515937811));
#1485=CARTESIAN_POINT('',(69.902355399387,-17.5100688303486,42.9180515937811));
#1486=CARTESIAN_POINT('',(69.902355399387,-17.5100688303486,42.0180515937811));
#1487=CARTESIAN_POINT('',(69.902355399387,-17.5100688303486,41.1180515937811));
#1488=CARTESIAN_POINT('',(69.902355399387,-18.4100688303486,41.1180515937811));
#1489=CARTESIAN_POINT('',(69.902355399387,-18.4100688303486,41.1180515937811));
#1490=CARTESIAN_POINT('',(73.7941359884649,-18.4100688303486,41.1180515937811));
#1491=CARTESIAN_POINT('',(73.7941359884649,-18.4100688303486,41.1180515937811));
#1492=CARTESIAN_POINT('',(73.7941359884649,-17.5100688303487,41.1180515937812));
#1493=CARTESIAN_POINT('',(73.7941359884649,-17.5100688303487,42.0180515937811));
#1494=CARTESIAN_POINT('',(73.7941359884649,-17.5100688303487,42.918051593781));
#1495=CARTESIAN_POINT('',(73.7941359884649,-18.4100688303486,42.9180515937811));
#1496=CARTESIAN_POINT('',(73.7941359884649,-32.4100688303486,42.9180515937812));
#1497=CARTESIAN_POINT('',(69.902355399387,-32.4100688303486,42.9180515937812));
#1498=CARTESIAN_POINT('',(69.902355399387,-32.4100688303486,42.9180515937811));
#1499=CARTESIAN_POINT('',(69.902355399387,-31.5100688303486,42.9180515937811));
#1500=CARTESIAN_POINT('',(69.902355399387,-31.5100688303486,42.0180515937812));
#1501=CARTESIAN_POINT('',(69.902355399387,-31.5100688303486,41.1180515937812));
#1502=CARTESIAN_POINT('',(69.902355399387,-32.4100688303486,41.1180515937812));
#1503=CARTESIAN_POINT('',(69.902355399387,-32.4100688303486,41.1180515937812));
#1504=CARTESIAN_POINT('',(73.7941359884649,-32.4100688303486,41.1180515937812));
#1505=CARTESIAN_POINT('',(73.7941359884649,-32.4100688303486,41.1180515937811));
#1506=CARTESIAN_POINT('',(73.7941359884649,-31.5100688303486,41.1180515937811));
#1507=CARTESIAN_POINT('',(73.7941359884649,-31.5100688303486,42.0180515937812));
#1508=CARTESIAN_POINT('',(73.7941359884649,-31.5100688303485,42.9180515937812));
#1509=CARTESIAN_POINT('',(73.7941359884649,-32.4100688303486,42.9180515937812));
#1510=CARTESIAN_POINT('',(68.3660225115664,-13.7124824608196,37.9869569014262));
#1511=CARTESIAN_POINT('',(68.3548320953802,-13.7049623025322,37.9785654916038));
#1512=CARTESIAN_POINT('',(68.3437368338619,-13.6973774322609,37.9701018725592));
#1513=CARTESIAN_POINT('',(68.3327346307466,-13.6897353530921,37.9615744166517));
#1514=CARTESIAN_POINT('',(68.3327346307466,-13.6897353530921,37.9615744166517));
#1515=CARTESIAN_POINT('',(73.7941359884649,-13.6897353530921,37.9615744166517));
#1516=CARTESIAN_POINT('',(73.7941359884649,-13.6897353530921,37.9615744166517));
#1517=CARTESIAN_POINT('',(73.7941359884649,-13.7124824608196,37.9869569014261));
#1518=CARTESIAN_POINT('',(73.7941359884649,-13.7124824608196,37.9869569014261));
#1519=CARTESIAN_POINT('',(68.3660225115664,-13.7124824608196,37.9869569014262));
#1520=CARTESIAN_POINT('',(73.7941359884649,-36.9661664294686,39.0180515937816));
#1521=CARTESIAN_POINT('',(70.349411861152,-36.9661664294686,39.0180515937816));
#1522=CARTESIAN_POINT('',(70.349411861152,-36.9661664294686,39.0180515937816));
#1523=CARTESIAN_POINT('',(70.1952486182,-36.8120031865166,39.0180515937816));
#1524=CARTESIAN_POINT('',(70.1952486182,-36.8120031865166,39.0180515937816));
#1525=CARTESIAN_POINT('',(70.078091330675,-36.6948458989916,39.0180515937816));
#1526=CARTESIAN_POINT('',(69.96093404315,-36.5776886114666,39.0180515937816));
#1527=CARTESIAN_POINT('',(69.902355399387,-36.4362672552286,39.0180515937816));
#1528=CARTESIAN_POINT('',(69.902355399387,-36.2705818302796,39.0180515937816));
#1529=CARTESIAN_POINT('',(69.902355399387,-36.1048964053306,39.0180515937816));
#1530=CARTESIAN_POINT('',(69.902355399387,-36.1048964053306,39.0180515937816));
#1531=CARTESIAN_POINT('',(69.902355399387,-27.3870971543236,39.0180515937815));
#1532=CARTESIAN_POINT('',(69.902355399387,-27.3870971543236,39.0180515937815));
#1533=CARTESIAN_POINT('',(69.902355399387,-27.2102000883266,39.0180515937815));
#1534=CARTESIAN_POINT('',(69.902355399387,-27.0333030223296,39.0180515937815));
#1535=CARTESIAN_POINT('',(69.9505314906863,-26.8663681101436,39.0180515937816));
#1536=CARTESIAN_POINT('',(70.0986572524362,-26.7663219449716,39.0180515937816));
#1537=CARTESIAN_POINT('',(70.229525154469,-26.6473002487316,39.0180515937815));
#1538=CARTESIAN_POINT('',(70.4185053995866,-26.4754265579307,39.0180515937815));
#1539=CARTESIAN_POINT('',(70.5706907845416,-26.2659307569392,39.0180515937816));
#1540=CARTESIAN_POINT('',(70.6758696154932,-26.0281001736926,39.0180515937816));
#1541=CARTESIAN_POINT('',(70.728459030969,-25.7745587857361,39.0180515937816));
#1542=CARTESIAN_POINT('',(70.728459030969,-25.5191099677036,39.0180515937815));
#1543=CARTESIAN_POINT('',(70.728459030969,-25.263661149671,39.0180515937816));
#1544=CARTESIAN_POINT('',(70.6758696154932,-25.0101197617145,39.0180515937816));
#1545=CARTESIAN_POINT('',(70.5706907845416,-24.772289178468,39.0180515937815));
#1546=CARTESIAN_POINT('',(70.4185053995866,-24.5627933774765,39.0180515937815));
#1547=CARTESIAN_POINT('',(70.229525154469,-24.3909196866756,39.0180515937815));
#1548=CARTESIAN_POINT('',(70.0986572524362,-24.2718979904356,39.0180515937815));
#1549=CARTESIAN_POINT('',(69.9505314906863,-24.1718518252636,39.0180515937815));
#1550=CARTESIAN_POINT('',(69.902355399387,-24.0049169130776,39.0180515937815));
#1551=CARTESIAN_POINT('',(69.902355399387,-23.8280198470806,39.0180515937815));
#1552=CARTESIAN_POINT('',(69.902355399387,-23.6511227810836,39.0180515937815));
#1553=CARTESIAN_POINT('',(69.902355399387,-23.6511227810836,39.0180515937815));
#1554=CARTESIAN_POINT('',(69.902355399387,-16.4450690820686,39.0180515937816));
#1555=CARTESIAN_POINT('',(69.902355399387,-16.0210817824846,39.0180515937803));
#1556=CARTESIAN_POINT('',(69.902355399387,-16.0210817824846,39.0180515937803));
#1557=CARTESIAN_POINT('',(73.7941359884649,-16.0210817824846,39.0180515937804));
#1558=CARTESIAN_POINT('',(73.7941359884649,-16.0210817824846,39.0180515937804));
#1559=CARTESIAN_POINT('',(73.7941359884649,-16.4450690820686,39.0180515937816));
#1560=CARTESIAN_POINT('',(73.7941359884649,-36.9661664294686,39.0180515937816));
#1561=CARTESIAN_POINT('',(73.7941359884649,-13.7124824608196,37.9869569014261));
#1562=CARTESIAN_POINT('',(73.7941359884663,-14.6365220989137,39.0180515937803));
#1563=CARTESIAN_POINT('',(73.7941359884649,-16.0210817824846,39.0180515937804));
#1564=CARTESIAN_POINT('',(69.902355399387,-16.0210817824846,39.0180515937803));
#1565=CARTESIAN_POINT('',(69.902355399387,-15.7305455454909,39.0180515937804));
#1566=CARTESIAN_POINT('',(69.902355399387,-15.4450688303486,38.9640668726277));
#1567=CARTESIAN_POINT('',(68.8888983530589,-13.9484064681642,38.2232450843518));
#1568=CARTESIAN_POINT('',(68.7915173028605,-13.9335175937783,38.2097912276328));
#1569=CARTESIAN_POINT('',(68.6941954561779,-13.894868688477,38.1745770969593));
#1570=CARTESIAN_POINT('',(68.5270319816265,-13.8148552511967,38.0966169339892));
#1571=CARTESIAN_POINT('',(68.4423574490144,-13.7638174923251,38.0441694932079));
#1572=CARTESIAN_POINT('',(68.3660225115664,-13.7124824608196,37.9869569014262));
#1573=CARTESIAN_POINT('',(73.7941359884649,-36.9661664294686,39.0180515937816));
#1574=CARTESIAN_POINT('',(73.7941359884649,-38.4542288346076,39.0180515937816));
#1575=CARTESIAN_POINT('',(73.7941359884649,-38.4542288346076,39.0180515937816));
#1576=CARTESIAN_POINT('',(71.902355399387,-38.4542288346076,39.0180515937816));
#1577=CARTESIAN_POINT('',(71.902355399387,-38.4542288346076,39.0180515937816));
#1578=CARTESIAN_POINT('',(71.837335065309,-38.4241780335866,39.0180515937816));
#1579=CARTESIAN_POINT('',(71.77627629353,-38.3845631751366,39.0180515937816));
#1580=CARTESIAN_POINT('',(71.7190181705339,-38.3357727388506,39.0180515937816));
#1581=CARTESIAN_POINT('',(71.664240175554,-38.2809947438706,39.0180515937816));
#1582=CARTESIAN_POINT('',(71.609462180574,-38.2262167488906,39.0180515937816));
#1583=CARTESIAN_POINT('',(71.609462180574,-38.2262167488906,39.0180515937816));
#1584=CARTESIAN_POINT('',(70.349411861152,-36.9661664294686,39.0180515937816));
#1585=CARTESIAN_POINT('',(70.349411861152,-36.9661664294686,45.0180515937823));
#1586=CARTESIAN_POINT('',(70.6014219250364,-37.2181764933536,45.0180515937823));
#1587=CARTESIAN_POINT('',(70.8534319889208,-37.4701865572376,45.0180515937823));
#1588=CARTESIAN_POINT('',(71.1054420528052,-37.7221966211225,45.0180515937823));
#1589=CARTESIAN_POINT('',(71.3574521166896,-37.9742066850056,45.0180515937823));
#1590=CARTESIAN_POINT('',(71.609462180574,-38.2262167488906,45.0180515937823));
#1591=CARTESIAN_POINT('',(71.609462180574,-38.2262167488906,45.0180515937823));
#1592=CARTESIAN_POINT('',(71.664240175554,-38.2809947438706,45.0180515937823));
#1593=CARTESIAN_POINT('',(71.719018170534,-38.3357727388506,45.0180515937823));
#1594=CARTESIAN_POINT('',(71.77627629353,-38.3845631751366,45.0180515937823));
#1595=CARTESIAN_POINT('',(71.837335065309,-38.4241780335866,45.0180515937823));
#1596=CARTESIAN_POINT('',(71.902355399387,-38.4542288346076,45.0180515937823));
#1597=CARTESIAN_POINT('',(71.902355399387,-38.4542288346076,45.0180515937823));
#1598=CARTESIAN_POINT('',(73.794135988465,-38.4542288346076,45.0180515937823));
#1599=CARTESIAN_POINT('',(73.794135988465,-38.4542288346076,45.0180515937823));
#1600=CARTESIAN_POINT('',(73.794135988465,-37.7101976320376,45.0180515937823));
#1601=CARTESIAN_POINT('',(73.794135988465,-36.9661664294686,45.0180515937823));
#1602=CARTESIAN_POINT('',(73.794135988465,-36.9661664294686,45.0180515937823));
#1603=CARTESIAN_POINT('',(70.349411861152,-36.9661664294686,45.0180515937823));
#1604=CARTESIAN_POINT('',(69.902355399387,-15.4450688303486,45.0720363149352));
#1605=CARTESIAN_POINT('',(69.902355399387,-15.7305455454914,45.0180515937822));
#1606=CARTESIAN_POINT('',(69.902355399387,-16.0210817824856,45.0180515937822));
#1607=CARTESIAN_POINT('',(69.902355399387,-16.0210817824856,45.0180515937822));
#1608=CARTESIAN_POINT('',(73.7941359884649,-16.0210817824856,45.0180515937822));
#1609=CARTESIAN_POINT('',(73.7941359884649,-16.0210817824856,45.0180515937822));
#1610=CARTESIAN_POINT('',(73.7941359884663,-14.6365220989143,45.0180515937833));
#1611=CARTESIAN_POINT('',(73.7941359884649,-13.7124824608196,46.0491462861372));
#1612=CARTESIAN_POINT('',(73.7941359884649,-13.7124824608196,46.0491462861372));
#1613=CARTESIAN_POINT('',(68.3660225115664,-13.7124824608196,46.0491462861372));
#1614=CARTESIAN_POINT('',(68.3660225115664,-13.7124824608196,46.0491462861372));
#1615=CARTESIAN_POINT('',(68.4423574490149,-13.7638174923255,45.9919336943562));
#1616=CARTESIAN_POINT('',(68.5270319816273,-13.8148552511971,45.9394862535742));
#1617=CARTESIAN_POINT('',(68.6941954561798,-13.8948686884778,45.8615260906042));
#1618=CARTESIAN_POINT('',(68.7915173028643,-13.9335175937797,45.8263119599302));
#1619=CARTESIAN_POINT('',(68.8888983530642,-13.948406468165,45.8128581032112));
#1620=CARTESIAN_POINT('',(69.902355399387,-16.0210817824856,45.0180515937822));
#1621=CARTESIAN_POINT('',(69.902355399387,-16.2330754322766,45.0180515937822));
#1622=CARTESIAN_POINT('',(69.902355399387,-16.4450690820685,45.0180515937822));
#1623=CARTESIAN_POINT('',(69.902355399387,-20.0480959315756,45.0180515937822));
#1624=CARTESIAN_POINT('',(69.902355399387,-23.6511227810836,45.0180515937822));
#1625=CARTESIAN_POINT('',(69.902355399387,-23.6511227810836,45.0180515937822));
#1626=CARTESIAN_POINT('',(69.902355399387,-23.8280198470806,45.0180515937822));
#1627=CARTESIAN_POINT('',(69.902355399387,-24.0049169130776,45.0180515937822));
#1628=CARTESIAN_POINT('',(69.9505314906863,-24.1718518252636,45.0180515937822));
#1629=CARTESIAN_POINT('',(70.0986572524362,-24.2718979904356,45.0180515937822));
#1630=CARTESIAN_POINT('',(70.229525154469,-24.3909196866756,45.0180515937822));
#1631=CARTESIAN_POINT('',(70.4185053995866,-24.5627933774765,45.0180515937822));
#1632=CARTESIAN_POINT('',(70.5706907845416,-24.772289178468,45.0180515937822));
#1633=CARTESIAN_POINT('',(70.6758696154932,-25.0101197617146,45.0180515937822));
#1634=CARTESIAN_POINT('',(70.728459030969,-25.263661149671,45.0180515937822));
#1635=CARTESIAN_POINT('',(70.728459030969,-25.5191099677036,45.0180515937822));
#1636=CARTESIAN_POINT('',(70.728459030969,-25.774558785736,45.0180515937823));
#1637=CARTESIAN_POINT('',(70.6758696154932,-26.0281001736926,45.0180515937822));
#1638=CARTESIAN_POINT('',(70.5706907845416,-26.2659307569392,45.0180515937822));
#1639=CARTESIAN_POINT('',(70.4185053995866,-26.4754265579307,45.0180515937823));
#1640=CARTESIAN_POINT('',(70.229525154469,-26.6473002487316,45.0180515937823));
#1641=CARTESIAN_POINT('',(70.0986572524362,-26.7663219449716,45.0180515937823));
#1642=CARTESIAN_POINT('',(69.9505314906864,-26.8663681101436,45.0180515937823));
#1643=CARTESIAN_POINT('',(69.902355399387,-27.0333030223296,45.0180515937823));
#1644=CARTESIAN_POINT('',(69.902355399387,-27.2102000883266,45.0180515937823));
#1645=CARTESIAN_POINT('',(69.902355399387,-27.3870971543236,45.0180515937823));
#1646=CARTESIAN_POINT('',(69.902355399387,-27.3870971543236,45.0180515937823));
#1647=CARTESIAN_POINT('',(69.902355399387,-31.7459967798275,45.0180515937823));
#1648=CARTESIAN_POINT('',(69.902355399387,-36.1048964053305,45.0180515937823));
#1649=CARTESIAN_POINT('',(69.902355399387,-36.1048964053305,45.0180515937823));
#1650=CARTESIAN_POINT('',(69.902355399387,-36.2705818302796,45.0180515937823));
#1651=CARTESIAN_POINT('',(69.902355399387,-36.4362672552286,45.0180515937823));
#1652=CARTESIAN_POINT('',(69.96093404315,-36.5776886114666,45.0180515937823));
#1653=CARTESIAN_POINT('',(70.0780913306749,-36.6948458989916,45.0180515937823));
#1654=CARTESIAN_POINT('',(70.1952486182,-36.8120031865166,45.0180515937823));
#1655=CARTESIAN_POINT('',(70.1952486182,-36.8120031865166,45.0180515937823));
#1656=CARTESIAN_POINT('',(70.2260812667904,-36.8428358351066,45.0180515937823));
#1657=CARTESIAN_POINT('',(70.2569139153808,-36.8736684836976,45.0180515937823));
#1658=CARTESIAN_POINT('',(70.2877465639712,-36.9045011322875,45.0180515937823));
#1659=CARTESIAN_POINT('',(70.3185792125616,-36.9353337808786,45.0180515937823));
#1660=CARTESIAN_POINT('',(70.349411861152,-36.9661664294686,45.0180515937823));
#1661=CARTESIAN_POINT('',(73.794135988465,-36.9661664294686,45.0180515937823));
#1662=CARTESIAN_POINT('',(73.794135988465,-26.7056177557686,45.0180515937823));
#1663=CARTESIAN_POINT('',(73.794135988465,-16.4450690820685,45.0180515937822));
#1664=CARTESIAN_POINT('',(73.7941359884649,-16.2330754322766,45.0180515937822));
#1665=CARTESIAN_POINT('',(73.7941359884649,-16.0210817824856,45.0180515937822));
#1666=CARTESIAN_POINT('',(70.402355399387,-7.91006886866546,44.2680515937812));
#1667=CARTESIAN_POINT('',(70.402355399387,-8.91006886866548,44.2680515937812));
#1668=CARTESIAN_POINT('',(69.402355399387,-8.91006886866546,44.2680515937812));
#1669=CARTESIAN_POINT('',(68.402355399387,-8.91006886866548,44.2680515937812));
#1670=CARTESIAN_POINT('',(68.402355399387,-7.91006886866546,44.2680515937812));
#1671=CARTESIAN_POINT('',(68.402355399387,-7.91006886866546,45.6821949485872));
#1672=CARTESIAN_POINT('',(68.402355399387,-8.91006886866548,45.6821949485872));
#1673=CARTESIAN_POINT('',(69.402355399387,-8.91006886866546,45.6821949485872));
#1674=CARTESIAN_POINT('',(70.402355399387,-8.91006886866548,45.6821949485872));
#1675=CARTESIAN_POINT('',(70.402355399387,-7.91006886866546,45.6821949485872));
#1676=CARTESIAN_POINT('',(70.402355399387,-7.91006886866548,37.0180515937815));
#1677=CARTESIAN_POINT('',(70.4023553993871,-8.91006886866559,37.0180515937815));
#1678=CARTESIAN_POINT('',(69.402355399387,-8.91006886866559,37.0180515937815));
#1679=CARTESIAN_POINT('',(68.4023553993869,-8.91006886866557,37.0180515937815));
#1680=CARTESIAN_POINT('',(68.402355399387,-7.91006886866548,37.0180515937815));
#1681=CARTESIAN_POINT('',(68.402355399387,-7.91006886866548,39.2680515937815));
#1682=CARTESIAN_POINT('',(68.402355399387,-8.91006886866549,39.2680515937815));
#1683=CARTESIAN_POINT('',(69.402355399387,-8.91006886866548,39.2680515937815));
#1684=CARTESIAN_POINT('',(70.402355399387,-8.91006886866549,39.2680515937815));
#1685=CARTESIAN_POINT('',(70.402355399387,-7.91006886866548,39.2680515937815));
#1686=CARTESIAN_POINT('',(69.902355399387,-18.4100688303486,41.1180515937811));
#1687=CARTESIAN_POINT('',(69.902355399387,-19.3100688303486,41.1180515937811));
#1688=CARTESIAN_POINT('',(69.902355399387,-19.3100688303486,42.0180515937811));
#1689=CARTESIAN_POINT('',(69.902355399387,-19.3100688303486,42.9180515937812));
#1690=CARTESIAN_POINT('',(69.902355399387,-18.4100688303486,42.9180515937811));
#1691=CARTESIAN_POINT('',(73.7941359884649,-18.4100688303486,41.1180515937811));
#1692=CARTESIAN_POINT('',(73.7941359884649,-19.3100688303486,41.1180515937811));
#1693=CARTESIAN_POINT('',(73.7941359884649,-19.3100688303486,42.0180515937811));
#1694=CARTESIAN_POINT('',(73.7941359884649,-19.3100688303486,42.9180515937811));
#1695=CARTESIAN_POINT('',(73.7941359884649,-18.4100688303486,42.9180515937811));
#1696=CARTESIAN_POINT('',(69.902355399387,-32.4100688303486,41.1180515937811));
#1697=CARTESIAN_POINT('',(69.902355399387,-33.3100688303486,41.1180515937812));
#1698=CARTESIAN_POINT('',(69.902355399387,-33.3100688303486,42.0180515937812));
#1699=CARTESIAN_POINT('',(69.902355399387,-33.3100688303486,42.9180515937812));
#1700=CARTESIAN_POINT('',(69.902355399387,-32.4100688303486,42.9180515937812));
#1701=CARTESIAN_POINT('',(73.7941359884649,-32.4100688303486,41.1180515937812));
#1702=CARTESIAN_POINT('',(73.7941359884649,-33.3100688303486,41.1180515937812));
#1703=CARTESIAN_POINT('',(73.7941359884649,-33.3100688303486,42.0180515937812));
#1704=CARTESIAN_POINT('',(73.7941359884649,-33.3100688303486,42.9180515937812));
#1705=CARTESIAN_POINT('',(73.7941359884649,-32.4100688303486,42.9180515937811));
#1706=CARTESIAN_POINT('',(66.902355399387,-11.4499676733798,44.1709954651232));
#1707=CARTESIAN_POINT('',(66.902355399387,-11.1910897459866,44.2680515937812));
#1708=CARTESIAN_POINT('',(66.902355399387,-10.9146161063726,44.2680515937812));
#1709=CARTESIAN_POINT('',(66.902355399387,-10.9146161063726,44.2680515937812));
#1710=CARTESIAN_POINT('',(71.0422048057049,-10.9146161063726,44.2680515937812));
#1711=CARTESIAN_POINT('',(73.7941359884649,-10.9146161063726,44.2680515937812));
#1712=CARTESIAN_POINT('',(73.7941359884649,-10.9146161063726,44.2680515937812));
#1713=CARTESIAN_POINT('',(73.7941359884649,-12.439616106375,44.2680515937842));
#1714=CARTESIAN_POINT('',(73.7941359884649,-12.4396161063726,42.7430515937817));
#1715=CARTESIAN_POINT('',(73.7941359884649,-12.4396161063726,42.7430515937817));
#1716=CARTESIAN_POINT('',(71.0422048057049,-12.4396161063726,42.7430515937816));
#1717=CARTESIAN_POINT('',(67.2074211377445,-12.4396161063726,42.7430515937816));
#1718=CARTESIAN_POINT('',(71.9941362292936,-6.97169800822267,39.268051593787));
#1719=CARTESIAN_POINT('',(71.9941362292936,-6.61788365985468,39.2680515937875));
#1720=CARTESIAN_POINT('',(71.9941362292936,-6.26406931148658,39.268051593788));
#1721=CARTESIAN_POINT('',(71.1464140122543,-5.46549396125359,39.2680515937891));
#1722=CARTESIAN_POINT('',(70.7396543700756,-5.48980158709888,39.268051593789));
#1723=CARTESIAN_POINT('',(70.3328947278969,-5.51410921294418,39.268051593789));
#1724=CARTESIAN_POINT('',(69.9261350857182,-5.53841683878949,39.268051593789));
#1725=CARTESIAN_POINT('',(69.5193754435395,-5.56272446463478,39.268051593789));
#1726=CARTESIAN_POINT('',(69.1126158008979,-5.58703208302857,39.2680515937815));
#1727=CARTESIAN_POINT('',(69.1126158008979,-5.58703208302859,39.2680515937815));
#1728=CARTESIAN_POINT('',(67.0613195298721,-5.8428789820634,39.2680515937818));
#1729=CARTESIAN_POINT('',(67.0613195298709,-7.91006886866548,39.2680515937815));
#1730=CARTESIAN_POINT('',(67.0613195298709,-7.91006886866548,39.2680515937815));
#1731=CARTESIAN_POINT('',(67.0295267037741,-8.41767514792858,39.2680515937815));
#1732=CARTESIAN_POINT('',(66.9977338776774,-8.92528142719058,39.2680515937815));
#1733=CARTESIAN_POINT('',(66.9659410515806,-9.43288770645258,39.2680515937815));
#1734=CARTESIAN_POINT('',(66.9341482254838,-9.94049398571458,39.2680515937815));
#1735=CARTESIAN_POINT('',(66.902355399387,-10.4481002649767,39.2680515937815));
#1736=CARTESIAN_POINT('',(66.902355399387,-10.4481002649767,39.2680515937815));
#1737=CARTESIAN_POINT('',(66.902355399387,-10.9146161063726,39.2680515937815));
#1738=CARTESIAN_POINT('',(66.902355399387,-10.9146161063726,39.2680515937815));
#1739=CARTESIAN_POINT('',(71.0422048057049,-10.9146161063726,39.2680515937815));
#1740=CARTESIAN_POINT('',(73.7941359884649,-10.9146161063726,39.2680515937816));
#1741=CARTESIAN_POINT('',(73.7941359884649,-10.9146161063726,39.2680515937816));
#1742=CARTESIAN_POINT('',(73.7941359884649,-10.0557600515786,39.2680515937816));
#1743=CARTESIAN_POINT('',(73.7941359884649,-10.0557600515786,39.2680515937816));
#1744=CARTESIAN_POINT('',(73.7941361690858,-9.41372902990047,39.2680515937835));
#1745=CARTESIAN_POINT('',(73.3401517401322,-8.95974454073958,39.2680515937843));
#1746=CARTESIAN_POINT('',(73.7941359884649,-12.4396161063726,42.7430515937817));
#1747=CARTESIAN_POINT('',(73.7941359884649,-12.4396161063726,41.7680515937817));
#1748=CARTESIAN_POINT('',(73.7941359884649,-12.4396161063726,40.7930515937816));
#1749=CARTESIAN_POINT('',(73.7941359884649,-12.4396161063726,40.7930515937816));
#1750=CARTESIAN_POINT('',(71.0422048057049,-12.4396161063726,40.7930515937816));
#1751=CARTESIAN_POINT('',(67.2074211377445,-12.4396161063726,40.7930515937816));
#1752=CARTESIAN_POINT('',(67.2074211377445,-12.4396161063726,40.7930515937816));
#1753=CARTESIAN_POINT('',(67.2074211377445,-12.4396161063726,41.7680515937817));
#1754=CARTESIAN_POINT('',(67.2074211377445,-12.4396161063726,42.7430515937816));
#1755=CARTESIAN_POINT('',(73.7941359884649,-12.4396161063726,40.7930515937816));
#1756=CARTESIAN_POINT('',(73.7941359884649,-12.4396161063747,39.2680515937794));
#1757=CARTESIAN_POINT('',(73.7941359884649,-10.9146161063726,39.2680515937816));
#1758=CARTESIAN_POINT('',(66.902355399387,-10.9146161063726,39.2680515937815));
#1759=CARTESIAN_POINT('',(66.902355399387,-11.1910897459867,39.2680515937816));
#1760=CARTESIAN_POINT('',(66.902355399387,-11.4499676733798,39.3651077224396));
#1761=CARTESIAN_POINT('',(73.7941359884649,-10.0557600515786,44.2680515937812));
#1762=CARTESIAN_POINT('',(73.7941359884649,-10.9146161063726,44.2680515937812));
#1763=CARTESIAN_POINT('',(66.902355399387,-10.9146161063726,44.2680515937812));
#1764=CARTESIAN_POINT('',(66.902355399387,-10.4481002649767,44.2680515937812));
#1765=CARTESIAN_POINT('',(66.902355399387,-10.4481002649767,44.2680515937812));
#1766=CARTESIAN_POINT('',(66.9341482254838,-9.94049398571457,44.2680515937812));
#1767=CARTESIAN_POINT('',(66.9659410515806,-9.43288770645256,44.2680515937812));
#1768=CARTESIAN_POINT('',(66.9977338776774,-8.92528142719057,44.2680515937812));
#1769=CARTESIAN_POINT('',(67.0295267037742,-8.41767514792757,44.2680515937812));
#1770=CARTESIAN_POINT('',(67.0613195298709,-7.91006886866546,44.2680515937812));
#1771=CARTESIAN_POINT('',(67.0613195298709,-7.91006886866546,44.2680515937812));
#1772=CARTESIAN_POINT('',(67.061319529872,-5.84287898206325,44.2680515937812));
#1773=CARTESIAN_POINT('',(69.1126158008979,-5.58703208302856,44.2680515937812));
#1774=CARTESIAN_POINT('',(69.1126158008979,-5.58703208302856,44.2680515937812));
#1775=CARTESIAN_POINT('',(69.5193754435395,-5.56272446463477,44.2680515937812));
#1776=CARTESIAN_POINT('',(69.9261350857182,-5.53841683878947,44.2680515937812));
#1777=CARTESIAN_POINT('',(70.3328947278969,-5.51410921294416,44.2680515937812));
#1778=CARTESIAN_POINT('',(70.7396543700756,-5.48980158709887,44.2680515937812));
#1779=CARTESIAN_POINT('',(71.1464140122543,-5.46549396125357,44.2680515937812));
#1780=CARTESIAN_POINT('',(71.9941362292936,-6.26406931148657,44.2680515937812));
#1781=CARTESIAN_POINT('',(71.9941362292936,-6.61788365985467,44.2680515937812));
#1782=CARTESIAN_POINT('',(71.9941362292936,-6.97169800822266,44.2680515937812));
#1783=CARTESIAN_POINT('',(73.3401517401322,-8.95974454073956,44.2680515937812));
#1784=CARTESIAN_POINT('',(73.7941361690857,-9.41372902990048,44.2680515937812));
#1785=CARTESIAN_POINT('',(73.7941359884649,-10.0557600515786,44.2680515937812));
#1786=CARTESIAN_POINT('',(66.902355399387,-10.4481002649767,37.0180515937815));
#1787=CARTESIAN_POINT('',(66.902355399387,-10.4481002649767,39.2680515937815));
#1788=CARTESIAN_POINT('',(67.0613195298709,-7.91006886866548,39.2680515937815));
#1789=CARTESIAN_POINT('',(67.0613195298709,-7.91006886866548,37.0180515937815));
#1790=CARTESIAN_POINT('',(71.902355399387,-38.4542288346076,39.0180515937816));
#1791=CARTESIAN_POINT('',(71.902355399387,-38.4542288346076,45.0180515937823));
#1792=CARTESIAN_POINT('',(73.7941359884649,-38.4542288346076,39.0180515937816));
#1793=CARTESIAN_POINT('',(73.794135988465,-38.4542288346076,45.0180515937823));
#1794=CARTESIAN_POINT('',(73.3401517401322,-8.95974454073956,44.2680515937812));
#1795=CARTESIAN_POINT('',(73.3401517401322,-8.95974454073956,47.0180515937822));
#1796=CARTESIAN_POINT('',(73.7941359884649,-10.0557600515786,44.2680515937812));
#1797=CARTESIAN_POINT('',(73.794135988465,-10.0557600515789,47.0180515937822));
#1798=CARTESIAN_POINT('',(73.7941359884649,-10.0557600515786,37.0180515937815));
#1799=CARTESIAN_POINT('',(73.7941359884649,-10.0557600515786,39.2680515937816));
#1800=CARTESIAN_POINT('',(73.3401517401322,-8.95974454073958,37.0180515937815));
#1801=CARTESIAN_POINT('',(73.3401517401322,-8.95974454073958,39.2680515937843));
#1802=CARTESIAN_POINT('',(72.4481207184542,-8.06771351906157,44.2680515937812));
#1803=CARTESIAN_POINT('',(72.6265269227898,-8.24611972339717,44.2680515937812));
#1804=CARTESIAN_POINT('',(72.8049331271254,-8.42452592773277,44.2680515937812));
#1805=CARTESIAN_POINT('',(72.983339331461,-8.60293213206836,44.2680515937812));
#1806=CARTESIAN_POINT('',(73.1617455357966,-8.78133833640396,44.2680515937812));
#1807=CARTESIAN_POINT('',(73.3401517401322,-8.95974454073956,44.2680515937812));
#1808=CARTESIAN_POINT('',(72.4481207184542,-8.06771351906157,44.2680515937812));
#1809=CARTESIAN_POINT('',(72.4481207184542,-8.06771351906156,47.0180515937822));
#1810=CARTESIAN_POINT('',(73.3401517401322,-8.95974454073956,47.0180515937822));
#1811=CARTESIAN_POINT('',(73.1617455357966,-8.78133833640396,47.0180515937822));
#1812=CARTESIAN_POINT('',(72.983339331461,-8.60293213206836,47.0180515937822));
#1813=CARTESIAN_POINT('',(72.8049331271254,-8.42452592773276,47.0180515937822));
#1814=CARTESIAN_POINT('',(72.6265269227898,-8.24611972339716,47.0180515937822));
#1815=CARTESIAN_POINT('',(72.4481207184542,-8.06771351906156,47.0180515937822));
#1816=CARTESIAN_POINT('',(72.4481207184542,-8.06771351906158,37.0180515937815));
#1817=CARTESIAN_POINT('',(72.4481207184542,-8.06771351906158,39.2680515937855));
#1818=CARTESIAN_POINT('',(73.3401517401322,-8.95974454073958,39.2680515937843));
#1819=CARTESIAN_POINT('',(73.1617455357966,-8.78133833640398,39.2680515937849));
#1820=CARTESIAN_POINT('',(72.983339331461,-8.60293213206837,39.2680515937849));
#1821=CARTESIAN_POINT('',(72.8049331271254,-8.42452592773279,39.2680515937849));
#1822=CARTESIAN_POINT('',(72.6265269227898,-8.24611972339719,39.2680515937849));
#1823=CARTESIAN_POINT('',(72.4481207184542,-8.06771351906158,39.2680515937855));
#1824=CARTESIAN_POINT('',(73.3401517401322,-8.95974454073958,37.0180515937815));
#1825=CARTESIAN_POINT('',(73.1617455357966,-8.78133833640398,37.0180515937815));
#1826=CARTESIAN_POINT('',(72.983339331461,-8.60293213206837,37.0180515937815));
#1827=CARTESIAN_POINT('',(72.8049331271254,-8.42452592773279,37.0180515937815));
#1828=CARTESIAN_POINT('',(72.6265269227898,-8.24611972339719,37.0180515937815));
#1829=CARTESIAN_POINT('',(72.4481207184542,-8.06771351906158,37.0180515937815));
#1830=CARTESIAN_POINT('',(71.9941362292936,-6.97169800822266,44.2680515937812));
#1831=CARTESIAN_POINT('',(71.9941362292936,-7.61372902990074,44.2680515937812));
#1832=CARTESIAN_POINT('',(72.4481207184542,-8.06771351906157,44.2680515937812));
#1833=CARTESIAN_POINT('',(71.9941362292936,-6.97169800822266,44.2680515937812));
#1834=CARTESIAN_POINT('',(71.9941362292936,-6.97169800822266,47.0180515937822));
#1835=CARTESIAN_POINT('',(72.4481207184542,-8.06771351906156,47.0180515937822));
#1836=CARTESIAN_POINT('',(71.9941362292936,-7.61372902990074,47.0180515937821));
#1837=CARTESIAN_POINT('',(71.9941362292936,-6.97169800822266,47.0180515937822));
#1838=CARTESIAN_POINT('',(71.9941362292936,-6.97169800822267,37.0180515937815));
#1839=CARTESIAN_POINT('',(71.9941362292936,-6.97169800822267,39.268051593787));
#1840=CARTESIAN_POINT('',(72.4481207184542,-8.06771351906158,39.2680515937855));
#1841=CARTESIAN_POINT('',(71.9941362292935,-7.61372902990078,39.2680515937863));
#1842=CARTESIAN_POINT('',(71.9941362292936,-6.97169800822267,39.268051593787));
#1843=CARTESIAN_POINT('',(72.4481207184542,-8.06771351906158,37.0180515937815));
#1844=CARTESIAN_POINT('',(71.9941362292935,-7.61372902990078,37.0180515937815));
#1845=CARTESIAN_POINT('',(71.9941362292936,-6.97169800822267,37.0180515937815));
#1846=CARTESIAN_POINT('',(71.9941362292936,-6.26406931148657,44.2680515937812));
#1847=CARTESIAN_POINT('',(71.9941362292936,-6.26406931148655,47.0180515937822));
#1848=CARTESIAN_POINT('',(71.9941362292936,-6.97169800822267,37.0180515937815));
#1849=CARTESIAN_POINT('',(71.9941362292936,-6.26406931148658,37.0180515937815));
#1850=CARTESIAN_POINT('',(71.9941362292936,-6.26406931148658,37.0180515937815));
#1851=CARTESIAN_POINT('',(71.9941362292936,-6.26406931148658,39.268051593788));
#1852=CARTESIAN_POINT('',(71.1464140122543,-5.46549396125359,37.0180515937815));
#1853=CARTESIAN_POINT('',(71.1464140122543,-5.46549396125359,39.2680515937891));
#1854=CARTESIAN_POINT('',(71.9941362292936,-6.26406931148658,39.268051593788));
#1855=CARTESIAN_POINT('',(71.9941362292938,-5.91862461090284,39.2680515937883));
#1856=CARTESIAN_POINT('',(71.7426898849959,-5.68175591921774,39.2680515937886));
#1857=CARTESIAN_POINT('',(71.4912435406981,-5.44488722753262,39.2680515937889));
#1858=CARTESIAN_POINT('',(71.1464140122543,-5.46549396125359,39.2680515937891));
#1859=CARTESIAN_POINT('',(71.9941362292936,-6.26406931148658,37.0180515937815));
#1860=CARTESIAN_POINT('',(71.9941362292938,-5.91862461090285,37.0180515937815));
#1861=CARTESIAN_POINT('',(71.7426898849959,-5.68175591921774,37.0180515937815));
#1862=CARTESIAN_POINT('',(71.4912435406981,-5.44488722753263,37.0180515937815));
#1863=CARTESIAN_POINT('',(71.1464140122543,-5.46549396125359,37.0180515937815));
#1864=CARTESIAN_POINT('',(71.1464140122543,-5.46549396125359,44.2680515937812));
#1865=CARTESIAN_POINT('',(71.491243540698,-5.44488722753262,44.2680515937812));
#1866=CARTESIAN_POINT('',(71.7426898849959,-5.68175591921774,44.2680515937812));
#1867=CARTESIAN_POINT('',(71.9941362292938,-5.91862461090283,44.2680515937812));
#1868=CARTESIAN_POINT('',(71.9941362292936,-6.26406931148657,44.2680515937812));
#1869=CARTESIAN_POINT('',(71.1464140122543,-5.46549396125357,44.2680515937812));
#1870=CARTESIAN_POINT('',(71.1464140122543,-5.46549396125357,47.0180515937822));
#1871=CARTESIAN_POINT('',(71.9941362292936,-6.26406931148655,47.0180515937822));
#1872=CARTESIAN_POINT('',(71.9941362292938,-5.91862461090281,47.0180515937822));
#1873=CARTESIAN_POINT('',(71.7426898849959,-5.68175591921774,47.0180515937822));
#1874=CARTESIAN_POINT('',(71.491243540698,-5.44488722753261,47.0180515937822));
#1875=CARTESIAN_POINT('',(71.1464140122543,-5.46549396125359,47.0180515937822));
#1876=CARTESIAN_POINT('',(69.1126158008979,-5.58703208302856,44.2680515937812));
#1877=CARTESIAN_POINT('',(69.112615800898,-5.58703208302856,47.0180515937822));
#1878=CARTESIAN_POINT('',(69.1126158008979,-5.58703208302857,37.0180515937815));
#1879=CARTESIAN_POINT('',(69.1126158008979,-5.58703208302857,39.2680515937815));
#1880=CARTESIAN_POINT('',(67.0613195298709,-7.91006886866546,44.2680515937812));
#1881=CARTESIAN_POINT('',(67.0613195298709,-7.91006886866546,47.0180515937822));
#1882=CARTESIAN_POINT('',(66.902355399387,-10.4481002649767,44.2680515937812));
#1883=CARTESIAN_POINT('',(66.902355399387,-10.4481002649767,47.0180515937822));
#1884=CARTESIAN_POINT('',(69.902355399387,-23.6511227810836,39.0180515937815));
#1885=CARTESIAN_POINT('',(69.902355399387,-23.6511227810836,45.0180515937822));
#1886=CARTESIAN_POINT('',(69.902355399387,-36.1048964053306,39.0180515937816));
#1887=CARTESIAN_POINT('',(69.902355399387,-36.1048964053305,45.0180515937823));
#1888=CARTESIAN_POINT('',(69.902355399387,-27.3870971543236,39.0180515937815));
#1889=CARTESIAN_POINT('',(69.902355399387,-27.3870971543236,45.0180515937823));
#1890=CARTESIAN_POINT('',(70.1952486182,-36.8120031865166,39.0180515937816));
#1891=CARTESIAN_POINT('',(70.1952486182,-36.8120031865166,45.0180515937823));
#1892=CARTESIAN_POINT('',(71.609462180574,-38.2262167488906,45.0180515937823));
#1893=CARTESIAN_POINT('',(71.609462180574,-38.2262167488906,39.0180515937816));
#1894=CARTESIAN_POINT('',(68.3327346307466,-13.6897353530921,46.0745287709102));
#1895=CARTESIAN_POINT('',(68.3437374259821,-13.6973778435519,46.0660008560622));
#1896=CARTESIAN_POINT('',(68.3548326606577,-13.7049626824165,46.0575372720632));
#1897=CARTESIAN_POINT('',(68.3660225115664,-13.7124824608196,46.0491462861372));
#1898=CARTESIAN_POINT('',(73.7941359884649,-13.6897353530921,46.0745287709102));
#1899=CARTESIAN_POINT('',(73.7941359884649,-13.7124824608196,46.0491462861372));
#1900=CARTESIAN_POINT('',(73.7941359884649,-13.6897353530921,46.0745287709102));
#1901=CARTESIAN_POINT('',(68.3327346307466,-13.6897353530921,46.0745287709102));
#1902=CARTESIAN_POINT('',(73.794135988465,-11.4499676733798,47.0180515937822));
#1903=CARTESIAN_POINT('',(73.7941362292928,-12.8441748745586,47.0180515937822));
#1904=CARTESIAN_POINT('',(73.7941359884649,-13.6897353530921,46.0745287709102));
#1905=CARTESIAN_POINT('',(66.902355399387,-11.4499676733798,37.0180515937803));
#1906=CARTESIAN_POINT('',(66.902355399387,-10.4481002649767,37.0180515937815));
#1907=CARTESIAN_POINT('',(67.0613195298709,-7.91006886866548,37.0180515937815));
#1908=CARTESIAN_POINT('',(67.0295267037741,-8.41767514792858,37.0180515937815));
#1909=CARTESIAN_POINT('',(66.9977338776773,-8.92528142719058,37.0180515937815));
#1910=CARTESIAN_POINT('',(66.9659410515806,-9.43288770645258,37.0180515937815));
#1911=CARTESIAN_POINT('',(66.9341482254838,-9.94049398571458,37.0180515937815));
#1912=CARTESIAN_POINT('',(66.902355399387,-10.4481002649767,37.0180515937815));
#1913=CARTESIAN_POINT('',(69.1126158008979,-5.58703208302857,37.0180515937815));
#1914=CARTESIAN_POINT('',(67.0613195298721,-5.84287898206339,37.0180515937809));
#1915=CARTESIAN_POINT('',(67.0613195298709,-7.91006886866548,37.0180515937815));
#1916=CARTESIAN_POINT('',(71.1464140122543,-5.46549396125359,37.0180515937815));
#1917=CARTESIAN_POINT('',(70.7396543700756,-5.48980158709888,37.0180515937815));
#1918=CARTESIAN_POINT('',(70.3328947278969,-5.51410921294418,37.0180515937815));
#1919=CARTESIAN_POINT('',(69.9261350857182,-5.53841683878949,37.0180515937815));
#1920=CARTESIAN_POINT('',(69.5193754435395,-5.56272446463478,37.0180515937815));
#1921=CARTESIAN_POINT('',(69.1126158008979,-5.58703208302857,37.0180515937815));
#1922=CARTESIAN_POINT('',(73.7941359884649,-10.0557600515786,37.0180515937815));
#1923=CARTESIAN_POINT('',(73.7941361690857,-9.41372902990047,37.0180515937815));
#1924=CARTESIAN_POINT('',(73.3401517401322,-8.95974454073958,37.0180515937815));
#1925=CARTESIAN_POINT('',(73.7941359884649,-11.4499676733798,37.0180515937803));
#1926=CARTESIAN_POINT('',(73.7941359884649,-11.1711261490195,37.0180515937806));
#1927=CARTESIAN_POINT('',(73.7941359884649,-10.8922846246593,37.0180515937808));
#1928=CARTESIAN_POINT('',(73.7941359884649,-10.6134431002991,37.0180515937811));
#1929=CARTESIAN_POINT('',(73.7941359884649,-10.3346015759388,37.0180515937813));
#1930=CARTESIAN_POINT('',(73.7941359884649,-10.0557600515786,37.0180515937815));
#1931=CARTESIAN_POINT('',(73.7941359884649,-11.4499676733798,37.0180515937803));
#1932=CARTESIAN_POINT('',(66.902355399387,-11.4499676733798,37.0180515937803));
#1933=CARTESIAN_POINT('',(73.7941359884649,-13.6897353530921,37.9615744166517));
#1934=CARTESIAN_POINT('',(73.7941362292928,-12.8441752905469,37.01805159378));
#1935=CARTESIAN_POINT('',(73.7941359884649,-11.4499676733798,37.0180515937803));
#1936=CARTESIAN_POINT('',(69.902355399387,-15.4450688303486,38.9640668726277));
#1937=CARTESIAN_POINT('',(69.9023553988553,-15.224996268604,38.9224503243942));
#1938=CARTESIAN_POINT('',(69.902485535278,-15.0085445488095,38.8564775699199));
#1939=CARTESIAN_POINT('',(69.8729470523365,-14.8037670519203,38.7690417525775));
#1940=CARTESIAN_POINT('',(69.8729470501657,-14.803767036871,38.7690417461518));
#1941=CARTESIAN_POINT('',(69.8729470479949,-14.8037670218217,38.7690417397261));
#1942=CARTESIAN_POINT('',(69.8581232832708,-14.7010003067205,38.7251624429227));
#1943=CARTESIAN_POINT('',(69.8355857090266,-14.6007287204446,38.6756038432936));
#1944=CARTESIAN_POINT('',(69.8002540996314,-14.5071597750619,38.6232392361878));
#1945=CARTESIAN_POINT('',(69.8002540888183,-14.5071597464255,38.6232392201618));
#1946=CARTESIAN_POINT('',(69.8002540780052,-14.5071597177891,38.6232392041358));
#1947=CARTESIAN_POINT('',(69.7647290437699,-14.4130785467537,38.5705879324319));
#1948=CARTESIAN_POINT('',(69.7162991999654,-14.326018845267,38.5152158425076));
#1949=CARTESIAN_POINT('',(69.649447345536,-14.2503420557296,38.4625517058044));
#1950=CARTESIAN_POINT('',(69.6494473103494,-14.2503420158982,38.4625516780853));
#1951=CARTESIAN_POINT('',(69.6494472751628,-14.2503419760667,38.4625516503662));
#1952=CARTESIAN_POINT('',(69.5801809241431,-14.1719319924336,38.4079854561963));
#1953=CARTESIAN_POINT('',(69.495509479394,-14.1105681639061,38.3600943473354));
#1954=CARTESIAN_POINT('',(69.3940456495763,-14.0638133413277,38.3220275186778));
#1955=CARTESIAN_POINT('',(69.3940455836039,-14.0638133109274,38.3220274939265));
#1956=CARTESIAN_POINT('',(69.3940455176315,-14.0638132805271,38.3220274691752));
#1957=CARTESIAN_POINT('',(69.2936943038608,-14.0175711833424,38.284378088719));
#1958=CARTESIAN_POINT('',(69.1840295200486,-13.9887831398279,38.2590726856701));
#1959=CARTESIAN_POINT('',(69.0704820240369,-13.970148975832,38.2426321199385));
#1960=CARTESIAN_POINT('',(69.0704819458707,-13.9701489630042,38.2426321086208));
#1961=CARTESIAN_POINT('',(69.0704818677046,-13.9701489501764,38.2426320973031));
#1962=CARTESIAN_POINT('',(69.0324726934771,-13.9639113082791,38.2371287453278));
#1963=CARTESIAN_POINT('',(68.9937677113784,-13.9587824950308,38.2325891007276));
#1964=CARTESIAN_POINT('',(68.9545925558931,-13.9545654440149,38.2288443986223));
#1965=CARTESIAN_POINT('',(68.93282672384,-13.9522421853401,38.2267422990389));
#1966=CARTESIAN_POINT('',(68.9109157521672,-13.9502004688062,38.2248854979124));
#1967=CARTESIAN_POINT('',(68.8888983530589,-13.9484064681642,38.2232450843518));
#1968=CARTESIAN_POINT('',(69.902355399387,-15.4450688303486,45.0720363149352));
#1969=CARTESIAN_POINT('',(69.902355399387,-15.4450688303486,38.9640668726277));
#1970=CARTESIAN_POINT('',(68.8888983530642,-13.948406468165,45.8128581032112));
#1971=CARTESIAN_POINT('',(68.9109158808534,-13.9502000005247,45.8112180989342));
#1972=CARTESIAN_POINT('',(68.9328268784868,-13.9522416846275,45.8093613255752));
#1973=CARTESIAN_POINT('',(68.9545925558931,-13.9545654440149,45.8072587889412));
#1974=CARTESIAN_POINT('',(68.9937677113784,-13.9587824950308,45.8035140868362));
#1975=CARTESIAN_POINT('',(69.0324726934772,-13.9639113082791,45.7989744422352));
#1976=CARTESIAN_POINT('',(69.0704818677046,-13.9701489501765,45.7934710902602));
#1977=CARTESIAN_POINT('',(69.0704819458708,-13.9701489630042,45.7934710789422));
#1978=CARTESIAN_POINT('',(69.0704820240369,-13.970148975832,45.7934710676252));
#1979=CARTESIAN_POINT('',(69.1840295200487,-13.9887831398279,45.7770305018932));
#1980=CARTESIAN_POINT('',(69.2936943038609,-14.0175711833425,45.7517250988442));
#1981=CARTESIAN_POINT('',(69.3940455176315,-14.0638132805272,45.7140757183882));
#1982=CARTESIAN_POINT('',(69.3940455836039,-14.0638133109274,45.7140756936372));
#1983=CARTESIAN_POINT('',(69.3940456495764,-14.0638133413277,45.7140756688852));
#1984=CARTESIAN_POINT('',(69.495509479394,-14.1105681639061,45.6760088402282));
#1985=CARTESIAN_POINT('',(69.5801809241432,-14.1719319924336,45.6281177313672));
#1986=CARTESIAN_POINT('',(69.6494472751629,-14.2503419760667,45.5735515371972));
#1987=CARTESIAN_POINT('',(69.6494473103494,-14.2503420158982,45.5735515094782));
#1988=CARTESIAN_POINT('',(69.649447345536,-14.2503420557296,45.5735514817592));
#1989=CARTESIAN_POINT('',(69.7162991999654,-14.3260188452669,45.5208873450552));
#1990=CARTESIAN_POINT('',(69.7647290437699,-14.4130785467537,45.4655152551312));
#1991=CARTESIAN_POINT('',(69.8002540780052,-14.507159717789,45.4128639834272));
#1992=CARTESIAN_POINT('',(69.8002540888183,-14.5071597464255,45.4128639674012));
#1993=CARTESIAN_POINT('',(69.8002540996314,-14.5071597750619,45.4128639513752));
#1994=CARTESIAN_POINT('',(69.8355857090267,-14.6007287204447,45.3604993442692));
#1995=CARTESIAN_POINT('',(69.8581232832708,-14.7010003067205,45.3109407446402));
#1996=CARTESIAN_POINT('',(69.8729470479949,-14.8037670218219,45.2670614478372));
#1997=CARTESIAN_POINT('',(69.8729470501657,-14.8037670368711,45.2670614414112));
#1998=CARTESIAN_POINT('',(69.8729470523365,-14.8037670519203,45.2670614349852));
#1999=CARTESIAN_POINT('',(69.9024855352781,-15.0085445488094,45.1796256176432));
#2000=CARTESIAN_POINT('',(69.9023553988553,-15.224996268604,45.1136528631692));
#2001=CARTESIAN_POINT('',(69.902355399387,-15.4450688303486,45.0720363149352));
#2002=CARTESIAN_POINT('',(68.8888983530642,-13.948406468165,45.8128581032112));
#2003=CARTESIAN_POINT('',(68.8888983530589,-13.9484064681642,38.2232450843518));
#2004=CARTESIAN_POINT('',(66.902355399387,-11.4499676733798,47.0180515937822));
#2005=CARTESIAN_POINT('',(66.902355399387,-11.6973078652883,47.0180515937822));
#2006=CARTESIAN_POINT('',(66.9740334733488,-11.9438181711935,46.9941605450562));
#2007=CARTESIAN_POINT('',(67.1658063791196,-12.3855879685577,46.9036154769782));
#2008=CARTESIAN_POINT('',(67.2909927664826,-12.5924280629489,46.8356267117082));
#2009=CARTESIAN_POINT('',(67.5587269552933,-12.96381018674,46.6664020402412));
#2010=CARTESIAN_POINT('',(67.7042484559657,-13.1329243555565,46.5637852459552));
#2011=CARTESIAN_POINT('',(68.0056632340389,-13.4355277453936,46.3347281792952));
#2012=CARTESIAN_POINT('',(68.1653506997774,-13.5734712778496,46.2042626762022));
#2013=CARTESIAN_POINT('',(68.3327346307466,-13.6897353530921,46.0745287709102));
#2014=CARTESIAN_POINT('',(66.902355399387,-11.4499676733798,44.1709954651232));
#2015=CARTESIAN_POINT('',(66.902355399387,-11.4499676733798,47.0180515937822));
#2016=CARTESIAN_POINT('',(67.2074211377445,-12.4396161063726,42.7430515937816));
#2017=CARTESIAN_POINT('',(67.2074211377445,-12.4396161063726,42.7822378392618));
#2018=CARTESIAN_POINT('',(67.2065671741957,-12.4381063877582,42.821378097139));
#2019=CARTESIAN_POINT('',(67.2031776635391,-12.4320808038112,42.899443681016));
#2020=CARTESIAN_POINT('',(67.2006460378445,-12.4275718032367,42.9382807029253));
#2021=CARTESIAN_POINT('',(67.1906514551634,-12.4096050889043,43.0540809314716));
#2022=CARTESIAN_POINT('',(67.180815340417,-12.391782532022,43.1298317724653));
#2023=CARTESIAN_POINT('',(67.1435262723135,-12.3216382535414,43.3512320146016));
#2024=CARTESIAN_POINT('',(67.1084543311465,-12.2532643439292,43.4892141926589));
#2025=CARTESIAN_POINT('',(67.0330191735693,-12.0798995243896,43.7383902206512));
#2026=CARTESIAN_POINT('',(66.9925104623218,-11.9747952573803,43.8498437384812));
#2027=CARTESIAN_POINT('',(66.9274460310142,-11.7341022995997,44.0382082824012));
#2028=CARTESIAN_POINT('',(66.902355399387,-11.5969166839619,44.1159026952582));
#2029=CARTESIAN_POINT('',(66.902355399387,-11.4499676733798,44.1709954651232));
#2030=CARTESIAN_POINT('',(66.902355399387,-11.4499676733798,39.3651077224396));
#2031=CARTESIAN_POINT('',(66.902355399387,-11.5969166839518,39.420200492301));
#2032=CARTESIAN_POINT('',(66.9274460310127,-11.7341022996098,39.4978949051681));
#2033=CARTESIAN_POINT('',(66.992510462317,-11.9747952573767,39.6862594490784));
#2034=CARTESIAN_POINT('',(67.033019173571,-12.0798995243936,39.7977129669182));
#2035=CARTESIAN_POINT('',(67.1084543311465,-12.2532643439291,40.0468889949042));
#2036=CARTESIAN_POINT('',(67.1435262723135,-12.3216382535414,40.1848711729618));
#2037=CARTESIAN_POINT('',(67.1808153404162,-12.3917825320203,40.4062714150928));
#2038=CARTESIAN_POINT('',(67.1906514552196,-12.409605088903,40.4820222560931));
#2039=CARTESIAN_POINT('',(67.2006460378666,-12.4275718031741,40.5978224842436));
#2040=CARTESIAN_POINT('',(67.2031776635576,-12.4320808038419,40.6366595069444));
#2041=CARTESIAN_POINT('',(67.2065671741965,-12.4381063877575,40.7147250904144));
#2042=CARTESIAN_POINT('',(67.2074211377445,-12.4396161063726,40.7538653483117));
#2043=CARTESIAN_POINT('',(67.2074211377445,-12.4396161063726,40.7930515937816));
#2044=CARTESIAN_POINT('',(66.902355399387,-11.4499676733798,37.0180515937803));
#2045=CARTESIAN_POINT('',(66.902355399387,-11.4499676733798,39.3651077224396));
#2046=CARTESIAN_POINT('',(68.3327346307466,-13.6897353530921,37.9615744166517));
#2047=CARTESIAN_POINT('',(68.1653506997774,-13.5734712778497,37.8318405113604));
#2048=CARTESIAN_POINT('',(68.0056632340388,-13.4355277453935,37.7013750082674));
#2049=CARTESIAN_POINT('',(67.7042484559659,-13.1329243555567,37.4723179416076));
#2050=CARTESIAN_POINT('',(67.5587269552931,-12.9638101867397,37.3697011473205));
#2051=CARTESIAN_POINT('',(67.2909927664826,-12.592428062949,37.2004764758538));
#2052=CARTESIAN_POINT('',(67.1658063791196,-12.3855879685575,37.1324877105844));
#2053=CARTESIAN_POINT('',(66.9740334733487,-11.9438181711935,37.0419426425057));
#2054=CARTESIAN_POINT('',(66.902355399387,-11.6973078652883,37.0180515937804));
#2055=CARTESIAN_POINT('',(66.902355399387,-11.4499676733798,37.0180515937803));
#2056=CARTESIAN_POINT('',(67.4304942394122,-7.91006886866555,47.0180515937822));
#2057=CARTESIAN_POINT('',(68.402355399387,-7.91006886866546,45.6821949485872));
#2058=CARTESIAN_POINT('',(70.402355399387,-7.91006886866546,45.6821949485872));
#2059=CARTESIAN_POINT('',(71.3742165593618,-7.91006886866555,47.0180515937822));
#2060=CARTESIAN_POINT('',(67.4304942394122,-7.91006886866555,47.0180515937822));
#2061=CARTESIAN_POINT('',(67.4304942394117,-5.93820770869027,47.0180515937822));
#2062=CARTESIAN_POINT('',(69.402355399387,-5.93820770869029,47.0180515937822));
#2063=CARTESIAN_POINT('',(71.3742165593623,-5.93820770869027,47.0180515937822));
#2064=CARTESIAN_POINT('',(71.3742165593618,-7.91006886866555,47.0180515937822));
#2065=CARTESIAN_POINT('',(71.3742165593618,-7.91006886866555,47.0180515937822));
#2066=CARTESIAN_POINT('',(71.3742165593612,-9.88193002863978,47.0180515937822));
#2067=CARTESIAN_POINT('',(69.402355399387,-9.88193002863977,47.0180515937822));
#2068=CARTESIAN_POINT('',(67.4304942394128,-9.88193002863978,47.0180515937822));
#2069=CARTESIAN_POINT('',(67.4304942394122,-7.91006886866555,47.0180515937822));
#2070=CARTESIAN_POINT('',(0.,0.,0.));
ENDSEC;
END-ISO-10303-21;
