ISO-10303-21;
HEADER;
/* Generated by software containing ST-Developer
 * from STEP Tools, Inc. (www.steptools.com) 
 */
/* OPTION: using custom schema-name function */

FILE_DESCRIPTION(
/* description */ (''),
/* implementation_level */ '2;1');

FILE_NAME(
/* name */ 'HIngeB_mod3',
/* time_stamp */ '2026-03-05T19:26:27+03:00',
/* author */ (''),
/* organization */ (''),
/* preprocessor_version */ 'ST-DEVELOPER v16.5',
/* originating_system */ 'Rhino 7.23',
/* authorisation */ '');

FILE_SCHEMA (('CONFIG_CONTROL_DESIGN'));
ENDSEC;

DATA;
#10=SHAPE_REPRESENTATION_RELATIONSHIP('','',#1164,#12);
#11=MANIFOLD_SOLID_BREP('brep_1',#13);
#12=ADVANCED_BREP_SHAPE_REPRESENTATION('brep_rep_0',(#11,#1206),#1163);
#13=CLOSED_SHELL('',(#22,#23,#24,#25,#26,#27,#28,#29,#30,#31,#32,#33,#34,
#35,#36,#37,#38,#39,#40,#41,#42,#43,#44,#45,#46,#47,#48,#49,#50,#51,#52,
#53,#54,#55,#56,#57,#58,#59,#60,#61,#62,#63,#64,#65,#66,#67,#68,#69,#70,
#71,#72,#73,#74,#75,#76,#77,#78,#79,#80,#81,#82,#83));
#14=FACE_BOUND('',#169,.T.);
#15=FACE_BOUND('',#187,.T.);
#16=FACE_BOUND('',#192,.T.);
#17=FACE_BOUND('',#194,.T.);
#18=FACE_BOUND('',#203,.T.);
#19=FACE_BOUND('',#208,.T.);
#20=FACE_BOUND('',#209,.T.);
#21=FACE_BOUND('',#211,.T.);
#22=ADVANCED_FACE('',(#84),#1034,.T.);
#23=ADVANCED_FACE('',(#85),#1035,.T.);
#24=ADVANCED_FACE('',(#86),#1036,.T.);
#25=ADVANCED_FACE('',(#87),#1037,.T.);
#26=ADVANCED_FACE('',(#88),#1038,.T.);
#27=ADVANCED_FACE('',(#89),#1039,.T.);
#28=ADVANCED_FACE('',(#90),#1040,.T.);
#29=ADVANCED_FACE('',(#91),#1041,.T.);
#30=ADVANCED_FACE('',(#92),#1048,.T.);
#31=ADVANCED_FACE('',(#93),#1042,.T.);
#32=ADVANCED_FACE('',(#94),#1016,.F.);
#33=ADVANCED_FACE('',(#95),#1017,.F.);
#34=ADVANCED_FACE('',(#96),#1066,.T.);
#35=ADVANCED_FACE('',(#97),#1026,.T.);
#36=ADVANCED_FACE('',(#98),#1018,.T.);
#37=ADVANCED_FACE('',(#99),#1019,.T.);
#38=ADVANCED_FACE('',(#100),#1067,.T.);
#39=ADVANCED_FACE('',(#101),#1068,.T.);
#40=ADVANCED_FACE('',(#102),#1069,.T.);
#41=ADVANCED_FACE('',(#103),#1027,.T.);
#42=ADVANCED_FACE('',(#104),#1070,.T.);
#43=ADVANCED_FACE('',(#105),#1071,.T.);
#44=ADVANCED_FACE('',(#106,#14),#1072,.T.);
#45=ADVANCED_FACE('',(#107),#1043,.T.);
#46=ADVANCED_FACE('',(#108),#1020,.F.);
#47=ADVANCED_FACE('',(#109),#1044,.T.);
#48=ADVANCED_FACE('',(#110),#1021,.F.);
#49=ADVANCED_FACE('',(#111),#1045,.T.);
#50=ADVANCED_FACE('',(#112),#1022,.F.);
#51=ADVANCED_FACE('',(#113),#1023,.F.);
#52=ADVANCED_FACE('',(#114),#1046,.T.);
#53=ADVANCED_FACE('',(#115),#1024,.F.);
#54=ADVANCED_FACE('',(#116),#1047,.T.);
#55=ADVANCED_FACE('',(#117),#1025,.F.);
#56=ADVANCED_FACE('',(#118),#1073,.T.);
#57=ADVANCED_FACE('',(#119),#1028,.T.);
#58=ADVANCED_FACE('',(#120),#1029,.T.);
#59=ADVANCED_FACE('',(#121),#1030,.T.);
#60=ADVANCED_FACE('',(#122),#1031,.T.);
#61=ADVANCED_FACE('',(#123,#15),#1074,.T.);
#62=ADVANCED_FACE('',(#124),#1077,.T.);
#63=ADVANCED_FACE('',(#125),#1051,.T.);
#64=ADVANCED_FACE('',(#126),#1075,.T.);
#65=ADVANCED_FACE('',(#127,#16),#1052,.T.);
#66=ADVANCED_FACE('',(#128,#17),#1053,.T.);
#67=ADVANCED_FACE('',(#129),#1054,.T.);
#68=ADVANCED_FACE('',(#130),#1032,.T.);
#69=ADVANCED_FACE('',(#131),#1033,.T.);
#70=ADVANCED_FACE('',(#132),#1055,.T.);
#71=ADVANCED_FACE('',(#133),#1056,.T.);
#72=ADVANCED_FACE('',(#134),#1057,.T.);
#73=ADVANCED_FACE('',(#135),#1058,.T.);
#74=ADVANCED_FACE('',(#136,#18),#1059,.T.);
#75=ADVANCED_FACE('',(#137),#1060,.T.);
#76=ADVANCED_FACE('',(#138),#1049,.T.);
#77=ADVANCED_FACE('',(#139),#1050,.T.);
#78=ADVANCED_FACE('',(#140,#19,#20),#1064,.T.);
#79=ADVANCED_FACE('',(#141,#21),#1065,.T.);
#80=ADVANCED_FACE('',(#142),#1061,.T.);
#81=ADVANCED_FACE('',(#143),#1062,.T.);
#82=ADVANCED_FACE('',(#144),#1063,.T.);
#83=ADVANCED_FACE('',(#145),#1076,.T.);
#84=FACE_OUTER_BOUND('',#146,.T.);
#85=FACE_OUTER_BOUND('',#147,.T.);
#86=FACE_OUTER_BOUND('',#148,.T.);
#87=FACE_OUTER_BOUND('',#149,.T.);
#88=FACE_OUTER_BOUND('',#150,.T.);
#89=FACE_OUTER_BOUND('',#151,.T.);
#90=FACE_OUTER_BOUND('',#152,.T.);
#91=FACE_OUTER_BOUND('',#153,.T.);
#92=FACE_OUTER_BOUND('',#154,.T.);
#93=FACE_OUTER_BOUND('',#155,.T.);
#94=FACE_OUTER_BOUND('',#156,.T.);
#95=FACE_OUTER_BOUND('',#157,.T.);
#96=FACE_OUTER_BOUND('',#158,.T.);
#97=FACE_OUTER_BOUND('',#159,.T.);
#98=FACE_OUTER_BOUND('',#160,.T.);
#99=FACE_OUTER_BOUND('',#161,.T.);
#100=FACE_OUTER_BOUND('',#162,.T.);
#101=FACE_OUTER_BOUND('',#163,.T.);
#102=FACE_OUTER_BOUND('',#164,.T.);
#103=FACE_OUTER_BOUND('',#165,.T.);
#104=FACE_OUTER_BOUND('',#166,.T.);
#105=FACE_OUTER_BOUND('',#167,.T.);
#106=FACE_OUTER_BOUND('',#168,.T.);
#107=FACE_OUTER_BOUND('',#170,.T.);
#108=FACE_OUTER_BOUND('',#171,.T.);
#109=FACE_OUTER_BOUND('',#172,.T.);
#110=FACE_OUTER_BOUND('',#173,.T.);
#111=FACE_OUTER_BOUND('',#174,.T.);
#112=FACE_OUTER_BOUND('',#175,.T.);
#113=FACE_OUTER_BOUND('',#176,.T.);
#114=FACE_OUTER_BOUND('',#177,.T.);
#115=FACE_OUTER_BOUND('',#178,.T.);
#116=FACE_OUTER_BOUND('',#179,.T.);
#117=FACE_OUTER_BOUND('',#180,.T.);
#118=FACE_OUTER_BOUND('',#181,.T.);
#119=FACE_OUTER_BOUND('',#182,.T.);
#120=FACE_OUTER_BOUND('',#183,.T.);
#121=FACE_OUTER_BOUND('',#184,.T.);
#122=FACE_OUTER_BOUND('',#185,.T.);
#123=FACE_OUTER_BOUND('',#186,.T.);
#124=FACE_OUTER_BOUND('',#188,.T.);
#125=FACE_OUTER_BOUND('',#189,.T.);
#126=FACE_OUTER_BOUND('',#190,.T.);
#127=FACE_OUTER_BOUND('',#191,.T.);
#128=FACE_OUTER_BOUND('',#193,.T.);
#129=FACE_OUTER_BOUND('',#195,.T.);
#130=FACE_OUTER_BOUND('',#196,.T.);
#131=FACE_OUTER_BOUND('',#197,.T.);
#132=FACE_OUTER_BOUND('',#198,.T.);
#133=FACE_OUTER_BOUND('',#199,.T.);
#134=FACE_OUTER_BOUND('',#200,.T.);
#135=FACE_OUTER_BOUND('',#201,.T.);
#136=FACE_OUTER_BOUND('',#202,.T.);
#137=FACE_OUTER_BOUND('',#204,.T.);
#138=FACE_OUTER_BOUND('',#205,.T.);
#139=FACE_OUTER_BOUND('',#206,.T.);
#140=FACE_OUTER_BOUND('',#207,.T.);
#141=FACE_OUTER_BOUND('',#210,.T.);
#142=FACE_OUTER_BOUND('',#212,.T.);
#143=FACE_OUTER_BOUND('',#213,.T.);
#144=FACE_OUTER_BOUND('',#214,.T.);
#145=FACE_OUTER_BOUND('',#215,.T.);
#146=EDGE_LOOP('',(#216,#217,#218,#219));
#147=EDGE_LOOP('',(#220,#221,#222,#223));
#148=EDGE_LOOP('',(#224,#225,#226,#227));
#149=EDGE_LOOP('',(#228,#229,#230,#231));
#150=EDGE_LOOP('',(#232,#233,#234,#235));
#151=EDGE_LOOP('',(#236,#237,#238,#239));
#152=EDGE_LOOP('',(#240,#241,#242,#243));
#153=EDGE_LOOP('',(#244,#245,#246,#247));
#154=EDGE_LOOP('',(#248,#249,#250,#251));
#155=EDGE_LOOP('',(#252,#253,#254,#255));
#156=EDGE_LOOP('',(#256,#257,#258,#259));
#157=EDGE_LOOP('',(#260,#261,#262,#263));
#158=EDGE_LOOP('',(#264,#265,#266,#267));
#159=EDGE_LOOP('',(#268,#269,#270,#271));
#160=EDGE_LOOP('',(#272,#273,#274,#275));
#161=EDGE_LOOP('',(#276,#277,#278,#279));
#162=EDGE_LOOP('',(#280,#281,#282,#283));
#163=EDGE_LOOP('',(#284,#285,#286,#287,#288,#289,#290,#291));
#164=EDGE_LOOP('',(#292,#293,#294,#295));
#165=EDGE_LOOP('',(#296,#297,#298,#299));
#166=EDGE_LOOP('',(#300,#301,#302,#303));
#167=EDGE_LOOP('',(#304,#305,#306,#307));
#168=EDGE_LOOP('',(#308,#309,#310,#311,#312,#313,#314,#315,#316,#317,#318,
#319,#320));
#169=EDGE_LOOP('',(#321,#322));
#170=EDGE_LOOP('',(#323,#324,#325,#326));
#171=EDGE_LOOP('',(#327,#328,#329,#330));
#172=EDGE_LOOP('',(#331,#332,#333,#334));
#173=EDGE_LOOP('',(#335,#336,#337,#338));
#174=EDGE_LOOP('',(#339,#340,#341,#342));
#175=EDGE_LOOP('',(#343,#344,#345,#346));
#176=EDGE_LOOP('',(#347,#348,#349,#350));
#177=EDGE_LOOP('',(#351,#352,#353,#354));
#178=EDGE_LOOP('',(#355,#356,#357,#358));
#179=EDGE_LOOP('',(#359,#360,#361,#362));
#180=EDGE_LOOP('',(#363,#364,#365,#366));
#181=EDGE_LOOP('',(#367,#368,#369,#370,#371,#372));
#182=EDGE_LOOP('',(#373,#374,#375,#376));
#183=EDGE_LOOP('',(#377,#378,#379,#380));
#184=EDGE_LOOP('',(#381,#382,#383,#384));
#185=EDGE_LOOP('',(#385,#386,#387,#388));
#186=EDGE_LOOP('',(#389,#390,#391,#392,#393,#394,#395,#396,#397,#398,#399,
#400,#401));
#187=EDGE_LOOP('',(#402,#403));
#188=EDGE_LOOP('',(#404,#405,#406,#407));
#189=EDGE_LOOP('',(#408,#409,#410,#411));
#190=EDGE_LOOP('',(#412,#413,#414,#415));
#191=EDGE_LOOP('',(#416,#417,#418,#419,#420,#421,#422,#423,#424));
#192=EDGE_LOOP('',(#425,#426));
#193=EDGE_LOOP('',(#427,#428,#429,#430,#431,#432,#433,#434,#435));
#194=EDGE_LOOP('',(#436,#437));
#195=EDGE_LOOP('',(#438,#439,#440,#441,#442,#443));
#196=EDGE_LOOP('',(#444,#445,#446,#447));
#197=EDGE_LOOP('',(#448,#449,#450,#451));
#198=EDGE_LOOP('',(#452,#453,#454,#455));
#199=EDGE_LOOP('',(#456,#457,#458,#459,#460,#461));
#200=EDGE_LOOP('',(#462,#463,#464,#465));
#201=EDGE_LOOP('',(#466,#467,#468,#469,#470,#471));
#202=EDGE_LOOP('',(#472,#473,#474,#475,#476,#477,#478,#479));
#203=EDGE_LOOP('',(#480,#481));
#204=EDGE_LOOP('',(#482,#483,#484,#485,#486,#487,#488,#489));
#205=EDGE_LOOP('',(#490,#491,#492,#493,#494));
#206=EDGE_LOOP('',(#495,#496,#497,#498,#499));
#207=EDGE_LOOP('',(#500,#501,#502,#503,#504,#505,#506,#507));
#208=EDGE_LOOP('',(#508,#509));
#209=EDGE_LOOP('',(#510,#511));
#210=EDGE_LOOP('',(#512,#513,#514,#515,#516,#517,#518,#519));
#211=EDGE_LOOP('',(#520,#521));
#212=EDGE_LOOP('',(#522,#523,#524,#525));
#213=EDGE_LOOP('',(#526,#527,#528,#529,#530,#531,#532,#533,#534,#535,#536,
#537,#538,#539));
#214=EDGE_LOOP('',(#540,#541,#542,#543,#544,#545,#546,#547,#548,#549,#550,
#551,#552,#553));
#215=EDGE_LOOP('',(#554,#555,#556,#557,#558,#559));
#216=ORIENTED_EDGE('',*,*,#561,.F.);
#217=ORIENTED_EDGE('',*,*,#564,.F.);
#218=ORIENTED_EDGE('',*,*,#565,.T.);
#219=ORIENTED_EDGE('',*,*,#566,.T.);
#220=ORIENTED_EDGE('',*,*,#560,.F.);
#221=ORIENTED_EDGE('',*,*,#570,.F.);
#222=ORIENTED_EDGE('',*,*,#571,.T.);
#223=ORIENTED_EDGE('',*,*,#572,.T.);
#224=ORIENTED_EDGE('',*,*,#562,.F.);
#225=ORIENTED_EDGE('',*,*,#574,.F.);
#226=ORIENTED_EDGE('',*,*,#575,.T.);
#227=ORIENTED_EDGE('',*,*,#576,.T.);
#228=ORIENTED_EDGE('',*,*,#563,.F.);
#229=ORIENTED_EDGE('',*,*,#578,.F.);
#230=ORIENTED_EDGE('',*,*,#579,.T.);
#231=ORIENTED_EDGE('',*,*,#580,.T.);
#232=ORIENTED_EDGE('',*,*,#587,.F.);
#233=ORIENTED_EDGE('',*,*,#586,.F.);
#234=ORIENTED_EDGE('',*,*,#585,.T.);
#235=ORIENTED_EDGE('',*,*,#582,.T.);
#236=ORIENTED_EDGE('',*,*,#593,.F.);
#237=ORIENTED_EDGE('',*,*,#592,.F.);
#238=ORIENTED_EDGE('',*,*,#591,.T.);
#239=ORIENTED_EDGE('',*,*,#581,.T.);
#240=ORIENTED_EDGE('',*,*,#597,.F.);
#241=ORIENTED_EDGE('',*,*,#596,.F.);
#242=ORIENTED_EDGE('',*,*,#595,.T.);
#243=ORIENTED_EDGE('',*,*,#583,.T.);
#244=ORIENTED_EDGE('',*,*,#601,.F.);
#245=ORIENTED_EDGE('',*,*,#600,.F.);
#246=ORIENTED_EDGE('',*,*,#599,.T.);
#247=ORIENTED_EDGE('',*,*,#584,.T.);
#248=ORIENTED_EDGE('',*,*,#603,.T.);
#249=ORIENTED_EDGE('',*,*,#604,.T.);
#250=ORIENTED_EDGE('',*,*,#605,.F.);
#251=ORIENTED_EDGE('',*,*,#602,.F.);
#252=ORIENTED_EDGE('',*,*,#606,.T.);
#253=ORIENTED_EDGE('',*,*,#607,.T.);
#254=ORIENTED_EDGE('',*,*,#608,.T.);
#255=ORIENTED_EDGE('',*,*,#609,.T.);
#256=ORIENTED_EDGE('',*,*,#611,.F.);
#257=ORIENTED_EDGE('',*,*,#612,.F.);
#258=ORIENTED_EDGE('',*,*,#613,.F.);
#259=ORIENTED_EDGE('',*,*,#610,.F.);
#260=ORIENTED_EDGE('',*,*,#615,.F.);
#261=ORIENTED_EDGE('',*,*,#616,.F.);
#262=ORIENTED_EDGE('',*,*,#617,.F.);
#263=ORIENTED_EDGE('',*,*,#614,.F.);
#264=ORIENTED_EDGE('',*,*,#618,.T.);
#265=ORIENTED_EDGE('',*,*,#619,.T.);
#266=ORIENTED_EDGE('',*,*,#620,.T.);
#267=ORIENTED_EDGE('',*,*,#621,.T.);
#268=ORIENTED_EDGE('',*,*,#623,.T.);
#269=ORIENTED_EDGE('',*,*,#624,.T.);
#270=ORIENTED_EDGE('',*,*,#618,.F.);
#271=ORIENTED_EDGE('',*,*,#625,.T.);
#272=ORIENTED_EDGE('',*,*,#693,.T.);
#273=ORIENTED_EDGE('',*,*,#626,.T.);
#274=ORIENTED_EDGE('',*,*,#627,.T.);
#275=ORIENTED_EDGE('',*,*,#628,.T.);
#276=ORIENTED_EDGE('',*,*,#695,.T.);
#277=ORIENTED_EDGE('',*,*,#629,.T.);
#278=ORIENTED_EDGE('',*,*,#630,.T.);
#279=ORIENTED_EDGE('',*,*,#631,.T.);
#280=ORIENTED_EDGE('',*,*,#632,.T.);
#281=ORIENTED_EDGE('',*,*,#628,.F.);
#282=ORIENTED_EDGE('',*,*,#633,.T.);
#283=ORIENTED_EDGE('',*,*,#634,.T.);
#284=ORIENTED_EDGE('',*,*,#635,.T.);
#285=ORIENTED_EDGE('',*,*,#634,.F.);
#286=ORIENTED_EDGE('',*,*,#636,.T.);
#287=ORIENTED_EDGE('',*,*,#623,.F.);
#288=ORIENTED_EDGE('',*,*,#637,.T.);
#289=ORIENTED_EDGE('',*,*,#638,.T.);
#290=ORIENTED_EDGE('',*,*,#639,.T.);
#291=ORIENTED_EDGE('',*,*,#640,.T.);
#292=ORIENTED_EDGE('',*,*,#629,.F.);
#293=ORIENTED_EDGE('',*,*,#641,.T.);
#294=ORIENTED_EDGE('',*,*,#638,.F.);
#295=ORIENTED_EDGE('',*,*,#642,.T.);
#296=ORIENTED_EDGE('',*,*,#643,.T.);
#297=ORIENTED_EDGE('',*,*,#640,.F.);
#298=ORIENTED_EDGE('',*,*,#644,.T.);
#299=ORIENTED_EDGE('',*,*,#645,.T.);
#300=ORIENTED_EDGE('',*,*,#702,.T.);
#301=ORIENTED_EDGE('',*,*,#697,.T.);
#302=ORIENTED_EDGE('',*,*,#626,.F.);
#303=ORIENTED_EDGE('',*,*,#646,.T.);
#304=ORIENTED_EDGE('',*,*,#703,.T.);
#305=ORIENTED_EDGE('',*,*,#698,.T.);
#306=ORIENTED_EDGE('',*,*,#631,.F.);
#307=ORIENTED_EDGE('',*,*,#647,.T.);
#308=ORIENTED_EDGE('',*,*,#675,.F.);
#309=ORIENTED_EDGE('',*,*,#674,.T.);
#310=ORIENTED_EDGE('',*,*,#622,.F.);
#311=ORIENTED_EDGE('',*,*,#619,.F.);
#312=ORIENTED_EDGE('',*,*,#624,.F.);
#313=ORIENTED_EDGE('',*,*,#636,.F.);
#314=ORIENTED_EDGE('',*,*,#633,.F.);
#315=ORIENTED_EDGE('',*,*,#627,.F.);
#316=ORIENTED_EDGE('',*,*,#697,.F.);
#317=ORIENTED_EDGE('',*,*,#707,.T.);
#318=ORIENTED_EDGE('',*,*,#699,.T.);
#319=ORIENTED_EDGE('',*,*,#690,.T.);
#320=ORIENTED_EDGE('',*,*,#714,.T.);
#321=ORIENTED_EDGE('',*,*,#612,.T.);
#322=ORIENTED_EDGE('',*,*,#665,.T.);
#323=ORIENTED_EDGE('',*,*,#648,.T.);
#324=ORIENTED_EDGE('',*,*,#649,.F.);
#325=ORIENTED_EDGE('',*,*,#650,.T.);
#326=ORIENTED_EDGE('',*,*,#651,.T.);
#327=ORIENTED_EDGE('',*,*,#668,.T.);
#328=ORIENTED_EDGE('',*,*,#653,.F.);
#329=ORIENTED_EDGE('',*,*,#654,.F.);
#330=ORIENTED_EDGE('',*,*,#652,.F.);
#331=ORIENTED_EDGE('',*,*,#655,.T.);
#332=ORIENTED_EDGE('',*,*,#656,.F.);
#333=ORIENTED_EDGE('',*,*,#657,.T.);
#334=ORIENTED_EDGE('',*,*,#658,.T.);
#335=ORIENTED_EDGE('',*,*,#660,.F.);
#336=ORIENTED_EDGE('',*,*,#661,.F.);
#337=ORIENTED_EDGE('',*,*,#662,.F.);
#338=ORIENTED_EDGE('',*,*,#659,.F.);
#339=ORIENTED_EDGE('',*,*,#614,.T.);
#340=ORIENTED_EDGE('',*,*,#608,.F.);
#341=ORIENTED_EDGE('',*,*,#663,.F.);
#342=ORIENTED_EDGE('',*,*,#606,.F.);
#343=ORIENTED_EDGE('',*,*,#664,.F.);
#344=ORIENTED_EDGE('',*,*,#613,.T.);
#345=ORIENTED_EDGE('',*,*,#665,.F.);
#346=ORIENTED_EDGE('',*,*,#611,.T.);
#347=ORIENTED_EDGE('',*,*,#609,.F.);
#348=ORIENTED_EDGE('',*,*,#617,.T.);
#349=ORIENTED_EDGE('',*,*,#666,.F.);
#350=ORIENTED_EDGE('',*,*,#615,.T.);
#351=ORIENTED_EDGE('',*,*,#652,.T.);
#352=ORIENTED_EDGE('',*,*,#650,.F.);
#353=ORIENTED_EDGE('',*,*,#667,.F.);
#354=ORIENTED_EDGE('',*,*,#648,.F.);
#355=ORIENTED_EDGE('',*,*,#651,.F.);
#356=ORIENTED_EDGE('',*,*,#654,.T.);
#357=ORIENTED_EDGE('',*,*,#669,.F.);
#358=ORIENTED_EDGE('',*,*,#668,.F.);
#359=ORIENTED_EDGE('',*,*,#659,.T.);
#360=ORIENTED_EDGE('',*,*,#657,.F.);
#361=ORIENTED_EDGE('',*,*,#670,.F.);
#362=ORIENTED_EDGE('',*,*,#655,.F.);
#363=ORIENTED_EDGE('',*,*,#658,.F.);
#364=ORIENTED_EDGE('',*,*,#662,.T.);
#365=ORIENTED_EDGE('',*,*,#671,.F.);
#366=ORIENTED_EDGE('',*,*,#660,.T.);
#367=ORIENTED_EDGE('',*,*,#686,.T.);
#368=ORIENTED_EDGE('',*,*,#620,.F.);
#369=ORIENTED_EDGE('',*,*,#622,.T.);
#370=ORIENTED_EDGE('',*,*,#672,.T.);
#371=ORIENTED_EDGE('',*,*,#676,.T.);
#372=ORIENTED_EDGE('',*,*,#683,.F.);
#373=ORIENTED_EDGE('',*,*,#678,.F.);
#374=ORIENTED_EDGE('',*,*,#560,.T.);
#375=ORIENTED_EDGE('',*,*,#679,.T.);
#376=ORIENTED_EDGE('',*,*,#581,.F.);
#377=ORIENTED_EDGE('',*,*,#677,.F.);
#378=ORIENTED_EDGE('',*,*,#561,.T.);
#379=ORIENTED_EDGE('',*,*,#687,.F.);
#380=ORIENTED_EDGE('',*,*,#582,.F.);
#381=ORIENTED_EDGE('',*,*,#680,.F.);
#382=ORIENTED_EDGE('',*,*,#562,.T.);
#383=ORIENTED_EDGE('',*,*,#681,.T.);
#384=ORIENTED_EDGE('',*,*,#583,.F.);
#385=ORIENTED_EDGE('',*,*,#682,.F.);
#386=ORIENTED_EDGE('',*,*,#563,.T.);
#387=ORIENTED_EDGE('',*,*,#688,.F.);
#388=ORIENTED_EDGE('',*,*,#584,.F.);
#389=ORIENTED_EDGE('',*,*,#710,.T.);
#390=ORIENTED_EDGE('',*,*,#700,.F.);
#391=ORIENTED_EDGE('',*,*,#708,.T.);
#392=ORIENTED_EDGE('',*,*,#647,.F.);
#393=ORIENTED_EDGE('',*,*,#630,.F.);
#394=ORIENTED_EDGE('',*,*,#642,.F.);
#395=ORIENTED_EDGE('',*,*,#637,.F.);
#396=ORIENTED_EDGE('',*,*,#625,.F.);
#397=ORIENTED_EDGE('',*,*,#621,.F.);
#398=ORIENTED_EDGE('',*,*,#686,.F.);
#399=ORIENTED_EDGE('',*,*,#685,.F.);
#400=ORIENTED_EDGE('',*,*,#711,.F.);
#401=ORIENTED_EDGE('',*,*,#715,.T.);
#402=ORIENTED_EDGE('',*,*,#607,.F.);
#403=ORIENTED_EDGE('',*,*,#663,.T.);
#404=ORIENTED_EDGE('',*,*,#700,.T.);
#405=ORIENTED_EDGE('',*,*,#689,.T.);
#406=ORIENTED_EDGE('',*,*,#691,.T.);
#407=ORIENTED_EDGE('',*,*,#704,.F.);
#408=ORIENTED_EDGE('',*,*,#701,.T.);
#409=ORIENTED_EDGE('',*,*,#692,.T.);
#410=ORIENTED_EDGE('',*,*,#699,.F.);
#411=ORIENTED_EDGE('',*,*,#705,.F.);
#412=ORIENTED_EDGE('',*,*,#694,.T.);
#413=ORIENTED_EDGE('',*,*,#645,.F.);
#414=ORIENTED_EDGE('',*,*,#696,.T.);
#415=ORIENTED_EDGE('',*,*,#603,.F.);
#416=ORIENTED_EDGE('',*,*,#646,.F.);
#417=ORIENTED_EDGE('',*,*,#693,.F.);
#418=ORIENTED_EDGE('',*,*,#632,.F.);
#419=ORIENTED_EDGE('',*,*,#635,.F.);
#420=ORIENTED_EDGE('',*,*,#643,.F.);
#421=ORIENTED_EDGE('',*,*,#694,.F.);
#422=ORIENTED_EDGE('',*,*,#602,.T.);
#423=ORIENTED_EDGE('',*,*,#701,.F.);
#424=ORIENTED_EDGE('',*,*,#706,.T.);
#425=ORIENTED_EDGE('',*,*,#610,.T.);
#426=ORIENTED_EDGE('',*,*,#664,.T.);
#427=ORIENTED_EDGE('',*,*,#709,.F.);
#428=ORIENTED_EDGE('',*,*,#691,.F.);
#429=ORIENTED_EDGE('',*,*,#604,.F.);
#430=ORIENTED_EDGE('',*,*,#696,.F.);
#431=ORIENTED_EDGE('',*,*,#644,.F.);
#432=ORIENTED_EDGE('',*,*,#639,.F.);
#433=ORIENTED_EDGE('',*,*,#641,.F.);
#434=ORIENTED_EDGE('',*,*,#695,.F.);
#435=ORIENTED_EDGE('',*,*,#698,.F.);
#436=ORIENTED_EDGE('',*,*,#616,.T.);
#437=ORIENTED_EDGE('',*,*,#666,.T.);
#438=ORIENTED_EDGE('',*,*,#690,.F.);
#439=ORIENTED_EDGE('',*,*,#692,.F.);
#440=ORIENTED_EDGE('',*,*,#605,.T.);
#441=ORIENTED_EDGE('',*,*,#689,.F.);
#442=ORIENTED_EDGE('',*,*,#710,.F.);
#443=ORIENTED_EDGE('',*,*,#713,.F.);
#444=ORIENTED_EDGE('',*,*,#706,.F.);
#445=ORIENTED_EDGE('',*,*,#705,.T.);
#446=ORIENTED_EDGE('',*,*,#707,.F.);
#447=ORIENTED_EDGE('',*,*,#702,.F.);
#448=ORIENTED_EDGE('',*,*,#708,.F.);
#449=ORIENTED_EDGE('',*,*,#704,.T.);
#450=ORIENTED_EDGE('',*,*,#709,.T.);
#451=ORIENTED_EDGE('',*,*,#703,.F.);
#452=ORIENTED_EDGE('',*,*,#714,.F.);
#453=ORIENTED_EDGE('',*,*,#713,.T.);
#454=ORIENTED_EDGE('',*,*,#715,.F.);
#455=ORIENTED_EDGE('',*,*,#712,.F.);
#456=ORIENTED_EDGE('',*,*,#687,.T.);
#457=ORIENTED_EDGE('',*,*,#566,.F.);
#458=ORIENTED_EDGE('',*,*,#567,.T.);
#459=ORIENTED_EDGE('',*,*,#716,.F.);
#460=ORIENTED_EDGE('',*,*,#588,.F.);
#461=ORIENTED_EDGE('',*,*,#587,.T.);
#462=ORIENTED_EDGE('',*,*,#568,.T.);
#463=ORIENTED_EDGE('',*,*,#717,.F.);
#464=ORIENTED_EDGE('',*,*,#589,.F.);
#465=ORIENTED_EDGE('',*,*,#716,.T.);
#466=ORIENTED_EDGE('',*,*,#569,.T.);
#467=ORIENTED_EDGE('',*,*,#570,.T.);
#468=ORIENTED_EDGE('',*,*,#678,.T.);
#469=ORIENTED_EDGE('',*,*,#591,.F.);
#470=ORIENTED_EDGE('',*,*,#590,.F.);
#471=ORIENTED_EDGE('',*,*,#717,.T.);
#472=ORIENTED_EDGE('',*,*,#679,.F.);
#473=ORIENTED_EDGE('',*,*,#572,.F.);
#474=ORIENTED_EDGE('',*,*,#573,.T.);
#475=ORIENTED_EDGE('',*,*,#574,.T.);
#476=ORIENTED_EDGE('',*,*,#680,.T.);
#477=ORIENTED_EDGE('',*,*,#595,.F.);
#478=ORIENTED_EDGE('',*,*,#594,.F.);
#479=ORIENTED_EDGE('',*,*,#593,.T.);
#480=ORIENTED_EDGE('',*,*,#653,.T.);
#481=ORIENTED_EDGE('',*,*,#669,.T.);
#482=ORIENTED_EDGE('',*,*,#681,.F.);
#483=ORIENTED_EDGE('',*,*,#576,.F.);
#484=ORIENTED_EDGE('',*,*,#577,.T.);
#485=ORIENTED_EDGE('',*,*,#578,.T.);
#486=ORIENTED_EDGE('',*,*,#682,.T.);
#487=ORIENTED_EDGE('',*,*,#599,.F.);
#488=ORIENTED_EDGE('',*,*,#598,.F.);
#489=ORIENTED_EDGE('',*,*,#597,.T.);
#490=ORIENTED_EDGE('',*,*,#720,.T.);
#491=ORIENTED_EDGE('',*,*,#673,.F.);
#492=ORIENTED_EDGE('',*,*,#672,.F.);
#493=ORIENTED_EDGE('',*,*,#674,.F.);
#494=ORIENTED_EDGE('',*,*,#721,.F.);
#495=ORIENTED_EDGE('',*,*,#722,.T.);
#496=ORIENTED_EDGE('',*,*,#685,.T.);
#497=ORIENTED_EDGE('',*,*,#683,.T.);
#498=ORIENTED_EDGE('',*,*,#684,.T.);
#499=ORIENTED_EDGE('',*,*,#719,.F.);
#500=ORIENTED_EDGE('',*,*,#725,.T.);
#501=ORIENTED_EDGE('',*,*,#721,.T.);
#502=ORIENTED_EDGE('',*,*,#675,.T.);
#503=ORIENTED_EDGE('',*,*,#712,.T.);
#504=ORIENTED_EDGE('',*,*,#711,.T.);
#505=ORIENTED_EDGE('',*,*,#722,.F.);
#506=ORIENTED_EDGE('',*,*,#723,.F.);
#507=ORIENTED_EDGE('',*,*,#718,.F.);
#508=ORIENTED_EDGE('',*,*,#656,.T.);
#509=ORIENTED_EDGE('',*,*,#670,.T.);
#510=ORIENTED_EDGE('',*,*,#649,.T.);
#511=ORIENTED_EDGE('',*,*,#667,.T.);
#512=ORIENTED_EDGE('',*,*,#726,.F.);
#513=ORIENTED_EDGE('',*,*,#564,.T.);
#514=ORIENTED_EDGE('',*,*,#677,.T.);
#515=ORIENTED_EDGE('',*,*,#585,.F.);
#516=ORIENTED_EDGE('',*,*,#724,.T.);
#517=ORIENTED_EDGE('',*,*,#684,.F.);
#518=ORIENTED_EDGE('',*,*,#676,.F.);
#519=ORIENTED_EDGE('',*,*,#673,.T.);
#520=ORIENTED_EDGE('',*,*,#661,.T.);
#521=ORIENTED_EDGE('',*,*,#671,.T.);
#522=ORIENTED_EDGE('',*,*,#727,.T.);
#523=ORIENTED_EDGE('',*,*,#730,.T.);
#524=ORIENTED_EDGE('',*,*,#718,.T.);
#525=ORIENTED_EDGE('',*,*,#731,.F.);
#526=ORIENTED_EDGE('',*,*,#731,.T.);
#527=ORIENTED_EDGE('',*,*,#723,.T.);
#528=ORIENTED_EDGE('',*,*,#719,.T.);
#529=ORIENTED_EDGE('',*,*,#724,.F.);
#530=ORIENTED_EDGE('',*,*,#586,.T.);
#531=ORIENTED_EDGE('',*,*,#588,.T.);
#532=ORIENTED_EDGE('',*,*,#589,.T.);
#533=ORIENTED_EDGE('',*,*,#590,.T.);
#534=ORIENTED_EDGE('',*,*,#592,.T.);
#535=ORIENTED_EDGE('',*,*,#594,.T.);
#536=ORIENTED_EDGE('',*,*,#596,.T.);
#537=ORIENTED_EDGE('',*,*,#598,.T.);
#538=ORIENTED_EDGE('',*,*,#600,.T.);
#539=ORIENTED_EDGE('',*,*,#728,.F.);
#540=ORIENTED_EDGE('',*,*,#729,.T.);
#541=ORIENTED_EDGE('',*,*,#579,.F.);
#542=ORIENTED_EDGE('',*,*,#577,.F.);
#543=ORIENTED_EDGE('',*,*,#575,.F.);
#544=ORIENTED_EDGE('',*,*,#573,.F.);
#545=ORIENTED_EDGE('',*,*,#571,.F.);
#546=ORIENTED_EDGE('',*,*,#569,.F.);
#547=ORIENTED_EDGE('',*,*,#568,.F.);
#548=ORIENTED_EDGE('',*,*,#567,.F.);
#549=ORIENTED_EDGE('',*,*,#565,.F.);
#550=ORIENTED_EDGE('',*,*,#726,.T.);
#551=ORIENTED_EDGE('',*,*,#720,.F.);
#552=ORIENTED_EDGE('',*,*,#725,.F.);
#553=ORIENTED_EDGE('',*,*,#730,.F.);
#554=ORIENTED_EDGE('',*,*,#729,.F.);
#555=ORIENTED_EDGE('',*,*,#727,.F.);
#556=ORIENTED_EDGE('',*,*,#728,.T.);
#557=ORIENTED_EDGE('',*,*,#601,.T.);
#558=ORIENTED_EDGE('',*,*,#688,.T.);
#559=ORIENTED_EDGE('',*,*,#580,.F.);
#560=EDGE_CURVE('',#905,#907,#772,.T.);
#561=EDGE_CURVE('',#904,#906,#773,.T.);
#562=EDGE_CURVE('',#908,#909,#774,.T.);
#563=EDGE_CURVE('',#910,#911,#775,.T.);
#564=EDGE_CURVE('',#913,#904,#776,.T.);
#565=EDGE_CURVE('',#913,#914,#777,.T.);
#566=EDGE_CURVE('',#914,#906,#778,.T.);
#567=EDGE_CURVE('',#914,#915,#779,.T.);
#568=EDGE_CURVE('',#915,#916,#780,.T.);
#569=EDGE_CURVE('',#916,#917,#781,.T.);
#570=EDGE_CURVE('',#917,#905,#782,.T.);
#571=EDGE_CURVE('',#917,#918,#783,.T.);
#572=EDGE_CURVE('',#918,#907,#784,.T.);
#573=EDGE_CURVE('',#918,#919,#785,.T.);
#574=EDGE_CURVE('',#919,#908,#786,.T.);
#575=EDGE_CURVE('',#919,#920,#787,.T.);
#576=EDGE_CURVE('',#920,#909,#788,.T.);
#577=EDGE_CURVE('',#920,#921,#789,.T.);
#578=EDGE_CURVE('',#921,#910,#790,.T.);
#579=EDGE_CURVE('',#921,#922,#791,.T.);
#580=EDGE_CURVE('',#922,#911,#792,.T.);
#581=EDGE_CURVE('',#924,#926,#793,.T.);
#582=EDGE_CURVE('',#923,#925,#794,.T.);
#583=EDGE_CURVE('',#927,#928,#795,.T.);
#584=EDGE_CURVE('',#929,#930,#796,.T.);
#585=EDGE_CURVE('',#932,#923,#797,.T.);
#586=EDGE_CURVE('',#932,#933,#798,.T.);
#587=EDGE_CURVE('',#933,#925,#799,.T.);
#588=EDGE_CURVE('',#933,#934,#800,.T.);
#589=EDGE_CURVE('',#934,#935,#801,.T.);
#590=EDGE_CURVE('',#935,#936,#802,.T.);
#591=EDGE_CURVE('',#936,#924,#803,.T.);
#592=EDGE_CURVE('',#936,#937,#804,.T.);
#593=EDGE_CURVE('',#937,#926,#805,.T.);
#594=EDGE_CURVE('',#937,#938,#806,.T.);
#595=EDGE_CURVE('',#938,#927,#807,.T.);
#596=EDGE_CURVE('',#938,#939,#808,.T.);
#597=EDGE_CURVE('',#939,#928,#809,.T.);
#598=EDGE_CURVE('',#939,#940,#810,.T.);
#599=EDGE_CURVE('',#940,#929,#811,.T.);
#600=EDGE_CURVE('',#940,#941,#812,.T.);
#601=EDGE_CURVE('',#941,#930,#813,.T.);
#602=EDGE_CURVE('',#942,#943,#814,.T.);
#603=EDGE_CURVE('',#942,#944,#815,.T.);
#604=EDGE_CURVE('',#944,#945,#816,.T.);
#605=EDGE_CURVE('',#943,#945,#817,.T.);
#606=EDGE_CURVE('',#950,#951,#732,.T.);
#607=EDGE_CURVE('',#951,#952,#733,.T.);
#608=EDGE_CURVE('',#952,#953,#734,.T.);
#609=EDGE_CURVE('',#953,#950,#735,.T.);
#610=EDGE_CURVE('',#954,#955,#736,.T.);
#611=EDGE_CURVE('',#956,#954,#737,.T.);
#612=EDGE_CURVE('',#957,#956,#738,.T.);
#613=EDGE_CURVE('',#955,#957,#739,.T.);
#614=EDGE_CURVE('',#950,#953,#740,.T.);
#615=EDGE_CURVE('',#958,#950,#741,.T.);
#616=EDGE_CURVE('',#959,#958,#742,.T.);
#617=EDGE_CURVE('',#953,#959,#743,.T.);
#618=EDGE_CURVE('',#960,#961,#818,.T.);
#619=EDGE_CURVE('',#961,#962,#819,.T.);
#620=EDGE_CURVE('',#962,#963,#820,.T.);
#621=EDGE_CURVE('',#963,#960,#821,.T.);
#622=EDGE_CURVE('',#962,#991,#822,.T.);
#623=EDGE_CURVE('',#964,#965,#823,.T.);
#624=EDGE_CURVE('',#965,#961,#824,.T.);
#625=EDGE_CURVE('',#960,#964,#825,.T.);
#626=EDGE_CURVE('',#971,#972,#826,.T.);
#627=EDGE_CURVE('',#972,#973,#744,.T.);
#628=EDGE_CURVE('',#973,#970,#827,.T.);
#629=EDGE_CURVE('',#975,#976,#828,.T.);
#630=EDGE_CURVE('',#976,#977,#745,.T.);
#631=EDGE_CURVE('',#977,#974,#829,.T.);
#632=EDGE_CURVE('',#978,#970,#830,.T.);
#633=EDGE_CURVE('',#973,#979,#831,.T.);
#634=EDGE_CURVE('',#979,#978,#832,.T.);
#635=EDGE_CURVE('',#980,#978,#833,.T.);
#636=EDGE_CURVE('',#979,#965,#834,.T.);
#637=EDGE_CURVE('',#964,#981,#835,.T.);
#638=EDGE_CURVE('',#981,#982,#836,.T.);
#639=EDGE_CURVE('',#982,#983,#837,.T.);
#640=EDGE_CURVE('',#983,#980,#838,.T.);
#641=EDGE_CURVE('',#975,#982,#839,.T.);
#642=EDGE_CURVE('',#981,#976,#840,.T.);
#643=EDGE_CURVE('',#984,#980,#841,.T.);
#644=EDGE_CURVE('',#983,#985,#842,.T.);
#645=EDGE_CURVE('',#985,#984,#843,.T.);
#646=EDGE_CURVE('',#971,#999,#844,.T.);
#647=EDGE_CURVE('',#977,#1001,#845,.T.);
#648=EDGE_CURVE('',#986,#946,#746,.T.);
#649=EDGE_CURVE('',#947,#946,#747,.T.);
#650=EDGE_CURVE('',#947,#987,#748,.T.);
#651=EDGE_CURVE('',#987,#986,#749,.T.);
#652=EDGE_CURVE('',#986,#987,#750,.T.);
#653=EDGE_CURVE('',#969,#968,#751,.T.);
#654=EDGE_CURVE('',#987,#969,#752,.T.);
#655=EDGE_CURVE('',#988,#948,#753,.T.);
#656=EDGE_CURVE('',#949,#948,#754,.T.);
#657=EDGE_CURVE('',#949,#989,#755,.T.);
#658=EDGE_CURVE('',#989,#988,#756,.T.);
#659=EDGE_CURVE('',#988,#989,#757,.T.);
#660=EDGE_CURVE('',#966,#988,#758,.T.);
#661=EDGE_CURVE('',#967,#966,#759,.T.);
#662=EDGE_CURVE('',#989,#967,#760,.T.);
#663=EDGE_CURVE('',#951,#952,#761,.T.);
#664=EDGE_CURVE('',#955,#954,#762,.T.);
#665=EDGE_CURVE('',#956,#957,#763,.T.);
#666=EDGE_CURVE('',#958,#959,#764,.T.);
#667=EDGE_CURVE('',#946,#947,#765,.T.);
#668=EDGE_CURVE('',#986,#968,#766,.T.);
#669=EDGE_CURVE('',#968,#969,#767,.T.);
#670=EDGE_CURVE('',#948,#949,#768,.T.);
#671=EDGE_CURVE('',#966,#967,#769,.T.);
#672=EDGE_CURVE('',#991,#992,#846,.T.);
#673=EDGE_CURVE('',#992,#1013,#847,.T.);
#674=EDGE_CURVE('',#990,#991,#848,.T.);
#675=EDGE_CURVE('',#990,#1006,#849,.T.);
#676=EDGE_CURVE('',#992,#995,#850,.T.);
#677=EDGE_CURVE('',#904,#923,#851,.T.);
#678=EDGE_CURVE('',#905,#924,#852,.T.);
#679=EDGE_CURVE('',#907,#926,#853,.T.);
#680=EDGE_CURVE('',#908,#927,#854,.T.);
#681=EDGE_CURVE('',#909,#928,#855,.T.);
#682=EDGE_CURVE('',#910,#929,#856,.T.);
#683=EDGE_CURVE('',#994,#995,#857,.T.);
#684=EDGE_CURVE('',#995,#1011,#858,.T.);
#685=EDGE_CURVE('',#993,#994,#859,.T.);
#686=EDGE_CURVE('',#994,#963,#860,.T.);
#687=EDGE_CURVE('',#925,#906,#861,.T.);
#688=EDGE_CURVE('',#930,#911,#862,.T.);
#689=EDGE_CURVE('',#997,#945,#863,.T.);
#690=EDGE_CURVE('',#996,#1007,#864,.T.);
#691=EDGE_CURVE('',#945,#1004,#865,.T.);
#692=EDGE_CURVE('',#943,#996,#866,.T.);
#693=EDGE_CURVE('',#970,#971,#770,.T.);
#694=EDGE_CURVE('',#942,#984,#867,.T.);
#695=EDGE_CURVE('',#974,#975,#771,.T.);
#696=EDGE_CURVE('',#985,#944,#868,.T.);
#697=EDGE_CURVE('',#998,#972,#869,.T.);
#698=EDGE_CURVE('',#1000,#974,#870,.T.);
#699=EDGE_CURVE('',#1002,#996,#871,.T.);
#700=EDGE_CURVE('',#1003,#997,#872,.T.);
#701=EDGE_CURVE('',#1005,#943,#873,.T.);
#702=EDGE_CURVE('',#999,#998,#874,.T.);
#703=EDGE_CURVE('',#1001,#1000,#875,.T.);
#704=EDGE_CURVE('',#1003,#1004,#876,.T.);
#705=EDGE_CURVE('',#1005,#1002,#877,.T.);
#706=EDGE_CURVE('',#1005,#999,#878,.T.);
#707=EDGE_CURVE('',#998,#1002,#879,.T.);
#708=EDGE_CURVE('',#1003,#1001,#880,.T.);
#709=EDGE_CURVE('',#1004,#1000,#881,.T.);
#710=EDGE_CURVE('',#1008,#997,#882,.T.);
#711=EDGE_CURVE('',#1009,#993,#883,.T.);
#712=EDGE_CURVE('',#1006,#1009,#884,.T.);
#713=EDGE_CURVE('',#1007,#1008,#885,.T.);
#714=EDGE_CURVE('',#1007,#1006,#886,.T.);
#715=EDGE_CURVE('',#1009,#1008,#887,.T.);
#716=EDGE_CURVE('',#934,#915,#888,.T.);
#717=EDGE_CURVE('',#935,#916,#889,.T.);
#718=EDGE_CURVE('',#912,#931,#890,.T.);
#719=EDGE_CURVE('',#1010,#1011,#891,.T.);
#720=EDGE_CURVE('',#1012,#1013,#892,.T.);
#721=EDGE_CURVE('',#1012,#990,#893,.T.);
#722=EDGE_CURVE('',#1010,#993,#894,.T.);
#723=EDGE_CURVE('',#931,#1010,#895,.T.);
#724=EDGE_CURVE('',#932,#1011,#896,.T.);
#725=EDGE_CURVE('',#912,#1012,#897,.T.);
#726=EDGE_CURVE('',#913,#1013,#898,.T.);
#727=EDGE_CURVE('',#1014,#1015,#899,.T.);
#728=EDGE_CURVE('',#1014,#941,#900,.T.);
#729=EDGE_CURVE('',#1015,#922,#901,.T.);
#730=EDGE_CURVE('',#1015,#912,#902,.T.);
#731=EDGE_CURVE('',#1014,#931,#903,.T.);
#732=(
BOUNDED_CURVE()
B_SPLINE_CURVE(1,(#1812,#1813),.UNSPECIFIED.,.F.,.F.)
B_SPLINE_CURVE_WITH_KNOTS((2,2),(0.,1.6586251858158),.UNSPECIFIED.)
CURVE()
GEOMETRIC_REPRESENTATION_ITEM()
RATIONAL_B_SPLINE_CURVE((1.,1.))
REPRESENTATION_ITEM('')
);
#733=(
BOUNDED_CURVE()
B_SPLINE_CURVE(2,(#1814,#1815,#1816,#1817,#1818),.UNSPECIFIED.,.F.,.F.)
B_SPLINE_CURVE_WITH_KNOTS((3,2,3),(0.,3.96788530794595,7.93577061589156),
 .UNSPECIFIED.)
CURVE()
GEOMETRIC_REPRESENTATION_ITEM()
RATIONAL_B_SPLINE_CURVE((1.,0.707106781186649,1.,0.707106781186649,1.))
REPRESENTATION_ITEM('')
);
#734=(
BOUNDED_CURVE()
B_SPLINE_CURVE(1,(#1819,#1820),.UNSPECIFIED.,.F.,.F.)
B_SPLINE_CURVE_WITH_KNOTS((2,2),(0.,1.65862518581641),.UNSPECIFIED.)
CURVE()
GEOMETRIC_REPRESENTATION_ITEM()
RATIONAL_B_SPLINE_CURVE((1.,1.))
REPRESENTATION_ITEM('')
);
#735=(
BOUNDED_CURVE()
B_SPLINE_CURVE(2,(#1821,#1822,#1823,#1824,#1825),.UNSPECIFIED.,.F.,.F.)
B_SPLINE_CURVE_WITH_KNOTS((3,2,3),(0.,2.,4.),.UNSPECIFIED.)
CURVE()
GEOMETRIC_REPRESENTATION_ITEM()
RATIONAL_B_SPLINE_CURVE((1.,0.707106781186548,1.,0.707106781186548,1.))
REPRESENTATION_ITEM('')
);
#736=(
BOUNDED_CURVE()
B_SPLINE_CURVE(2,(#1826,#1827,#1828,#1829,#1830),.UNSPECIFIED.,.F.,.F.)
B_SPLINE_CURVE_WITH_KNOTS((3,2,3),(-3.99999999999966,-1.99999999999977,
0.),.UNSPECIFIED.)
CURVE()
GEOMETRIC_REPRESENTATION_ITEM()
RATIONAL_B_SPLINE_CURVE((1.,0.707106781186588,1.,0.707106781186588,1.))
REPRESENTATION_ITEM('')
);
#737=(
BOUNDED_CURVE()
B_SPLINE_CURVE(1,(#1831,#1832),.UNSPECIFIED.,.F.,.F.)
B_SPLINE_CURVE_WITH_KNOTS((2,2),(-2.7500000000004,0.),.UNSPECIFIED.)
CURVE()
GEOMETRIC_REPRESENTATION_ITEM()
RATIONAL_B_SPLINE_CURVE((1.,1.))
REPRESENTATION_ITEM('')
);
#738=(
BOUNDED_CURVE()
B_SPLINE_CURVE(2,(#1833,#1834,#1835,#1836,#1837),.UNSPECIFIED.,.F.,.F.)
B_SPLINE_CURVE_WITH_KNOTS((3,2,3),(-3.99999999999966,-1.99999999999989,
0.),.UNSPECIFIED.)
CURVE()
GEOMETRIC_REPRESENTATION_ITEM()
RATIONAL_B_SPLINE_CURVE((1.,0.707106781186588,1.,0.707106781186588,1.))
REPRESENTATION_ITEM('')
);
#739=(
BOUNDED_CURVE()
B_SPLINE_CURVE(1,(#1838,#1839),.UNSPECIFIED.,.F.,.F.)
B_SPLINE_CURVE_WITH_KNOTS((2,2),(-2.7500000000004,0.),.UNSPECIFIED.)
CURVE()
GEOMETRIC_REPRESENTATION_ITEM()
RATIONAL_B_SPLINE_CURVE((1.,1.))
REPRESENTATION_ITEM('')
);
#740=(
BOUNDED_CURVE()
B_SPLINE_CURVE(2,(#1840,#1841,#1842,#1843,#1844),.UNSPECIFIED.,.F.,.F.)
B_SPLINE_CURVE_WITH_KNOTS((3,2,3),(-3.99999999999966,-1.99999999999977,
0.),.UNSPECIFIED.)
CURVE()
GEOMETRIC_REPRESENTATION_ITEM()
RATIONAL_B_SPLINE_CURVE((1.,0.707106781186588,1.,0.707106781186588,1.))
REPRESENTATION_ITEM('')
);
#741=(
BOUNDED_CURVE()
B_SPLINE_CURVE(1,(#1845,#1846),.UNSPECIFIED.,.F.,.F.)
B_SPLINE_CURVE_WITH_KNOTS((2,2),(-1.414749326638,0.),.UNSPECIFIED.)
CURVE()
GEOMETRIC_REPRESENTATION_ITEM()
RATIONAL_B_SPLINE_CURVE((1.,1.))
REPRESENTATION_ITEM('')
);
#742=(
BOUNDED_CURVE()
B_SPLINE_CURVE(2,(#1847,#1848,#1849,#1850,#1851),.UNSPECIFIED.,.F.,.F.)
B_SPLINE_CURVE_WITH_KNOTS((3,2,3),(-4.,-2.,0.),.UNSPECIFIED.)
CURVE()
GEOMETRIC_REPRESENTATION_ITEM()
RATIONAL_B_SPLINE_CURVE((1.,0.707106781186548,1.,0.707106781186548,1.))
REPRESENTATION_ITEM('')
);
#743=(
BOUNDED_CURVE()
B_SPLINE_CURVE(1,(#1852,#1853),.UNSPECIFIED.,.F.,.F.)
B_SPLINE_CURVE_WITH_KNOTS((2,2),(-1.414749326638,0.),.UNSPECIFIED.)
CURVE()
GEOMETRIC_REPRESENTATION_ITEM()
RATIONAL_B_SPLINE_CURVE((1.,1.))
REPRESENTATION_ITEM('')
);
#744=(
BOUNDED_CURVE()
B_SPLINE_CURVE(2,(#1880,#1881,#1882),.UNSPECIFIED.,.F.,.F.)
B_SPLINE_CURVE_WITH_KNOTS((3,3),(0.,4.13437977320499),.UNSPECIFIED.)
CURVE()
GEOMETRIC_REPRESENTATION_ITEM()
RATIONAL_B_SPLINE_CURVE((1.,0.749588404655868,1.))
REPRESENTATION_ITEM('')
);
#745=(
BOUNDED_CURVE()
B_SPLINE_CURVE(2,(#1887,#1888,#1889),.UNSPECIFIED.,.F.,.F.)
B_SPLINE_CURVE_WITH_KNOTS((3,3),(0.,4.13437977320509),.UNSPECIFIED.)
CURVE()
GEOMETRIC_REPRESENTATION_ITEM()
RATIONAL_B_SPLINE_CURVE((1.,0.749588404655823,1.))
REPRESENTATION_ITEM('')
);
#746=(
BOUNDED_CURVE()
B_SPLINE_CURVE(1,(#1933,#1934),.UNSPECIFIED.,.F.,.F.)
B_SPLINE_CURVE_WITH_KNOTS((2,2),(0.,1.70144374409951),.UNSPECIFIED.)
CURVE()
GEOMETRIC_REPRESENTATION_ITEM()
RATIONAL_B_SPLINE_CURVE((1.,1.))
REPRESENTATION_ITEM('')
);
#747=(
BOUNDED_CURVE()
B_SPLINE_CURVE(2,(#1935,#1936,#1937,#1938,#1939),.UNSPECIFIED.,.F.,.F.)
B_SPLINE_CURVE_WITH_KNOTS((3,2,3),(-7.9414370561409,-3.97071852807039,0.),
 .UNSPECIFIED.)
CURVE()
GEOMETRIC_REPRESENTATION_ITEM()
RATIONAL_B_SPLINE_CURVE((1.,0.707106781186508,1.,0.707106781186508,1.))
REPRESENTATION_ITEM('')
);
#748=(
BOUNDED_CURVE()
B_SPLINE_CURVE(1,(#1940,#1941),.UNSPECIFIED.,.F.,.F.)
B_SPLINE_CURVE_WITH_KNOTS((2,2),(0.,1.70144374409951),.UNSPECIFIED.)
CURVE()
GEOMETRIC_REPRESENTATION_ITEM()
RATIONAL_B_SPLINE_CURVE((1.,1.))
REPRESENTATION_ITEM('')
);
#749=(
BOUNDED_CURVE()
B_SPLINE_CURVE(2,(#1942,#1943,#1944,#1945,#1946),.UNSPECIFIED.,.F.,.F.)
B_SPLINE_CURVE_WITH_KNOTS((3,2,3),(0.,1.79999999999949,3.59999999999899),
 .UNSPECIFIED.)
CURVE()
GEOMETRIC_REPRESENTATION_ITEM()
RATIONAL_B_SPLINE_CURVE((1.,0.70710678118664,1.,0.70710678118664,1.))
REPRESENTATION_ITEM('')
);
#750=(
BOUNDED_CURVE()
B_SPLINE_CURVE(2,(#1947,#1948,#1949,#1950,#1951),.UNSPECIFIED.,.F.,.F.)
B_SPLINE_CURVE_WITH_KNOTS((3,2,3),(-3.60000000000071,-1.8000000000003,0.),
 .UNSPECIFIED.)
CURVE()
GEOMETRIC_REPRESENTATION_ITEM()
RATIONAL_B_SPLINE_CURVE((1.,0.707106781186455,1.,0.707106781186455,1.))
REPRESENTATION_ITEM('')
);
#751=(
BOUNDED_CURVE()
B_SPLINE_CURVE(2,(#1952,#1953,#1954,#1955,#1956),.UNSPECIFIED.,.F.,.F.)
B_SPLINE_CURVE_WITH_KNOTS((3,2,3),(-3.59999999999849,-1.79999999999936,
0.),.UNSPECIFIED.)
CURVE()
GEOMETRIC_REPRESENTATION_ITEM()
RATIONAL_B_SPLINE_CURVE((1.,0.707106781186693,1.,0.707106781186693,1.))
REPRESENTATION_ITEM('')
);
#752=(
BOUNDED_CURVE()
B_SPLINE_CURVE(1,(#1957,#1958),.UNSPECIFIED.,.F.,.F.)
B_SPLINE_CURVE_WITH_KNOTS((2,2),(-2.58147296019501,0.),.UNSPECIFIED.)
CURVE()
GEOMETRIC_REPRESENTATION_ITEM()
RATIONAL_B_SPLINE_CURVE((1.,1.))
REPRESENTATION_ITEM('')
);
#753=(
BOUNDED_CURVE()
B_SPLINE_CURVE(1,(#1959,#1960),.UNSPECIFIED.,.F.,.F.)
B_SPLINE_CURVE_WITH_KNOTS((2,2),(0.,1.70144374409951),.UNSPECIFIED.)
CURVE()
GEOMETRIC_REPRESENTATION_ITEM()
RATIONAL_B_SPLINE_CURVE((1.,1.))
REPRESENTATION_ITEM('')
);
#754=(
BOUNDED_CURVE()
B_SPLINE_CURVE(2,(#1961,#1962,#1963,#1964,#1965),.UNSPECIFIED.,.F.,.F.)
B_SPLINE_CURVE_WITH_KNOTS((3,2,3),(-7.94143705614124,-3.97071852807073,
0.),.UNSPECIFIED.)
CURVE()
GEOMETRIC_REPRESENTATION_ITEM()
RATIONAL_B_SPLINE_CURVE((1.,0.707106781186487,1.,0.707106781186487,1.))
REPRESENTATION_ITEM('')
);
#755=(
BOUNDED_CURVE()
B_SPLINE_CURVE(1,(#1966,#1967),.UNSPECIFIED.,.F.,.F.)
B_SPLINE_CURVE_WITH_KNOTS((2,2),(0.,1.70144374409951),.UNSPECIFIED.)
CURVE()
GEOMETRIC_REPRESENTATION_ITEM()
RATIONAL_B_SPLINE_CURVE((1.,1.))
REPRESENTATION_ITEM('')
);
#756=(
BOUNDED_CURVE()
B_SPLINE_CURVE(2,(#1968,#1969,#1970,#1971,#1972),.UNSPECIFIED.,.F.,.F.)
B_SPLINE_CURVE_WITH_KNOTS((3,2,3),(0.,1.79999999999995,3.60000000000001),
 .UNSPECIFIED.)
CURVE()
GEOMETRIC_REPRESENTATION_ITEM()
RATIONAL_B_SPLINE_CURVE((1.,0.707106781186553,1.,0.707106781186553,1.))
REPRESENTATION_ITEM('')
);
#757=(
BOUNDED_CURVE()
B_SPLINE_CURVE(2,(#1973,#1974,#1975,#1976,#1977),.UNSPECIFIED.,.F.,.F.)
B_SPLINE_CURVE_WITH_KNOTS((3,2,3),(-3.59999999999935,-1.79999999999963,
0.),.UNSPECIFIED.)
CURVE()
GEOMETRIC_REPRESENTATION_ITEM()
RATIONAL_B_SPLINE_CURVE((1.,0.707106781186589,1.,0.707106781186589,1.))
REPRESENTATION_ITEM('')
);
#758=(
BOUNDED_CURVE()
B_SPLINE_CURVE(1,(#1978,#1979),.UNSPECIFIED.,.F.,.F.)
B_SPLINE_CURVE_WITH_KNOTS((2,2),(-2.58147296019501,0.),.UNSPECIFIED.)
CURVE()
GEOMETRIC_REPRESENTATION_ITEM()
RATIONAL_B_SPLINE_CURVE((1.,1.))
REPRESENTATION_ITEM('')
);
#759=(
BOUNDED_CURVE()
B_SPLINE_CURVE(2,(#1980,#1981,#1982,#1983,#1984),.UNSPECIFIED.,.F.,.F.)
B_SPLINE_CURVE_WITH_KNOTS((3,2,3),(-3.5999999999997,-1.79999999999974,0.),
 .UNSPECIFIED.)
CURVE()
GEOMETRIC_REPRESENTATION_ITEM()
RATIONAL_B_SPLINE_CURVE((1.,0.707106781186589,1.,0.707106781186589,1.))
REPRESENTATION_ITEM('')
);
#760=(
BOUNDED_CURVE()
B_SPLINE_CURVE(1,(#1985,#1986),.UNSPECIFIED.,.F.,.F.)
B_SPLINE_CURVE_WITH_KNOTS((2,2),(-2.58147296019501,0.),.UNSPECIFIED.)
CURVE()
GEOMETRIC_REPRESENTATION_ITEM()
RATIONAL_B_SPLINE_CURVE((1.,1.))
REPRESENTATION_ITEM('')
);
#761=(
BOUNDED_CURVE()
B_SPLINE_CURVE(2,(#1987,#1988,#1989,#1990,#1991),.UNSPECIFIED.,.F.,.F.)
B_SPLINE_CURVE_WITH_KNOTS((3,2,3),(-7.93577061589474,-3.96788530794731,
0.),.UNSPECIFIED.)
CURVE()
GEOMETRIC_REPRESENTATION_ITEM()
RATIONAL_B_SPLINE_CURVE((1.,0.707106781186507,1.,0.707106781186507,1.))
REPRESENTATION_ITEM('')
);
#762=(
BOUNDED_CURVE()
B_SPLINE_CURVE(2,(#1992,#1993,#1994,#1995,#1996),.UNSPECIFIED.,.F.,.F.)
B_SPLINE_CURVE_WITH_KNOTS((3,2,3),(-4.,-2.,0.),.UNSPECIFIED.)
CURVE()
GEOMETRIC_REPRESENTATION_ITEM()
RATIONAL_B_SPLINE_CURVE((1.,0.707106781186548,1.,0.707106781186548,1.))
REPRESENTATION_ITEM('')
);
#763=(
BOUNDED_CURVE()
B_SPLINE_CURVE(2,(#1997,#1998,#1999,#2000,#2001),.UNSPECIFIED.,.F.,.F.)
B_SPLINE_CURVE_WITH_KNOTS((3,2,3),(-4.,-2.,0.),.UNSPECIFIED.)
CURVE()
GEOMETRIC_REPRESENTATION_ITEM()
RATIONAL_B_SPLINE_CURVE((1.,0.707106781186548,1.,0.707106781186548,1.))
REPRESENTATION_ITEM('')
);
#764=(
BOUNDED_CURVE()
B_SPLINE_CURVE(2,(#2002,#2003,#2004,#2005,#2006),.UNSPECIFIED.,.F.,.F.)
B_SPLINE_CURVE_WITH_KNOTS((3,2,3),(-4.,-2.,0.),.UNSPECIFIED.)
CURVE()
GEOMETRIC_REPRESENTATION_ITEM()
RATIONAL_B_SPLINE_CURVE((1.,0.707106781186548,1.,0.707106781186548,1.))
REPRESENTATION_ITEM('')
);
#765=(
BOUNDED_CURVE()
B_SPLINE_CURVE(2,(#2007,#2008,#2009,#2010,#2011),.UNSPECIFIED.,.F.,.F.)
B_SPLINE_CURVE_WITH_KNOTS((3,2,3),(-7.94143705614205,-3.97071852807108,
0.),.UNSPECIFIED.)
CURVE()
GEOMETRIC_REPRESENTATION_ITEM()
RATIONAL_B_SPLINE_CURVE((1.,0.707106781186445,1.,0.707106781186445,1.))
REPRESENTATION_ITEM('')
);
#766=(
BOUNDED_CURVE()
B_SPLINE_CURVE(1,(#2012,#2013),.UNSPECIFIED.,.F.,.F.)
B_SPLINE_CURVE_WITH_KNOTS((2,2),(-2.58147296019501,0.),.UNSPECIFIED.)
CURVE()
GEOMETRIC_REPRESENTATION_ITEM()
RATIONAL_B_SPLINE_CURVE((1.,1.))
REPRESENTATION_ITEM('')
);
#767=(
BOUNDED_CURVE()
B_SPLINE_CURVE(2,(#2014,#2015,#2016,#2017,#2018),.UNSPECIFIED.,.F.,.F.)
B_SPLINE_CURVE_WITH_KNOTS((3,2,3),(-3.60000000000139,-1.80000000000074,
0.),.UNSPECIFIED.)
CURVE()
GEOMETRIC_REPRESENTATION_ITEM()
RATIONAL_B_SPLINE_CURVE((1.,0.707106781186414,1.,0.707106781186414,1.))
REPRESENTATION_ITEM('')
);
#768=(
BOUNDED_CURVE()
B_SPLINE_CURVE(2,(#2019,#2020,#2021,#2022,#2023),.UNSPECIFIED.,.F.,.F.)
B_SPLINE_CURVE_WITH_KNOTS((3,2,3),(-7.94143705614172,-3.97071852807074,
0.),.UNSPECIFIED.)
CURVE()
GEOMETRIC_REPRESENTATION_ITEM()
RATIONAL_B_SPLINE_CURVE((1.,0.707106781186464,1.,0.707106781186464,1.))
REPRESENTATION_ITEM('')
);
#769=(
BOUNDED_CURVE()
B_SPLINE_CURVE(2,(#2024,#2025,#2026,#2027,#2028),.UNSPECIFIED.,.F.,.F.)
B_SPLINE_CURVE_WITH_KNOTS((3,2,3),(-3.60000000000001,-1.80000000000007,
0.),.UNSPECIFIED.)
CURVE()
GEOMETRIC_REPRESENTATION_ITEM()
RATIONAL_B_SPLINE_CURVE((1.,0.70710678118655,1.,0.70710678118655,1.))
REPRESENTATION_ITEM('')
);
#770=(
BOUNDED_CURVE()
B_SPLINE_CURVE(2,(#2075,#2076,#2077,#2078,#2079),.UNSPECIFIED.,.F.,.F.)
B_SPLINE_CURVE_WITH_KNOTS((3,2,3),(0.,2.39948315040336,4.13437977320465),
 .UNSPECIFIED.)
CURVE()
GEOMETRIC_REPRESENTATION_ITEM()
RATIONAL_B_SPLINE_CURVE((1.,0.854667825247223,0.878029444320968,0.894920579408705,
1.))
REPRESENTATION_ITEM('')
);
#771=(
BOUNDED_CURVE()
B_SPLINE_CURVE(2,(#2082,#2083,#2084,#2085,#2086),.UNSPECIFIED.,.F.,.F.)
B_SPLINE_CURVE_WITH_KNOTS((3,2,3),(0.,1.73489662280141,4.13437977320499),
 .UNSPECIFIED.)
CURVE()
GEOMETRIC_REPRESENTATION_ITEM()
RATIONAL_B_SPLINE_CURVE((1.,0.894920579408681,0.878029444320939,0.854667825247186,
1.))
REPRESENTATION_ITEM('')
);
#772=B_SPLINE_CURVE_WITH_KNOTS('',5,(#1656,#1657,#1658,#1659,#1660,#1661),
 .UNSPECIFIED.,.F.,.F.,(6,6),(-0.416129659786454,2.6329632918376E-14),
 .UNSPECIFIED.);
#773=B_SPLINE_CURVE_WITH_KNOTS('',5,(#1662,#1663,#1664,#1665,#1666,#1667),
 .UNSPECIFIED.,.F.,.F.,(6,6),(-1.50782164531904E-14,0.416129659786648),
 .UNSPECIFIED.);
#774=B_SPLINE_CURVE_WITH_KNOTS('',5,(#1668,#1669,#1670,#1671,#1672,#1673),
 .UNSPECIFIED.,.F.,.F.,(6,6),(-4.65462668373536E-13,0.999999999999175),
 .UNSPECIFIED.);
#775=B_SPLINE_CURVE_WITH_KNOTS('',5,(#1674,#1675,#1676,#1677,#1678,#1679),
 .UNSPECIFIED.,.F.,.F.,(6,6),(-0.999999999999274,-0.5324405665475),
 .UNSPECIFIED.);
#776=B_SPLINE_CURVE_WITH_KNOTS('',1,(#1680,#1681),.UNSPECIFIED.,.F.,.F.,
(2,2),(-1.,0.),.UNSPECIFIED.);
#777=B_SPLINE_CURVE_WITH_KNOTS('',5,(#1682,#1683,#1684,#1685,#1686,#1687),
 .UNSPECIFIED.,.F.,.F.,(6,6),(-1.50782164531904E-14,0.416129659786648),
 .UNSPECIFIED.);
#778=B_SPLINE_CURVE_WITH_KNOTS('',1,(#1688,#1689),.UNSPECIFIED.,.F.,.F.,
(2,2),(-1.,0.),.UNSPECIFIED.);
#779=B_SPLINE_CURVE_WITH_KNOTS('',1,(#1690,#1691),.UNSPECIFIED.,.F.,.F.,
(2,2),(0.680635124804829,1.33519704516661),.UNSPECIFIED.);
#780=B_SPLINE_CURVE_WITH_KNOTS('',1,(#1692,#1693),.UNSPECIFIED.,.F.,.F.,
(2,2),(-1.52425222779266,0.475747772207178),.UNSPECIFIED.);
#781=B_SPLINE_CURVE_WITH_KNOTS('',1,(#1694,#1695),.UNSPECIFIED.,.F.,.F.,
(2,2),(0.680635124805009,1.33519704516679),.UNSPECIFIED.);
#782=B_SPLINE_CURVE_WITH_KNOTS('',1,(#1696,#1697),.UNSPECIFIED.,.F.,.F.,
(2,2),(-1.,0.),.UNSPECIFIED.);
#783=B_SPLINE_CURVE_WITH_KNOTS('',5,(#1698,#1699,#1700,#1701,#1702,#1703),
 .UNSPECIFIED.,.F.,.F.,(6,6),(-0.416129659786454,2.6329632918376E-14),
 .UNSPECIFIED.);
#784=B_SPLINE_CURVE_WITH_KNOTS('',1,(#1704,#1705),.UNSPECIFIED.,.F.,.F.,
(2,2),(-1.,0.),.UNSPECIFIED.);
#785=B_SPLINE_CURVE_WITH_KNOTS('',1,(#1706,#1707),.UNSPECIFIED.,.F.,.F.,
(2,2),(0.967343415418256,10.0615342098343),.UNSPECIFIED.);
#786=B_SPLINE_CURVE_WITH_KNOTS('',1,(#1708,#1709),.UNSPECIFIED.,.F.,.F.,
(2,2),(-1.,0.),.UNSPECIFIED.);
#787=B_SPLINE_CURVE_WITH_KNOTS('',5,(#1710,#1711,#1712,#1713,#1714,#1715),
 .UNSPECIFIED.,.F.,.F.,(6,6),(-4.65462668373536E-13,0.999999999999175),
 .UNSPECIFIED.);
#788=B_SPLINE_CURVE_WITH_KNOTS('',1,(#1716,#1717),.UNSPECIFIED.,.F.,.F.,
(2,2),(-1.,0.),.UNSPECIFIED.);
#789=B_SPLINE_CURVE_WITH_KNOTS('',1,(#1718,#1719),.UNSPECIFIED.,.F.,.F.,
(2,2),(-2.21697056274935,-0.216970562748157),.UNSPECIFIED.);
#790=B_SPLINE_CURVE_WITH_KNOTS('',1,(#1720,#1721),.UNSPECIFIED.,.F.,.F.,
(2,2),(-1.,0.),.UNSPECIFIED.);
#791=B_SPLINE_CURVE_WITH_KNOTS('',5,(#1722,#1723,#1724,#1725,#1726,#1727),
 .UNSPECIFIED.,.F.,.F.,(6,6),(-0.999999999999274,-0.5324405665475),
 .UNSPECIFIED.);
#792=B_SPLINE_CURVE_WITH_KNOTS('',1,(#1728,#1729),.UNSPECIFIED.,.F.,.F.,
(2,2),(-1.,0.),.UNSPECIFIED.);
#793=B_SPLINE_CURVE_WITH_KNOTS('',5,(#1730,#1731,#1732,#1733,#1734,#1735),
 .UNSPECIFIED.,.F.,.F.,(6,6),(-0.416129659786454,2.6329632918376E-14),
 .UNSPECIFIED.);
#794=B_SPLINE_CURVE_WITH_KNOTS('',5,(#1736,#1737,#1738,#1739,#1740,#1741),
 .UNSPECIFIED.,.F.,.F.,(6,6),(-1.50782164531904E-14,0.416129659786648),
 .UNSPECIFIED.);
#795=B_SPLINE_CURVE_WITH_KNOTS('',5,(#1742,#1743,#1744,#1745,#1746,#1747),
 .UNSPECIFIED.,.F.,.F.,(6,6),(-4.79172257428218E-13,0.999999999999107),
 .UNSPECIFIED.);
#796=B_SPLINE_CURVE_WITH_KNOTS('',5,(#1748,#1749,#1750,#1751,#1752,#1753),
 .UNSPECIFIED.,.F.,.F.,(6,6),(-0.999999999999488,-0.5324405665475),
 .UNSPECIFIED.);
#797=B_SPLINE_CURVE_WITH_KNOTS('',1,(#1754,#1755),.UNSPECIFIED.,.F.,.F.,
(2,2),(-1.,0.),.UNSPECIFIED.);
#798=B_SPLINE_CURVE_WITH_KNOTS('',5,(#1756,#1757,#1758,#1759,#1760,#1761),
 .UNSPECIFIED.,.F.,.F.,(6,6),(-1.50782164531904E-14,0.416129659786648),
 .UNSPECIFIED.);
#799=B_SPLINE_CURVE_WITH_KNOTS('',1,(#1762,#1763),.UNSPECIFIED.,.F.,.F.,
(2,2),(-1.,0.),.UNSPECIFIED.);
#800=B_SPLINE_CURVE_WITH_KNOTS('',1,(#1764,#1765),.UNSPECIFIED.,.F.,.F.,
(2,2),(0.680635124804829,1.33519704516661),.UNSPECIFIED.);
#801=B_SPLINE_CURVE_WITH_KNOTS('',1,(#1766,#1767),.UNSPECIFIED.,.F.,.F.,
(2,2),(-1.52425222779261,0.475747772207278),.UNSPECIFIED.);
#802=B_SPLINE_CURVE_WITH_KNOTS('',1,(#1768,#1769),.UNSPECIFIED.,.F.,.F.,
(2,2),(0.680635124805009,1.33519704516679),.UNSPECIFIED.);
#803=B_SPLINE_CURVE_WITH_KNOTS('',1,(#1770,#1771),.UNSPECIFIED.,.F.,.F.,
(2,2),(-1.,0.),.UNSPECIFIED.);
#804=B_SPLINE_CURVE_WITH_KNOTS('',5,(#1772,#1773,#1774,#1775,#1776,#1777),
 .UNSPECIFIED.,.F.,.F.,(6,6),(-0.416129659786454,2.6329632918376E-14),
 .UNSPECIFIED.);
#805=B_SPLINE_CURVE_WITH_KNOTS('',1,(#1778,#1779),.UNSPECIFIED.,.F.,.F.,
(2,2),(-1.,0.),.UNSPECIFIED.);
#806=B_SPLINE_CURVE_WITH_KNOTS('',1,(#1780,#1781),.UNSPECIFIED.,.F.,.F.,
(2,2),(0.967343415418285,10.0615342098343),.UNSPECIFIED.);
#807=B_SPLINE_CURVE_WITH_KNOTS('',1,(#1782,#1783),.UNSPECIFIED.,.F.,.F.,
(2,2),(-1.,0.),.UNSPECIFIED.);
#808=B_SPLINE_CURVE_WITH_KNOTS('',5,(#1784,#1785,#1786,#1787,#1788,#1789),
 .UNSPECIFIED.,.F.,.F.,(6,6),(-4.79172257428218E-13,0.999999999999107),
 .UNSPECIFIED.);
#809=B_SPLINE_CURVE_WITH_KNOTS('',1,(#1790,#1791),.UNSPECIFIED.,.F.,.F.,
(2,2),(-1.,0.),.UNSPECIFIED.);
#810=B_SPLINE_CURVE_WITH_KNOTS('',1,(#1792,#1793),.UNSPECIFIED.,.F.,.F.,
(2,2),(-2.21697056274935,-0.216970562748295),.UNSPECIFIED.);
#811=B_SPLINE_CURVE_WITH_KNOTS('',1,(#1794,#1795),.UNSPECIFIED.,.F.,.F.,
(2,2),(-1.,0.),.UNSPECIFIED.);
#812=B_SPLINE_CURVE_WITH_KNOTS('',5,(#1796,#1797,#1798,#1799,#1800,#1801),
 .UNSPECIFIED.,.F.,.F.,(6,6),(-0.999999999999488,-0.5324405665475),
 .UNSPECIFIED.);
#813=B_SPLINE_CURVE_WITH_KNOTS('',1,(#1802,#1803),.UNSPECIFIED.,.F.,.F.,
(2,2),(-1.,0.),.UNSPECIFIED.);
#814=B_SPLINE_CURVE_WITH_KNOTS('',1,(#1804,#1805),.UNSPECIFIED.,.F.,.F.,
(2,2),(0.,2.75294353823714),.UNSPECIFIED.);
#815=B_SPLINE_CURVE_WITH_KNOTS('',1,(#1806,#1807),.UNSPECIFIED.,.F.,.F.,
(2,2),(1.75479390096802,6.75479390096807),.UNSPECIFIED.);
#816=B_SPLINE_CURVE_WITH_KNOTS('',1,(#1808,#1809),.UNSPECIFIED.,.F.,.F.,
(2,2),(0.,2.75294353823714),.UNSPECIFIED.);
#817=B_SPLINE_CURVE_WITH_KNOTS('',1,(#1810,#1811),.UNSPECIFIED.,.F.,.F.,
(2,2),(1.75479390096802,6.75479390096807),.UNSPECIFIED.);
#818=B_SPLINE_CURVE_WITH_KNOTS('',1,(#1854,#1855),.UNSPECIFIED.,.F.,.F.,
(2,2),(0.,10.5000000000009),.UNSPECIFIED.);
#819=B_SPLINE_CURVE_WITH_KNOTS('',1,(#1856,#1857),.UNSPECIFIED.,.F.,.F.,
(2,2),(0.,1.),.UNSPECIFIED.);
#820=B_SPLINE_CURVE_WITH_KNOTS('',1,(#1858,#1859),.UNSPECIFIED.,.F.,.F.,
(2,2),(0.,10.5000000000009),.UNSPECIFIED.);
#821=B_SPLINE_CURVE_WITH_KNOTS('',1,(#1860,#1861),.UNSPECIFIED.,.F.,.F.,
(2,2),(0.,1.),.UNSPECIFIED.);
#822=B_SPLINE_CURVE_WITH_KNOTS('',1,(#1862,#1863),.UNSPECIFIED.,.F.,.F.,
(2,2),(0.,1.08902801849853),.UNSPECIFIED.);
#823=B_SPLINE_CURVE_WITH_KNOTS('',1,(#1864,#1865),.UNSPECIFIED.,.F.,.F.,
(2,2),(0.,10.5000000000009),.UNSPECIFIED.);
#824=B_SPLINE_CURVE_WITH_KNOTS('',5,(#1866,#1867,#1868,#1869,#1870,#1871),
 .UNSPECIFIED.,.F.,.F.,(6,6),(0.,1.88284271247463),.UNSPECIFIED.);
#825=B_SPLINE_CURVE_WITH_KNOTS('',5,(#1872,#1873,#1874,#1875,#1876,#1877),
 .UNSPECIFIED.,.F.,.F.,(6,6),(0.,1.88284271247463),.UNSPECIFIED.);
#826=B_SPLINE_CURVE_WITH_KNOTS('',1,(#1878,#1879),.UNSPECIFIED.,.F.,.F.,
(2,2),(0.,2.7500000000004),.UNSPECIFIED.);
#827=B_SPLINE_CURVE_WITH_KNOTS('',1,(#1883,#1884),.UNSPECIFIED.,.F.,.F.,
(2,2),(0.,2.7500000000004),.UNSPECIFIED.);
#828=B_SPLINE_CURVE_WITH_KNOTS('',1,(#1885,#1886),.UNSPECIFIED.,.F.,.F.,
(2,2),(0.,2.7500000000005),.UNSPECIFIED.);
#829=B_SPLINE_CURVE_WITH_KNOTS('',1,(#1890,#1891),.UNSPECIFIED.,.F.,.F.,
(2,2),(0.,2.7500000000005),.UNSPECIFIED.);
#830=B_SPLINE_CURVE_WITH_KNOTS('',1,(#1892,#1893),.UNSPECIFIED.,.F.,.F.,
(2,2),(0.,2.54300471164347),.UNSPECIFIED.);
#831=B_SPLINE_CURVE_WITH_KNOTS('',1,(#1894,#1895),.UNSPECIFIED.,.F.,.F.,
(2,2),(0.,2.54300471164347),.UNSPECIFIED.);
#832=B_SPLINE_CURVE_WITH_KNOTS('',1,(#1896,#1897),.UNSPECIFIED.,.F.,.F.,
(2,2),(0.,2.7500000000004),.UNSPECIFIED.);
#833=B_SPLINE_CURVE_WITH_KNOTS('',1,(#1898,#1899),.UNSPECIFIED.,.F.,.F.,
(2,2),(0.,0.563522798726012),.UNSPECIFIED.);
#834=B_SPLINE_CURVE_WITH_KNOTS('',1,(#1900,#1901),.UNSPECIFIED.,.F.,.F.,
(2,2),(0.,0.96196856537199),.UNSPECIFIED.);
#835=B_SPLINE_CURVE_WITH_KNOTS('',1,(#1902,#1903),.UNSPECIFIED.,.F.,.F.,
(2,2),(0.,0.96196856537199),.UNSPECIFIED.);
#836=B_SPLINE_CURVE_WITH_KNOTS('',1,(#1904,#1905),.UNSPECIFIED.,.F.,.F.,
(2,2),(0.,2.7500000000005),.UNSPECIFIED.);
#837=B_SPLINE_CURVE_WITH_KNOTS('',1,(#1906,#1907),.UNSPECIFIED.,.F.,.F.,
(2,2),(0.,0.563522798726012),.UNSPECIFIED.);
#838=B_SPLINE_CURVE_WITH_KNOTS('',1,(#1908,#1909),.UNSPECIFIED.,.F.,.F.,
(2,2),(0.,5.),.UNSPECIFIED.);
#839=B_SPLINE_CURVE_WITH_KNOTS('',1,(#1910,#1911),.UNSPECIFIED.,.F.,.F.,
(2,2),(0.,2.54300471164347),.UNSPECIFIED.);
#840=B_SPLINE_CURVE_WITH_KNOTS('',1,(#1912,#1913),.UNSPECIFIED.,.F.,.F.,
(2,2),(0.,2.54300471164347),.UNSPECIFIED.);
#841=B_SPLINE_CURVE_WITH_KNOTS('',5,(#1914,#1915,#1916,#1917,#1918,#1919),
 .UNSPECIFIED.,.F.,.F.,(6,6),(0.,0.0920141765512434),.UNSPECIFIED.);
#842=B_SPLINE_CURVE_WITH_KNOTS('',5,(#1920,#1921,#1922,#1923,#1924,#1925),
 .UNSPECIFIED.,.F.,.F.,(6,6),(0.,0.0920141765512558),.UNSPECIFIED.);
#843=B_SPLINE_CURVE_WITH_KNOTS('',1,(#1926,#1927),.UNSPECIFIED.,.F.,.F.,
(2,2),(0.,5.),.UNSPECIFIED.);
#844=B_SPLINE_CURVE_WITH_KNOTS('',1,(#1928,#1929),.UNSPECIFIED.,.F.,.F.,
(2,2),(0.,1.73106807004767),.UNSPECIFIED.);
#845=B_SPLINE_CURVE_WITH_KNOTS('',1,(#1930,#1931,#1932),.UNSPECIFIED.,.F.,
 .F.,(2,1,2),(0.,0.290298125989565,1.73106807004812),.UNSPECIFIED.);
#846=B_SPLINE_CURVE_WITH_KNOTS('',3,(#2029,#2030,#2031,#2032),
 .UNSPECIFIED.,.F.,.F.,(4,4),(0.,0.414221382070105),.UNSPECIFIED.);
#847=B_SPLINE_CURVE_WITH_KNOTS('',1,(#2033,#2034),.UNSPECIFIED.,.F.,.F.,
(2,2),(-9.09459081233135,-7.10904113735498),.UNSPECIFIED.);
#848=B_SPLINE_CURVE_WITH_KNOTS('',1,(#2035,#2036),.UNSPECIFIED.,.F.,.F.,
(2,2),(1.99999999999916,6.12172149229488),.UNSPECIFIED.);
#849=B_SPLINE_CURVE_WITH_KNOTS('',1,(#2037,#2038),.UNSPECIFIED.,.F.,.F.,
(2,2),(25.3389820405726,28.5524373995681),.UNSPECIFIED.);
#850=B_SPLINE_CURVE_WITH_KNOTS('',1,(#2039,#2040),.UNSPECIFIED.,.F.,.F.,
(2,2),(0.256580816545641,10.2434191834551),.UNSPECIFIED.);
#851=B_SPLINE_CURVE_WITH_KNOTS('',1,(#2041,#2042),.UNSPECIFIED.,.F.,.F.,
(2,2),(3.24213049152202,7.25786950847904),.UNSPECIFIED.);
#852=B_SPLINE_CURVE_WITH_KNOTS('',1,(#2043,#2044),.UNSPECIFIED.,.F.,.F.,
(2,2),(3.2421304915221,7.2578695084789),.UNSPECIFIED.);
#853=B_SPLINE_CURVE_WITH_KNOTS('',1,(#2045,#2046),.UNSPECIFIED.,.F.,.F.,
(2,2),(3.24213049152199,7.25786950847906),.UNSPECIFIED.);
#854=B_SPLINE_CURVE_WITH_KNOTS('',1,(#2047,#2048),.UNSPECIFIED.,.F.,.F.,
(2,2),(3.24213049152213,7.25786950847874),.UNSPECIFIED.);
#855=B_SPLINE_CURVE_WITH_KNOTS('',1,(#2049,#2050),.UNSPECIFIED.,.F.,.F.,
(2,2),(3.24213049152218,7.2578695084788),.UNSPECIFIED.);
#856=B_SPLINE_CURVE_WITH_KNOTS('',1,(#2051,#2052),.UNSPECIFIED.,.F.,.F.,
(2,2),(3.24213049152223,7.25786950847891),.UNSPECIFIED.);
#857=B_SPLINE_CURVE_WITH_KNOTS('',3,(#2053,#2054,#2055,#2056),
 .UNSPECIFIED.,.F.,.F.,(4,4),(0.,0.414221382070431),.UNSPECIFIED.);
#858=B_SPLINE_CURVE_WITH_KNOTS('',1,(#2057,#2058),.UNSPECIFIED.,.F.,.F.,
(2,2),(-9.09459081233129,-7.10904113735495),.UNSPECIFIED.);
#859=B_SPLINE_CURVE_WITH_KNOTS('',1,(#2059,#2060),.UNSPECIFIED.,.F.,.F.,
(2,2),(1.99999999999953,6.12172149229486),.UNSPECIFIED.);
#860=B_SPLINE_CURVE_WITH_KNOTS('',1,(#2061,#2062),.UNSPECIFIED.,.F.,.F.,
(2,2),(0.3251855438748,1.4142135623731),.UNSPECIFIED.);
#861=B_SPLINE_CURVE_WITH_KNOTS('',1,(#2063,#2064),.UNSPECIFIED.,.F.,.F.,
(2,2),(3.2421304915219,7.25786950847883),.UNSPECIFIED.);
#862=B_SPLINE_CURVE_WITH_KNOTS('',1,(#2065,#2066),.UNSPECIFIED.,.F.,.F.,
(2,2),(3.24213049152199,7.25786950847875),.UNSPECIFIED.);
#863=B_SPLINE_CURVE_WITH_KNOTS('',1,(#2067,#2068),.UNSPECIFIED.,.F.,.F.,
(2,2),(14.283561178157,17.0335611781573),.UNSPECIFIED.);
#864=B_SPLINE_CURVE_WITH_KNOTS('',1,(#2069,#2070),.UNSPECIFIED.,.F.,.F.,
(2,2),(0.,0.091780589078559),.UNSPECIFIED.);
#865=B_SPLINE_CURVE_WITH_KNOTS('',1,(#2071,#2072),.UNSPECIFIED.,.F.,.F.,
(2,2),(2.7529435382372,4.44183780093433),.UNSPECIFIED.);
#866=B_SPLINE_CURVE_WITH_KNOTS('',1,(#2073,#2074),.UNSPECIFIED.,.F.,.F.,
(2,2),(22.0335611781575,24.7835611781579),.UNSPECIFIED.);
#867=B_SPLINE_CURVE_WITH_KNOTS('',1,(#2080,#2081),.UNSPECIFIED.,.F.,.F.,
(2,2),(0.,4.99923867155098),.UNSPECIFIED.);
#868=B_SPLINE_CURVE_WITH_KNOTS('',1,(#2087,#2088),.UNSPECIFIED.,.F.,.F.,
(2,2),(0.,4.99923867155098),.UNSPECIFIED.);
#869=B_SPLINE_CURVE_WITH_KNOTS('',1,(#2089,#2090,#2091),.UNSPECIFIED.,.F.,
 .F.,(2,1,2),(1.06404927553936,2.50481921959751,2.79511734558708),
 .UNSPECIFIED.);
#870=B_SPLINE_CURVE_WITH_KNOTS('',1,(#2092,#2093),.UNSPECIFIED.,.F.,.F.,
(2,2),(1.06404927553912,2.79511734558708),.UNSPECIFIED.);
#871=B_SPLINE_CURVE_WITH_KNOTS('',1,(#2094,#2095),.UNSPECIFIED.,.F.,.F.,
(2,2),(1.06404927553875,2.75294353823585),.UNSPECIFIED.);
#872=B_SPLINE_CURVE_WITH_KNOTS('',1,(#2096,#2097),.UNSPECIFIED.,.F.,.F.,
(2,2),(1.0640492755388,2.75294353823585),.UNSPECIFIED.);
#873=B_SPLINE_CURVE_WITH_KNOTS('',1,(#2098,#2099),.UNSPECIFIED.,.F.,.F.,
(2,2),(-4.4418378009344,-2.75294353823724),.UNSPECIFIED.);
#874=B_SPLINE_CURVE_WITH_KNOTS('',1,(#2100,#2101),.UNSPECIFIED.,.F.,.F.,
(2,2),(0.,2.7500000000002),.UNSPECIFIED.);
#875=B_SPLINE_CURVE_WITH_KNOTS('',1,(#2102,#2103),.UNSPECIFIED.,.F.,.F.,
(2,2),(0.,2.75000000000043),.UNSPECIFIED.);
#876=B_SPLINE_CURVE_WITH_KNOTS('',1,(#2104,#2105),.UNSPECIFIED.,.F.,.F.,
(2,2),(0.,2.75000000000043),.UNSPECIFIED.);
#877=B_SPLINE_CURVE_WITH_KNOTS('',1,(#2106,#2107),.UNSPECIFIED.,.F.,.F.,
(2,2),(5.21997564679038E-13,2.7500000000002),.UNSPECIFIED.);
#878=B_SPLINE_CURVE_WITH_KNOTS('',5,(#2108,#2109,#2110,#2111,#2112,#2113),
 .UNSPECIFIED.,.F.,.F.,(6,6),(-1.99395811176496,0.),.UNSPECIFIED.);
#879=B_SPLINE_CURVE_WITH_KNOTS('',5,(#2114,#2115,#2116,#2117,#2118,#2119),
 .UNSPECIFIED.,.F.,.F.,(6,6),(0.,1.99395811176496),.UNSPECIFIED.);
#880=B_SPLINE_CURVE_WITH_KNOTS('',5,(#2120,#2121,#2122,#2123,#2124,#2125),
 .UNSPECIFIED.,.F.,.F.,(6,6),(-1.99395811176555,0.),.UNSPECIFIED.);
#881=B_SPLINE_CURVE_WITH_KNOTS('',5,(#2126,#2127,#2128,#2129,#2130,#2131),
 .UNSPECIFIED.,.F.,.F.,(6,6),(-1.99395811176555,0.),.UNSPECIFIED.);
#882=B_SPLINE_CURVE_WITH_KNOTS('',1,(#2132,#2133),.UNSPECIFIED.,.F.,.F.,
(2,2),(14.1917805890784,14.283561178157),.UNSPECIFIED.);
#883=B_SPLINE_CURVE_WITH_KNOTS('',1,(#2134,#2135),.UNSPECIFIED.,.F.,.F.,
(2,2),(4.55294353823579,7.76639889723135),.UNSPECIFIED.);
#884=B_SPLINE_CURVE_WITH_KNOTS('',1,(#2136,#2137),.UNSPECIFIED.,.F.,.F.,
(2,2),(6.21724893790104E-14,10.5000000000009),.UNSPECIFIED.);
#885=B_SPLINE_CURVE_WITH_KNOTS('',1,(#2138,#2139),.UNSPECIFIED.,.F.,.F.,
(2,2),(0.,10.5000000000009),.UNSPECIFIED.);
#886=B_SPLINE_CURVE_WITH_KNOTS('',1,(#2140,#2141),.UNSPECIFIED.,.F.,.F.,
(2,2),(-2.54558441227202,0.),.UNSPECIFIED.);
#887=B_SPLINE_CURVE_WITH_KNOTS('',1,(#2142,#2143),.UNSPECIFIED.,.F.,.F.,
(2,2),(0.,2.54558441227202),.UNSPECIFIED.);
#888=B_SPLINE_CURVE_WITH_KNOTS('',1,(#2144,#2145),.UNSPECIFIED.,.F.,.F.,
(2,2),(0.,6.01573901695701),.UNSPECIFIED.);
#889=B_SPLINE_CURVE_WITH_KNOTS('',1,(#2146,#2147),.UNSPECIFIED.,.F.,.F.,
(2,2),(0.,6.01573901695696),.UNSPECIFIED.);
#890=B_SPLINE_CURVE_WITH_KNOTS('',1,(#2148,#2149),.UNSPECIFIED.,.F.,.F.,
(2,2),(0.,6.01573901695696),.UNSPECIFIED.);
#891=B_SPLINE_CURVE_WITH_KNOTS('',1,(#2150,#2151),.UNSPECIFIED.,.F.,.F.,
(2,2),(-3.89178058907779,0.),.UNSPECIFIED.);
#892=B_SPLINE_CURVE_WITH_KNOTS('',1,(#2152,#2153),.UNSPECIFIED.,.F.,.F.,
(2,2),(9.83739349516123,13.729174084239),.UNSPECIFIED.);
#893=B_SPLINE_CURVE_WITH_KNOTS('',1,(#2154,#2155),.UNSPECIFIED.,.F.,.F.,
(2,2),(7.10904113735499,9.35117162887679),.UNSPECIFIED.);
#894=B_SPLINE_CURVE_WITH_KNOTS('',1,(#2156,#2157),.UNSPECIFIED.,.F.,.F.,
(2,2),(7.10904113735493,9.35117162887704),.UNSPECIFIED.);
#895=B_SPLINE_CURVE_WITH_KNOTS('',1,(#2158,#2159),.UNSPECIFIED.,.F.,.F.,
(2,2),(0.,22.3296443305549),.UNSPECIFIED.);
#896=B_SPLINE_CURVE_WITH_KNOTS('',1,(#2160,#2161),.UNSPECIFIED.,.F.,.F.,
(2,2),(0.,8.83804868734405),.UNSPECIFIED.);
#897=B_SPLINE_CURVE_WITH_KNOTS('',1,(#2162,#2163),.UNSPECIFIED.,.F.,.F.,
(2,2),(0.,22.3296443305551),.UNSPECIFIED.);
#898=B_SPLINE_CURVE_WITH_KNOTS('',1,(#2164,#2165),.UNSPECIFIED.,.F.,.F.,
(2,2),(0.,8.83804868734418),.UNSPECIFIED.);
#899=B_SPLINE_CURVE_WITH_KNOTS('',1,(#2166,#2167),.UNSPECIFIED.,.F.,.F.,
(2,2),(-6.01573901695716,-1.87013157003915E-13),.UNSPECIFIED.);
#900=B_SPLINE_CURVE_WITH_KNOTS('',1,(#2168,#2169),.UNSPECIFIED.,.F.,.F.,
(2,2),(-3.34583978108184,-2.38917805890781),.UNSPECIFIED.);
#901=B_SPLINE_CURVE_WITH_KNOTS('',1,(#2170,#2171),.UNSPECIFIED.,.F.,.F.,
(2,2),(1.32429692581178,2.28095864798572),.UNSPECIFIED.);
#902=B_SPLINE_CURVE_WITH_KNOTS('',1,(#2172,#2173),.UNSPECIFIED.,.F.,.F.,
(2,2),(-0.935118866904115,0.),.UNSPECIFIED.);
#903=B_SPLINE_CURVE_WITH_KNOTS('',1,(#2174,#2175),.UNSPECIFIED.,.F.,.F.,
(2,2),(-0.935118866904023,0.),.UNSPECIFIED.);
#904=VERTEX_POINT('',#1544);
#905=VERTEX_POINT('',#1545);
#906=VERTEX_POINT('',#1546);
#907=VERTEX_POINT('',#1547);
#908=VERTEX_POINT('',#1548);
#909=VERTEX_POINT('',#1549);
#910=VERTEX_POINT('',#1550);
#911=VERTEX_POINT('',#1551);
#912=VERTEX_POINT('',#1552);
#913=VERTEX_POINT('',#1553);
#914=VERTEX_POINT('',#1554);
#915=VERTEX_POINT('',#1555);
#916=VERTEX_POINT('',#1556);
#917=VERTEX_POINT('',#1557);
#918=VERTEX_POINT('',#1558);
#919=VERTEX_POINT('',#1559);
#920=VERTEX_POINT('',#1560);
#921=VERTEX_POINT('',#1561);
#922=VERTEX_POINT('',#1562);
#923=VERTEX_POINT('',#1563);
#924=VERTEX_POINT('',#1564);
#925=VERTEX_POINT('',#1565);
#926=VERTEX_POINT('',#1566);
#927=VERTEX_POINT('',#1567);
#928=VERTEX_POINT('',#1568);
#929=VERTEX_POINT('',#1569);
#930=VERTEX_POINT('',#1570);
#931=VERTEX_POINT('',#1571);
#932=VERTEX_POINT('',#1572);
#933=VERTEX_POINT('',#1573);
#934=VERTEX_POINT('',#1574);
#935=VERTEX_POINT('',#1575);
#936=VERTEX_POINT('',#1576);
#937=VERTEX_POINT('',#1577);
#938=VERTEX_POINT('',#1578);
#939=VERTEX_POINT('',#1579);
#940=VERTEX_POINT('',#1580);
#941=VERTEX_POINT('',#1581);
#942=VERTEX_POINT('',#1582);
#943=VERTEX_POINT('',#1583);
#944=VERTEX_POINT('',#1584);
#945=VERTEX_POINT('',#1585);
#946=VERTEX_POINT('',#1586);
#947=VERTEX_POINT('',#1587);
#948=VERTEX_POINT('',#1588);
#949=VERTEX_POINT('',#1589);
#950=VERTEX_POINT('',#1590);
#951=VERTEX_POINT('',#1591);
#952=VERTEX_POINT('',#1592);
#953=VERTEX_POINT('',#1593);
#954=VERTEX_POINT('',#1594);
#955=VERTEX_POINT('',#1595);
#956=VERTEX_POINT('',#1596);
#957=VERTEX_POINT('',#1597);
#958=VERTEX_POINT('',#1598);
#959=VERTEX_POINT('',#1599);
#960=VERTEX_POINT('',#1600);
#961=VERTEX_POINT('',#1601);
#962=VERTEX_POINT('',#1602);
#963=VERTEX_POINT('',#1603);
#964=VERTEX_POINT('',#1604);
#965=VERTEX_POINT('',#1605);
#966=VERTEX_POINT('',#1606);
#967=VERTEX_POINT('',#1607);
#968=VERTEX_POINT('',#1608);
#969=VERTEX_POINT('',#1609);
#970=VERTEX_POINT('',#1610);
#971=VERTEX_POINT('',#1611);
#972=VERTEX_POINT('',#1612);
#973=VERTEX_POINT('',#1613);
#974=VERTEX_POINT('',#1614);
#975=VERTEX_POINT('',#1615);
#976=VERTEX_POINT('',#1616);
#977=VERTEX_POINT('',#1617);
#978=VERTEX_POINT('',#1618);
#979=VERTEX_POINT('',#1619);
#980=VERTEX_POINT('',#1620);
#981=VERTEX_POINT('',#1621);
#982=VERTEX_POINT('',#1622);
#983=VERTEX_POINT('',#1623);
#984=VERTEX_POINT('',#1624);
#985=VERTEX_POINT('',#1625);
#986=VERTEX_POINT('',#1626);
#987=VERTEX_POINT('',#1627);
#988=VERTEX_POINT('',#1628);
#989=VERTEX_POINT('',#1629);
#990=VERTEX_POINT('',#1630);
#991=VERTEX_POINT('',#1631);
#992=VERTEX_POINT('',#1632);
#993=VERTEX_POINT('',#1633);
#994=VERTEX_POINT('',#1634);
#995=VERTEX_POINT('',#1635);
#996=VERTEX_POINT('',#1636);
#997=VERTEX_POINT('',#1637);
#998=VERTEX_POINT('',#1638);
#999=VERTEX_POINT('',#1639);
#1000=VERTEX_POINT('',#1640);
#1001=VERTEX_POINT('',#1641);
#1002=VERTEX_POINT('',#1642);
#1003=VERTEX_POINT('',#1643);
#1004=VERTEX_POINT('',#1644);
#1005=VERTEX_POINT('',#1645);
#1006=VERTEX_POINT('',#1646);
#1007=VERTEX_POINT('',#1647);
#1008=VERTEX_POINT('',#1648);
#1009=VERTEX_POINT('',#1649);
#1010=VERTEX_POINT('',#1650);
#1011=VERTEX_POINT('',#1651);
#1012=VERTEX_POINT('',#1652);
#1013=VERTEX_POINT('',#1653);
#1014=VERTEX_POINT('',#1654);
#1015=VERTEX_POINT('',#1655);
#1016=CYLINDRICAL_SURFACE('',#1184,0.999999999999864);
#1017=CYLINDRICAL_SURFACE('',#1185,0.999999999999855);
#1018=CYLINDRICAL_SURFACE('',#1187,2.34103586951528);
#1019=CYLINDRICAL_SURFACE('',#1188,2.34103586951528);
#1020=CYLINDRICAL_SURFACE('',#1195,0.8999999999997);
#1021=CYLINDRICAL_SURFACE('',#1196,0.899999999999928);
#1022=CYLINDRICAL_SURFACE('',#1197,0.999999999999993);
#1023=CYLINDRICAL_SURFACE('',#1198,1.00000000000002);
#1024=CYLINDRICAL_SURFACE('',#1199,0.900000000000095);
#1025=CYLINDRICAL_SURFACE('',#1200,0.900000000000087);
#1026=B_SPLINE_SURFACE_WITH_KNOTS('',1,5,((#1263,#1264,#1265,#1266,#1267,
#1268),(#1269,#1270,#1271,#1272,#1273,#1274)),.UNSPECIFIED.,.F.,.F.,.F.,
(2,2),(6,6),(2.66453525910038E-15,10.5000000000009),(6.36990460378684E-14,
1.88284271247456),.UNSPECIFIED.);
#1027=B_SPLINE_SURFACE_WITH_KNOTS('',1,5,((#1275,#1276,#1277,#1278,#1279,
#1280),(#1281,#1282,#1283,#1284,#1285,#1286)),.UNSPECIFIED.,.F.,.F.,.F.,
(2,2),(6,6),(5.10702591327572E-15,5.),(-2.80969691957011E-13,0.0927682857788483),
 .UNSPECIFIED.);
#1028=B_SPLINE_SURFACE_WITH_KNOTS('',5,1,((#1339,#1340),(#1341,#1342),(#1343,
#1344),(#1345,#1346),(#1347,#1348),(#1349,#1350)),.UNSPECIFIED.,.F.,.F.,
 .F.,(6,6),(2,2),(-2.6329632918376E-14,0.416129659786454),(-3.10862446895044E-15,
10.5000000000009),.UNSPECIFIED.);
#1029=B_SPLINE_SURFACE_WITH_KNOTS('',5,1,((#1351,#1352),(#1353,#1354),(#1355,
#1356),(#1357,#1358),(#1359,#1360),(#1361,#1362)),.UNSPECIFIED.,.F.,.F.,
 .F.,(6,6),(2,2),(-1.50782164531904E-14,0.416129659786648),(-1.26565424807268E-14,
10.5000000000009),.UNSPECIFIED.);
#1030=B_SPLINE_SURFACE_WITH_KNOTS('',1,5,((#1363,#1364,#1365,#1366,#1367,
#1368),(#1369,#1370,#1371,#1372,#1373,#1374)),.UNSPECIFIED.,.F.,.F.,.F.,
(2,2),(6,6),(-1.19904086659517E-14,10.5000000000009),(-4.79172257428218E-13,
0.999999999999215),.UNSPECIFIED.);
#1031=B_SPLINE_SURFACE_WITH_KNOTS('',1,5,((#1375,#1376,#1377,#1378,#1379,
#1380),(#1381,#1382,#1383,#1384,#1385,#1386)),.UNSPECIFIED.,.F.,.F.,.F.,
(2,2),(6,6),(1.11022302462516E-15,10.5000000000009),(0.5324405665475,0.99999999999966),
 .UNSPECIFIED.);
#1032=B_SPLINE_SURFACE_WITH_KNOTS('',5,1,((#1391,#1392),(#1393,#1394),(#1395,
#1396),(#1397,#1398),(#1399,#1400),(#1401,#1402)),.UNSPECIFIED.,.F.,.F.,
 .F.,(6,6),(2,2),(0.,1.99395811176496),(-1.00000000000008,3.75000000000019),
 .UNSPECIFIED.);
#1033=B_SPLINE_SURFACE_WITH_KNOTS('',5,1,((#1403,#1404),(#1405,#1406),(#1407,
#1408),(#1409,#1410),(#1411,#1412),(#1413,#1414)),.UNSPECIFIED.,.F.,.F.,
 .F.,(6,6),(2,2),(0.,1.99395811176555),(-1.,3.75000000000044),
 .UNSPECIFIED.);
#1034=B_SPLINE_SURFACE_WITH_KNOTS('',5,1,((#1426,#1427),(#1428,#1429),(#1430,
#1431),(#1432,#1433),(#1434,#1435),(#1436,#1437)),.UNSPECIFIED.,.F.,.F.,
 .F.,(6,6),(2,2),(-0.416129659786648,1.50782164531904E-14),(0.,1.),
 .UNSPECIFIED.);
#1035=B_SPLINE_SURFACE_WITH_KNOTS('',5,1,((#1438,#1439),(#1440,#1441),(#1442,
#1443),(#1444,#1445),(#1446,#1447),(#1448,#1449)),.UNSPECIFIED.,.F.,.F.,
 .F.,(6,6),(2,2),(-2.6329632918376E-14,0.416129659786454),(0.,1.),
 .UNSPECIFIED.);
#1036=B_SPLINE_SURFACE_WITH_KNOTS('',5,1,((#1450,#1451),(#1452,#1453),(#1454,
#1455),(#1456,#1457),(#1458,#1459),(#1460,#1461)),.UNSPECIFIED.,.F.,.F.,
 .F.,(6,6),(2,2),(-0.999999999999175,4.65462668373536E-13),(0.,1.),
 .UNSPECIFIED.);
#1037=B_SPLINE_SURFACE_WITH_KNOTS('',5,1,((#1462,#1463),(#1464,#1465),(#1466,
#1467),(#1468,#1469),(#1470,#1471),(#1472,#1473)),.UNSPECIFIED.,.F.,.F.,
 .F.,(6,6),(2,2),(0.5324405665475,0.999999999999274),(0.,1.),
 .UNSPECIFIED.);
#1038=B_SPLINE_SURFACE_WITH_KNOTS('',1,5,((#1474,#1475,#1476,#1477,#1478,
#1479),(#1480,#1481,#1482,#1483,#1484,#1485)),.UNSPECIFIED.,.F.,.F.,.F.,
(2,2),(6,6),(0.,1.),(-0.416129659786648,1.50782164531904E-14),
 .UNSPECIFIED.);
#1039=B_SPLINE_SURFACE_WITH_KNOTS('',1,5,((#1486,#1487,#1488,#1489,#1490,
#1491),(#1492,#1493,#1494,#1495,#1496,#1497)),.UNSPECIFIED.,.F.,.F.,.F.,
(2,2),(6,6),(0.,1.),(-2.6329632918376E-14,0.416129659786454),
 .UNSPECIFIED.);
#1040=B_SPLINE_SURFACE_WITH_KNOTS('',1,5,((#1498,#1499,#1500,#1501,#1502,
#1503),(#1504,#1505,#1506,#1507,#1508,#1509)),.UNSPECIFIED.,.F.,.F.,.F.,
(2,2),(6,6),(0.,1.),(-0.999999999999107,4.79172257428218E-13),
 .UNSPECIFIED.);
#1041=B_SPLINE_SURFACE_WITH_KNOTS('',1,5,((#1510,#1511,#1512,#1513,#1514,
#1515),(#1516,#1517,#1518,#1519,#1520,#1521)),.UNSPECIFIED.,.F.,.F.,.F.,
(2,2),(6,6),(0.,1.),(0.5324405665475,0.999999999999488),.UNSPECIFIED.);
#1042=(
BOUNDED_SURFACE()
B_SPLINE_SURFACE(2,1,((#1253,#1254),(#1255,#1256),(#1257,#1258),(#1259,
#1260),(#1261,#1262)),.UNSPECIFIED.,.F.,.F.,.F.)
B_SPLINE_SURFACE_WITH_KNOTS((3,2,3),(2,2),(-3.18411963462495E-13,3.14159265358979,
6.28318530717971),(0.142958847276225,1.47820952063886),.UNSPECIFIED.)
GEOMETRIC_REPRESENTATION_ITEM()
RATIONAL_B_SPLINE_SURFACE(((1.00000000000006,1.00000000000006),(0.707106781186517,
0.707106781186518),(1.,1.),(0.707106781186536,0.707106781186537),(1.00000000000002,
1.00000000000002)))
REPRESENTATION_ITEM('')
SURFACE()
);
#1043=(
BOUNDED_SURFACE()
B_SPLINE_SURFACE(2,1,((#1287,#1288),(#1289,#1290),(#1291,#1292),(#1293,
#1294),(#1295,#1296)),.UNSPECIFIED.,.F.,.F.,.F.)
B_SPLINE_SURFACE_WITH_KNOTS((3,2,3),(2,2),(-9.32587340685131E-15,3.25940237809941,
6.51880475619881),(0.0814729601949208,1.39178058907757),.UNSPECIFIED.)
GEOMETRIC_REPRESENTATION_ITEM()
RATIONAL_B_SPLINE_SURFACE(((1.,1.),(0.707106781186547,0.707106781186547),
(1.,1.),(0.707106781186549,0.707106781186549),(0.999999999999998,0.999999999999998)))
REPRESENTATION_ITEM('')
SURFACE()
);
#1044=(
BOUNDED_SURFACE()
B_SPLINE_SURFACE(2,1,((#1297,#1298),(#1299,#1300),(#1301,#1302),(#1303,
#1304),(#1305,#1306)),.UNSPECIFIED.,.F.,.F.,.F.)
B_SPLINE_SURFACE_WITH_KNOTS((3,2,3),(2,2),(-5.28466159721575E-14,3.25940237809941,
6.51880475619881),(0.0814729601947444,1.39178058907776),.UNSPECIFIED.)
GEOMETRIC_REPRESENTATION_ITEM()
RATIONAL_B_SPLINE_SURFACE(((1.00000000000001,1.00000000000001),(0.707106781186543,
0.707106781186543),(1.,1.),(0.707106781186549,0.707106781186549),(0.999999999999999,
0.999999999999999)))
REPRESENTATION_ITEM('')
SURFACE()
);
#1045=(
BOUNDED_SURFACE()
B_SPLINE_SURFACE(2,1,((#1307,#1308),(#1309,#1310),(#1311,#1312),(#1313,
#1314),(#1315,#1316)),.UNSPECIFIED.,.F.,.F.,.F.)
B_SPLINE_SURFACE_WITH_KNOTS((3,2,3),(2,2),(6.28318530717942,9.42477796076938,
12.5663706143593),(0.142958847276111,1.47820952063889),.UNSPECIFIED.)
GEOMETRIC_REPRESENTATION_ITEM()
RATIONAL_B_SPLINE_SURFACE(((1.00000000000003,1.00000000000003),(0.707106781186532,
0.707106781186533),(1.,1.),(0.707106781186535,0.707106781186536),(1.00000000000002,
1.00000000000002)))
REPRESENTATION_ITEM('')
SURFACE()
);
#1046=(
BOUNDED_SURFACE()
B_SPLINE_SURFACE(2,1,((#1317,#1318),(#1319,#1320),(#1321,#1322),(#1323,
#1324),(#1325,#1326)),.UNSPECIFIED.,.F.,.F.,.F.)
B_SPLINE_SURFACE_WITH_KNOTS((3,2,3),(2,2),(6.5188047561988,9.77820713429823,
13.0376095123976),(0.0814729601947914,1.39178058907773),.UNSPECIFIED.)
GEOMETRIC_REPRESENTATION_ITEM()
RATIONAL_B_SPLINE_SURFACE(((1.,1.),(0.707106781186546,0.707106781186546),
(1.,1.),(0.707106781186546,0.707106781186546),(1.,1.)))
REPRESENTATION_ITEM('')
SURFACE()
);
#1047=(
BOUNDED_SURFACE()
B_SPLINE_SURFACE(2,1,((#1327,#1328),(#1329,#1330),(#1331,#1332),(#1333,
#1334),(#1335,#1336)),.UNSPECIFIED.,.F.,.F.,.F.)
B_SPLINE_SURFACE_WITH_KNOTS((3,2,3),(2,2),(6.51880475619879,9.77820713429823,
13.0376095123976),(0.0814729601948966,1.39178058907777),.UNSPECIFIED.)
GEOMETRIC_REPRESENTATION_ITEM()
RATIONAL_B_SPLINE_SURFACE(((1.00000000000001,1.00000000000001),(0.707106781186545,
0.707106781186545),(1.,1.),(0.707106781186547,0.707106781186547),(1.,1.)))
REPRESENTATION_ITEM('')
SURFACE()
);
#1048=PLANE('',#1166);
#1049=PLANE('',#1167);
#1050=PLANE('',#1168);
#1051=PLANE('',#1169);
#1052=PLANE('',#1170);
#1053=PLANE('',#1171);
#1054=PLANE('',#1172);
#1055=PLANE('',#1173);
#1056=PLANE('',#1174);
#1057=PLANE('',#1175);
#1058=PLANE('',#1176);
#1059=PLANE('',#1177);
#1060=PLANE('',#1178);
#1061=PLANE('',#1179);
#1062=PLANE('',#1180);
#1063=PLANE('',#1181);
#1064=PLANE('',#1182);
#1065=PLANE('',#1183);
#1066=PLANE('',#1186);
#1067=PLANE('',#1189);
#1068=PLANE('',#1190);
#1069=PLANE('',#1191);
#1070=PLANE('',#1192);
#1071=PLANE('',#1193);
#1072=PLANE('',#1194);
#1073=PLANE('',#1201);
#1074=PLANE('',#1202);
#1075=PLANE('',#1203);
#1076=PLANE('',#1204);
#1077=PLANE('',#1205);
#1078=SHAPE_DEFINITION_REPRESENTATION(#1079,#1164);
#1079=PRODUCT_DEFINITION_SHAPE('Document','',#1081);
#1080=PRODUCT_DEFINITION_CONTEXT('3D Mechanical Parts',#1153,'design');
#1081=PRODUCT_DEFINITION('A','First version',#1123,#1080);
#1082=DATE_TIME_ROLE('classification_date');
#1083=DATE_TIME_ROLE('creation_date');
#1084=APPLIED_DATE_AND_TIME_ASSIGNMENT(#1108,#1082,(#1087));
#1085=APPLIED_DATE_AND_TIME_ASSIGNMENT(#1110,#1083,(#1081));
#1086=SECURITY_CLASSIFICATION_LEVEL('unclassified');
#1087=SECURITY_CLASSIFICATION('A','Security for version',#1086);
#1088=APPLIED_SECURITY_CLASSIFICATION_ASSIGNMENT(#1087,(#1123));
#1089=APPROVAL_ROLE('Version approval');
#1090=APPROVAL_ROLE('Version Security approval');
#1091=APPROVAL_ROLE('Definition approval');
#1092=APPROVAL_PERSON_ORGANIZATION(#1141,#1117,#1089);
#1093=APPROVAL_PERSON_ORGANIZATION(#1142,#1118,#1090);
#1094=APPROVAL_PERSON_ORGANIZATION(#1145,#1119,#1091);
#1095=COORDINATED_UNIVERSAL_TIME_OFFSET(5,0,.BEHIND.);
#1096=LOCAL_TIME(0,0,0.,#1095);
#1097=LOCAL_TIME(0,0,0.,#1095);
#1098=LOCAL_TIME(0,0,0.,#1095);
#1099=LOCAL_TIME(0,0,0.,#1095);
#1100=LOCAL_TIME(0,0,0.,#1095);
#1101=CALENDAR_DATE(1999,1,1);
#1102=CALENDAR_DATE(1999,1,1);
#1103=CALENDAR_DATE(1999,1,1);
#1104=CALENDAR_DATE(1999,1,1);
#1105=CALENDAR_DATE(1999,1,1);
#1106=DATE_AND_TIME(#1101,#1096);
#1107=DATE_AND_TIME(#1102,#1097);
#1108=DATE_AND_TIME(#1103,#1098);
#1109=DATE_AND_TIME(#1104,#1099);
#1110=DATE_AND_TIME(#1105,#1100);
#1111=APPROVAL_DATE_TIME(#1106,#1117);
#1112=APPROVAL_DATE_TIME(#1107,#1118);
#1113=APPROVAL_DATE_TIME(#1109,#1119);
#1114=APPROVAL_STATUS('not_yet_approved');
#1115=APPROVAL_STATUS('not_yet_approved');
#1116=APPROVAL_STATUS('approved');
#1117=APPROVAL(#1114,'Version approval');
#1118=APPROVAL(#1115,'Version Security approval');
#1119=APPROVAL(#1116,'Definition approval');
#1120=APPLIED_APPROVAL_ASSIGNMENT(#1117,(#1123));
#1121=APPLIED_APPROVAL_ASSIGNMENT(#1118,(#1087));
#1122=APPLIED_APPROVAL_ASSIGNMENT(#1119,(#1081));
#1123=PRODUCT_DEFINITION_FORMATION_WITH_SPECIFIED_SOURCE('A',
'First version',#1155,.MADE.);
#1124=PERSON_AND_ORGANIZATION_ROLE('design_owner');
#1125=PERSON_AND_ORGANIZATION_ROLE('creator');
#1126=PERSON_AND_ORGANIZATION_ROLE('design_supplier');
#1127=PERSON_AND_ORGANIZATION_ROLE('classification_officer');
#1128=PERSON_AND_ORGANIZATION_ROLE('creator');
#1129=ORGANIZATION('STI','lab','lab');
#1130=ORGANIZATION('STI','unknown','unknown');
#1131=ORGANIZATION('STI','unknown','unknown');
#1132=ORGANIZATION('STI','unknown','unknown');
#1133=ORGANIZATION('STI','unknown','unknown');
#1134=ORGANIZATION('STI','unknown','unknown');
#1135=ORGANIZATION('STI','unknown','unknown');
#1136=PERSON('1','Box','vc60',$,$,$);
#1137=PERSON('2','last','first',$,$,$);
#1138=PERSON('3','President','Mr.',$,$,$);
#1139=PERSON_AND_ORGANIZATION(#1136,#1129);
#1140=PERSON_AND_ORGANIZATION(#1137,#1130);
#1141=PERSON_AND_ORGANIZATION(#1138,#1131);
#1142=PERSON_AND_ORGANIZATION(#1138,#1132);
#1143=PERSON_AND_ORGANIZATION(#1138,#1133);
#1144=PERSON_AND_ORGANIZATION(#1137,#1134);
#1145=PERSON_AND_ORGANIZATION(#1138,#1135);
#1146=APPLIED_PERSON_AND_ORGANIZATION_ASSIGNMENT(#1139,#1124,(#1155));
#1147=APPLIED_PERSON_AND_ORGANIZATION_ASSIGNMENT(#1140,#1125,(#1123));
#1148=APPLIED_PERSON_AND_ORGANIZATION_ASSIGNMENT(#1140,#1126,(#1123));
#1149=APPLIED_PERSON_AND_ORGANIZATION_ASSIGNMENT(#1143,#1127,(#1087));
#1150=APPLIED_PERSON_AND_ORGANIZATION_ASSIGNMENT(#1144,#1128,(#1081));
#1151=PRODUCT_RELATED_PRODUCT_CATEGORY('detail','detail',(#1155));
#1152=APPLICATION_PROTOCOL_DEFINITION('International Standard',
'config_control_design',1994,#1153);
#1153=APPLICATION_CONTEXT(
'configuration controlled 3d designs of mechanical parts and assemblie
s');
#1154=PRODUCT_CONTEXT('3D Mechanical Parts',#1153,'mechanical');
#1155=PRODUCT('Document','Document','',(#1154));
#1156=(
LENGTH_UNIT()
NAMED_UNIT(*)
SI_UNIT(.MILLI.,.METRE.)
);
#1157=(
NAMED_UNIT(*)
PLANE_ANGLE_UNIT()
SI_UNIT($,.RADIAN.)
);
#1158=DIMENSIONAL_EXPONENTS(0.,0.,0.,0.,0.,0.,0.);
#1159=PLANE_ANGLE_MEASURE_WITH_UNIT(PLANE_ANGLE_MEASURE(0.01745329252),
#1157);
#1160=(
CONVERSION_BASED_UNIT('DEGREES',#1159)
NAMED_UNIT(#1158)
PLANE_ANGLE_UNIT()
);
#1161=(
NAMED_UNIT(*)
SI_UNIT($,.STERADIAN.)
SOLID_ANGLE_UNIT()
);
#1162=UNCERTAINTY_MEASURE_WITH_UNIT(LENGTH_MEASURE(0.001),#1156,
'DISTANCE_ACCURACY_VALUE',
'Maximum model space distance between geometric entities at asserted c
onnectivities');
#1163=(
GEOMETRIC_REPRESENTATION_CONTEXT(3)
GLOBAL_UNCERTAINTY_ASSIGNED_CONTEXT((#1162))
GLOBAL_UNIT_ASSIGNED_CONTEXT((#1161,#1160,#1156))
REPRESENTATION_CONTEXT('ID1','3D')
);
#1164=SHAPE_REPRESENTATION('Document',(#1165,#1206),#1163);
#1165=AXIS2_PLACEMENT_3D('',#1251,#1207,#1208);
#1166=AXIS2_PLACEMENT_3D('',#1252,#1209,$);
#1167=AXIS2_PLACEMENT_3D('',#1337,#1210,$);
#1168=AXIS2_PLACEMENT_3D('',#1338,#1211,$);
#1169=AXIS2_PLACEMENT_3D('',#1387,#1212,$);
#1170=AXIS2_PLACEMENT_3D('',#1388,#1213,$);
#1171=AXIS2_PLACEMENT_3D('',#1389,#1214,$);
#1172=AXIS2_PLACEMENT_3D('',#1390,#1215,$);
#1173=AXIS2_PLACEMENT_3D('',#1415,#1216,$);
#1174=AXIS2_PLACEMENT_3D('',#1416,#1217,$);
#1175=AXIS2_PLACEMENT_3D('',#1417,#1218,$);
#1176=AXIS2_PLACEMENT_3D('',#1418,#1219,$);
#1177=AXIS2_PLACEMENT_3D('',#1419,#1220,$);
#1178=AXIS2_PLACEMENT_3D('',#1420,#1221,$);
#1179=AXIS2_PLACEMENT_3D('',#1421,#1222,$);
#1180=AXIS2_PLACEMENT_3D('',#1422,#1223,$);
#1181=AXIS2_PLACEMENT_3D('',#1423,#1224,$);
#1182=AXIS2_PLACEMENT_3D('',#1424,#1225,$);
#1183=AXIS2_PLACEMENT_3D('',#1425,#1226,$);
#1184=AXIS2_PLACEMENT_3D('',#1522,#1227,$);
#1185=AXIS2_PLACEMENT_3D('',#1523,#1228,$);
#1186=AXIS2_PLACEMENT_3D('',#1524,#1229,$);
#1187=AXIS2_PLACEMENT_3D('',#1525,#1230,$);
#1188=AXIS2_PLACEMENT_3D('',#1526,#1231,$);
#1189=AXIS2_PLACEMENT_3D('',#1527,#1232,$);
#1190=AXIS2_PLACEMENT_3D('',#1528,#1233,$);
#1191=AXIS2_PLACEMENT_3D('',#1529,#1234,$);
#1192=AXIS2_PLACEMENT_3D('',#1530,#1235,$);
#1193=AXIS2_PLACEMENT_3D('',#1531,#1236,$);
#1194=AXIS2_PLACEMENT_3D('',#1532,#1237,$);
#1195=AXIS2_PLACEMENT_3D('',#1533,#1238,$);
#1196=AXIS2_PLACEMENT_3D('',#1534,#1239,$);
#1197=AXIS2_PLACEMENT_3D('',#1535,#1240,$);
#1198=AXIS2_PLACEMENT_3D('',#1536,#1241,$);
#1199=AXIS2_PLACEMENT_3D('',#1537,#1242,$);
#1200=AXIS2_PLACEMENT_3D('',#1538,#1243,$);
#1201=AXIS2_PLACEMENT_3D('',#1539,#1244,$);
#1202=AXIS2_PLACEMENT_3D('',#1540,#1245,$);
#1203=AXIS2_PLACEMENT_3D('',#1541,#1246,$);
#1204=AXIS2_PLACEMENT_3D('',#1542,#1247,$);
#1205=AXIS2_PLACEMENT_3D('',#1543,#1248,$);
#1206=AXIS2_PLACEMENT_3D('',#2176,#1249,#1250);
#1207=DIRECTION('',(0.,0.,1.));
#1208=DIRECTION('',(1.,0.,0.));
#1209=DIRECTION('',(-1.,0.,0.));
#1210=DIRECTION('',(0.,-0.667388808917958,0.744709458601856));
#1211=DIRECTION('',(0.,0.66738880891793,0.744709458601881));
#1212=DIRECTION('',(1.,0.,0.));
#1213=DIRECTION('',(0.,1.,0.));
#1214=DIRECTION('',(0.,-1.,0.));
#1215=DIRECTION('',(0.,0.,-1.));
#1216=DIRECTION('',(0.707106781186687,1.92336326188724E-14,-0.707106781186408));
#1217=DIRECTION('',(-0.316227766017414,-7.72383363034583E-16,0.948683298050322));
#1218=DIRECTION('',(-1.,0.,0.));
#1219=DIRECTION('',(-0.31622776601746,1.623760478649E-16,-0.948683298050307));
#1220=DIRECTION('',(-1.,0.,0.));
#1221=DIRECTION('',(-0.707106781186703,4.80840815459268E-16,0.707106781186391));
#1222=DIRECTION('',(0.707106781186546,2.35513868802316E-16,0.707106781186549));
#1223=DIRECTION('',(0.,1.,0.));
#1224=DIRECTION('',(0.,-1.,0.));
#1225=DIRECTION('',(1.,0.,0.));
#1226=DIRECTION('',(-1.,0.,0.));
#1227=DIRECTION('',(-6.31088724176981E-30,1.,2.84217094304079E-14));
#1228=DIRECTION('',(-6.31088724176992E-30,1.,2.84217094304081E-14));
#1229=DIRECTION('',(0.,0.,1.));
#1230=DIRECTION('',(-9.05560320421982E-15,-1.,-3.55244358648739E-14));
#1231=DIRECTION('',(-9.05560320422003E-15,-1.,-3.55244358648738E-14));
#1232=DIRECTION('',(-0.998044315329134,1.83210873785354E-14,-0.0625103562555864));
#1233=DIRECTION('',(-1.,0.,0.));
#1234=DIRECTION('',(-0.998044315329134,1.83141473348562E-14,-0.0625103562555879));
#1235=DIRECTION('',(-0.0620020670697269,2.55318044766249E-14,-0.998076020991929));
#1236=DIRECTION('',(-0.0620020670697269,2.55369986343382E-14,-0.998076020991929));
#1237=DIRECTION('',(0.,-1.,0.));
#1238=DIRECTION('',(1.,0.,0.));
#1239=DIRECTION('',(1.,0.,0.));
#1240=DIRECTION('',(0.,1.,2.84217094304042E-14));
#1241=DIRECTION('',(0.,1.,2.84217094304035E-14));
#1242=DIRECTION('',(1.,0.,0.));
#1243=DIRECTION('',(1.,0.,0.));
#1244=DIRECTION('',(-0.707106781186518,-1.68048958468506E-14,0.707106781186577));
#1245=DIRECTION('',(0.,1.,0.));
#1246=DIRECTION('',(0.,0.,-1.));
#1247=DIRECTION('',(0.,0.,1.));
#1248=DIRECTION('',(1.,0.,0.));
#1249=DIRECTION('',(0.,0.,1.));
#1250=DIRECTION('',(1.,0.,0.));
#1251=CARTESIAN_POINT('',(0.,0.,0.));
#1252=CARTESIAN_POINT('',(2.50235539938698,-55.0948741960608,5.44208974133729));
#1253=CARTESIAN_POINT('',(-0.997644600612984,-48.6801248694224,2.4325425036304));
#1254=CARTESIAN_POINT('',(-1.98158725458698,-47.34487419606,2.43254250363032));
#1255=CARTESIAN_POINT('',(-0.997644600613182,-48.6801248694226,1.43254250363052));
#1256=CARTESIAN_POINT('',(-1.98158725458713,-47.3448741960603,0.448599849656474));
#1257=CARTESIAN_POINT('',(0.00235539938675444,-48.6801248694227,1.43254250363021));
#1258=CARTESIAN_POINT('',(0.00235539938720919,-47.3448741960601,0.44859984965661));
#1259=CARTESIAN_POINT('',(1.00235539938756,-48.6801248694231,1.43254250363048));
#1260=CARTESIAN_POINT('',(1.98629805336077,-47.3448741960604,0.448599849656377));
#1261=CARTESIAN_POINT('',(1.00235539938689,-48.6801248694227,2.43254250363049));
#1262=CARTESIAN_POINT('',(1.98629805336071,-47.3448741960603,2.43254250363038));
#1263=CARTESIAN_POINT('',(-2.49764460061325,-47.3448741960604,5.93254246531323));
#1264=CARTESIAN_POINT('',(-2.49764460061279,-47.3448741960602,6.33254246531306));
#1265=CARTESIAN_POINT('',(-2.49764460061256,-47.3448741960603,6.7325424653131));
#1266=CARTESIAN_POINT('',(-2.29764460061297,-47.3448741960603,6.93254246531308));
#1267=CARTESIAN_POINT('',(-1.89764460061288,-47.3448741960602,6.93254246531337));
#1268=CARTESIAN_POINT('',(-1.49764460061279,-47.3448741960602,6.93254246531337));
#1269=CARTESIAN_POINT('',(-2.49764460061325,-57.8448741960612,5.93254246531313));
#1270=CARTESIAN_POINT('',(-2.49764460061279,-57.844874196061,6.33254246531299));
#1271=CARTESIAN_POINT('',(-2.49764460061256,-57.844874196061,6.73254246531291));
#1272=CARTESIAN_POINT('',(-2.29764460061297,-57.8448741960611,6.93254246531281));
#1273=CARTESIAN_POINT('',(-1.89764460061288,-57.8448741960611,6.93254246531307));
#1274=CARTESIAN_POINT('',(-1.49764460061279,-57.8448741960611,6.93254246531307));
#1275=CARTESIAN_POINT('',(-2.49764460061302,-55.0948741960608,5.5340966986674));
#1276=CARTESIAN_POINT('',(-2.49764460061279,-55.0948741960607,5.51554304151155));
#1277=CARTESIAN_POINT('',(-2.49764460061279,-55.0948741960606,5.49698938435576));
#1278=CARTESIAN_POINT('',(-2.49756476464491,-55.0948741960608,5.47851556316779));
#1279=CARTESIAN_POINT('',(-2.49733266298718,-55.0948741960609,5.46019400766967));
#1280=CARTESIAN_POINT('',(-2.49688327216355,-55.0948741960608,5.44208974133746));
#1281=CARTESIAN_POINT('',(-2.49764460061302,-50.0948741960608,5.53409669866742));
#1282=CARTESIAN_POINT('',(-2.49764460061279,-50.0948741960609,5.51554304151163));
#1283=CARTESIAN_POINT('',(-2.49764460061279,-50.0948741960608,5.49698938435581));
#1284=CARTESIAN_POINT('',(-2.49756476464491,-50.0948741960608,5.47851556316787));
#1285=CARTESIAN_POINT('',(-2.49733266298718,-50.0948741960608,5.46019400766972));
#1286=CARTESIAN_POINT('',(-2.49688327216355,-50.0948741960608,5.44208974133756));
#1287=CARTESIAN_POINT('',(3.08382835958195,-52.5948741960611,26.0325424653135));
#1288=CARTESIAN_POINT('',(4.39413598846453,-52.5948741960613,24.9471832012779));
#1289=CARTESIAN_POINT('',(3.08382835958185,-53.4948741960616,26.0325424653131));
#1290=CARTESIAN_POINT('',(4.39413598846451,-54.5802334600971,24.9471832012774));
#1291=CARTESIAN_POINT('',(3.083828359582,-53.4948741960612,26.9325424653132));
#1292=CARTESIAN_POINT('',(4.39413598846458,-54.5802334600968,26.9325424653131));
#1293=CARTESIAN_POINT('',(3.0838283595821,-53.4948741960614,27.8325424653131));
#1294=CARTESIAN_POINT('',(4.39413598846476,-54.5802334600969,28.9179017293483));
#1295=CARTESIAN_POINT('',(3.08382835958204,-52.5948741960614,27.8325424653133));
#1296=CARTESIAN_POINT('',(4.39413598846463,-52.5948741960615,28.9179017293485));
#1297=CARTESIAN_POINT('',(3.0838283595822,-52.5948741960607,12.032542465313));
#1298=CARTESIAN_POINT('',(4.39413598846477,-52.5948741960609,10.9471832012775));
#1299=CARTESIAN_POINT('',(3.08382835958167,-53.4948741960611,12.0325424653132));
#1300=CARTESIAN_POINT('',(4.39413598846466,-54.5802334600968,10.9471832012777));
#1301=CARTESIAN_POINT('',(3.08382835958177,-53.4948741960609,12.9325424653131));
#1302=CARTESIAN_POINT('',(4.39413598846458,-54.5802334600967,12.9325424653131));
#1303=CARTESIAN_POINT('',(3.0838283595818,-53.4948741960613,13.8325424653133));
#1304=CARTESIAN_POINT('',(4.39413598846478,-54.5802334600967,14.9179017293489));
#1305=CARTESIAN_POINT('',(3.08382835958157,-52.5948741960608,13.832542465313));
#1306=CARTESIAN_POINT('',(4.39413598846484,-52.5948741960611,14.9179017293484));
#1307=CARTESIAN_POINT('',(1.00235539938691,-48.6801248694225,2.43254250362997));
#1308=CARTESIAN_POINT('',(1.98629805336093,-47.3448741960597,2.43254250362995));
#1309=CARTESIAN_POINT('',(1.00235539938707,-48.6801248694228,3.43254250363048));
#1310=CARTESIAN_POINT('',(1.98629805336092,-47.34487419606,4.41648515760464));
#1311=CARTESIAN_POINT('',(0.00235539938675444,-48.6801248694229,3.43254250363024));
#1312=CARTESIAN_POINT('',(0.00235539938720919,-47.3448741960601,4.41648515760415));
#1313=CARTESIAN_POINT('',(-0.997644600612449,-48.680124869423,3.43254250363027));
#1314=CARTESIAN_POINT('',(-1.98158725458669,-47.3448741960603,4.41648515760409));
#1315=CARTESIAN_POINT('',(-0.997644600612663,-48.6801248694227,2.43254250363026));
#1316=CARTESIAN_POINT('',(-1.98158725458669,-47.34487419606,2.43254250363024));
#1317=CARTESIAN_POINT('',(3.08382835958145,-52.5948741960613,27.8325424653132));
#1318=CARTESIAN_POINT('',(4.39413598846448,-52.5948741960615,28.9179017293488));
#1319=CARTESIAN_POINT('',(3.08382835958221,-51.6948741960619,27.8325424653134));
#1320=CARTESIAN_POINT('',(4.39413598846487,-50.6095149320264,28.9179017293488));
#1321=CARTESIAN_POINT('',(3.08382835958177,-51.6948741960615,26.9325424653132));
#1322=CARTESIAN_POINT('',(4.39413598846458,-50.6095149320261,26.9325424653132));
#1323=CARTESIAN_POINT('',(3.08382835958189,-51.6948741960614,26.0325424653132));
#1324=CARTESIAN_POINT('',(4.39413598846455,-50.6095149320261,24.9471832012777));
#1325=CARTESIAN_POINT('',(3.08382835958144,-52.5948741960614,26.032542465313));
#1326=CARTESIAN_POINT('',(4.39413598846447,-52.5948741960615,24.9471832012775));
#1327=CARTESIAN_POINT('',(3.08382835958207,-52.5948741960611,13.832542465313));
#1328=CARTESIAN_POINT('',(4.39413598846465,-52.5948741960612,14.9179017293486));
#1329=CARTESIAN_POINT('',(3.08382835958224,-51.6948741960613,13.8325424653134));
#1330=CARTESIAN_POINT('',(4.39413598846523,-50.6095149320258,14.9179017293487));
#1331=CARTESIAN_POINT('',(3.083828359582,-51.6948741960611,12.9325424653132));
#1332=CARTESIAN_POINT('',(4.39413598846481,-50.6095149320257,12.9325424653132));
#1333=CARTESIAN_POINT('',(3.08382835958217,-51.6948741960612,12.0325424653129));
#1334=CARTESIAN_POINT('',(4.39413598846482,-50.6095149320258,10.9471832012776));
#1335=CARTESIAN_POINT('',(3.08382835958195,-52.5948741960608,12.0325424653134));
#1336=CARTESIAN_POINT('',(4.39413598846498,-52.594874196061,10.9471832012779));
#1337=CARTESIAN_POINT('',(6.39413598846435,-54.6027437045394,10.6081126739803));
#1338=CARTESIAN_POINT('',(6.39413598846435,-50.5870046875824,10.6081126739804));
#1339=CARTESIAN_POINT('',(0.502355399387209,-47.3448741960606,21.5331792458793));
#1340=CARTESIAN_POINT('',(0.502355399387209,-57.8448741960617,21.5331792458789));
#1341=CARTESIAN_POINT('',(0.502355399387209,-47.3448741960608,21.4466881394725));
#1342=CARTESIAN_POINT('',(0.502355399387209,-57.8448741960617,21.4466881394722));
#1343=CARTESIAN_POINT('',(0.502355399387209,-47.3448741960607,21.3601970330654));
#1344=CARTESIAN_POINT('',(0.502355399386982,-57.8448741960618,21.3601970330649));
#1345=CARTESIAN_POINT('',(0.543381733425843,-47.3448741960608,21.3032760351824));
#1346=CARTESIAN_POINT('',(0.543381733425843,-57.8448741960617,21.3032760351821));
#1347=CARTESIAN_POINT('',(0.625434401503565,-47.3448741960608,21.2759251458232));
#1348=CARTESIAN_POINT('',(0.625434401503565,-57.8448741960617,21.275925145823));
#1349=CARTESIAN_POINT('',(0.707487069581969,-47.3448741960608,21.2485742564642));
#1350=CARTESIAN_POINT('',(0.707487069581969,-57.8448741960617,21.248574256464));
#1351=CARTESIAN_POINT('',(0.502355399387209,-57.8448741960615,18.5499879594571));
#1352=CARTESIAN_POINT('',(0.502355399387209,-47.3448741960606,18.5499879594573));
#1353=CARTESIAN_POINT('',(0.502355399387209,-57.8448741960616,18.6364790658642));
#1354=CARTESIAN_POINT('',(0.502355399387209,-47.3448741960609,18.6364790658646));
#1355=CARTESIAN_POINT('',(0.502355399387209,-57.8448741960616,18.7229701722709));
#1356=CARTESIAN_POINT('',(0.502355399387209,-47.3448741960607,18.7229701722712));
#1357=CARTESIAN_POINT('',(0.543381733426298,-57.8448741960615,18.7798911701541));
#1358=CARTESIAN_POINT('',(0.54338173342607,-47.3448741960609,18.7798911701544));
#1359=CARTESIAN_POINT('',(0.62543440150402,-57.8448741960615,18.8072420595131));
#1360=CARTESIAN_POINT('',(0.62543440150402,-47.3448741960609,18.8072420595133));
#1361=CARTESIAN_POINT('',(0.707487069582196,-57.8448741960615,18.834592948872));
#1362=CARTESIAN_POINT('',(0.707487069582196,-47.3448741960609,18.8345929488722));
#1363=CARTESIAN_POINT('',(0.502355399386754,-47.344874196061,30.6273700402948));
#1364=CARTESIAN_POINT('',(0.502355399387209,-47.3448741960611,30.7930554652439));
#1365=CARTESIAN_POINT('',(0.502355399386754,-47.3448741960611,30.9587408901929));
#1366=CARTESIAN_POINT('',(0.560934043149967,-47.344874196061,31.1001622464309));
#1367=CARTESIAN_POINT('',(0.678091330674572,-47.3448741960611,31.2173195339562));
#1368=CARTESIAN_POINT('',(0.795248618199405,-47.3448741960612,31.3344768214819));
#1369=CARTESIAN_POINT('',(0.502355399386754,-57.8448741960619,30.6273700402946));
#1370=CARTESIAN_POINT('',(0.502355399387209,-57.844874196062,30.7930554652436));
#1371=CARTESIAN_POINT('',(0.502355399386754,-57.844874196062,30.9587408901927));
#1372=CARTESIAN_POINT('',(0.560934043149967,-57.8448741960619,31.1001622464306));
#1373=CARTESIAN_POINT('',(0.678091330674118,-57.844874196062,31.2173195339559));
#1374=CARTESIAN_POINT('',(0.795248618199405,-57.8448741960621,31.3344768214816));
#1375=CARTESIAN_POINT('',(2.50235539938744,-57.8448741960619,32.9767024695718));
#1376=CARTESIAN_POINT('',(2.43733506530979,-57.844874196062,32.9466516685513));
#1377=CARTESIAN_POINT('',(2.37627629353055,-57.844874196062,32.9070368101016));
#1378=CARTESIAN_POINT('',(2.31901817053385,-57.844874196062,32.8582463738152));
#1379=CARTESIAN_POINT('',(2.26424017555363,-57.844874196062,32.8034683788352));
#1380=CARTESIAN_POINT('',(2.20946218057297,-57.844874196062,32.7486903838551));
#1381=CARTESIAN_POINT('',(2.50235539938744,-47.3448741960612,32.9767024695721));
#1382=CARTESIAN_POINT('',(2.43733506530979,-47.3448741960612,32.9466516685516));
#1383=CARTESIAN_POINT('',(2.37627629353055,-47.3448741960614,32.9070368101018));
#1384=CARTESIAN_POINT('',(2.31901817053385,-47.3448741960611,32.8582463738154));
#1385=CARTESIAN_POINT('',(2.26424017555363,-47.3448741960611,32.8034683788355));
#1386=CARTESIAN_POINT('',(2.20946218057297,-47.3448741960611,32.7486903838554));
#1387=CARTESIAN_POINT('',(2.50235539938698,-47.3448741960602,-0.0637973351355683));
#1388=CARTESIAN_POINT('',(-2.49764460061302,-55.0948741960608,5.53409669866717));
#1389=CARTESIAN_POINT('',(-2.49764460061302,-50.0948741960608,5.53409669866731));
#1390=CARTESIAN_POINT('',(2.50235539938698,-57.8448741960612,2.68914620309999));
#1391=CARTESIAN_POINT('',(1.44035333231731,-54.0948741960607,0.00217591941110129));
#1392=CARTESIAN_POINT('',(1.44035333231731,-58.8448741960611,0.00217591941099471));
#1393=CARTESIAN_POINT('',(1.86515415914532,-54.0948741960609,-0.0242133824078934));
#1394=CARTESIAN_POINT('',(1.86515415914532,-58.8448741960611,-0.024213382408));
#1395=CARTESIAN_POINT('',(2.28995498597309,-54.0948741960607,-0.0506026842268597));
#1396=CARTESIAN_POINT('',(2.28995498597309,-58.844874196061,-0.0506026842269947));
#1397=CARTESIAN_POINT('',(2.50235539938698,-54.0948741960605,0.149012519971635));
#1398=CARTESIAN_POINT('',(2.50235539938698,-58.8448741960607,0.1490125199715));
#1399=CARTESIAN_POINT('',(2.50235539938698,-54.0948741960606,0.574632230187333));
#1400=CARTESIAN_POINT('',(2.50235539938698,-58.8448741960609,0.574632230187227));
#1401=CARTESIAN_POINT('',(2.50235539938698,-54.0948741960606,1.00025194040303));
#1402=CARTESIAN_POINT('',(2.50235539938698,-58.844874196061,1.00025194040293));
#1403=CARTESIAN_POINT('',(1.44035333231731,-46.3448741960603,0.00217591941132156));
#1404=CARTESIAN_POINT('',(1.44035333231731,-51.0948741960606,0.00217591941121498));
#1405=CARTESIAN_POINT('',(1.86515415914532,-46.3448741960602,-0.0242133824076731));
#1406=CARTESIAN_POINT('',(1.86515415914532,-51.0948741960607,-0.0242133824078081));
#1407=CARTESIAN_POINT('',(2.28995498597332,-46.3448741960605,-0.0506026842266394));
#1408=CARTESIAN_POINT('',(2.28995498597332,-51.0948741960608,-0.0506026842267744));
#1409=CARTESIAN_POINT('',(2.50235539938721,-46.3448741960603,0.149012519971599));
#1410=CARTESIAN_POINT('',(2.50235539938721,-51.0948741960606,0.149012519971436));
#1411=CARTESIAN_POINT('',(2.50235539938721,-46.3448741960603,0.57463223018744));
#1412=CARTESIAN_POINT('',(2.50235539938721,-51.0948741960606,0.574632230187277));
#1413=CARTESIAN_POINT('',(2.50235539938721,-46.3448741960604,1.00025194040325));
#1414=CARTESIAN_POINT('',(2.50235539938721,-51.0948741960607,1.00025194040315));
#1415=CARTESIAN_POINT('',(4.39413598846503,-59.6448741960608,4.48914620309989));
#1416=CARTESIAN_POINT('',(1.32845903096996,-55.6027437045398,19.0415836026686));
#1417=CARTESIAN_POINT('',(1.32845903096885,-55.6027437045397,21.0415836026682));
#1418=CARTESIAN_POINT('',(0.70748706958106,-55.6027437045398,21.2485742564646));
#1419=CARTESIAN_POINT('',(0.502355399386982,-55.6027437045403,30.6273700402953));
#1420=CARTESIAN_POINT('',(2.20946218057432,-55.60274370454,32.7486903838561));
#1421=CARTESIAN_POINT('',(4.39413598846592,-55.60274370454,32.0415836026673));
#1422=CARTESIAN_POINT('',(0.113177340479172,-49.5870046875827,33.199129195631));
#1423=CARTESIAN_POINT('',(4.78331404737269,-55.6027437045399,33.1991291956309));
#1424=CARTESIAN_POINT('',(4.39413598846481,-46.2948741960603,33.590358034824));
#1425=CARTESIAN_POINT('',(0.502355399386982,-57.8448741960619,18.5499879594577));
#1426=CARTESIAN_POINT('',(0.707487069581969,-54.6027437045396,18.8345929488722));
#1427=CARTESIAN_POINT('',(0.707487069581969,-55.6027437045396,18.8345929488722));
#1428=CARTESIAN_POINT('',(0.62543440150402,-54.6027437045393,18.8072420595132));
#1429=CARTESIAN_POINT('',(0.62543440150402,-55.6027437045393,18.8072420595132));
#1430=CARTESIAN_POINT('',(0.543381733426298,-54.6027437045396,18.7798911701542));
#1431=CARTESIAN_POINT('',(0.543381733426298,-55.6027437045396,18.7798911701542));
#1432=CARTESIAN_POINT('',(0.502355399387209,-54.6027437045394,18.722970172271));
#1433=CARTESIAN_POINT('',(0.502355399387209,-55.6027437045394,18.722970172271));
#1434=CARTESIAN_POINT('',(0.502355399387209,-54.6027437045394,18.6364790658644));
#1435=CARTESIAN_POINT('',(0.502355399387209,-55.6027437045394,18.6364790658644));
#1436=CARTESIAN_POINT('',(0.502355399387209,-54.6027437045396,18.5499879594572));
#1437=CARTESIAN_POINT('',(0.502355399387209,-55.6027437045396,18.5499879594572));
#1438=CARTESIAN_POINT('',(0.502355399386982,-54.6027437045398,21.5331792458791));
#1439=CARTESIAN_POINT('',(0.502355399386982,-55.6027437045398,21.5331792458791));
#1440=CARTESIAN_POINT('',(0.502355399387209,-54.6027437045397,21.4466881394723));
#1441=CARTESIAN_POINT('',(0.502355399387209,-55.6027437045397,21.4466881394723));
#1442=CARTESIAN_POINT('',(0.502355399387209,-54.6027437045397,21.3601970330651));
#1443=CARTESIAN_POINT('',(0.502355399387209,-55.6027437045397,21.3601970330651));
#1444=CARTESIAN_POINT('',(0.543381733425843,-54.6027437045398,21.3032760351822));
#1445=CARTESIAN_POINT('',(0.543381733425843,-55.6027437045398,21.3032760351822));
#1446=CARTESIAN_POINT('',(0.625434401503565,-54.6027437045398,21.2759251458231));
#1447=CARTESIAN_POINT('',(0.625434401503565,-55.6027437045398,21.2759251458231));
#1448=CARTESIAN_POINT('',(0.707487069581969,-54.6027437045396,21.2485742564641));
#1449=CARTESIAN_POINT('',(0.707487069581969,-55.6027437045396,21.2485742564641));
#1450=CARTESIAN_POINT('',(0.795248618200088,-54.6027437045397,31.3344768214811));
#1451=CARTESIAN_POINT('',(0.795248618200088,-55.6027437045397,31.3344768214811));
#1452=CARTESIAN_POINT('',(0.678091330674118,-54.6027437045398,31.217319533956));
#1453=CARTESIAN_POINT('',(0.678091330674118,-55.6027437045398,31.217319533956));
#1454=CARTESIAN_POINT('',(0.560934043149285,-54.6027437045399,31.1001622464307));
#1455=CARTESIAN_POINT('',(0.560934043149285,-55.6027437045399,31.1001622464307));
#1456=CARTESIAN_POINT('',(0.502355399386754,-54.6027437045396,30.9587408901927));
#1457=CARTESIAN_POINT('',(0.502355399386754,-55.6027437045396,30.9587408901927));
#1458=CARTESIAN_POINT('',(0.502355399387209,-54.6027437045398,30.7930554652438));
#1459=CARTESIAN_POINT('',(0.502355399387209,-55.6027437045398,30.7930554652438));
#1460=CARTESIAN_POINT('',(0.502355399386982,-54.6027437045397,30.6273700402951));
#1461=CARTESIAN_POINT('',(0.502355399386982,-55.6027437045397,30.6273700402951));
#1462=CARTESIAN_POINT('',(2.50235539938698,-54.6027437045399,32.9767024695721));
#1463=CARTESIAN_POINT('',(2.50235539938698,-55.6027437045399,32.9767024695721));
#1464=CARTESIAN_POINT('',(2.43733506530979,-54.6027437045399,32.9466516685514));
#1465=CARTESIAN_POINT('',(2.43733506530979,-55.6027437045399,32.9466516685514));
#1466=CARTESIAN_POINT('',(2.376276293531,-54.6027437045398,32.9070368101017));
#1467=CARTESIAN_POINT('',(2.376276293531,-55.6027437045398,32.9070368101017));
#1468=CARTESIAN_POINT('',(2.31901817053385,-54.60274370454,32.8582463738154));
#1469=CARTESIAN_POINT('',(2.31901817053385,-55.60274370454,32.8582463738154));
#1470=CARTESIAN_POINT('',(2.26424017555363,-54.6027437045398,32.8034683788355));
#1471=CARTESIAN_POINT('',(2.26424017555363,-55.6027437045398,32.8034683788355));
#1472=CARTESIAN_POINT('',(2.20946218057342,-54.6027437045399,32.7486903838551));
#1473=CARTESIAN_POINT('',(2.20946218057342,-55.6027437045399,32.7486903838551));
#1474=CARTESIAN_POINT('',(0.707487069582196,-50.5870046875826,18.8345929488722));
#1475=CARTESIAN_POINT('',(0.62543440150402,-50.5870046875828,18.8072420595132));
#1476=CARTESIAN_POINT('',(0.543381733426298,-50.5870046875828,18.7798911701543));
#1477=CARTESIAN_POINT('',(0.502355399387209,-50.5870046875827,18.7229701722711));
#1478=CARTESIAN_POINT('',(0.502355399387209,-50.5870046875829,18.6364790658645));
#1479=CARTESIAN_POINT('',(0.502355399387209,-50.5870046875825,18.5499879594573));
#1480=CARTESIAN_POINT('',(0.707487069582196,-49.5870046875826,18.8345929488722));
#1481=CARTESIAN_POINT('',(0.62543440150402,-49.5870046875828,18.8072420595132));
#1482=CARTESIAN_POINT('',(0.543381733426298,-49.5870046875828,18.7798911701543));
#1483=CARTESIAN_POINT('',(0.502355399387209,-49.5870046875827,18.7229701722711));
#1484=CARTESIAN_POINT('',(0.502355399387209,-49.5870046875829,18.6364790658645));
#1485=CARTESIAN_POINT('',(0.502355399387209,-49.5870046875825,18.5499879594573));
#1486=CARTESIAN_POINT('',(0.502355399386982,-50.5870046875828,21.5331792458792));
#1487=CARTESIAN_POINT('',(0.502355399387209,-50.5870046875827,21.4466881394724));
#1488=CARTESIAN_POINT('',(0.502355399387209,-50.5870046875827,21.3601970330652));
#1489=CARTESIAN_POINT('',(0.543381733425843,-50.5870046875828,21.3032760351823));
#1490=CARTESIAN_POINT('',(0.625434401503565,-50.5870046875825,21.2759251458231));
#1491=CARTESIAN_POINT('',(0.707487069581969,-50.5870046875828,21.2485742564643));
#1492=CARTESIAN_POINT('',(0.502355399386982,-49.5870046875828,21.5331792458792));
#1493=CARTESIAN_POINT('',(0.502355399387209,-49.5870046875827,21.4466881394724));
#1494=CARTESIAN_POINT('',(0.502355399387209,-49.5870046875827,21.3601970330652));
#1495=CARTESIAN_POINT('',(0.543381733425843,-49.5870046875828,21.3032760351823));
#1496=CARTESIAN_POINT('',(0.625434401503565,-49.5870046875825,21.2759251458231));
#1497=CARTESIAN_POINT('',(0.707487069581969,-49.5870046875828,21.2485742564643));
#1498=CARTESIAN_POINT('',(0.795248618200088,-50.5870046875832,31.3344768214813));
#1499=CARTESIAN_POINT('',(0.678091330674572,-50.5870046875831,31.217319533956));
#1500=CARTESIAN_POINT('',(0.560934043149967,-50.587004687583,31.1001622464308));
#1501=CARTESIAN_POINT('',(0.502355399386754,-50.5870046875831,30.9587408901928));
#1502=CARTESIAN_POINT('',(0.502355399387209,-50.5870046875831,30.7930554652438));
#1503=CARTESIAN_POINT('',(0.502355399386982,-50.5870046875832,30.6273700402952));
#1504=CARTESIAN_POINT('',(0.795248618200088,-49.5870046875832,31.3344768214813));
#1505=CARTESIAN_POINT('',(0.678091330674572,-49.5870046875831,31.217319533956));
#1506=CARTESIAN_POINT('',(0.560934043149967,-49.587004687583,31.1001622464308));
#1507=CARTESIAN_POINT('',(0.502355399386754,-49.5870046875831,30.9587408901928));
#1508=CARTESIAN_POINT('',(0.502355399387209,-49.5870046875831,30.7930554652438));
#1509=CARTESIAN_POINT('',(0.502355399386982,-49.5870046875832,30.6273700402952));
#1510=CARTESIAN_POINT('',(2.50235539938698,-50.5870046875831,32.9767024695722));
#1511=CARTESIAN_POINT('',(2.43733506530979,-50.5870046875831,32.9466516685515));
#1512=CARTESIAN_POINT('',(2.37627629353055,-50.5870046875831,32.9070368101018));
#1513=CARTESIAN_POINT('',(2.31901817053453,-50.5870046875831,32.8582463738154));
#1514=CARTESIAN_POINT('',(2.26424017555363,-50.5870046875831,32.8034683788355));
#1515=CARTESIAN_POINT('',(2.20946218057342,-50.5870046875831,32.7486903838552));
#1516=CARTESIAN_POINT('',(2.50235539938698,-49.5870046875831,32.9767024695722));
#1517=CARTESIAN_POINT('',(2.43733506530979,-49.5870046875831,32.9466516685515));
#1518=CARTESIAN_POINT('',(2.37627629353055,-49.5870046875831,32.9070368101018));
#1519=CARTESIAN_POINT('',(2.31901817053453,-49.5870046875831,32.8582463738154));
#1520=CARTESIAN_POINT('',(2.26424017555363,-49.5870046875831,32.8034683788355));
#1521=CARTESIAN_POINT('',(2.20946218057342,-49.5870046875831,32.7486903838552));
#1522=CARTESIAN_POINT('',(0.00235539938698182,-56.469874196061,2.43254250363002));
#1523=CARTESIAN_POINT('',(0.00235539938698137,-49.3874995327418,2.43254250363018));
#1524=CARTESIAN_POINT('',(-1.49764460061313,-47.3448741960605,6.93254246531334));
#1525=CARTESIAN_POINT('',(0.0023553993869821,-56.4698741960609,2.43254250363012));
#1526=CARTESIAN_POINT('',(0.00235539938698242,-48.7198741960607,2.43254250363033));
#1527=CARTESIAN_POINT('',(-2.3386804701289,-57.8448741960609,2.43254250363007));
#1528=CARTESIAN_POINT('',(-2.49764460061302,-57.8448741960613,4.97057389994111));
#1529=CARTESIAN_POINT('',(-2.33868047012889,-50.0948741960608,2.43254250363029));
#1530=CARTESIAN_POINT('',(-0.287384199102128,-55.0948741960608,0.109505717992435));
#1531=CARTESIAN_POINT('',(-0.287384199102128,-47.3448741960602,0.109505717992652));
#1532=CARTESIAN_POINT('',(4.39413598846492,-57.844874196062,33.041583602668));
#1533=CARTESIAN_POINT('',(1.79309187948438,-52.5948741960615,26.9325424653132));
#1534=CARTESIAN_POINT('',(1.79309187948438,-52.5948741960609,12.9325424653132));
#1535=CARTESIAN_POINT('',(0.00235539938675489,-56.4698741960608,2.43254250363013));
#1536=CARTESIAN_POINT('',(0.00235539938675444,-49.3874995327417,2.43254250363029));
#1537=CARTESIAN_POINT('',(1.7930918794846,-52.5948741960615,26.9325424653132));
#1538=CARTESIAN_POINT('',(1.79309187948438,-52.5948741960612,12.9325424653132));
#1539=CARTESIAN_POINT('',(0.502355399386893,-47.3448741960605,7.93254246531335));
#1540=CARTESIAN_POINT('',(-2.49764460061313,-47.3448741960611,33.0415836026683));
#1541=CARTESIAN_POINT('',(-2.49688327216413,-55.0948741960608,5.44208974133718));
#1542=CARTESIAN_POINT('',(-15.,-97.,32.9767024695722));
#1543=CARTESIAN_POINT('',(2.50235539938698,-47.3448741960602,-0.0637973351355683));
#1544=CARTESIAN_POINT('',(0.502355399387209,-54.6027437045396,18.5499879594572));
#1545=CARTESIAN_POINT('',(0.707487069581969,-54.6027437045396,21.2485742564641));
#1546=CARTESIAN_POINT('',(0.707487069581969,-54.6027437045396,18.8345929488722));
#1547=CARTESIAN_POINT('',(0.502355399386982,-54.6027437045398,21.5331792458791));
#1548=CARTESIAN_POINT('',(0.502355399386982,-54.6027437045397,30.6273700402951));
#1549=CARTESIAN_POINT('',(0.795248618200088,-54.6027437045397,31.3344768214811));
#1550=CARTESIAN_POINT('',(2.20946218057342,-54.6027437045399,32.7486903838551));
#1551=CARTESIAN_POINT('',(2.50235539938698,-54.6027437045399,32.9767024695721));
#1552=CARTESIAN_POINT('',(4.39413598846503,-55.6027437045399,32.0415836026681));
#1553=CARTESIAN_POINT('',(0.502355399387209,-55.6027437045396,18.5499879594572));
#1554=CARTESIAN_POINT('',(0.707487069581969,-55.6027437045396,18.8345929488722));
#1555=CARTESIAN_POINT('',(1.32845903096885,-55.6027437045397,19.0415836026681));
#1556=CARTESIAN_POINT('',(1.32845903096885,-55.6027437045397,21.0415836026682));
#1557=CARTESIAN_POINT('',(0.707487069581969,-55.6027437045396,21.2485742564641));
#1558=CARTESIAN_POINT('',(0.502355399386982,-55.6027437045398,21.5331792458791));
#1559=CARTESIAN_POINT('',(0.502355399386982,-55.6027437045397,30.6273700402951));
#1560=CARTESIAN_POINT('',(0.795248618200088,-55.6027437045397,31.3344768214811));
#1561=CARTESIAN_POINT('',(2.20946218057342,-55.6027437045399,32.7486903838551));
#1562=CARTESIAN_POINT('',(2.50235539938698,-55.6027437045399,32.9767024695721));
#1563=CARTESIAN_POINT('',(0.502355399387209,-50.5870046875825,18.5499879594573));
#1564=CARTESIAN_POINT('',(0.707487069581969,-50.5870046875828,21.2485742564643));
#1565=CARTESIAN_POINT('',(0.707487069582196,-50.5870046875826,18.8345929488722));
#1566=CARTESIAN_POINT('',(0.502355399386982,-50.5870046875828,21.5331792458792));
#1567=CARTESIAN_POINT('',(0.502355399386982,-50.5870046875832,30.6273700402952));
#1568=CARTESIAN_POINT('',(0.795248618200088,-50.5870046875832,31.3344768214813));
#1569=CARTESIAN_POINT('',(2.20946218057342,-50.5870046875831,32.7486903838552));
#1570=CARTESIAN_POINT('',(2.50235539938698,-50.5870046875831,32.9767024695722));
#1571=CARTESIAN_POINT('',(4.39413598846503,-49.5870046875829,32.0415836026682));
#1572=CARTESIAN_POINT('',(0.502355399387209,-49.5870046875825,18.5499879594573));
#1573=CARTESIAN_POINT('',(0.707487069582196,-49.5870046875826,18.8345929488722));
#1574=CARTESIAN_POINT('',(1.32845903096885,-49.5870046875827,19.0415836026682));
#1575=CARTESIAN_POINT('',(1.32845903096885,-49.5870046875827,21.0415836026682));
#1576=CARTESIAN_POINT('',(0.707487069581969,-49.5870046875828,21.2485742564643));
#1577=CARTESIAN_POINT('',(0.502355399386982,-49.5870046875828,21.5331792458792));
#1578=CARTESIAN_POINT('',(0.502355399386982,-49.5870046875832,30.6273700402952));
#1579=CARTESIAN_POINT('',(0.795248618200088,-49.5870046875832,31.3344768214813));
#1580=CARTESIAN_POINT('',(2.20946218057342,-49.5870046875831,32.7486903838552));
#1581=CARTESIAN_POINT('',(2.50235539938698,-49.5870046875831,32.9767024695722));
#1582=CARTESIAN_POINT('',(2.50235539938698,-55.0948741960608,5.44208974133729));
#1583=CARTESIAN_POINT('',(2.50235539938698,-55.0948741960609,2.68914620310015));
#1584=CARTESIAN_POINT('',(2.50235539938698,-50.0948741960608,5.44208974133742));
#1585=CARTESIAN_POINT('',(2.50235539938698,-50.0948741960608,2.68914620310029));
#1586=CARTESIAN_POINT('',(4.39413598846503,-52.5948741960615,28.9179017293481));
#1587=CARTESIAN_POINT('',(4.39413598846503,-52.5948741960614,24.9471832012782));
#1588=CARTESIAN_POINT('',(4.39413598846503,-52.5948741960612,14.9179017293482));
#1589=CARTESIAN_POINT('',(4.39413598846503,-52.594874196061,10.9471832012782));
#1590=CARTESIAN_POINT('',(1.00235539938698,-48.6801248694228,2.43254250363035));
#1591=CARTESIAN_POINT('',(1.98629805336013,-47.3448741960602,2.43254250363049));
#1592=CARTESIAN_POINT('',(-1.98158725458707,-47.3448741960602,2.43254250363049));
#1593=CARTESIAN_POINT('',(-0.997644600613018,-48.6801248694228,2.43254250363035));
#1594=CARTESIAN_POINT('',(1.00235539938698,-55.0948741960607,2.43254250363028));
#1595=CARTESIAN_POINT('',(-0.997644600613018,-55.0948741960607,2.43254250363028));
#1596=CARTESIAN_POINT('',(1.00235539938698,-57.8448741960611,2.43254250363022));
#1597=CARTESIAN_POINT('',(-0.997644600613018,-57.8448741960611,2.43254250363022));
#1598=CARTESIAN_POINT('',(1.00235539938698,-50.0948741960609,2.43254250363041));
#1599=CARTESIAN_POINT('',(-0.997644600613018,-50.0948741960609,2.43254250363041));
#1600=CARTESIAN_POINT('',(-1.49764460061302,-47.3448741960604,6.93254246531348));
#1601=CARTESIAN_POINT('',(-1.49764460061302,-57.8448741960613,6.93254246531318));
#1602=CARTESIAN_POINT('',(-0.497644600613018,-57.8448741960613,6.93254246531318));
#1603=CARTESIAN_POINT('',(-0.497644600613018,-47.3448741960604,6.93254246531348));
#1604=CARTESIAN_POINT('',(-2.49764460061302,-47.3448741960606,5.93254246531348));
#1605=CARTESIAN_POINT('',(-2.49764460061302,-57.8448741960614,5.93254246531321));
#1606=CARTESIAN_POINT('',(0.502355399386982,-52.594874196061,13.8325424653133));
#1607=CARTESIAN_POINT('',(0.502355399386982,-52.594874196061,12.0325424653132));
#1608=CARTESIAN_POINT('',(0.502355399386982,-52.5948741960614,27.8325424653132));
#1609=CARTESIAN_POINT('',(0.502355399386982,-52.5948741960614,26.0325424653132));
#1610=CARTESIAN_POINT('',(-2.33868047012921,-55.0948741960607,2.43254250363028));
#1611=CARTESIAN_POINT('',(-0.287384199101968,-55.0948741960606,0.109505717993176));
#1612=CARTESIAN_POINT('',(-0.287384199101968,-57.8448741960613,0.109505717993123));
#1613=CARTESIAN_POINT('',(-2.33868047012921,-57.8448741960611,2.43254250363022));
#1614=CARTESIAN_POINT('',(-0.287384199101968,-50.0948741960606,0.109505717993311));
#1615=CARTESIAN_POINT('',(-2.33868047012921,-50.0948741960609,2.43254250363041));
#1616=CARTESIAN_POINT('',(-2.33868047012898,-47.3448741960602,2.43254250363049));
#1617=CARTESIAN_POINT('',(-0.287384199101968,-47.3448741960604,0.109505717993393));
#1618=CARTESIAN_POINT('',(-2.49764460061302,-55.0948741960607,4.97057389994116));
#1619=CARTESIAN_POINT('',(-2.49764460061302,-57.8448741960611,4.97057389994108));
#1620=CARTESIAN_POINT('',(-2.49764460061302,-55.0948741960608,5.53409669866717));
#1621=CARTESIAN_POINT('',(-2.49764460061302,-47.3448741960603,4.97057389994135));
#1622=CARTESIAN_POINT('',(-2.49764460061302,-50.0948741960609,4.9705738999413));
#1623=CARTESIAN_POINT('',(-2.49764460061302,-50.0948741960608,5.53409669866731));
#1624=CARTESIAN_POINT('',(-2.496883272164,-55.0948741960608,5.44208974133729));
#1625=CARTESIAN_POINT('',(-2.496883272164,-50.0948741960608,5.44208974133739));
#1626=CARTESIAN_POINT('',(3.083828359582,-52.5948741960614,27.8325424653131));
#1627=CARTESIAN_POINT('',(3.083828359582,-52.5948741960614,26.0325424653132));
#1628=CARTESIAN_POINT('',(3.083828359582,-52.594874196061,13.8325424653132));
#1629=CARTESIAN_POINT('',(3.083828359582,-52.594874196061,12.0325424653132));
#1630=CARTESIAN_POINT('',(4.39413598846503,-57.8448741960611,7.7026015620955));
#1631=CARTESIAN_POINT('',(0.272414496169443,-57.8448741960613,7.70260156209553));
#1632=CARTESIAN_POINT('',(0.502355399386982,-57.5882933795157,7.93254246531307));
#1633=CARTESIAN_POINT('',(4.39413598846503,-47.3448741960605,7.70260156209583));
#1634=CARTESIAN_POINT('',(0.272414496169215,-47.3448741960605,7.70260156209572));
#1635=CARTESIAN_POINT('',(0.502355399387209,-47.6014550126063,7.93254246531342));
#1636=CARTESIAN_POINT('',(2.50235539938698,-57.8448741960612,2.68914620309999));
#1637=CARTESIAN_POINT('',(2.50235539938698,-47.3448741960604,2.68914620310029));
#1638=CARTESIAN_POINT('',(1.44035333231731,-57.844874196061,0.00217591941139261));
#1639=CARTESIAN_POINT('',(1.44035333231731,-55.0948741960608,0.00217591941153117));
#1640=CARTESIAN_POINT('',(1.44035333231754,-50.0948741960605,0.00217591941166617));
#1641=CARTESIAN_POINT('',(1.44035333231754,-47.3448741960601,0.0021759194116342));
#1642=CARTESIAN_POINT('',(2.50235539938698,-57.8448741960611,1.00025194040295));
#1643=CARTESIAN_POINT('',(2.50235539938698,-47.3448741960603,1.00025194040325));
#1644=CARTESIAN_POINT('',(2.50235539938698,-50.0948741960606,1.00025194040314));
#1645=CARTESIAN_POINT('',(2.50235539938698,-55.0948741960607,1.00025194040301));
#1646=CARTESIAN_POINT('',(4.39413598846503,-57.844874196061,4.4891462031));
#1647=CARTESIAN_POINT('',(2.59413598846576,-57.8448741960615,2.68914620309999));
#1648=CARTESIAN_POINT('',(2.59413598846576,-47.3448741960604,2.68914620310026));
#1649=CARTESIAN_POINT('',(4.39413598846503,-47.3448741960604,4.48914620310027));
#1650=CARTESIAN_POINT('',(4.39413598846484,-49.5870046875827,9.71193927211329));
#1651=CARTESIAN_POINT('',(0.502355399387017,-49.5870046875827,9.71193927211326));
#1652=CARTESIAN_POINT('',(4.39413598846488,-55.6027437045394,9.711939272113));
#1653=CARTESIAN_POINT('',(0.502355399386982,-55.6027437045394,9.71193927211306));
#1654=CARTESIAN_POINT('',(3.45901712156101,-49.5870046875831,32.9767024695722));
#1655=CARTESIAN_POINT('',(3.45901712156092,-55.6027437045398,32.9767024695722));
#1656=CARTESIAN_POINT('',(0.707487069581969,-54.6027437045396,21.2485742564641));
#1657=CARTESIAN_POINT('',(0.625434401503565,-54.6027437045398,21.2759251458231));
#1658=CARTESIAN_POINT('',(0.543381733425843,-54.6027437045398,21.3032760351822));
#1659=CARTESIAN_POINT('',(0.502355399387209,-54.6027437045397,21.3601970330651));
#1660=CARTESIAN_POINT('',(0.502355399387209,-54.6027437045397,21.4466881394723));
#1661=CARTESIAN_POINT('',(0.502355399386982,-54.6027437045398,21.5331792458791));
#1662=CARTESIAN_POINT('',(0.502355399387209,-54.6027437045396,18.5499879594572));
#1663=CARTESIAN_POINT('',(0.502355399387209,-54.6027437045394,18.6364790658644));
#1664=CARTESIAN_POINT('',(0.502355399387209,-54.6027437045394,18.722970172271));
#1665=CARTESIAN_POINT('',(0.543381733426298,-54.6027437045396,18.7798911701542));
#1666=CARTESIAN_POINT('',(0.62543440150402,-54.6027437045393,18.8072420595132));
#1667=CARTESIAN_POINT('',(0.707487069581969,-54.6027437045396,18.8345929488722));
#1668=CARTESIAN_POINT('',(0.502355399386982,-54.6027437045397,30.6273700402951));
#1669=CARTESIAN_POINT('',(0.502355399387209,-54.6027437045398,30.7930554652438));
#1670=CARTESIAN_POINT('',(0.502355399386754,-54.6027437045396,30.9587408901927));
#1671=CARTESIAN_POINT('',(0.560934043149285,-54.6027437045399,31.1001622464307));
#1672=CARTESIAN_POINT('',(0.678091330674118,-54.6027437045398,31.217319533956));
#1673=CARTESIAN_POINT('',(0.795248618200088,-54.6027437045397,31.3344768214811));
#1674=CARTESIAN_POINT('',(2.20946218057342,-54.6027437045399,32.7486903838551));
#1675=CARTESIAN_POINT('',(2.26424017555363,-54.6027437045398,32.8034683788355));
#1676=CARTESIAN_POINT('',(2.31901817053385,-54.60274370454,32.8582463738154));
#1677=CARTESIAN_POINT('',(2.376276293531,-54.6027437045398,32.9070368101017));
#1678=CARTESIAN_POINT('',(2.43733506530979,-54.6027437045399,32.9466516685514));
#1679=CARTESIAN_POINT('',(2.50235539938698,-54.6027437045399,32.9767024695721));
#1680=CARTESIAN_POINT('',(0.502355399387209,-55.6027437045396,18.5499879594572));
#1681=CARTESIAN_POINT('',(0.502355399387209,-54.6027437045396,18.5499879594572));
#1682=CARTESIAN_POINT('',(0.502355399387209,-55.6027437045396,18.5499879594572));
#1683=CARTESIAN_POINT('',(0.502355399387209,-55.6027437045394,18.6364790658644));
#1684=CARTESIAN_POINT('',(0.502355399387209,-55.6027437045394,18.722970172271));
#1685=CARTESIAN_POINT('',(0.543381733426298,-55.6027437045396,18.7798911701542));
#1686=CARTESIAN_POINT('',(0.62543440150402,-55.6027437045393,18.8072420595132));
#1687=CARTESIAN_POINT('',(0.707487069581969,-55.6027437045396,18.8345929488722));
#1688=CARTESIAN_POINT('',(0.707487069581969,-55.6027437045396,18.8345929488722));
#1689=CARTESIAN_POINT('',(0.707487069581969,-54.6027437045396,18.8345929488722));
#1690=CARTESIAN_POINT('',(0.707487069581969,-55.6027437045396,18.8345929488722));
#1691=CARTESIAN_POINT('',(1.32845903096885,-55.6027437045397,19.0415836026681));
#1692=CARTESIAN_POINT('',(1.32845903096885,-55.6027437045397,19.0415836026681));
#1693=CARTESIAN_POINT('',(1.32845903096885,-55.6027437045397,21.0415836026682));
#1694=CARTESIAN_POINT('',(1.32845903096885,-55.6027437045397,21.0415836026682));
#1695=CARTESIAN_POINT('',(0.707487069581969,-55.6027437045396,21.2485742564641));
#1696=CARTESIAN_POINT('',(0.707487069581969,-55.6027437045396,21.2485742564641));
#1697=CARTESIAN_POINT('',(0.707487069581969,-54.6027437045396,21.2485742564641));
#1698=CARTESIAN_POINT('',(0.707487069581969,-55.6027437045396,21.2485742564641));
#1699=CARTESIAN_POINT('',(0.625434401503565,-55.6027437045398,21.2759251458231));
#1700=CARTESIAN_POINT('',(0.543381733425843,-55.6027437045398,21.3032760351822));
#1701=CARTESIAN_POINT('',(0.502355399387209,-55.6027437045397,21.3601970330651));
#1702=CARTESIAN_POINT('',(0.502355399387209,-55.6027437045397,21.4466881394723));
#1703=CARTESIAN_POINT('',(0.502355399386982,-55.6027437045398,21.5331792458791));
#1704=CARTESIAN_POINT('',(0.502355399386982,-55.6027437045398,21.5331792458791));
#1705=CARTESIAN_POINT('',(0.502355399386982,-54.6027437045398,21.5331792458791));
#1706=CARTESIAN_POINT('',(0.502355399386982,-55.6027437045398,21.5331792458791));
#1707=CARTESIAN_POINT('',(0.502355399386982,-55.6027437045397,30.6273700402951));
#1708=CARTESIAN_POINT('',(0.502355399386982,-55.6027437045397,30.6273700402951));
#1709=CARTESIAN_POINT('',(0.502355399386982,-54.6027437045397,30.6273700402951));
#1710=CARTESIAN_POINT('',(0.502355399386982,-55.6027437045397,30.6273700402951));
#1711=CARTESIAN_POINT('',(0.502355399387209,-55.6027437045398,30.7930554652438));
#1712=CARTESIAN_POINT('',(0.502355399386754,-55.6027437045396,30.9587408901927));
#1713=CARTESIAN_POINT('',(0.560934043149285,-55.6027437045399,31.1001622464307));
#1714=CARTESIAN_POINT('',(0.678091330674118,-55.6027437045398,31.217319533956));
#1715=CARTESIAN_POINT('',(0.795248618200088,-55.6027437045397,31.3344768214811));
#1716=CARTESIAN_POINT('',(0.795248618200088,-55.6027437045397,31.3344768214811));
#1717=CARTESIAN_POINT('',(0.795248618200088,-54.6027437045397,31.3344768214811));
#1718=CARTESIAN_POINT('',(0.795248618200088,-55.6027437045397,31.3344768214811));
#1719=CARTESIAN_POINT('',(2.20946218057342,-55.6027437045399,32.7486903838551));
#1720=CARTESIAN_POINT('',(2.20946218057342,-55.6027437045399,32.7486903838551));
#1721=CARTESIAN_POINT('',(2.20946218057342,-54.6027437045399,32.7486903838551));
#1722=CARTESIAN_POINT('',(2.20946218057342,-55.6027437045399,32.7486903838551));
#1723=CARTESIAN_POINT('',(2.26424017555363,-55.6027437045398,32.8034683788355));
#1724=CARTESIAN_POINT('',(2.31901817053385,-55.60274370454,32.8582463738154));
#1725=CARTESIAN_POINT('',(2.376276293531,-55.6027437045398,32.9070368101017));
#1726=CARTESIAN_POINT('',(2.43733506530979,-55.6027437045399,32.9466516685514));
#1727=CARTESIAN_POINT('',(2.50235539938698,-55.6027437045399,32.9767024695721));
#1728=CARTESIAN_POINT('',(2.50235539938698,-55.6027437045399,32.9767024695721));
#1729=CARTESIAN_POINT('',(2.50235539938698,-54.6027437045399,32.9767024695721));
#1730=CARTESIAN_POINT('',(0.707487069581969,-50.5870046875828,21.2485742564643));
#1731=CARTESIAN_POINT('',(0.625434401503565,-50.5870046875825,21.2759251458231));
#1732=CARTESIAN_POINT('',(0.543381733425843,-50.5870046875828,21.3032760351823));
#1733=CARTESIAN_POINT('',(0.502355399387209,-50.5870046875827,21.3601970330652));
#1734=CARTESIAN_POINT('',(0.502355399387209,-50.5870046875827,21.4466881394724));
#1735=CARTESIAN_POINT('',(0.502355399386982,-50.5870046875828,21.5331792458792));
#1736=CARTESIAN_POINT('',(0.502355399387209,-50.5870046875825,18.5499879594573));
#1737=CARTESIAN_POINT('',(0.502355399387209,-50.5870046875829,18.6364790658645));
#1738=CARTESIAN_POINT('',(0.502355399387209,-50.5870046875827,18.7229701722711));
#1739=CARTESIAN_POINT('',(0.543381733426298,-50.5870046875828,18.7798911701543));
#1740=CARTESIAN_POINT('',(0.62543440150402,-50.5870046875828,18.8072420595132));
#1741=CARTESIAN_POINT('',(0.707487069582196,-50.5870046875826,18.8345929488722));
#1742=CARTESIAN_POINT('',(0.502355399386982,-50.5870046875832,30.6273700402952));
#1743=CARTESIAN_POINT('',(0.502355399387209,-50.5870046875831,30.7930554652438));
#1744=CARTESIAN_POINT('',(0.502355399386754,-50.5870046875831,30.9587408901928));
#1745=CARTESIAN_POINT('',(0.560934043149967,-50.587004687583,31.1001622464308));
#1746=CARTESIAN_POINT('',(0.678091330674572,-50.5870046875831,31.217319533956));
#1747=CARTESIAN_POINT('',(0.795248618200088,-50.5870046875832,31.3344768214813));
#1748=CARTESIAN_POINT('',(2.20946218057342,-50.5870046875831,32.7486903838552));
#1749=CARTESIAN_POINT('',(2.26424017555363,-50.5870046875831,32.8034683788355));
#1750=CARTESIAN_POINT('',(2.31901817053453,-50.5870046875831,32.8582463738154));
#1751=CARTESIAN_POINT('',(2.37627629353055,-50.5870046875831,32.9070368101018));
#1752=CARTESIAN_POINT('',(2.43733506530979,-50.5870046875831,32.9466516685515));
#1753=CARTESIAN_POINT('',(2.50235539938698,-50.5870046875831,32.9767024695722));
#1754=CARTESIAN_POINT('',(0.502355399387209,-49.5870046875825,18.5499879594573));
#1755=CARTESIAN_POINT('',(0.502355399387209,-50.5870046875825,18.5499879594573));
#1756=CARTESIAN_POINT('',(0.502355399387209,-49.5870046875825,18.5499879594573));
#1757=CARTESIAN_POINT('',(0.502355399387209,-49.5870046875829,18.6364790658645));
#1758=CARTESIAN_POINT('',(0.502355399387209,-49.5870046875827,18.7229701722711));
#1759=CARTESIAN_POINT('',(0.543381733426298,-49.5870046875828,18.7798911701543));
#1760=CARTESIAN_POINT('',(0.62543440150402,-49.5870046875828,18.8072420595132));
#1761=CARTESIAN_POINT('',(0.707487069582196,-49.5870046875826,18.8345929488722));
#1762=CARTESIAN_POINT('',(0.707487069582196,-49.5870046875826,18.8345929488722));
#1763=CARTESIAN_POINT('',(0.707487069582196,-50.5870046875826,18.8345929488722));
#1764=CARTESIAN_POINT('',(0.707487069582196,-49.5870046875826,18.8345929488722));
#1765=CARTESIAN_POINT('',(1.32845903096885,-49.5870046875827,19.0415836026682));
#1766=CARTESIAN_POINT('',(1.32845903096885,-49.5870046875827,19.0415836026682));
#1767=CARTESIAN_POINT('',(1.32845903096885,-49.5870046875827,21.0415836026682));
#1768=CARTESIAN_POINT('',(1.32845903096885,-49.5870046875827,21.0415836026682));
#1769=CARTESIAN_POINT('',(0.707487069581969,-49.5870046875828,21.2485742564643));
#1770=CARTESIAN_POINT('',(0.707487069581969,-49.5870046875828,21.2485742564643));
#1771=CARTESIAN_POINT('',(0.707487069581969,-50.5870046875828,21.2485742564643));
#1772=CARTESIAN_POINT('',(0.707487069581969,-49.5870046875828,21.2485742564643));
#1773=CARTESIAN_POINT('',(0.625434401503565,-49.5870046875825,21.2759251458231));
#1774=CARTESIAN_POINT('',(0.543381733425843,-49.5870046875828,21.3032760351823));
#1775=CARTESIAN_POINT('',(0.502355399387209,-49.5870046875827,21.3601970330652));
#1776=CARTESIAN_POINT('',(0.502355399387209,-49.5870046875827,21.4466881394724));
#1777=CARTESIAN_POINT('',(0.502355399386982,-49.5870046875828,21.5331792458792));
#1778=CARTESIAN_POINT('',(0.502355399386982,-49.5870046875828,21.5331792458792));
#1779=CARTESIAN_POINT('',(0.502355399386982,-50.5870046875828,21.5331792458792));
#1780=CARTESIAN_POINT('',(0.502355399386982,-49.5870046875828,21.5331792458792));
#1781=CARTESIAN_POINT('',(0.502355399386982,-49.5870046875832,30.6273700402952));
#1782=CARTESIAN_POINT('',(0.502355399386982,-49.5870046875832,30.6273700402952));
#1783=CARTESIAN_POINT('',(0.502355399386982,-50.5870046875832,30.6273700402952));
#1784=CARTESIAN_POINT('',(0.502355399386982,-49.5870046875832,30.6273700402952));
#1785=CARTESIAN_POINT('',(0.502355399387209,-49.5870046875831,30.7930554652438));
#1786=CARTESIAN_POINT('',(0.502355399386754,-49.5870046875831,30.9587408901928));
#1787=CARTESIAN_POINT('',(0.560934043149967,-49.587004687583,31.1001622464308));
#1788=CARTESIAN_POINT('',(0.678091330674572,-49.5870046875831,31.217319533956));
#1789=CARTESIAN_POINT('',(0.795248618200088,-49.5870046875832,31.3344768214813));
#1790=CARTESIAN_POINT('',(0.795248618200088,-49.5870046875832,31.3344768214813));
#1791=CARTESIAN_POINT('',(0.795248618200088,-50.5870046875832,31.3344768214813));
#1792=CARTESIAN_POINT('',(0.795248618200088,-49.5870046875832,31.3344768214813));
#1793=CARTESIAN_POINT('',(2.20946218057342,-49.5870046875831,32.7486903838552));
#1794=CARTESIAN_POINT('',(2.20946218057342,-49.5870046875831,32.7486903838552));
#1795=CARTESIAN_POINT('',(2.20946218057342,-50.5870046875831,32.7486903838552));
#1796=CARTESIAN_POINT('',(2.20946218057342,-49.5870046875831,32.7486903838552));
#1797=CARTESIAN_POINT('',(2.26424017555363,-49.5870046875831,32.8034683788355));
#1798=CARTESIAN_POINT('',(2.31901817053453,-49.5870046875831,32.8582463738154));
#1799=CARTESIAN_POINT('',(2.37627629353055,-49.5870046875831,32.9070368101018));
#1800=CARTESIAN_POINT('',(2.43733506530979,-49.5870046875831,32.9466516685515));
#1801=CARTESIAN_POINT('',(2.50235539938698,-49.5870046875831,32.9767024695722));
#1802=CARTESIAN_POINT('',(2.50235539938698,-49.5870046875831,32.9767024695722));
#1803=CARTESIAN_POINT('',(2.50235539938698,-50.5870046875831,32.9767024695722));
#1804=CARTESIAN_POINT('',(2.50235539938698,-55.0948741960608,5.44208974133729));
#1805=CARTESIAN_POINT('',(2.50235539938698,-55.0948741960609,2.68914620310015));
#1806=CARTESIAN_POINT('',(2.50235539938698,-55.0948741960608,5.44208974133729));
#1807=CARTESIAN_POINT('',(2.50235539938698,-50.0948741960608,5.44208974133742));
#1808=CARTESIAN_POINT('',(2.50235539938698,-50.0948741960608,5.44208974133742));
#1809=CARTESIAN_POINT('',(2.50235539938698,-50.0948741960608,2.68914620310029));
#1810=CARTESIAN_POINT('',(2.50235539938698,-55.0948741960609,2.68914620310015));
#1811=CARTESIAN_POINT('',(2.50235539938698,-50.0948741960608,2.68914620310029));
#1812=CARTESIAN_POINT('',(1.00235539938698,-48.6801248694228,2.43254250363035));
#1813=CARTESIAN_POINT('',(1.98629805336013,-47.3448741960602,2.43254250363049));
#1814=CARTESIAN_POINT('',(1.98629805336013,-47.3448741960602,2.43254250363049));
#1815=CARTESIAN_POINT('',(1.98629805335932,-47.3448741960603,0.448599849657609));
#1816=CARTESIAN_POINT('',(0.00235539938629969,-47.3448741960603,0.448599849657576));
#1817=CARTESIAN_POINT('',(-1.98158725458659,-47.3448741960603,0.448599849657609));
#1818=CARTESIAN_POINT('',(-1.98158725458707,-47.3448741960602,2.43254250363049));
#1819=CARTESIAN_POINT('',(-1.98158725458707,-47.3448741960602,2.43254250363049));
#1820=CARTESIAN_POINT('',(-0.997644600613018,-48.6801248694228,2.43254250363035));
#1821=CARTESIAN_POINT('',(-0.997644600613018,-48.6801248694228,2.43254250363035));
#1822=CARTESIAN_POINT('',(-0.997644600612532,-48.6801248694228,1.43254250363027));
#1823=CARTESIAN_POINT('',(0.00235539938698182,-48.6801248694227,1.43254250363032));
#1824=CARTESIAN_POINT('',(1.00235539938748,-48.6801248694228,1.43254250363027));
#1825=CARTESIAN_POINT('',(1.00235539938698,-48.6801248694228,2.43254250363035));
#1826=CARTESIAN_POINT('',(1.00235539938698,-55.0948741960607,2.43254250363028));
#1827=CARTESIAN_POINT('',(1.00235539938673,-55.0948741960612,3.43254250363012));
#1828=CARTESIAN_POINT('',(0.00235539938698182,-55.0948741960605,3.43254250363016));
#1829=CARTESIAN_POINT('',(-0.997644600612847,-55.0948741960612,3.43254250363028));
#1830=CARTESIAN_POINT('',(-0.997644600613018,-55.0948741960607,2.43254250363028));
#1831=CARTESIAN_POINT('',(1.00235539938698,-57.8448741960611,2.43254250363022));
#1832=CARTESIAN_POINT('',(1.00235539938698,-55.0948741960607,2.43254250363028));
#1833=CARTESIAN_POINT('',(-0.997644600613018,-57.8448741960611,2.43254250363022));
#1834=CARTESIAN_POINT('',(-0.997644600613168,-57.8448741960618,3.43254250363004));
#1835=CARTESIAN_POINT('',(0.00235539938698182,-57.8448741960612,3.43254250363008));
#1836=CARTESIAN_POINT('',(1.00235539938673,-57.8448741960618,3.4325425036302));
#1837=CARTESIAN_POINT('',(1.00235539938698,-57.8448741960611,2.43254250363022));
#1838=CARTESIAN_POINT('',(-0.997644600613018,-55.0948741960607,2.43254250363028));
#1839=CARTESIAN_POINT('',(-0.997644600613018,-57.8448741960611,2.43254250363022));
#1840=CARTESIAN_POINT('',(1.00235539938698,-48.6801248694228,2.43254250363035));
#1841=CARTESIAN_POINT('',(1.00235539938706,-48.6801248694231,3.43254250363019));
#1842=CARTESIAN_POINT('',(0.00235539938698182,-48.6801248694227,3.43254250363021));
#1843=CARTESIAN_POINT('',(-0.997644600612847,-48.6801248694231,3.43254250363035));
#1844=CARTESIAN_POINT('',(-0.997644600613018,-48.6801248694228,2.43254250363035));
#1845=CARTESIAN_POINT('',(1.00235539938698,-50.0948741960609,2.43254250363041));
#1846=CARTESIAN_POINT('',(1.00235539938698,-48.6801248694228,2.43254250363035));
#1847=CARTESIAN_POINT('',(-0.997644600613018,-50.0948741960609,2.43254250363041));
#1848=CARTESIAN_POINT('',(-0.997644600612532,-50.0948741960611,3.43254250363033));
#1849=CARTESIAN_POINT('',(0.00235539938698182,-50.0948741960607,3.43254250363041));
#1850=CARTESIAN_POINT('',(1.00235539938748,-50.0948741960611,3.43254250363033));
#1851=CARTESIAN_POINT('',(1.00235539938698,-50.0948741960609,2.43254250363041));
#1852=CARTESIAN_POINT('',(-0.997644600613018,-48.6801248694228,2.43254250363035));
#1853=CARTESIAN_POINT('',(-0.997644600613018,-50.0948741960609,2.43254250363041));
#1854=CARTESIAN_POINT('',(-1.49764460061302,-47.3448741960604,6.93254246531348));
#1855=CARTESIAN_POINT('',(-1.49764460061302,-57.8448741960613,6.93254246531318));
#1856=CARTESIAN_POINT('',(-1.49764460061302,-57.8448741960613,6.93254246531318));
#1857=CARTESIAN_POINT('',(-0.497644600613018,-57.8448741960613,6.93254246531318));
#1858=CARTESIAN_POINT('',(-0.497644600613018,-57.8448741960613,6.93254246531318));
#1859=CARTESIAN_POINT('',(-0.497644600613018,-47.3448741960604,6.93254246531348));
#1860=CARTESIAN_POINT('',(-0.497644600613018,-47.3448741960604,6.93254246531348));
#1861=CARTESIAN_POINT('',(-1.49764460061302,-47.3448741960604,6.93254246531348));
#1862=CARTESIAN_POINT('',(-0.497644600613018,-57.8448741960613,6.93254246531318));
#1863=CARTESIAN_POINT('',(0.272414496169443,-57.8448741960613,7.70260156209553));
#1864=CARTESIAN_POINT('',(-2.49764460061302,-47.3448741960606,5.93254246531348));
#1865=CARTESIAN_POINT('',(-2.49764460061302,-57.8448741960614,5.93254246531321));
#1866=CARTESIAN_POINT('',(-2.49764460061302,-57.8448741960614,5.93254246531321));
#1867=CARTESIAN_POINT('',(-2.49764460061302,-57.8448741960612,6.33254246531316));
#1868=CARTESIAN_POINT('',(-2.49764460061302,-57.8448741960613,6.73254246531314));
#1869=CARTESIAN_POINT('',(-2.29764460061297,-57.8448741960613,6.93254246531318));
#1870=CARTESIAN_POINT('',(-1.89764460061288,-57.8448741960613,6.93254246531318));
#1871=CARTESIAN_POINT('',(-1.49764460061302,-57.8448741960613,6.93254246531318));
#1872=CARTESIAN_POINT('',(-1.49764460061302,-47.3448741960604,6.93254246531348));
#1873=CARTESIAN_POINT('',(-1.89764460061288,-47.3448741960604,6.93254246531348));
#1874=CARTESIAN_POINT('',(-2.29764460061297,-47.3448741960604,6.93254246531348));
#1875=CARTESIAN_POINT('',(-2.49764460061302,-47.3448741960604,6.73254246531344));
#1876=CARTESIAN_POINT('',(-2.49764460061302,-47.3448741960604,6.33254246531343));
#1877=CARTESIAN_POINT('',(-2.49764460061302,-47.3448741960606,5.93254246531348));
#1878=CARTESIAN_POINT('',(-0.287384199101968,-55.0948741960606,0.109505717993176));
#1879=CARTESIAN_POINT('',(-0.287384199101968,-57.8448741960613,0.109505717993123));
#1880=CARTESIAN_POINT('',(-0.287384199101968,-57.8448741960613,0.109505717993123));
#1881=CARTESIAN_POINT('',(-2.33868047012883,-57.8448741960609,0.365352617027797));
#1882=CARTESIAN_POINT('',(-2.33868047012921,-57.8448741960611,2.43254250363022));
#1883=CARTESIAN_POINT('',(-2.33868047012921,-57.8448741960611,2.43254250363022));
#1884=CARTESIAN_POINT('',(-2.33868047012921,-55.0948741960607,2.43254250363028));
#1885=CARTESIAN_POINT('',(-2.33868047012921,-50.0948741960609,2.43254250363041));
#1886=CARTESIAN_POINT('',(-2.33868047012898,-47.3448741960602,2.43254250363049));
#1887=CARTESIAN_POINT('',(-2.33868047012898,-47.3448741960602,2.43254250363049));
#1888=CARTESIAN_POINT('',(-2.33868047012941,-47.3448741960601,0.365352617027932));
#1889=CARTESIAN_POINT('',(-0.287384199101968,-47.3448741960604,0.109505717993393));
#1890=CARTESIAN_POINT('',(-0.287384199101968,-47.3448741960604,0.109505717993393));
#1891=CARTESIAN_POINT('',(-0.287384199101968,-50.0948741960606,0.109505717993311));
#1892=CARTESIAN_POINT('',(-2.49764460061302,-55.0948741960607,4.97057389994116));
#1893=CARTESIAN_POINT('',(-2.33868047012921,-55.0948741960607,2.43254250363028));
#1894=CARTESIAN_POINT('',(-2.33868047012921,-57.8448741960611,2.43254250363022));
#1895=CARTESIAN_POINT('',(-2.49764460061302,-57.8448741960611,4.97057389994108));
#1896=CARTESIAN_POINT('',(-2.49764460061302,-57.8448741960611,4.97057389994108));
#1897=CARTESIAN_POINT('',(-2.49764460061302,-55.0948741960607,4.97057389994116));
#1898=CARTESIAN_POINT('',(-2.49764460061302,-55.0948741960608,5.53409669866717));
#1899=CARTESIAN_POINT('',(-2.49764460061302,-55.0948741960607,4.97057389994116));
#1900=CARTESIAN_POINT('',(-2.49764460061302,-57.8448741960611,4.97057389994108));
#1901=CARTESIAN_POINT('',(-2.49764460061302,-57.8448741960614,5.93254246531321));
#1902=CARTESIAN_POINT('',(-2.49764460061302,-47.3448741960606,5.93254246531348));
#1903=CARTESIAN_POINT('',(-2.49764460061302,-47.3448741960603,4.97057389994135));
#1904=CARTESIAN_POINT('',(-2.49764460061302,-47.3448741960603,4.97057389994135));
#1905=CARTESIAN_POINT('',(-2.49764460061302,-50.0948741960609,4.9705738999413));
#1906=CARTESIAN_POINT('',(-2.49764460061302,-50.0948741960609,4.9705738999413));
#1907=CARTESIAN_POINT('',(-2.49764460061302,-50.0948741960608,5.53409669866731));
#1908=CARTESIAN_POINT('',(-2.49764460061302,-50.0948741960608,5.53409669866731));
#1909=CARTESIAN_POINT('',(-2.49764460061302,-55.0948741960608,5.53409669866717));
#1910=CARTESIAN_POINT('',(-2.33868047012921,-50.0948741960609,2.43254250363041));
#1911=CARTESIAN_POINT('',(-2.49764460061302,-50.0948741960609,4.9705738999413));
#1912=CARTESIAN_POINT('',(-2.49764460061302,-47.3448741960603,4.97057389994135));
#1913=CARTESIAN_POINT('',(-2.33868047012898,-47.3448741960602,2.43254250363049));
#1914=CARTESIAN_POINT('',(-2.496883272164,-55.0948741960608,5.44208974133729));
#1915=CARTESIAN_POINT('',(-2.49733266298718,-55.0948741960607,5.46019400766925));
#1916=CARTESIAN_POINT('',(-2.49756476464491,-55.0948741960608,5.47851556316722));
#1917=CARTESIAN_POINT('',(-2.49764460061302,-55.0948741960606,5.49698938435516));
#1918=CARTESIAN_POINT('',(-2.49764460061302,-55.0948741960607,5.51554304151121));
#1919=CARTESIAN_POINT('',(-2.49764460061302,-55.0948741960608,5.53409669866717));
#1920=CARTESIAN_POINT('',(-2.49764460061302,-50.0948741960608,5.53409669866731));
#1921=CARTESIAN_POINT('',(-2.49764460061302,-50.0948741960609,5.51554304151135));
#1922=CARTESIAN_POINT('',(-2.49764460061302,-50.0948741960608,5.4969893843553));
#1923=CARTESIAN_POINT('',(-2.49756476464491,-50.0948741960608,5.47851556316736));
#1924=CARTESIAN_POINT('',(-2.49733266298809,-50.0948741960609,5.46019400766938));
#1925=CARTESIAN_POINT('',(-2.496883272164,-50.0948741960608,5.44208974133739));
#1926=CARTESIAN_POINT('',(-2.496883272164,-50.0948741960608,5.44208974133739));
#1927=CARTESIAN_POINT('',(-2.496883272164,-55.0948741960608,5.44208974133729));
#1928=CARTESIAN_POINT('',(-0.287384199101968,-55.0948741960606,0.109505717993176));
#1929=CARTESIAN_POINT('',(1.44035333231731,-55.0948741960608,0.00217591941153117));
#1930=CARTESIAN_POINT('',(-0.287384199101968,-47.3448741960604,0.109505717993393));
#1931=CARTESIAN_POINT('',(0.00235539938698182,-47.3448741960603,0.0915066341152979));
#1932=CARTESIAN_POINT('',(1.44035333231754,-47.3448741960601,0.0021759194116342));
#1933=CARTESIAN_POINT('',(3.083828359582,-52.5948741960614,27.8325424653131));
#1934=CARTESIAN_POINT('',(4.39413598846503,-52.5948741960615,28.9179017293481));
#1935=CARTESIAN_POINT('',(4.39413598846503,-52.5948741960614,24.9471832012782));
#1936=CARTESIAN_POINT('',(4.39413598846507,-54.5802334600965,24.9471832012779));
#1937=CARTESIAN_POINT('',(4.39413598846503,-54.5802334600966,26.9325424653131));
#1938=CARTESIAN_POINT('',(4.39413598846507,-54.5802334600968,28.9179017293484));
#1939=CARTESIAN_POINT('',(4.39413598846503,-52.5948741960615,28.9179017293481));
#1940=CARTESIAN_POINT('',(4.39413598846503,-52.5948741960614,24.9471832012782));
#1941=CARTESIAN_POINT('',(3.083828359582,-52.5948741960614,26.0325424653132));
#1942=CARTESIAN_POINT('',(3.083828359582,-52.5948741960614,26.0325424653132));
#1943=CARTESIAN_POINT('',(3.08382835958159,-53.4948741960616,26.0325424653134));
#1944=CARTESIAN_POINT('',(3.083828359582,-53.4948741960612,26.9325424653132));
#1945=CARTESIAN_POINT('',(3.08382835958159,-53.4948741960614,27.8325424653129));
#1946=CARTESIAN_POINT('',(3.083828359582,-52.5948741960614,27.8325424653131));
#1947=CARTESIAN_POINT('',(3.083828359582,-52.5948741960614,27.8325424653131));
#1948=CARTESIAN_POINT('',(3.08382835958175,-51.6948741960611,27.8325424653133));
#1949=CARTESIAN_POINT('',(3.08382835958177,-51.6948741960612,26.9325424653132));
#1950=CARTESIAN_POINT('',(3.08382835958175,-51.694874196061,26.0325424653131));
#1951=CARTESIAN_POINT('',(3.083828359582,-52.5948741960614,26.0325424653132));
#1952=CARTESIAN_POINT('',(0.502355399386982,-52.5948741960614,26.0325424653132));
#1953=CARTESIAN_POINT('',(0.502355399387304,-51.6948741960618,26.0325424653138));
#1954=CARTESIAN_POINT('',(0.502355399386982,-51.6948741960619,26.9325424653133));
#1955=CARTESIAN_POINT('',(0.502355399387304,-51.694874196062,27.8325424653131));
#1956=CARTESIAN_POINT('',(0.502355399386982,-52.5948741960614,27.8325424653132));
#1957=CARTESIAN_POINT('',(3.083828359582,-52.5948741960614,26.0325424653132));
#1958=CARTESIAN_POINT('',(0.502355399386982,-52.5948741960614,26.0325424653132));
#1959=CARTESIAN_POINT('',(3.083828359582,-52.594874196061,13.8325424653132));
#1960=CARTESIAN_POINT('',(4.39413598846503,-52.5948741960612,14.9179017293482));
#1961=CARTESIAN_POINT('',(4.39413598846503,-52.594874196061,10.9471832012782));
#1962=CARTESIAN_POINT('',(4.39413598846527,-54.5802334600969,10.947183201278));
#1963=CARTESIAN_POINT('',(4.39413598846503,-54.5802334600962,12.9325424653132));
#1964=CARTESIAN_POINT('',(4.39413598846527,-54.580233460097,14.9179017293486));
#1965=CARTESIAN_POINT('',(4.39413598846503,-52.5948741960612,14.9179017293482));
#1966=CARTESIAN_POINT('',(4.39413598846503,-52.594874196061,10.9471832012782));
#1967=CARTESIAN_POINT('',(3.083828359582,-52.594874196061,12.0325424653132));
#1968=CARTESIAN_POINT('',(3.083828359582,-52.594874196061,12.0325424653132));
#1969=CARTESIAN_POINT('',(3.08382835958195,-53.4948741960617,12.0325424653132));
#1970=CARTESIAN_POINT('',(3.083828359582,-53.4948741960609,12.9325424653131));
#1971=CARTESIAN_POINT('',(3.08382835958195,-53.4948741960615,13.8325424653132));
#1972=CARTESIAN_POINT('',(3.083828359582,-52.594874196061,13.8325424653132));
#1973=CARTESIAN_POINT('',(3.083828359582,-52.594874196061,13.8325424653132));
#1974=CARTESIAN_POINT('',(3.08382835958187,-51.6948741960618,13.8325424653131));
#1975=CARTESIAN_POINT('',(3.083828359582,-51.6948741960611,12.9325424653132));
#1976=CARTESIAN_POINT('',(3.08382835958187,-51.6948741960617,12.0325424653135));
#1977=CARTESIAN_POINT('',(3.083828359582,-52.594874196061,12.0325424653132));
#1978=CARTESIAN_POINT('',(0.502355399386982,-52.594874196061,13.8325424653133));
#1979=CARTESIAN_POINT('',(3.083828359582,-52.594874196061,13.8325424653132));
#1980=CARTESIAN_POINT('',(0.502355399386982,-52.594874196061,12.0325424653132));
#1981=CARTESIAN_POINT('',(0.502355399386943,-51.6948741960617,12.0325424653132));
#1982=CARTESIAN_POINT('',(0.502355399386982,-51.6948741960611,12.9325424653133));
#1983=CARTESIAN_POINT('',(0.502355399386943,-51.6948741960618,13.8325424653132));
#1984=CARTESIAN_POINT('',(0.502355399386982,-52.594874196061,13.8325424653133));
#1985=CARTESIAN_POINT('',(3.083828359582,-52.594874196061,12.0325424653132));
#1986=CARTESIAN_POINT('',(0.502355399386982,-52.594874196061,12.0325424653132));
#1987=CARTESIAN_POINT('',(1.98629805336013,-47.3448741960602,2.43254250363049));
#1988=CARTESIAN_POINT('',(1.98629805336056,-47.3448741960603,4.41648515760401));
#1989=CARTESIAN_POINT('',(0.00235539938629969,-47.3448741960603,4.41648515760418));
#1990=CARTESIAN_POINT('',(-1.9815872545871,-47.3448741960603,4.41648515760417));
#1991=CARTESIAN_POINT('',(-1.98158725458707,-47.3448741960602,2.43254250363049));
#1992=CARTESIAN_POINT('',(-0.997644600613018,-55.0948741960607,2.43254250363028));
#1993=CARTESIAN_POINT('',(-0.997644600612532,-55.094874196061,1.4325425036302));
#1994=CARTESIAN_POINT('',(0.00235539938698182,-55.0948741960607,1.43254250363031));
#1995=CARTESIAN_POINT('',(1.00235539938748,-55.094874196061,1.4325425036302));
#1996=CARTESIAN_POINT('',(1.00235539938698,-55.0948741960607,2.43254250363028));
#1997=CARTESIAN_POINT('',(1.00235539938698,-57.8448741960611,2.43254250363022));
#1998=CARTESIAN_POINT('',(1.00235539938748,-57.8448741960614,1.43254250363012));
#1999=CARTESIAN_POINT('',(0.00235539938698182,-57.8448741960612,1.43254250363022));
#2000=CARTESIAN_POINT('',(-0.997644600612532,-57.8448741960614,1.43254250363012));
#2001=CARTESIAN_POINT('',(-0.997644600613018,-57.8448741960611,2.43254250363022));
#2002=CARTESIAN_POINT('',(1.00235539938698,-50.0948741960609,2.43254250363041));
#2003=CARTESIAN_POINT('',(1.00235539938748,-50.0948741960608,1.43254250363031));
#2004=CARTESIAN_POINT('',(0.00235539938698182,-50.0948741960607,1.43254250363044));
#2005=CARTESIAN_POINT('',(-0.997644600612532,-50.0948741960608,1.43254250363031));
#2006=CARTESIAN_POINT('',(-0.997644600613018,-50.0948741960609,2.43254250363041));
#2007=CARTESIAN_POINT('',(4.39413598846503,-52.5948741960615,28.9179017293481));
#2008=CARTESIAN_POINT('',(4.39413598846467,-50.6095149320261,28.9179017293487));
#2009=CARTESIAN_POINT('',(4.39413598846503,-50.6095149320258,26.9325424653132));
#2010=CARTESIAN_POINT('',(4.39413598846467,-50.6095149320258,24.9471832012778));
#2011=CARTESIAN_POINT('',(4.39413598846503,-52.5948741960614,24.9471832012782));
#2012=CARTESIAN_POINT('',(3.083828359582,-52.5948741960614,27.8325424653131));
#2013=CARTESIAN_POINT('',(0.502355399386982,-52.5948741960614,27.8325424653132));
#2014=CARTESIAN_POINT('',(0.502355399386982,-52.5948741960614,27.8325424653132));
#2015=CARTESIAN_POINT('',(0.502355399386792,-53.4948741960623,27.8325424653136));
#2016=CARTESIAN_POINT('',(0.502355399386754,-53.4948741960617,26.9325424653132));
#2017=CARTESIAN_POINT('',(0.502355399386792,-53.4948741960622,26.0325424653127));
#2018=CARTESIAN_POINT('',(0.502355399386982,-52.5948741960614,26.0325424653132));
#2019=CARTESIAN_POINT('',(4.39413598846503,-52.5948741960612,14.9179017293482));
#2020=CARTESIAN_POINT('',(4.39413598846521,-50.6095149320262,14.9179017293488));
#2021=CARTESIAN_POINT('',(4.39413598846503,-50.6095149320257,12.9325424653132));
#2022=CARTESIAN_POINT('',(4.39413598846521,-50.609514932026,10.947183201278));
#2023=CARTESIAN_POINT('',(4.39413598846503,-52.594874196061,10.9471832012782));
#2024=CARTESIAN_POINT('',(0.502355399386982,-52.594874196061,13.8325424653133));
#2025=CARTESIAN_POINT('',(0.502355399386662,-53.4948741960613,13.8325424653131));
#2026=CARTESIAN_POINT('',(0.502355399386982,-53.4948741960609,12.9325424653132));
#2027=CARTESIAN_POINT('',(0.502355399386662,-53.4948741960611,12.032542465313));
#2028=CARTESIAN_POINT('',(0.502355399386982,-52.594874196061,12.0325424653132));
#2029=CARTESIAN_POINT('',(0.272414496169443,-57.8448741960613,7.70260156209553));
#2030=CARTESIAN_POINT('',(0.349061463908395,-57.7593472572124,7.77924852983477));
#2031=CARTESIAN_POINT('',(0.425708431647575,-57.6738203183643,7.85589549757392));
#2032=CARTESIAN_POINT('',(0.502355399386982,-57.5882933795157,7.93254246531307));
#2033=CARTESIAN_POINT('',(0.502355399386982,-57.5882933795157,7.93254246531307));
#2034=CARTESIAN_POINT('',(0.502355399386982,-55.6027437045394,9.71193927211306));
#2035=CARTESIAN_POINT('',(4.39413598846503,-57.8448741960611,7.7026015620955));
#2036=CARTESIAN_POINT('',(0.272414496169443,-57.8448741960613,7.70260156209553));
#2037=CARTESIAN_POINT('',(4.39413598846503,-57.8448741960611,7.7026015620955));
#2038=CARTESIAN_POINT('',(4.39413598846503,-57.844874196061,4.4891462031));
#2039=CARTESIAN_POINT('',(0.502355399386982,-57.5882933795157,7.93254246531307));
#2040=CARTESIAN_POINT('',(0.502355399387209,-47.6014550126063,7.93254246531342));
#2041=CARTESIAN_POINT('',(0.502355399387209,-54.6027437045396,18.5499879594572));
#2042=CARTESIAN_POINT('',(0.502355399387209,-50.5870046875825,18.5499879594573));
#2043=CARTESIAN_POINT('',(0.707487069581969,-54.6027437045396,21.2485742564641));
#2044=CARTESIAN_POINT('',(0.707487069581969,-50.5870046875828,21.2485742564643));
#2045=CARTESIAN_POINT('',(0.502355399386982,-54.6027437045398,21.5331792458791));
#2046=CARTESIAN_POINT('',(0.502355399386982,-50.5870046875828,21.5331792458792));
#2047=CARTESIAN_POINT('',(0.502355399386982,-54.6027437045397,30.6273700402951));
#2048=CARTESIAN_POINT('',(0.502355399386982,-50.5870046875832,30.6273700402952));
#2049=CARTESIAN_POINT('',(0.795248618200088,-54.6027437045397,31.3344768214811));
#2050=CARTESIAN_POINT('',(0.795248618200088,-50.5870046875832,31.3344768214813));
#2051=CARTESIAN_POINT('',(2.20946218057342,-54.6027437045399,32.7486903838551));
#2052=CARTESIAN_POINT('',(2.20946218057342,-50.5870046875831,32.7486903838552));
#2053=CARTESIAN_POINT('',(0.272414496169215,-47.3448741960605,7.70260156209572));
#2054=CARTESIAN_POINT('',(0.349061463908395,-47.4304011349091,7.77924852983492));
#2055=CARTESIAN_POINT('',(0.425708431647575,-47.5159280737575,7.8558954975741));
#2056=CARTESIAN_POINT('',(0.502355399387209,-47.6014550126063,7.93254246531342));
#2057=CARTESIAN_POINT('',(0.502355399387209,-47.6014550126063,7.93254246531342));
#2058=CARTESIAN_POINT('',(0.502355399387017,-49.5870046875827,9.71193927211326));
#2059=CARTESIAN_POINT('',(4.39413598846503,-47.3448741960605,7.70260156209583));
#2060=CARTESIAN_POINT('',(0.272414496169215,-47.3448741960605,7.70260156209572));
#2061=CARTESIAN_POINT('',(0.272414496169215,-47.3448741960605,7.70260156209572));
#2062=CARTESIAN_POINT('',(-0.497644600613018,-47.3448741960604,6.93254246531348));
#2063=CARTESIAN_POINT('',(0.707487069582196,-50.5870046875826,18.8345929488722));
#2064=CARTESIAN_POINT('',(0.707487069581969,-54.6027437045396,18.8345929488722));
#2065=CARTESIAN_POINT('',(2.50235539938698,-50.5870046875831,32.9767024695722));
#2066=CARTESIAN_POINT('',(2.50235539938698,-54.6027437045399,32.9767024695721));
#2067=CARTESIAN_POINT('',(2.50235539938698,-47.3448741960604,2.68914620310029));
#2068=CARTESIAN_POINT('',(2.50235539938698,-50.0948741960608,2.68914620310029));
#2069=CARTESIAN_POINT('',(2.50235539938698,-57.8448741960612,2.68914620309999));
#2070=CARTESIAN_POINT('',(2.59413598846576,-57.8448741960615,2.68914620309999));
#2071=CARTESIAN_POINT('',(2.50235539938698,-50.0948741960608,2.68914620310029));
#2072=CARTESIAN_POINT('',(2.50235539938698,-50.0948741960606,1.00025194040314));
#2073=CARTESIAN_POINT('',(2.50235539938698,-55.0948741960609,2.68914620310015));
#2074=CARTESIAN_POINT('',(2.50235539938698,-57.8448741960612,2.68914620309999));
#2075=CARTESIAN_POINT('',(-2.33868047012921,-55.0948741960607,2.43254250363028));
#2076=CARTESIAN_POINT('',(-2.33868047012828,-55.0948741960609,1.38030636370698));
#2077=CARTESIAN_POINT('',(-1.55175430607454,-55.0948741960602,0.681773539504394));
#2078=CARTESIAN_POINT('',(-1.00837544158539,-55.0948741960605,0.199430989260035));
#2079=CARTESIAN_POINT('',(-0.287384199101968,-55.0948741960606,0.109505717993176));
#2080=CARTESIAN_POINT('',(2.50235539938698,-55.0948741960608,5.44208974133729));
#2081=CARTESIAN_POINT('',(-2.496883272164,-55.0948741960608,5.44208974133729));
#2082=CARTESIAN_POINT('',(-0.287384199101968,-50.0948741960606,0.109505717993311));
#2083=CARTESIAN_POINT('',(-1.00837544158556,-50.0948741960593,0.199430989260055));
#2084=CARTESIAN_POINT('',(-1.55175430607447,-50.0948741960603,0.681773539504496));
#2085=CARTESIAN_POINT('',(-2.33868047012871,-50.0948741960608,1.3803063637071));
#2086=CARTESIAN_POINT('',(-2.33868047012921,-50.0948741960609,2.43254250363041));
#2087=CARTESIAN_POINT('',(-2.496883272164,-50.0948741960608,5.44208974133739));
#2088=CARTESIAN_POINT('',(2.50235539938698,-50.0948741960608,5.44208974133742));
#2089=CARTESIAN_POINT('',(1.44035333231731,-57.844874196061,0.00217591941139261));
#2090=CARTESIAN_POINT('',(0.00235539938698182,-57.8448741960611,0.0915066341149995));
#2091=CARTESIAN_POINT('',(-0.287384199101968,-57.8448741960613,0.109505717993123));
#2092=CARTESIAN_POINT('',(1.44035333231754,-50.0948741960605,0.00217591941166617));
#2093=CARTESIAN_POINT('',(-0.287384199101968,-50.0948741960606,0.109505717993311));
#2094=CARTESIAN_POINT('',(2.50235539938698,-57.8448741960611,1.00025194040295));
#2095=CARTESIAN_POINT('',(2.50235539938698,-57.8448741960612,2.68914620309999));
#2096=CARTESIAN_POINT('',(2.50235539938698,-47.3448741960603,1.00025194040325));
#2097=CARTESIAN_POINT('',(2.50235539938698,-47.3448741960604,2.68914620310029));
#2098=CARTESIAN_POINT('',(2.50235539938698,-55.0948741960607,1.00025194040301));
#2099=CARTESIAN_POINT('',(2.50235539938698,-55.0948741960609,2.68914620310015));
#2100=CARTESIAN_POINT('',(1.44035333231731,-55.0948741960608,0.00217591941153117));
#2101=CARTESIAN_POINT('',(1.44035333231731,-57.844874196061,0.00217591941139261));
#2102=CARTESIAN_POINT('',(1.44035333231754,-47.3448741960601,0.0021759194116342));
#2103=CARTESIAN_POINT('',(1.44035333231754,-50.0948741960605,0.00217591941166617));
#2104=CARTESIAN_POINT('',(2.50235539938698,-47.3448741960603,1.00025194040325));
#2105=CARTESIAN_POINT('',(2.50235539938698,-50.0948741960606,1.00025194040314));
#2106=CARTESIAN_POINT('',(2.50235539938698,-55.0948741960607,1.00025194040301));
#2107=CARTESIAN_POINT('',(2.50235539938698,-57.8448741960611,1.00025194040295));
#2108=CARTESIAN_POINT('',(2.50235539938698,-55.0948741960607,1.00025194040301));
#2109=CARTESIAN_POINT('',(2.50235539938698,-55.0948741960606,0.574632230187394));
#2110=CARTESIAN_POINT('',(2.50235539938698,-55.0948741960605,0.149012519971809));
#2111=CARTESIAN_POINT('',(2.28995498597309,-55.094874196061,-0.0506026842266287));
#2112=CARTESIAN_POINT('',(1.86515415914532,-55.0948741960609,-0.0242133824075488));
#2113=CARTESIAN_POINT('',(1.44035333231731,-55.0948741960608,0.00217591941153117));
#2114=CARTESIAN_POINT('',(1.44035333231731,-57.844874196061,0.00217591941139261));
#2115=CARTESIAN_POINT('',(1.86515415914532,-57.8448741960613,-0.0242133824076589));
#2116=CARTESIAN_POINT('',(2.28995498597332,-57.8448741960612,-0.0506026842267389));
#2117=CARTESIAN_POINT('',(2.50235539938698,-57.844874196061,0.149012519971699));
#2118=CARTESIAN_POINT('',(2.50235539938698,-57.844874196061,0.574632230187341));
#2119=CARTESIAN_POINT('',(2.50235539938698,-57.8448741960611,1.00025194040295));
#2120=CARTESIAN_POINT('',(2.50235539938698,-47.3448741960603,1.00025194040325));
#2121=CARTESIAN_POINT('',(2.50235539938698,-47.3448741960602,0.574632230187497));
#2122=CARTESIAN_POINT('',(2.50235539938698,-47.3448741960601,0.149012519971741));
#2123=CARTESIAN_POINT('',(2.28995498597355,-47.3448741960603,-0.0506026842264689));
#2124=CARTESIAN_POINT('',(1.86515415914554,-47.3448741960605,-0.0242133824073889));
#2125=CARTESIAN_POINT('',(1.44035333231754,-47.3448741960601,0.0021759194116342));
#2126=CARTESIAN_POINT('',(2.50235539938698,-50.0948741960606,1.00025194040314));
#2127=CARTESIAN_POINT('',(2.50235539938698,-50.0948741960603,0.574632230187387));
#2128=CARTESIAN_POINT('',(2.50235539938698,-50.0948741960605,0.149012519971631));
#2129=CARTESIAN_POINT('',(2.28995498597355,-50.0948741960607,-0.0506026842264937));
#2130=CARTESIAN_POINT('',(1.86515415914554,-50.0948741960606,-0.0242133824074138));
#2131=CARTESIAN_POINT('',(1.44035333231754,-50.0948741960605,0.00217591941166617));
#2132=CARTESIAN_POINT('',(2.59413598846576,-47.3448741960604,2.68914620310026));
#2133=CARTESIAN_POINT('',(2.50235539938698,-47.3448741960604,2.68914620310029));
#2134=CARTESIAN_POINT('',(4.39413598846503,-47.3448741960604,4.48914620310027));
#2135=CARTESIAN_POINT('',(4.39413598846503,-47.3448741960605,7.70260156209583));
#2136=CARTESIAN_POINT('',(4.39413598846503,-57.844874196061,4.4891462031));
#2137=CARTESIAN_POINT('',(4.39413598846503,-47.3448741960604,4.48914620310027));
#2138=CARTESIAN_POINT('',(2.59413598846576,-57.8448741960615,2.68914620309999));
#2139=CARTESIAN_POINT('',(2.59413598846576,-47.3448741960604,2.68914620310026));
#2140=CARTESIAN_POINT('',(2.59413598846576,-57.8448741960615,2.68914620309999));
#2141=CARTESIAN_POINT('',(4.39413598846503,-57.844874196061,4.4891462031));
#2142=CARTESIAN_POINT('',(4.39413598846503,-47.3448741960604,4.48914620310027));
#2143=CARTESIAN_POINT('',(2.59413598846576,-47.3448741960604,2.68914620310026));
#2144=CARTESIAN_POINT('',(1.32845903096885,-49.5870046875827,19.0415836026682));
#2145=CARTESIAN_POINT('',(1.32845903096885,-55.6027437045397,19.0415836026681));
#2146=CARTESIAN_POINT('',(1.32845903096885,-49.5870046875827,21.0415836026682));
#2147=CARTESIAN_POINT('',(1.32845903096885,-55.6027437045397,21.0415836026682));
#2148=CARTESIAN_POINT('',(4.39413598846503,-55.6027437045399,32.0415836026681));
#2149=CARTESIAN_POINT('',(4.39413598846503,-49.5870046875829,32.0415836026682));
#2150=CARTESIAN_POINT('',(4.39413598846484,-49.5870046875827,9.71193927211329));
#2151=CARTESIAN_POINT('',(0.502355399387017,-49.5870046875827,9.71193927211326));
#2152=CARTESIAN_POINT('',(4.39413598846488,-55.6027437045394,9.711939272113));
#2153=CARTESIAN_POINT('',(0.502355399386982,-55.6027437045394,9.71193927211306));
#2154=CARTESIAN_POINT('',(4.39413598846488,-55.6027437045394,9.711939272113));
#2155=CARTESIAN_POINT('',(4.39413598846503,-57.8448741960611,7.7026015620955));
#2156=CARTESIAN_POINT('',(4.39413598846484,-49.5870046875827,9.71193927211329));
#2157=CARTESIAN_POINT('',(4.39413598846503,-47.3448741960605,7.70260156209583));
#2158=CARTESIAN_POINT('',(4.39413598846503,-49.5870046875829,32.0415836026682));
#2159=CARTESIAN_POINT('',(4.39413598846484,-49.5870046875827,9.71193927211329));
#2160=CARTESIAN_POINT('',(0.502355399387209,-49.5870046875825,18.5499879594573));
#2161=CARTESIAN_POINT('',(0.502355399387017,-49.5870046875827,9.71193927211326));
#2162=CARTESIAN_POINT('',(4.39413598846503,-55.6027437045399,32.0415836026681));
#2163=CARTESIAN_POINT('',(4.39413598846488,-55.6027437045394,9.711939272113));
#2164=CARTESIAN_POINT('',(0.502355399387209,-55.6027437045396,18.5499879594572));
#2165=CARTESIAN_POINT('',(0.502355399386982,-55.6027437045394,9.71193927211306));
#2166=CARTESIAN_POINT('',(3.45901712156101,-49.5870046875831,32.9767024695722));
#2167=CARTESIAN_POINT('',(3.45901712156092,-55.6027437045398,32.9767024695722));
#2168=CARTESIAN_POINT('',(3.45901712156101,-49.5870046875831,32.9767024695722));
#2169=CARTESIAN_POINT('',(2.50235539938698,-49.5870046875831,32.9767024695722));
#2170=CARTESIAN_POINT('',(3.45901712156092,-55.6027437045398,32.9767024695722));
#2171=CARTESIAN_POINT('',(2.50235539938698,-55.6027437045399,32.9767024695721));
#2172=CARTESIAN_POINT('',(3.45901712156092,-55.6027437045398,32.9767024695722));
#2173=CARTESIAN_POINT('',(4.39413598846503,-55.6027437045399,32.0415836026681));
#2174=CARTESIAN_POINT('',(3.45901712156101,-49.5870046875831,32.9767024695722));
#2175=CARTESIAN_POINT('',(4.39413598846503,-49.5870046875829,32.0415836026682));
#2176=CARTESIAN_POINT('',(0.,0.,0.));
ENDSEC;
END-ISO-10303-21;
