ISO-10303-21;
HEADER;
/* Generated by software containing ST-Developer
 * from STEP Tools, Inc. (www.steptools.com) 
 */
/* OPTION: using custom schema-name function */

FILE_DESCRIPTION(
/* description */ (''),
/* implementation_level */ '2;1');

FILE_NAME(
/* name */ 'HICA34~1',
/* time_stamp */ '2026-03-08T15:26:27+03:00',
/* author */ (''),
/* organization */ (''),
/* preprocessor_version */ 'ST-DEVELOPER v16.5',
/* originating_system */ '',
/* authorisation */ '');

FILE_SCHEMA (('CONFIG_CONTROL_DESIGN'));
ENDSEC;

DATA;
#10=SHAPE_REPRESENTATION_RELATIONSHIP('','',#2072,#13);
#11=MANIFOLD_SOLID_BREP('brep_1',#14);
#12=MANIFOLD_SOLID_BREP('brep_1',#15);
#13=ADVANCED_BREP_SHAPE_REPRESENTATION('brep_rep_0',(#11,#12,#2173),#2071);
#14=CLOSED_SHELL('',(#32,#33,#34,#35,#36,#37,#38,#39,#40,#41,#42,#43,#44,
#45,#46,#47,#48,#49,#50,#51,#52,#53,#54,#55,#56,#57,#58,#59,#60,#61,#62,
#63,#64,#65,#66,#67,#68,#69,#70,#71,#72,#73,#74,#75,#76,#77,#78,#79,#80,
#81,#82,#83,#84,#85));
#15=CLOSED_SHELL('',(#86,#87,#88,#89,#90,#91,#92,#93,#94,#95,#96,#97,#98,
#99,#100,#101,#102,#103,#104,#105,#106,#107,#108,#109,#110,#111,#112,#113,
#114,#115,#116,#117,#118,#119,#120,#121,#122,#123,#124,#125,#126,#127,#128,
#129,#130,#131,#132,#133,#134,#135,#136,#137,#138,#139,#140,#141,#142,#143,
#144));
#16=FACE_BOUND('',#268,.T.);
#17=FACE_BOUND('',#279,.T.);
#18=FACE_BOUND('',#285,.T.);
#19=FACE_BOUND('',#293,.T.);
#20=FACE_BOUND('',#297,.T.);
#21=FACE_BOUND('',#298,.T.);
#22=FACE_BOUND('',#302,.T.);
#23=FACE_BOUND('',#313,.T.);
#24=FACE_BOUND('',#328,.T.);
#25=FACE_BOUND('',#339,.T.);
#26=FACE_BOUND('',#345,.T.);
#27=FACE_BOUND('',#353,.T.);
#28=FACE_BOUND('',#359,.T.);
#29=FACE_BOUND('',#368,.T.);
#30=FACE_BOUND('',#375,.T.);
#31=FACE_BOUND('',#376,.T.);
#32=ADVANCED_FACE('',(#145),#1946,.T.);
#33=ADVANCED_FACE('',(#146),#1887,.T.);
#34=ADVANCED_FACE('',(#147),#1879,.T.);
#35=ADVANCED_FACE('',(#148),#1888,.T.);
#36=ADVANCED_FACE('',(#149),#1880,.T.);
#37=ADVANCED_FACE('',(#150),#1889,.T.);
#38=ADVANCED_FACE('',(#151),#1890,.T.);
#39=ADVANCED_FACE('',(#152),#1947,.F.);
#40=ADVANCED_FACE('',(#153),#1881,.T.);
#41=ADVANCED_FACE('',(#154,#16),#1891,.T.);
#42=ADVANCED_FACE('',(#155),#1948,.F.);
#43=ADVANCED_FACE('',(#156),#1949,.F.);
#44=ADVANCED_FACE('',(#157),#1873,.T.);
#45=ADVANCED_FACE('',(#158),#1874,.T.);
#46=ADVANCED_FACE('',(#159),#1892,.T.);
#47=ADVANCED_FACE('',(#160),#1893,.T.);
#48=ADVANCED_FACE('',(#161),#1894,.T.);
#49=ADVANCED_FACE('',(#162),#1950,.F.);
#50=ADVANCED_FACE('',(#163),#1951,.F.);
#51=ADVANCED_FACE('',(#164,#17),#1895,.T.);
#52=ADVANCED_FACE('',(#165),#1896,.T.);
#53=ADVANCED_FACE('',(#166),#1952,.T.);
#54=ADVANCED_FACE('',(#167),#1897,.T.);
#55=ADVANCED_FACE('',(#168),#1953,.F.);
#56=ADVANCED_FACE('',(#169,#18),#1898,.T.);
#57=ADVANCED_FACE('',(#170),#1882,.T.);
#58=ADVANCED_FACE('',(#171),#1954,.F.);
#59=ADVANCED_FACE('',(#172),#1955,.F.);
#60=ADVANCED_FACE('',(#173),#1899,.T.);
#61=ADVANCED_FACE('',(#174),#1900,.T.);
#62=ADVANCED_FACE('',(#175),#1956,.F.);
#63=ADVANCED_FACE('',(#176,#19),#1901,.T.);
#64=ADVANCED_FACE('',(#177),#1902,.T.);
#65=ADVANCED_FACE('',(#178),#1903,.T.);
#66=ADVANCED_FACE('',(#179,#20,#21),#1904,.T.);
#67=ADVANCED_FACE('',(#180),#1905,.T.);
#68=ADVANCED_FACE('',(#181),#1906,.T.);
#69=ADVANCED_FACE('',(#182,#22),#1907,.T.);
#70=ADVANCED_FACE('',(#183),#1875,.T.);
#71=ADVANCED_FACE('',(#184),#1908,.T.);
#72=ADVANCED_FACE('',(#185),#1957,.F.);
#73=ADVANCED_FACE('',(#186),#1909,.T.);
#74=ADVANCED_FACE('',(#187),#1958,.F.);
#75=ADVANCED_FACE('',(#188),#1910,.T.);
#76=ADVANCED_FACE('',(#189),#1959,.F.);
#77=ADVANCED_FACE('',(#190),#1911,.T.);
#78=ADVANCED_FACE('',(#191),#1912,.T.);
#79=ADVANCED_FACE('',(#192,#23),#1913,.T.);
#80=ADVANCED_FACE('',(#193),#1914,.T.);
#81=ADVANCED_FACE('',(#194),#1915,.T.);
#82=ADVANCED_FACE('',(#195),#1960,.F.);
#83=ADVANCED_FACE('',(#196),#1961,.F.);
#84=ADVANCED_FACE('',(#197),#1962,.F.);
#85=ADVANCED_FACE('',(#198),#1963,.F.);
#86=ADVANCED_FACE('',(#199),#1975,.T.);
#87=ADVANCED_FACE('',(#200),#1927,.T.);
#88=ADVANCED_FACE('',(#201),#1883,.T.);
#89=ADVANCED_FACE('',(#202),#1928,.T.);
#90=ADVANCED_FACE('',(#203),#1884,.T.);
#91=ADVANCED_FACE('',(#204),#1976,.F.);
#92=ADVANCED_FACE('',(#205),#1885,.T.);
#93=ADVANCED_FACE('',(#206,#24),#1929,.T.);
#94=ADVANCED_FACE('',(#207),#1977,.F.);
#95=ADVANCED_FACE('',(#208),#1978,.F.);
#96=ADVANCED_FACE('',(#209),#1876,.T.);
#97=ADVANCED_FACE('',(#210),#1877,.T.);
#98=ADVANCED_FACE('',(#211),#1930,.T.);
#99=ADVANCED_FACE('',(#212),#1931,.T.);
#100=ADVANCED_FACE('',(#213),#1932,.T.);
#101=ADVANCED_FACE('',(#214),#1979,.F.);
#102=ADVANCED_FACE('',(#215),#1980,.F.);
#103=ADVANCED_FACE('',(#216,#25),#1933,.T.);
#104=ADVANCED_FACE('',(#217),#1934,.T.);
#105=ADVANCED_FACE('',(#218),#1981,.T.);
#106=ADVANCED_FACE('',(#219),#1935,.T.);
#107=ADVANCED_FACE('',(#220),#1982,.F.);
#108=ADVANCED_FACE('',(#221,#26),#1936,.T.);
#109=ADVANCED_FACE('',(#222),#1886,.T.);
#110=ADVANCED_FACE('',(#223),#1971,.F.);
#111=ADVANCED_FACE('',(#224),#1973,.F.);
#112=ADVANCED_FACE('',(#225),#1916,.T.);
#113=ADVANCED_FACE('',(#226),#1917,.T.);
#114=ADVANCED_FACE('',(#227),#1964,.F.);
#115=ADVANCED_FACE('',(#228,#27),#1937,.T.);
#116=ADVANCED_FACE('',(#229),#1918,.T.);
#117=ADVANCED_FACE('',(#230),#1938,.T.);
#118=ADVANCED_FACE('',(#231),#1939,.T.);
#119=ADVANCED_FACE('',(#232),#1940,.T.);
#120=ADVANCED_FACE('',(#233,#28),#1941,.T.);
#121=ADVANCED_FACE('',(#234),#1878,.T.);
#122=ADVANCED_FACE('',(#235),#1919,.T.);
#123=ADVANCED_FACE('',(#236),#1965,.F.);
#124=ADVANCED_FACE('',(#237),#1920,.T.);
#125=ADVANCED_FACE('',(#238),#1966,.F.);
#126=ADVANCED_FACE('',(#239),#1923,.T.);
#127=ADVANCED_FACE('',(#240),#1967,.F.);
#128=ADVANCED_FACE('',(#241,#29),#1942,.T.);
#129=ADVANCED_FACE('',(#242),#1921,.T.);
#130=ADVANCED_FACE('',(#243),#1922,.T.);
#131=ADVANCED_FACE('',(#244),#1925,.T.);
#132=ADVANCED_FACE('',(#245),#1970,.T.);
#133=ADVANCED_FACE('',(#246),#1944,.T.);
#134=ADVANCED_FACE('',(#247,#30,#31),#1943,.T.);
#135=ADVANCED_FACE('',(#248),#1985,.T.);
#136=ADVANCED_FACE('',(#249),#1968,.T.);
#137=ADVANCED_FACE('',(#250),#1945,.T.);
#138=ADVANCED_FACE('',(#251),#1924,.T.);
#139=ADVANCED_FACE('',(#252),#1969,.F.);
#140=ADVANCED_FACE('',(#253),#1926,.T.);
#141=ADVANCED_FACE('',(#254),#1983,.F.);
#142=ADVANCED_FACE('',(#255),#1984,.F.);
#143=ADVANCED_FACE('',(#256),#1972,.F.);
#144=ADVANCED_FACE('',(#257),#1974,.F.);
#145=FACE_OUTER_BOUND('',#258,.T.);
#146=FACE_OUTER_BOUND('',#259,.T.);
#147=FACE_OUTER_BOUND('',#260,.T.);
#148=FACE_OUTER_BOUND('',#261,.T.);
#149=FACE_OUTER_BOUND('',#262,.T.);
#150=FACE_OUTER_BOUND('',#263,.T.);
#151=FACE_OUTER_BOUND('',#264,.T.);
#152=FACE_OUTER_BOUND('',#265,.T.);
#153=FACE_OUTER_BOUND('',#266,.T.);
#154=FACE_OUTER_BOUND('',#267,.T.);
#155=FACE_OUTER_BOUND('',#269,.T.);
#156=FACE_OUTER_BOUND('',#270,.T.);
#157=FACE_OUTER_BOUND('',#271,.T.);
#158=FACE_OUTER_BOUND('',#272,.T.);
#159=FACE_OUTER_BOUND('',#273,.T.);
#160=FACE_OUTER_BOUND('',#274,.T.);
#161=FACE_OUTER_BOUND('',#275,.T.);
#162=FACE_OUTER_BOUND('',#276,.T.);
#163=FACE_OUTER_BOUND('',#277,.T.);
#164=FACE_OUTER_BOUND('',#278,.T.);
#165=FACE_OUTER_BOUND('',#280,.T.);
#166=FACE_OUTER_BOUND('',#281,.T.);
#167=FACE_OUTER_BOUND('',#282,.T.);
#168=FACE_OUTER_BOUND('',#283,.T.);
#169=FACE_OUTER_BOUND('',#284,.T.);
#170=FACE_OUTER_BOUND('',#286,.T.);
#171=FACE_OUTER_BOUND('',#287,.T.);
#172=FACE_OUTER_BOUND('',#288,.T.);
#173=FACE_OUTER_BOUND('',#289,.T.);
#174=FACE_OUTER_BOUND('',#290,.T.);
#175=FACE_OUTER_BOUND('',#291,.T.);
#176=FACE_OUTER_BOUND('',#292,.T.);
#177=FACE_OUTER_BOUND('',#294,.T.);
#178=FACE_OUTER_BOUND('',#295,.T.);
#179=FACE_OUTER_BOUND('',#296,.T.);
#180=FACE_OUTER_BOUND('',#299,.T.);
#181=FACE_OUTER_BOUND('',#300,.T.);
#182=FACE_OUTER_BOUND('',#301,.T.);
#183=FACE_OUTER_BOUND('',#303,.T.);
#184=FACE_OUTER_BOUND('',#304,.T.);
#185=FACE_OUTER_BOUND('',#305,.T.);
#186=FACE_OUTER_BOUND('',#306,.T.);
#187=FACE_OUTER_BOUND('',#307,.T.);
#188=FACE_OUTER_BOUND('',#308,.T.);
#189=FACE_OUTER_BOUND('',#309,.T.);
#190=FACE_OUTER_BOUND('',#310,.T.);
#191=FACE_OUTER_BOUND('',#311,.T.);
#192=FACE_OUTER_BOUND('',#312,.T.);
#193=FACE_OUTER_BOUND('',#314,.T.);
#194=FACE_OUTER_BOUND('',#315,.T.);
#195=FACE_OUTER_BOUND('',#316,.T.);
#196=FACE_OUTER_BOUND('',#317,.T.);
#197=FACE_OUTER_BOUND('',#318,.T.);
#198=FACE_OUTER_BOUND('',#319,.T.);
#199=FACE_OUTER_BOUND('',#320,.T.);
#200=FACE_OUTER_BOUND('',#321,.T.);
#201=FACE_OUTER_BOUND('',#322,.T.);
#202=FACE_OUTER_BOUND('',#323,.T.);
#203=FACE_OUTER_BOUND('',#324,.T.);
#204=FACE_OUTER_BOUND('',#325,.T.);
#205=FACE_OUTER_BOUND('',#326,.T.);
#206=FACE_OUTER_BOUND('',#327,.T.);
#207=FACE_OUTER_BOUND('',#329,.T.);
#208=FACE_OUTER_BOUND('',#330,.T.);
#209=FACE_OUTER_BOUND('',#331,.T.);
#210=FACE_OUTER_BOUND('',#332,.T.);
#211=FACE_OUTER_BOUND('',#333,.T.);
#212=FACE_OUTER_BOUND('',#334,.T.);
#213=FACE_OUTER_BOUND('',#335,.T.);
#214=FACE_OUTER_BOUND('',#336,.T.);
#215=FACE_OUTER_BOUND('',#337,.T.);
#216=FACE_OUTER_BOUND('',#338,.T.);
#217=FACE_OUTER_BOUND('',#340,.T.);
#218=FACE_OUTER_BOUND('',#341,.T.);
#219=FACE_OUTER_BOUND('',#342,.T.);
#220=FACE_OUTER_BOUND('',#343,.T.);
#221=FACE_OUTER_BOUND('',#344,.T.);
#222=FACE_OUTER_BOUND('',#346,.T.);
#223=FACE_OUTER_BOUND('',#347,.T.);
#224=FACE_OUTER_BOUND('',#348,.T.);
#225=FACE_OUTER_BOUND('',#349,.T.);
#226=FACE_OUTER_BOUND('',#350,.T.);
#227=FACE_OUTER_BOUND('',#351,.T.);
#228=FACE_OUTER_BOUND('',#352,.T.);
#229=FACE_OUTER_BOUND('',#354,.T.);
#230=FACE_OUTER_BOUND('',#355,.T.);
#231=FACE_OUTER_BOUND('',#356,.T.);
#232=FACE_OUTER_BOUND('',#357,.T.);
#233=FACE_OUTER_BOUND('',#358,.T.);
#234=FACE_OUTER_BOUND('',#360,.T.);
#235=FACE_OUTER_BOUND('',#361,.T.);
#236=FACE_OUTER_BOUND('',#362,.T.);
#237=FACE_OUTER_BOUND('',#363,.T.);
#238=FACE_OUTER_BOUND('',#364,.T.);
#239=FACE_OUTER_BOUND('',#365,.T.);
#240=FACE_OUTER_BOUND('',#366,.T.);
#241=FACE_OUTER_BOUND('',#367,.T.);
#242=FACE_OUTER_BOUND('',#369,.T.);
#243=FACE_OUTER_BOUND('',#370,.T.);
#244=FACE_OUTER_BOUND('',#371,.T.);
#245=FACE_OUTER_BOUND('',#372,.T.);
#246=FACE_OUTER_BOUND('',#373,.T.);
#247=FACE_OUTER_BOUND('',#374,.T.);
#248=FACE_OUTER_BOUND('',#377,.T.);
#249=FACE_OUTER_BOUND('',#378,.T.);
#250=FACE_OUTER_BOUND('',#379,.T.);
#251=FACE_OUTER_BOUND('',#380,.T.);
#252=FACE_OUTER_BOUND('',#381,.T.);
#253=FACE_OUTER_BOUND('',#382,.T.);
#254=FACE_OUTER_BOUND('',#383,.T.);
#255=FACE_OUTER_BOUND('',#384,.T.);
#256=FACE_OUTER_BOUND('',#385,.T.);
#257=FACE_OUTER_BOUND('',#386,.T.);
#258=EDGE_LOOP('',(#387,#388,#389,#390));
#259=EDGE_LOOP('',(#391,#392,#393,#394));
#260=EDGE_LOOP('',(#395,#396,#397,#398));
#261=EDGE_LOOP('',(#399,#400,#401,#402,#403,#404));
#262=EDGE_LOOP('',(#405,#406,#407,#408));
#263=EDGE_LOOP('',(#409,#410,#411,#412));
#264=EDGE_LOOP('',(#413,#414,#415,#416,#417));
#265=EDGE_LOOP('',(#418,#419,#420,#421));
#266=EDGE_LOOP('',(#422,#423,#424,#425));
#267=EDGE_LOOP('',(#426,#427,#428,#429));
#268=EDGE_LOOP('',(#430,#431));
#269=EDGE_LOOP('',(#432,#433,#434,#435));
#270=EDGE_LOOP('',(#436,#437,#438,#439));
#271=EDGE_LOOP('',(#440,#441,#442,#443));
#272=EDGE_LOOP('',(#444,#445,#446,#447));
#273=EDGE_LOOP('',(#448,#449,#450,#451));
#274=EDGE_LOOP('',(#452,#453,#454,#455,#456,#457,#458,#459,#460,#461));
#275=EDGE_LOOP('',(#462,#463,#464,#465));
#276=EDGE_LOOP('',(#466,#467,#468,#469));
#277=EDGE_LOOP('',(#470,#471,#472,#473));
#278=EDGE_LOOP('',(#474,#475,#476,#477,#478,#479,#480));
#279=EDGE_LOOP('',(#481,#482));
#280=EDGE_LOOP('',(#483,#484,#485,#486,#487,#488,#489,#490));
#281=EDGE_LOOP('',(#491,#492,#493,#494));
#282=EDGE_LOOP('',(#495,#496,#497,#498));
#283=EDGE_LOOP('',(#499,#500,#501,#502));
#284=EDGE_LOOP('',(#503,#504,#505,#506,#507,#508,#509,#510));
#285=EDGE_LOOP('',(#511,#512));
#286=EDGE_LOOP('',(#513,#514,#515,#516));
#287=EDGE_LOOP('',(#517,#518,#519,#520));
#288=EDGE_LOOP('',(#521,#522,#523,#524));
#289=EDGE_LOOP('',(#525,#526,#527,#528));
#290=EDGE_LOOP('',(#529,#530,#531,#532,#533,#534,#535,#536,#537,#538,#539));
#291=EDGE_LOOP('',(#540,#541,#542,#543,#544,#545,#546));
#292=EDGE_LOOP('',(#547,#548,#549,#550,#551,#552,#553,#554));
#293=EDGE_LOOP('',(#555,#556));
#294=EDGE_LOOP('',(#557,#558,#559,#560,#561));
#295=EDGE_LOOP('',(#562,#563,#564,#565,#566));
#296=EDGE_LOOP('',(#567,#568,#569,#570,#571,#572,#573,#574,#575,#576,#577,
#578,#579,#580,#581,#582,#583,#584));
#297=EDGE_LOOP('',(#585,#586));
#298=EDGE_LOOP('',(#587,#588));
#299=EDGE_LOOP('',(#589,#590,#591,#592));
#300=EDGE_LOOP('',(#593,#594,#595,#596,#597,#598,#599,#600));
#301=EDGE_LOOP('',(#601,#602,#603,#604,#605,#606));
#302=EDGE_LOOP('',(#607,#608));
#303=EDGE_LOOP('',(#609,#610,#611,#612));
#304=EDGE_LOOP('',(#613,#614,#615,#616));
#305=EDGE_LOOP('',(#617,#618,#619,#620,#621,#622,#623));
#306=EDGE_LOOP('',(#624,#625,#626,#627,#628,#629,#630,#631,#632,#633,#634));
#307=EDGE_LOOP('',(#635,#636,#637,#638));
#308=EDGE_LOOP('',(#639,#640,#641,#642));
#309=EDGE_LOOP('',(#643,#644,#645,#646));
#310=EDGE_LOOP('',(#647,#648,#649,#650));
#311=EDGE_LOOP('',(#651,#652,#653,#654,#655));
#312=EDGE_LOOP('',(#656,#657,#658,#659,#660,#661,#662));
#313=EDGE_LOOP('',(#663,#664));
#314=EDGE_LOOP('',(#665,#666,#667,#668,#669));
#315=EDGE_LOOP('',(#670,#671,#672,#673,#674));
#316=EDGE_LOOP('',(#675,#676,#677,#678));
#317=EDGE_LOOP('',(#679,#680,#681,#682));
#318=EDGE_LOOP('',(#683,#684,#685,#686));
#319=EDGE_LOOP('',(#687,#688,#689,#690));
#320=EDGE_LOOP('',(#691,#692,#693,#694));
#321=EDGE_LOOP('',(#695,#696,#697,#698));
#322=EDGE_LOOP('',(#699,#700,#701,#702));
#323=EDGE_LOOP('',(#703,#704,#705,#706,#707,#708));
#324=EDGE_LOOP('',(#709,#710,#711,#712));
#325=EDGE_LOOP('',(#713,#714,#715,#716));
#326=EDGE_LOOP('',(#717,#718,#719,#720));
#327=EDGE_LOOP('',(#721,#722,#723,#724));
#328=EDGE_LOOP('',(#725,#726));
#329=EDGE_LOOP('',(#727,#728,#729,#730));
#330=EDGE_LOOP('',(#731,#732,#733,#734));
#331=EDGE_LOOP('',(#735,#736,#737,#738));
#332=EDGE_LOOP('',(#739,#740,#741,#742));
#333=EDGE_LOOP('',(#743,#744,#745,#746));
#334=EDGE_LOOP('',(#747,#748,#749,#750,#751,#752,#753,#754,#755,#756));
#335=EDGE_LOOP('',(#757,#758,#759,#760));
#336=EDGE_LOOP('',(#761,#762,#763,#764));
#337=EDGE_LOOP('',(#765,#766,#767,#768));
#338=EDGE_LOOP('',(#769,#770,#771,#772,#773,#774,#775));
#339=EDGE_LOOP('',(#776,#777));
#340=EDGE_LOOP('',(#778,#779,#780,#781,#782,#783,#784,#785));
#341=EDGE_LOOP('',(#786,#787,#788,#789));
#342=EDGE_LOOP('',(#790,#791,#792,#793));
#343=EDGE_LOOP('',(#794,#795,#796,#797));
#344=EDGE_LOOP('',(#798,#799,#800,#801,#802,#803,#804,#805,#806,#807,#808,
#809));
#345=EDGE_LOOP('',(#810,#811));
#346=EDGE_LOOP('',(#812,#813,#814,#815));
#347=EDGE_LOOP('',(#816,#817,#818,#819));
#348=EDGE_LOOP('',(#820,#821,#822,#823));
#349=EDGE_LOOP('',(#824,#825,#826,#827));
#350=EDGE_LOOP('',(#828,#829,#830,#831,#832,#833,#834,#835,#836,#837,#838));
#351=EDGE_LOOP('',(#839,#840,#841,#842,#843,#844,#845));
#352=EDGE_LOOP('',(#846,#847,#848,#849,#850,#851,#852,#853,#854,#855,#856,
#857));
#353=EDGE_LOOP('',(#858,#859));
#354=EDGE_LOOP('',(#860,#861,#862,#863,#864));
#355=EDGE_LOOP('',(#865,#866,#867,#868,#869));
#356=EDGE_LOOP('',(#870,#871,#872,#873));
#357=EDGE_LOOP('',(#874,#875,#876,#877,#878,#879,#880,#881));
#358=EDGE_LOOP('',(#882,#883,#884,#885,#886,#887));
#359=EDGE_LOOP('',(#888,#889));
#360=EDGE_LOOP('',(#890,#891,#892,#893));
#361=EDGE_LOOP('',(#894,#895,#896,#897));
#362=EDGE_LOOP('',(#898,#899,#900,#901,#902,#903,#904));
#363=EDGE_LOOP('',(#905,#906,#907,#908,#909,#910,#911,#912,#913,#914,#915));
#364=EDGE_LOOP('',(#916,#917,#918,#919,#920,#921));
#365=EDGE_LOOP('',(#922,#923,#924,#925));
#366=EDGE_LOOP('',(#926,#927,#928,#929,#930,#931));
#367=EDGE_LOOP('',(#932,#933,#934,#935,#936,#937,#938));
#368=EDGE_LOOP('',(#939,#940));
#369=EDGE_LOOP('',(#941,#942,#943,#944));
#370=EDGE_LOOP('',(#945,#946,#947,#948));
#371=EDGE_LOOP('',(#949,#950,#951,#952));
#372=EDGE_LOOP('',(#953,#954,#955,#956));
#373=EDGE_LOOP('',(#957,#958,#959,#960,#961));
#374=EDGE_LOOP('',(#962,#963,#964,#965,#966,#967,#968,#969,#970,#971,#972,
#973));
#375=EDGE_LOOP('',(#974,#975));
#376=EDGE_LOOP('',(#976,#977));
#377=EDGE_LOOP('',(#978,#979,#980,#981,#982));
#378=EDGE_LOOP('',(#983,#984,#985,#986,#987));
#379=EDGE_LOOP('',(#988,#989,#990,#991));
#380=EDGE_LOOP('',(#992,#993,#994,#995));
#381=EDGE_LOOP('',(#996,#997,#998,#999,#1000,#1001,#1002,#1003));
#382=EDGE_LOOP('',(#1004,#1005,#1006,#1007,#1008));
#383=EDGE_LOOP('',(#1009,#1010,#1011,#1012));
#384=EDGE_LOOP('',(#1013,#1014,#1015,#1016));
#385=EDGE_LOOP('',(#1017,#1018,#1019,#1020));
#386=EDGE_LOOP('',(#1021,#1022,#1023,#1024));
#387=ORIENTED_EDGE('',*,*,#1025,.T.);
#388=ORIENTED_EDGE('',*,*,#1026,.T.);
#389=ORIENTED_EDGE('',*,*,#1027,.T.);
#390=ORIENTED_EDGE('',*,*,#1028,.T.);
#391=ORIENTED_EDGE('',*,*,#1029,.T.);
#392=ORIENTED_EDGE('',*,*,#1030,.T.);
#393=ORIENTED_EDGE('',*,*,#1031,.T.);
#394=ORIENTED_EDGE('',*,*,#1026,.F.);
#395=ORIENTED_EDGE('',*,*,#1088,.T.);
#396=ORIENTED_EDGE('',*,*,#1098,.T.);
#397=ORIENTED_EDGE('',*,*,#1032,.T.);
#398=ORIENTED_EDGE('',*,*,#1033,.T.);
#399=ORIENTED_EDGE('',*,*,#1089,.T.);
#400=ORIENTED_EDGE('',*,*,#1119,.T.);
#401=ORIENTED_EDGE('',*,*,#1099,.T.);
#402=ORIENTED_EDGE('',*,*,#1034,.T.);
#403=ORIENTED_EDGE('',*,*,#1125,.T.);
#404=ORIENTED_EDGE('',*,*,#1098,.F.);
#405=ORIENTED_EDGE('',*,*,#1090,.T.);
#406=ORIENTED_EDGE('',*,*,#1100,.T.);
#407=ORIENTED_EDGE('',*,*,#1035,.T.);
#408=ORIENTED_EDGE('',*,*,#1099,.F.);
#409=ORIENTED_EDGE('',*,*,#1145,.T.);
#410=ORIENTED_EDGE('',*,*,#1157,.T.);
#411=ORIENTED_EDGE('',*,*,#1040,.T.);
#412=ORIENTED_EDGE('',*,*,#1156,.F.);
#413=ORIENTED_EDGE('',*,*,#1147,.T.);
#414=ORIENTED_EDGE('',*,*,#1165,.T.);
#415=ORIENTED_EDGE('',*,*,#1028,.F.);
#416=ORIENTED_EDGE('',*,*,#1043,.T.);
#417=ORIENTED_EDGE('',*,*,#1157,.F.);
#418=ORIENTED_EDGE('',*,*,#1046,.F.);
#419=ORIENTED_EDGE('',*,*,#1047,.T.);
#420=ORIENTED_EDGE('',*,*,#1167,.F.);
#421=ORIENTED_EDGE('',*,*,#1166,.F.);
#422=ORIENTED_EDGE('',*,*,#1046,.T.);
#423=ORIENTED_EDGE('',*,*,#1048,.T.);
#424=ORIENTED_EDGE('',*,*,#1049,.T.);
#425=ORIENTED_EDGE('',*,*,#1050,.T.);
#426=ORIENTED_EDGE('',*,*,#1092,.T.);
#427=ORIENTED_EDGE('',*,*,#1033,.F.);
#428=ORIENTED_EDGE('',*,*,#1051,.T.);
#429=ORIENTED_EDGE('',*,*,#1052,.T.);
#430=ORIENTED_EDGE('',*,*,#1107,.T.);
#431=ORIENTED_EDGE('',*,*,#1176,.T.);
#432=ORIENTED_EDGE('',*,*,#1053,.F.);
#433=ORIENTED_EDGE('',*,*,#1054,.F.);
#434=ORIENTED_EDGE('',*,*,#1101,.F.);
#435=ORIENTED_EDGE('',*,*,#1093,.F.);
#436=ORIENTED_EDGE('',*,*,#1101,.T.);
#437=ORIENTED_EDGE('',*,*,#1055,.F.);
#438=ORIENTED_EDGE('',*,*,#1102,.F.);
#439=ORIENTED_EDGE('',*,*,#1094,.F.);
#440=ORIENTED_EDGE('',*,*,#1095,.T.);
#441=ORIENTED_EDGE('',*,*,#1052,.F.);
#442=ORIENTED_EDGE('',*,*,#1056,.F.);
#443=ORIENTED_EDGE('',*,*,#1053,.T.);
#444=ORIENTED_EDGE('',*,*,#1096,.T.);
#445=ORIENTED_EDGE('',*,*,#1102,.T.);
#446=ORIENTED_EDGE('',*,*,#1058,.T.);
#447=ORIENTED_EDGE('',*,*,#1057,.T.);
#448=ORIENTED_EDGE('',*,*,#1097,.T.);
#449=ORIENTED_EDGE('',*,*,#1037,.F.);
#450=ORIENTED_EDGE('',*,*,#1059,.T.);
#451=ORIENTED_EDGE('',*,*,#1100,.F.);
#452=ORIENTED_EDGE('',*,*,#1060,.T.);
#453=ORIENTED_EDGE('',*,*,#1061,.T.);
#454=ORIENTED_EDGE('',*,*,#1062,.T.);
#455=ORIENTED_EDGE('',*,*,#1030,.F.);
#456=ORIENTED_EDGE('',*,*,#1063,.T.);
#457=ORIENTED_EDGE('',*,*,#1073,.T.);
#458=ORIENTED_EDGE('',*,*,#1064,.T.);
#459=ORIENTED_EDGE('',*,*,#1076,.T.);
#460=ORIENTED_EDGE('',*,*,#1065,.T.);
#461=ORIENTED_EDGE('',*,*,#1066,.T.);
#462=ORIENTED_EDGE('',*,*,#1068,.T.);
#463=ORIENTED_EDGE('',*,*,#1069,.T.);
#464=ORIENTED_EDGE('',*,*,#1070,.T.);
#465=ORIENTED_EDGE('',*,*,#1064,.F.);
#466=ORIENTED_EDGE('',*,*,#1072,.F.);
#467=ORIENTED_EDGE('',*,*,#1068,.F.);
#468=ORIENTED_EDGE('',*,*,#1073,.F.);
#469=ORIENTED_EDGE('',*,*,#1071,.F.);
#470=ORIENTED_EDGE('',*,*,#1074,.F.);
#471=ORIENTED_EDGE('',*,*,#1075,.F.);
#472=ORIENTED_EDGE('',*,*,#1076,.F.);
#473=ORIENTED_EDGE('',*,*,#1070,.F.);
#474=ORIENTED_EDGE('',*,*,#1078,.F.);
#475=ORIENTED_EDGE('',*,*,#1071,.T.);
#476=ORIENTED_EDGE('',*,*,#1063,.F.);
#477=ORIENTED_EDGE('',*,*,#1029,.F.);
#478=ORIENTED_EDGE('',*,*,#1025,.F.);
#479=ORIENTED_EDGE('',*,*,#1165,.F.);
#480=ORIENTED_EDGE('',*,*,#1159,.F.);
#481=ORIENTED_EDGE('',*,*,#1044,.T.);
#482=ORIENTED_EDGE('',*,*,#1167,.T.);
#483=ORIENTED_EDGE('',*,*,#1148,.T.);
#484=ORIENTED_EDGE('',*,*,#1149,.T.);
#485=ORIENTED_EDGE('',*,*,#1150,.T.);
#486=ORIENTED_EDGE('',*,*,#1077,.F.);
#487=ORIENTED_EDGE('',*,*,#1074,.T.);
#488=ORIENTED_EDGE('',*,*,#1069,.F.);
#489=ORIENTED_EDGE('',*,*,#1072,.T.);
#490=ORIENTED_EDGE('',*,*,#1078,.T.);
#491=ORIENTED_EDGE('',*,*,#1079,.T.);
#492=ORIENTED_EDGE('',*,*,#1080,.T.);
#493=ORIENTED_EDGE('',*,*,#1081,.F.);
#494=ORIENTED_EDGE('',*,*,#1042,.F.);
#495=ORIENTED_EDGE('',*,*,#1082,.F.);
#496=ORIENTED_EDGE('',*,*,#1066,.F.);
#497=ORIENTED_EDGE('',*,*,#1083,.F.);
#498=ORIENTED_EDGE('',*,*,#1080,.F.);
#499=ORIENTED_EDGE('',*,*,#1084,.F.);
#500=ORIENTED_EDGE('',*,*,#1086,.T.);
#501=ORIENTED_EDGE('',*,*,#1170,.F.);
#502=ORIENTED_EDGE('',*,*,#1168,.F.);
#503=ORIENTED_EDGE('',*,*,#1128,.T.);
#504=ORIENTED_EDGE('',*,*,#1127,.F.);
#505=ORIENTED_EDGE('',*,*,#1040,.F.);
#506=ORIENTED_EDGE('',*,*,#1043,.F.);
#507=ORIENTED_EDGE('',*,*,#1027,.F.);
#508=ORIENTED_EDGE('',*,*,#1031,.F.);
#509=ORIENTED_EDGE('',*,*,#1062,.F.);
#510=ORIENTED_EDGE('',*,*,#1139,.F.);
#511=ORIENTED_EDGE('',*,*,#1049,.F.);
#512=ORIENTED_EDGE('',*,*,#1087,.T.);
#513=ORIENTED_EDGE('',*,*,#1050,.F.);
#514=ORIENTED_EDGE('',*,*,#1087,.F.);
#515=ORIENTED_EDGE('',*,*,#1048,.F.);
#516=ORIENTED_EDGE('',*,*,#1045,.T.);
#517=ORIENTED_EDGE('',*,*,#1103,.F.);
#518=ORIENTED_EDGE('',*,*,#1105,.T.);
#519=ORIENTED_EDGE('',*,*,#1173,.F.);
#520=ORIENTED_EDGE('',*,*,#1171,.F.);
#521=ORIENTED_EDGE('',*,*,#1106,.F.);
#522=ORIENTED_EDGE('',*,*,#1108,.T.);
#523=ORIENTED_EDGE('',*,*,#1176,.F.);
#524=ORIENTED_EDGE('',*,*,#1174,.F.);
#525=ORIENTED_EDGE('',*,*,#1109,.T.);
#526=ORIENTED_EDGE('',*,*,#1121,.T.);
#527=ORIENTED_EDGE('',*,*,#1114,.T.);
#528=ORIENTED_EDGE('',*,*,#1116,.T.);
#529=ORIENTED_EDGE('',*,*,#1117,.F.);
#530=ORIENTED_EDGE('',*,*,#1089,.F.);
#531=ORIENTED_EDGE('',*,*,#1088,.F.);
#532=ORIENTED_EDGE('',*,*,#1092,.F.);
#533=ORIENTED_EDGE('',*,*,#1095,.F.);
#534=ORIENTED_EDGE('',*,*,#1093,.T.);
#535=ORIENTED_EDGE('',*,*,#1094,.T.);
#536=ORIENTED_EDGE('',*,*,#1096,.F.);
#537=ORIENTED_EDGE('',*,*,#1122,.F.);
#538=ORIENTED_EDGE('',*,*,#1120,.F.);
#539=ORIENTED_EDGE('',*,*,#1123,.T.);
#540=ORIENTED_EDGE('',*,*,#1113,.T.);
#541=ORIENTED_EDGE('',*,*,#1115,.T.);
#542=ORIENTED_EDGE('',*,*,#1121,.F.);
#543=ORIENTED_EDGE('',*,*,#1110,.T.);
#544=ORIENTED_EDGE('',*,*,#1120,.T.);
#545=ORIENTED_EDGE('',*,*,#1111,.T.);
#546=ORIENTED_EDGE('',*,*,#1112,.T.);
#547=ORIENTED_EDGE('',*,*,#1067,.F.);
#548=ORIENTED_EDGE('',*,*,#1060,.F.);
#549=ORIENTED_EDGE('',*,*,#1082,.T.);
#550=ORIENTED_EDGE('',*,*,#1079,.F.);
#551=ORIENTED_EDGE('',*,*,#1041,.F.);
#552=ORIENTED_EDGE('',*,*,#1038,.F.);
#553=ORIENTED_EDGE('',*,*,#1118,.F.);
#554=ORIENTED_EDGE('',*,*,#1116,.F.);
#555=ORIENTED_EDGE('',*,*,#1085,.T.);
#556=ORIENTED_EDGE('',*,*,#1170,.T.);
#557=ORIENTED_EDGE('',*,*,#1117,.T.);
#558=ORIENTED_EDGE('',*,*,#1091,.F.);
#559=ORIENTED_EDGE('',*,*,#1097,.F.);
#560=ORIENTED_EDGE('',*,*,#1090,.F.);
#561=ORIENTED_EDGE('',*,*,#1119,.F.);
#562=ORIENTED_EDGE('',*,*,#1034,.F.);
#563=ORIENTED_EDGE('',*,*,#1035,.F.);
#564=ORIENTED_EDGE('',*,*,#1059,.F.);
#565=ORIENTED_EDGE('',*,*,#1126,.F.);
#566=ORIENTED_EDGE('',*,*,#1124,.F.);
#567=ORIENTED_EDGE('',*,*,#1155,.T.);
#568=ORIENTED_EDGE('',*,*,#1154,.T.);
#569=ORIENTED_EDGE('',*,*,#1153,.T.);
#570=ORIENTED_EDGE('',*,*,#1152,.T.);
#571=ORIENTED_EDGE('',*,*,#1156,.T.);
#572=ORIENTED_EDGE('',*,*,#1127,.T.);
#573=ORIENTED_EDGE('',*,*,#1129,.T.);
#574=ORIENTED_EDGE('',*,*,#1130,.T.);
#575=ORIENTED_EDGE('',*,*,#1142,.T.);
#576=ORIENTED_EDGE('',*,*,#1126,.T.);
#577=ORIENTED_EDGE('',*,*,#1037,.T.);
#578=ORIENTED_EDGE('',*,*,#1091,.T.);
#579=ORIENTED_EDGE('',*,*,#1123,.F.);
#580=ORIENTED_EDGE('',*,*,#1110,.F.);
#581=ORIENTED_EDGE('',*,*,#1109,.F.);
#582=ORIENTED_EDGE('',*,*,#1118,.T.);
#583=ORIENTED_EDGE('',*,*,#1036,.T.);
#584=ORIENTED_EDGE('',*,*,#1151,.T.);
#585=ORIENTED_EDGE('',*,*,#1106,.T.);
#586=ORIENTED_EDGE('',*,*,#1175,.T.);
#587=ORIENTED_EDGE('',*,*,#1103,.T.);
#588=ORIENTED_EDGE('',*,*,#1172,.T.);
#589=ORIENTED_EDGE('',*,*,#1131,.T.);
#590=ORIENTED_EDGE('',*,*,#1138,.T.);
#591=ORIENTED_EDGE('',*,*,#1113,.F.);
#592=ORIENTED_EDGE('',*,*,#1137,.F.);
#593=ORIENTED_EDGE('',*,*,#1132,.T.);
#594=ORIENTED_EDGE('',*,*,#1139,.T.);
#595=ORIENTED_EDGE('',*,*,#1061,.F.);
#596=ORIENTED_EDGE('',*,*,#1067,.T.);
#597=ORIENTED_EDGE('',*,*,#1114,.F.);
#598=ORIENTED_EDGE('',*,*,#1115,.F.);
#599=ORIENTED_EDGE('',*,*,#1138,.F.);
#600=ORIENTED_EDGE('',*,*,#1133,.T.);
#601=ORIENTED_EDGE('',*,*,#1134,.T.);
#602=ORIENTED_EDGE('',*,*,#1136,.T.);
#603=ORIENTED_EDGE('',*,*,#1111,.F.);
#604=ORIENTED_EDGE('',*,*,#1122,.T.);
#605=ORIENTED_EDGE('',*,*,#1057,.F.);
#606=ORIENTED_EDGE('',*,*,#1143,.T.);
#607=ORIENTED_EDGE('',*,*,#1104,.T.);
#608=ORIENTED_EDGE('',*,*,#1173,.T.);
#609=ORIENTED_EDGE('',*,*,#1135,.T.);
#610=ORIENTED_EDGE('',*,*,#1137,.T.);
#611=ORIENTED_EDGE('',*,*,#1112,.F.);
#612=ORIENTED_EDGE('',*,*,#1136,.F.);
#613=ORIENTED_EDGE('',*,*,#1128,.F.);
#614=ORIENTED_EDGE('',*,*,#1132,.F.);
#615=ORIENTED_EDGE('',*,*,#1141,.F.);
#616=ORIENTED_EDGE('',*,*,#1129,.F.);
#617=ORIENTED_EDGE('',*,*,#1140,.F.);
#618=ORIENTED_EDGE('',*,*,#1130,.F.);
#619=ORIENTED_EDGE('',*,*,#1141,.T.);
#620=ORIENTED_EDGE('',*,*,#1133,.F.);
#621=ORIENTED_EDGE('',*,*,#1131,.F.);
#622=ORIENTED_EDGE('',*,*,#1135,.F.);
#623=ORIENTED_EDGE('',*,*,#1134,.F.);
#624=ORIENTED_EDGE('',*,*,#1140,.T.);
#625=ORIENTED_EDGE('',*,*,#1143,.F.);
#626=ORIENTED_EDGE('',*,*,#1058,.F.);
#627=ORIENTED_EDGE('',*,*,#1055,.T.);
#628=ORIENTED_EDGE('',*,*,#1054,.T.);
#629=ORIENTED_EDGE('',*,*,#1056,.T.);
#630=ORIENTED_EDGE('',*,*,#1051,.F.);
#631=ORIENTED_EDGE('',*,*,#1032,.F.);
#632=ORIENTED_EDGE('',*,*,#1125,.F.);
#633=ORIENTED_EDGE('',*,*,#1124,.T.);
#634=ORIENTED_EDGE('',*,*,#1142,.F.);
#635=ORIENTED_EDGE('',*,*,#1161,.T.);
#636=ORIENTED_EDGE('',*,*,#1153,.F.);
#637=ORIENTED_EDGE('',*,*,#1162,.F.);
#638=ORIENTED_EDGE('',*,*,#1148,.F.);
#639=ORIENTED_EDGE('',*,*,#1162,.T.);
#640=ORIENTED_EDGE('',*,*,#1154,.F.);
#641=ORIENTED_EDGE('',*,*,#1163,.F.);
#642=ORIENTED_EDGE('',*,*,#1149,.F.);
#643=ORIENTED_EDGE('',*,*,#1160,.F.);
#644=ORIENTED_EDGE('',*,*,#1150,.F.);
#645=ORIENTED_EDGE('',*,*,#1163,.T.);
#646=ORIENTED_EDGE('',*,*,#1155,.F.);
#647=ORIENTED_EDGE('',*,*,#1144,.T.);
#648=ORIENTED_EDGE('',*,*,#1036,.F.);
#649=ORIENTED_EDGE('',*,*,#1038,.T.);
#650=ORIENTED_EDGE('',*,*,#1039,.T.);
#651=ORIENTED_EDGE('',*,*,#1146,.T.);
#652=ORIENTED_EDGE('',*,*,#1039,.F.);
#653=ORIENTED_EDGE('',*,*,#1041,.T.);
#654=ORIENTED_EDGE('',*,*,#1042,.T.);
#655=ORIENTED_EDGE('',*,*,#1164,.T.);
#656=ORIENTED_EDGE('',*,*,#1158,.T.);
#657=ORIENTED_EDGE('',*,*,#1164,.F.);
#658=ORIENTED_EDGE('',*,*,#1081,.T.);
#659=ORIENTED_EDGE('',*,*,#1083,.T.);
#660=ORIENTED_EDGE('',*,*,#1065,.F.);
#661=ORIENTED_EDGE('',*,*,#1075,.T.);
#662=ORIENTED_EDGE('',*,*,#1077,.T.);
#663=ORIENTED_EDGE('',*,*,#1084,.T.);
#664=ORIENTED_EDGE('',*,*,#1169,.T.);
#665=ORIENTED_EDGE('',*,*,#1144,.F.);
#666=ORIENTED_EDGE('',*,*,#1146,.F.);
#667=ORIENTED_EDGE('',*,*,#1158,.F.);
#668=ORIENTED_EDGE('',*,*,#1160,.T.);
#669=ORIENTED_EDGE('',*,*,#1151,.F.);
#670=ORIENTED_EDGE('',*,*,#1161,.F.);
#671=ORIENTED_EDGE('',*,*,#1159,.T.);
#672=ORIENTED_EDGE('',*,*,#1147,.F.);
#673=ORIENTED_EDGE('',*,*,#1145,.F.);
#674=ORIENTED_EDGE('',*,*,#1152,.F.);
#675=ORIENTED_EDGE('',*,*,#1166,.T.);
#676=ORIENTED_EDGE('',*,*,#1044,.F.);
#677=ORIENTED_EDGE('',*,*,#1047,.F.);
#678=ORIENTED_EDGE('',*,*,#1045,.F.);
#679=ORIENTED_EDGE('',*,*,#1168,.T.);
#680=ORIENTED_EDGE('',*,*,#1085,.F.);
#681=ORIENTED_EDGE('',*,*,#1086,.F.);
#682=ORIENTED_EDGE('',*,*,#1169,.F.);
#683=ORIENTED_EDGE('',*,*,#1171,.T.);
#684=ORIENTED_EDGE('',*,*,#1104,.F.);
#685=ORIENTED_EDGE('',*,*,#1105,.F.);
#686=ORIENTED_EDGE('',*,*,#1172,.F.);
#687=ORIENTED_EDGE('',*,*,#1174,.T.);
#688=ORIENTED_EDGE('',*,*,#1107,.F.);
#689=ORIENTED_EDGE('',*,*,#1108,.F.);
#690=ORIENTED_EDGE('',*,*,#1175,.F.);
#691=ORIENTED_EDGE('',*,*,#1177,.T.);
#692=ORIENTED_EDGE('',*,*,#1178,.T.);
#693=ORIENTED_EDGE('',*,*,#1179,.T.);
#694=ORIENTED_EDGE('',*,*,#1180,.F.);
#695=ORIENTED_EDGE('',*,*,#1181,.T.);
#696=ORIENTED_EDGE('',*,*,#1182,.T.);
#697=ORIENTED_EDGE('',*,*,#1183,.T.);
#698=ORIENTED_EDGE('',*,*,#1178,.F.);
#699=ORIENTED_EDGE('',*,*,#1234,.T.);
#700=ORIENTED_EDGE('',*,*,#1244,.T.);
#701=ORIENTED_EDGE('',*,*,#1184,.T.);
#702=ORIENTED_EDGE('',*,*,#1185,.T.);
#703=ORIENTED_EDGE('',*,*,#1235,.T.);
#704=ORIENTED_EDGE('',*,*,#1264,.T.);
#705=ORIENTED_EDGE('',*,*,#1245,.T.);
#706=ORIENTED_EDGE('',*,*,#1186,.T.);
#707=ORIENTED_EDGE('',*,*,#1270,.T.);
#708=ORIENTED_EDGE('',*,*,#1244,.F.);
#709=ORIENTED_EDGE('',*,*,#1236,.T.);
#710=ORIENTED_EDGE('',*,*,#1246,.T.);
#711=ORIENTED_EDGE('',*,*,#1187,.T.);
#712=ORIENTED_EDGE('',*,*,#1245,.F.);
#713=ORIENTED_EDGE('',*,*,#1192,.F.);
#714=ORIENTED_EDGE('',*,*,#1193,.T.);
#715=ORIENTED_EDGE('',*,*,#1334,.F.);
#716=ORIENTED_EDGE('',*,*,#1333,.F.);
#717=ORIENTED_EDGE('',*,*,#1192,.T.);
#718=ORIENTED_EDGE('',*,*,#1194,.T.);
#719=ORIENTED_EDGE('',*,*,#1195,.T.);
#720=ORIENTED_EDGE('',*,*,#1196,.T.);
#721=ORIENTED_EDGE('',*,*,#1238,.T.);
#722=ORIENTED_EDGE('',*,*,#1185,.F.);
#723=ORIENTED_EDGE('',*,*,#1197,.T.);
#724=ORIENTED_EDGE('',*,*,#1198,.T.);
#725=ORIENTED_EDGE('',*,*,#1253,.T.);
#726=ORIENTED_EDGE('',*,*,#1343,.T.);
#727=ORIENTED_EDGE('',*,*,#1199,.F.);
#728=ORIENTED_EDGE('',*,*,#1200,.F.);
#729=ORIENTED_EDGE('',*,*,#1247,.F.);
#730=ORIENTED_EDGE('',*,*,#1239,.F.);
#731=ORIENTED_EDGE('',*,*,#1247,.T.);
#732=ORIENTED_EDGE('',*,*,#1201,.F.);
#733=ORIENTED_EDGE('',*,*,#1248,.F.);
#734=ORIENTED_EDGE('',*,*,#1240,.F.);
#735=ORIENTED_EDGE('',*,*,#1241,.T.);
#736=ORIENTED_EDGE('',*,*,#1198,.F.);
#737=ORIENTED_EDGE('',*,*,#1202,.F.);
#738=ORIENTED_EDGE('',*,*,#1199,.T.);
#739=ORIENTED_EDGE('',*,*,#1242,.T.);
#740=ORIENTED_EDGE('',*,*,#1248,.T.);
#741=ORIENTED_EDGE('',*,*,#1204,.T.);
#742=ORIENTED_EDGE('',*,*,#1203,.T.);
#743=ORIENTED_EDGE('',*,*,#1243,.T.);
#744=ORIENTED_EDGE('',*,*,#1188,.F.);
#745=ORIENTED_EDGE('',*,*,#1205,.T.);
#746=ORIENTED_EDGE('',*,*,#1246,.F.);
#747=ORIENTED_EDGE('',*,*,#1206,.T.);
#748=ORIENTED_EDGE('',*,*,#1207,.T.);
#749=ORIENTED_EDGE('',*,*,#1208,.T.);
#750=ORIENTED_EDGE('',*,*,#1182,.F.);
#751=ORIENTED_EDGE('',*,*,#1209,.T.);
#752=ORIENTED_EDGE('',*,*,#1219,.T.);
#753=ORIENTED_EDGE('',*,*,#1210,.T.);
#754=ORIENTED_EDGE('',*,*,#1222,.T.);
#755=ORIENTED_EDGE('',*,*,#1211,.T.);
#756=ORIENTED_EDGE('',*,*,#1212,.T.);
#757=ORIENTED_EDGE('',*,*,#1214,.T.);
#758=ORIENTED_EDGE('',*,*,#1215,.T.);
#759=ORIENTED_EDGE('',*,*,#1216,.T.);
#760=ORIENTED_EDGE('',*,*,#1210,.F.);
#761=ORIENTED_EDGE('',*,*,#1218,.F.);
#762=ORIENTED_EDGE('',*,*,#1214,.F.);
#763=ORIENTED_EDGE('',*,*,#1219,.F.);
#764=ORIENTED_EDGE('',*,*,#1217,.F.);
#765=ORIENTED_EDGE('',*,*,#1220,.F.);
#766=ORIENTED_EDGE('',*,*,#1221,.F.);
#767=ORIENTED_EDGE('',*,*,#1222,.F.);
#768=ORIENTED_EDGE('',*,*,#1216,.F.);
#769=ORIENTED_EDGE('',*,*,#1297,.T.);
#770=ORIENTED_EDGE('',*,*,#1292,.F.);
#771=ORIENTED_EDGE('',*,*,#1224,.F.);
#772=ORIENTED_EDGE('',*,*,#1217,.T.);
#773=ORIENTED_EDGE('',*,*,#1209,.F.);
#774=ORIENTED_EDGE('',*,*,#1181,.F.);
#775=ORIENTED_EDGE('',*,*,#1177,.F.);
#776=ORIENTED_EDGE('',*,*,#1190,.T.);
#777=ORIENTED_EDGE('',*,*,#1334,.T.);
#778=ORIENTED_EDGE('',*,*,#1288,.T.);
#779=ORIENTED_EDGE('',*,*,#1289,.T.);
#780=ORIENTED_EDGE('',*,*,#1290,.T.);
#781=ORIENTED_EDGE('',*,*,#1223,.F.);
#782=ORIENTED_EDGE('',*,*,#1220,.T.);
#783=ORIENTED_EDGE('',*,*,#1215,.F.);
#784=ORIENTED_EDGE('',*,*,#1218,.T.);
#785=ORIENTED_EDGE('',*,*,#1224,.T.);
#786=ORIENTED_EDGE('',*,*,#1225,.T.);
#787=ORIENTED_EDGE('',*,*,#1226,.T.);
#788=ORIENTED_EDGE('',*,*,#1227,.F.);
#789=ORIENTED_EDGE('',*,*,#1189,.F.);
#790=ORIENTED_EDGE('',*,*,#1228,.F.);
#791=ORIENTED_EDGE('',*,*,#1212,.F.);
#792=ORIENTED_EDGE('',*,*,#1229,.F.);
#793=ORIENTED_EDGE('',*,*,#1226,.F.);
#794=ORIENTED_EDGE('',*,*,#1230,.F.);
#795=ORIENTED_EDGE('',*,*,#1232,.T.);
#796=ORIENTED_EDGE('',*,*,#1337,.F.);
#797=ORIENTED_EDGE('',*,*,#1335,.F.);
#798=ORIENTED_EDGE('',*,*,#1303,.T.);
#799=ORIENTED_EDGE('',*,*,#1179,.F.);
#800=ORIENTED_EDGE('',*,*,#1183,.F.);
#801=ORIENTED_EDGE('',*,*,#1208,.F.);
#802=ORIENTED_EDGE('',*,*,#1283,.F.);
#803=ORIENTED_EDGE('',*,*,#1272,.T.);
#804=ORIENTED_EDGE('',*,*,#1332,.F.);
#805=ORIENTED_EDGE('',*,*,#1302,.T.);
#806=ORIENTED_EDGE('',*,*,#1301,.T.);
#807=ORIENTED_EDGE('',*,*,#1300,.T.);
#808=ORIENTED_EDGE('',*,*,#1299,.T.);
#809=ORIENTED_EDGE('',*,*,#1298,.T.);
#810=ORIENTED_EDGE('',*,*,#1195,.F.);
#811=ORIENTED_EDGE('',*,*,#1233,.T.);
#812=ORIENTED_EDGE('',*,*,#1196,.F.);
#813=ORIENTED_EDGE('',*,*,#1233,.F.);
#814=ORIENTED_EDGE('',*,*,#1194,.F.);
#815=ORIENTED_EDGE('',*,*,#1191,.T.);
#816=ORIENTED_EDGE('',*,*,#1249,.F.);
#817=ORIENTED_EDGE('',*,*,#1251,.T.);
#818=ORIENTED_EDGE('',*,*,#1340,.F.);
#819=ORIENTED_EDGE('',*,*,#1338,.F.);
#820=ORIENTED_EDGE('',*,*,#1252,.F.);
#821=ORIENTED_EDGE('',*,*,#1254,.T.);
#822=ORIENTED_EDGE('',*,*,#1343,.F.);
#823=ORIENTED_EDGE('',*,*,#1341,.F.);
#824=ORIENTED_EDGE('',*,*,#1255,.T.);
#825=ORIENTED_EDGE('',*,*,#1266,.T.);
#826=ORIENTED_EDGE('',*,*,#1260,.T.);
#827=ORIENTED_EDGE('',*,*,#1262,.T.);
#828=ORIENTED_EDGE('',*,*,#1263,.F.);
#829=ORIENTED_EDGE('',*,*,#1235,.F.);
#830=ORIENTED_EDGE('',*,*,#1234,.F.);
#831=ORIENTED_EDGE('',*,*,#1238,.F.);
#832=ORIENTED_EDGE('',*,*,#1241,.F.);
#833=ORIENTED_EDGE('',*,*,#1239,.T.);
#834=ORIENTED_EDGE('',*,*,#1240,.T.);
#835=ORIENTED_EDGE('',*,*,#1242,.F.);
#836=ORIENTED_EDGE('',*,*,#1267,.F.);
#837=ORIENTED_EDGE('',*,*,#1265,.F.);
#838=ORIENTED_EDGE('',*,*,#1268,.T.);
#839=ORIENTED_EDGE('',*,*,#1259,.T.);
#840=ORIENTED_EDGE('',*,*,#1261,.T.);
#841=ORIENTED_EDGE('',*,*,#1266,.F.);
#842=ORIENTED_EDGE('',*,*,#1256,.T.);
#843=ORIENTED_EDGE('',*,*,#1265,.T.);
#844=ORIENTED_EDGE('',*,*,#1257,.T.);
#845=ORIENTED_EDGE('',*,*,#1258,.T.);
#846=ORIENTED_EDGE('',*,*,#1304,.T.);
#847=ORIENTED_EDGE('',*,*,#1305,.T.);
#848=ORIENTED_EDGE('',*,*,#1306,.T.);
#849=ORIENTED_EDGE('',*,*,#1307,.T.);
#850=ORIENTED_EDGE('',*,*,#1308,.T.);
#851=ORIENTED_EDGE('',*,*,#1331,.F.);
#852=ORIENTED_EDGE('',*,*,#1262,.F.);
#853=ORIENTED_EDGE('',*,*,#1213,.F.);
#854=ORIENTED_EDGE('',*,*,#1206,.F.);
#855=ORIENTED_EDGE('',*,*,#1228,.T.);
#856=ORIENTED_EDGE('',*,*,#1225,.F.);
#857=ORIENTED_EDGE('',*,*,#1309,.T.);
#858=ORIENTED_EDGE('',*,*,#1231,.T.);
#859=ORIENTED_EDGE('',*,*,#1337,.T.);
#860=ORIENTED_EDGE('',*,*,#1263,.T.);
#861=ORIENTED_EDGE('',*,*,#1237,.F.);
#862=ORIENTED_EDGE('',*,*,#1243,.F.);
#863=ORIENTED_EDGE('',*,*,#1236,.F.);
#864=ORIENTED_EDGE('',*,*,#1264,.F.);
#865=ORIENTED_EDGE('',*,*,#1186,.F.);
#866=ORIENTED_EDGE('',*,*,#1187,.F.);
#867=ORIENTED_EDGE('',*,*,#1205,.F.);
#868=ORIENTED_EDGE('',*,*,#1271,.F.);
#869=ORIENTED_EDGE('',*,*,#1269,.F.);
#870=ORIENTED_EDGE('',*,*,#1275,.T.);
#871=ORIENTED_EDGE('',*,*,#1282,.T.);
#872=ORIENTED_EDGE('',*,*,#1259,.F.);
#873=ORIENTED_EDGE('',*,*,#1281,.F.);
#874=ORIENTED_EDGE('',*,*,#1276,.T.);
#875=ORIENTED_EDGE('',*,*,#1283,.T.);
#876=ORIENTED_EDGE('',*,*,#1207,.F.);
#877=ORIENTED_EDGE('',*,*,#1213,.T.);
#878=ORIENTED_EDGE('',*,*,#1260,.F.);
#879=ORIENTED_EDGE('',*,*,#1261,.F.);
#880=ORIENTED_EDGE('',*,*,#1282,.F.);
#881=ORIENTED_EDGE('',*,*,#1277,.T.);
#882=ORIENTED_EDGE('',*,*,#1278,.T.);
#883=ORIENTED_EDGE('',*,*,#1280,.T.);
#884=ORIENTED_EDGE('',*,*,#1257,.F.);
#885=ORIENTED_EDGE('',*,*,#1267,.T.);
#886=ORIENTED_EDGE('',*,*,#1203,.F.);
#887=ORIENTED_EDGE('',*,*,#1287,.T.);
#888=ORIENTED_EDGE('',*,*,#1250,.T.);
#889=ORIENTED_EDGE('',*,*,#1340,.T.);
#890=ORIENTED_EDGE('',*,*,#1279,.T.);
#891=ORIENTED_EDGE('',*,*,#1281,.T.);
#892=ORIENTED_EDGE('',*,*,#1258,.F.);
#893=ORIENTED_EDGE('',*,*,#1280,.F.);
#894=ORIENTED_EDGE('',*,*,#1272,.F.);
#895=ORIENTED_EDGE('',*,*,#1276,.F.);
#896=ORIENTED_EDGE('',*,*,#1285,.F.);
#897=ORIENTED_EDGE('',*,*,#1273,.F.);
#898=ORIENTED_EDGE('',*,*,#1284,.F.);
#899=ORIENTED_EDGE('',*,*,#1274,.F.);
#900=ORIENTED_EDGE('',*,*,#1285,.T.);
#901=ORIENTED_EDGE('',*,*,#1277,.F.);
#902=ORIENTED_EDGE('',*,*,#1275,.F.);
#903=ORIENTED_EDGE('',*,*,#1279,.F.);
#904=ORIENTED_EDGE('',*,*,#1278,.F.);
#905=ORIENTED_EDGE('',*,*,#1284,.T.);
#906=ORIENTED_EDGE('',*,*,#1287,.F.);
#907=ORIENTED_EDGE('',*,*,#1204,.F.);
#908=ORIENTED_EDGE('',*,*,#1201,.T.);
#909=ORIENTED_EDGE('',*,*,#1200,.T.);
#910=ORIENTED_EDGE('',*,*,#1202,.T.);
#911=ORIENTED_EDGE('',*,*,#1197,.F.);
#912=ORIENTED_EDGE('',*,*,#1184,.F.);
#913=ORIENTED_EDGE('',*,*,#1270,.F.);
#914=ORIENTED_EDGE('',*,*,#1269,.T.);
#915=ORIENTED_EDGE('',*,*,#1286,.F.);
#916=ORIENTED_EDGE('',*,*,#1312,.F.);
#917=ORIENTED_EDGE('',*,*,#1313,.F.);
#918=ORIENTED_EDGE('',*,*,#1295,.F.);
#919=ORIENTED_EDGE('',*,*,#1288,.F.);
#920=ORIENTED_EDGE('',*,*,#1294,.T.);
#921=ORIENTED_EDGE('',*,*,#1311,.F.);
#922=ORIENTED_EDGE('',*,*,#1296,.F.);
#923=ORIENTED_EDGE('',*,*,#1289,.F.);
#924=ORIENTED_EDGE('',*,*,#1295,.T.);
#925=ORIENTED_EDGE('',*,*,#1314,.F.);
#926=ORIENTED_EDGE('',*,*,#1293,.F.);
#927=ORIENTED_EDGE('',*,*,#1290,.F.);
#928=ORIENTED_EDGE('',*,*,#1296,.T.);
#929=ORIENTED_EDGE('',*,*,#1317,.F.);
#930=ORIENTED_EDGE('',*,*,#1316,.F.);
#931=ORIENTED_EDGE('',*,*,#1315,.F.);
#932=ORIENTED_EDGE('',*,*,#1318,.T.);
#933=ORIENTED_EDGE('',*,*,#1227,.T.);
#934=ORIENTED_EDGE('',*,*,#1229,.T.);
#935=ORIENTED_EDGE('',*,*,#1211,.F.);
#936=ORIENTED_EDGE('',*,*,#1221,.T.);
#937=ORIENTED_EDGE('',*,*,#1223,.T.);
#938=ORIENTED_EDGE('',*,*,#1291,.T.);
#939=ORIENTED_EDGE('',*,*,#1230,.T.);
#940=ORIENTED_EDGE('',*,*,#1336,.T.);
#941=ORIENTED_EDGE('',*,*,#1320,.F.);
#942=ORIENTED_EDGE('',*,*,#1291,.F.);
#943=ORIENTED_EDGE('',*,*,#1293,.T.);
#944=ORIENTED_EDGE('',*,*,#1319,.F.);
#945=ORIENTED_EDGE('',*,*,#1294,.F.);
#946=ORIENTED_EDGE('',*,*,#1292,.T.);
#947=ORIENTED_EDGE('',*,*,#1322,.F.);
#948=ORIENTED_EDGE('',*,*,#1321,.F.);
#949=ORIENTED_EDGE('',*,*,#1330,.F.);
#950=ORIENTED_EDGE('',*,*,#1307,.F.);
#951=ORIENTED_EDGE('',*,*,#1329,.T.);
#952=ORIENTED_EDGE('',*,*,#1301,.F.);
#953=ORIENTED_EDGE('',*,*,#1310,.F.);
#954=ORIENTED_EDGE('',*,*,#1308,.F.);
#955=ORIENTED_EDGE('',*,*,#1330,.T.);
#956=ORIENTED_EDGE('',*,*,#1302,.F.);
#957=ORIENTED_EDGE('',*,*,#1320,.T.);
#958=ORIENTED_EDGE('',*,*,#1326,.F.);
#959=ORIENTED_EDGE('',*,*,#1309,.F.);
#960=ORIENTED_EDGE('',*,*,#1189,.T.);
#961=ORIENTED_EDGE('',*,*,#1318,.F.);
#962=ORIENTED_EDGE('',*,*,#1310,.T.);
#963=ORIENTED_EDGE('',*,*,#1332,.T.);
#964=ORIENTED_EDGE('',*,*,#1273,.T.);
#965=ORIENTED_EDGE('',*,*,#1274,.T.);
#966=ORIENTED_EDGE('',*,*,#1286,.T.);
#967=ORIENTED_EDGE('',*,*,#1271,.T.);
#968=ORIENTED_EDGE('',*,*,#1188,.T.);
#969=ORIENTED_EDGE('',*,*,#1237,.T.);
#970=ORIENTED_EDGE('',*,*,#1268,.F.);
#971=ORIENTED_EDGE('',*,*,#1256,.F.);
#972=ORIENTED_EDGE('',*,*,#1255,.F.);
#973=ORIENTED_EDGE('',*,*,#1331,.T.);
#974=ORIENTED_EDGE('',*,*,#1252,.T.);
#975=ORIENTED_EDGE('',*,*,#1342,.T.);
#976=ORIENTED_EDGE('',*,*,#1249,.T.);
#977=ORIENTED_EDGE('',*,*,#1339,.T.);
#978=ORIENTED_EDGE('',*,*,#1321,.T.);
#979=ORIENTED_EDGE('',*,*,#1325,.T.);
#980=ORIENTED_EDGE('',*,*,#1298,.F.);
#981=ORIENTED_EDGE('',*,*,#1323,.F.);
#982=ORIENTED_EDGE('',*,*,#1311,.T.);
#983=ORIENTED_EDGE('',*,*,#1326,.T.);
#984=ORIENTED_EDGE('',*,*,#1319,.T.);
#985=ORIENTED_EDGE('',*,*,#1315,.T.);
#986=ORIENTED_EDGE('',*,*,#1324,.F.);
#987=ORIENTED_EDGE('',*,*,#1304,.F.);
#988=ORIENTED_EDGE('',*,*,#1324,.T.);
#989=ORIENTED_EDGE('',*,*,#1316,.T.);
#990=ORIENTED_EDGE('',*,*,#1328,.F.);
#991=ORIENTED_EDGE('',*,*,#1305,.F.);
#992=ORIENTED_EDGE('',*,*,#1312,.T.);
#993=ORIENTED_EDGE('',*,*,#1323,.T.);
#994=ORIENTED_EDGE('',*,*,#1299,.F.);
#995=ORIENTED_EDGE('',*,*,#1327,.F.);
#996=ORIENTED_EDGE('',*,*,#1329,.F.);
#997=ORIENTED_EDGE('',*,*,#1306,.F.);
#998=ORIENTED_EDGE('',*,*,#1328,.T.);
#999=ORIENTED_EDGE('',*,*,#1317,.T.);
#1000=ORIENTED_EDGE('',*,*,#1314,.T.);
#1001=ORIENTED_EDGE('',*,*,#1313,.T.);
#1002=ORIENTED_EDGE('',*,*,#1327,.T.);
#1003=ORIENTED_EDGE('',*,*,#1300,.F.);
#1004=ORIENTED_EDGE('',*,*,#1180,.T.);
#1005=ORIENTED_EDGE('',*,*,#1303,.F.);
#1006=ORIENTED_EDGE('',*,*,#1325,.F.);
#1007=ORIENTED_EDGE('',*,*,#1322,.T.);
#1008=ORIENTED_EDGE('',*,*,#1297,.F.);
#1009=ORIENTED_EDGE('',*,*,#1333,.T.);
#1010=ORIENTED_EDGE('',*,*,#1190,.F.);
#1011=ORIENTED_EDGE('',*,*,#1193,.F.);
#1012=ORIENTED_EDGE('',*,*,#1191,.F.);
#1013=ORIENTED_EDGE('',*,*,#1335,.T.);
#1014=ORIENTED_EDGE('',*,*,#1231,.F.);
#1015=ORIENTED_EDGE('',*,*,#1232,.F.);
#1016=ORIENTED_EDGE('',*,*,#1336,.F.);
#1017=ORIENTED_EDGE('',*,*,#1338,.T.);
#1018=ORIENTED_EDGE('',*,*,#1250,.F.);
#1019=ORIENTED_EDGE('',*,*,#1251,.F.);
#1020=ORIENTED_EDGE('',*,*,#1339,.F.);
#1021=ORIENTED_EDGE('',*,*,#1341,.T.);
#1022=ORIENTED_EDGE('',*,*,#1253,.F.);
#1023=ORIENTED_EDGE('',*,*,#1254,.F.);
#1024=ORIENTED_EDGE('',*,*,#1342,.F.);
#1025=EDGE_CURVE('',#1663,#1664,#1491,.T.);
#1026=EDGE_CURVE('',#1664,#1665,#1492,.T.);
#1027=EDGE_CURVE('',#1665,#1666,#1493,.T.);
#1028=EDGE_CURVE('',#1666,#1663,#1494,.T.);
#1029=EDGE_CURVE('',#1664,#1667,#1495,.T.);
#1030=EDGE_CURVE('',#1667,#1668,#1496,.T.);
#1031=EDGE_CURVE('',#1668,#1665,#1497,.T.);
#1032=EDGE_CURVE('',#1669,#1670,#1498,.T.);
#1033=EDGE_CURVE('',#1670,#1708,#1499,.T.);
#1034=EDGE_CURVE('',#1671,#1733,#1500,.T.);
#1035=EDGE_CURVE('',#1672,#1671,#1501,.T.);
#1036=EDGE_CURVE('',#1673,#1745,#1502,.T.);
#1037=EDGE_CURVE('',#1675,#1712,#1344,.T.);
#1038=EDGE_CURVE('',#1673,#1676,#1503,.T.);
#1039=EDGE_CURVE('',#1676,#1744,#1504,.T.);
#1040=EDGE_CURVE('',#1677,#1674,#1505,.T.);
#1041=EDGE_CURVE('',#1676,#1678,#1506,.T.);
#1042=EDGE_CURVE('',#1678,#1679,#1507,.T.);
#1043=EDGE_CURVE('',#1666,#1677,#1508,.T.);
#1044=EDGE_CURVE('',#1682,#1756,#1509,.T.);
#1045=EDGE_CURVE('',#1683,#1684,#1510,.T.);
#1046=EDGE_CURVE('',#1684,#1683,#1511,.T.);
#1047=EDGE_CURVE('',#1684,#1682,#1345,.T.);
#1048=EDGE_CURVE('',#1683,#1685,#1346,.T.);
#1049=EDGE_CURVE('',#1685,#1686,#1512,.T.);
#1050=EDGE_CURVE('',#1686,#1684,#1347,.T.);
#1051=EDGE_CURVE('',#1670,#1687,#1513,.T.);
#1052=EDGE_CURVE('',#1687,#1713,#1348,.T.);
#1053=EDGE_CURVE('',#1689,#1714,#1514,.T.);
#1054=EDGE_CURVE('',#1688,#1689,#1515,.T.);
#1055=EDGE_CURVE('',#1690,#1688,#1516,.T.);
#1056=EDGE_CURVE('',#1689,#1687,#1349,.T.);
#1057=EDGE_CURVE('',#1691,#1717,#1350,.T.);
#1058=EDGE_CURVE('',#1690,#1691,#1351,.T.);
#1059=EDGE_CURVE('',#1675,#1672,#1352,.T.);
#1060=EDGE_CURVE('',#1692,#1693,#1353,.T.);
#1061=EDGE_CURVE('',#1693,#1694,#1354,.T.);
#1062=EDGE_CURVE('',#1694,#1668,#1355,.T.);
#1063=EDGE_CURVE('',#1667,#1695,#1356,.T.);
#1064=EDGE_CURVE('',#1696,#1697,#1357,.T.);
#1065=EDGE_CURVE('',#1698,#1699,#1358,.T.);
#1066=EDGE_CURVE('',#1699,#1692,#1517,.T.);
#1067=EDGE_CURVE('',#1693,#1732,#1359,.T.);
#1068=EDGE_CURVE('',#1696,#1700,#1360,.T.);
#1069=EDGE_CURVE('',#1700,#1701,#1361,.T.);
#1070=EDGE_CURVE('',#1701,#1697,#1362,.T.);
#1071=EDGE_CURVE('',#1702,#1695,#1518,.T.);
#1072=EDGE_CURVE('',#1700,#1702,#1519,.T.);
#1073=EDGE_CURVE('',#1695,#1696,#1520,.T.);
#1074=EDGE_CURVE('',#1703,#1701,#1521,.T.);
#1075=EDGE_CURVE('',#1698,#1703,#1363,.T.);
#1076=EDGE_CURVE('',#1697,#1698,#1522,.T.);
#1077=EDGE_CURVE('',#1703,#1748,#1364,.T.);
#1078=EDGE_CURVE('',#1702,#1749,#1365,.T.);
#1079=EDGE_CURVE('',#1678,#1706,#1523,.T.);
#1080=EDGE_CURVE('',#1706,#1704,#1524,.T.);
#1081=EDGE_CURVE('',#1679,#1704,#1525,.T.);
#1082=EDGE_CURVE('',#1692,#1706,#1526,.T.);
#1083=EDGE_CURVE('',#1704,#1699,#1527,.T.);
#1084=EDGE_CURVE('',#1705,#1757,#1528,.T.);
#1085=EDGE_CURVE('',#1707,#1758,#1529,.T.);
#1086=EDGE_CURVE('',#1705,#1707,#1366,.T.);
#1087=EDGE_CURVE('',#1685,#1686,#1530,.T.);
#1088=EDGE_CURVE('',#1708,#1709,#1531,.T.);
#1089=EDGE_CURVE('',#1709,#1722,#1367,.T.);
#1090=EDGE_CURVE('',#1710,#1711,#1532,.T.);
#1091=EDGE_CURVE('',#1712,#1726,#1368,.T.);
#1092=EDGE_CURVE('',#1713,#1708,#1369,.T.);
#1093=EDGE_CURVE('',#1714,#1715,#1533,.T.);
#1094=EDGE_CURVE('',#1715,#1716,#1534,.T.);
#1095=EDGE_CURVE('',#1714,#1713,#1370,.T.);
#1096=EDGE_CURVE('',#1717,#1716,#1371,.T.);
#1097=EDGE_CURVE('',#1711,#1712,#1372,.T.);
#1098=EDGE_CURVE('',#1709,#1669,#1535,.T.);
#1099=EDGE_CURVE('',#1710,#1671,#1536,.T.);
#1100=EDGE_CURVE('',#1711,#1672,#1537,.T.);
#1101=EDGE_CURVE('',#1715,#1688,#1538,.T.);
#1102=EDGE_CURVE('',#1716,#1690,#1539,.T.);
#1103=EDGE_CURVE('',#1718,#1759,#1540,.T.);
#1104=EDGE_CURVE('',#1719,#1760,#1541,.T.);
#1105=EDGE_CURVE('',#1718,#1719,#1542,.T.);
#1106=EDGE_CURVE('',#1720,#1761,#1543,.T.);
#1107=EDGE_CURVE('',#1721,#1762,#1544,.T.);
#1108=EDGE_CURVE('',#1720,#1721,#1545,.T.);
#1109=EDGE_CURVE('',#1723,#1724,#1373,.T.);
#1110=EDGE_CURVE('',#1724,#1725,#1546,.T.);
#1111=EDGE_CURVE('',#1727,#1728,#1547,.T.);
#1112=EDGE_CURVE('',#1728,#1729,#1374,.T.);
#1113=EDGE_CURVE('',#1729,#1730,#1375,.T.);
#1114=EDGE_CURVE('',#1731,#1732,#1376,.T.);
#1115=EDGE_CURVE('',#1730,#1731,#1377,.T.);
#1116=EDGE_CURVE('',#1732,#1723,#1378,.T.);
#1117=EDGE_CURVE('',#1722,#1726,#1379,.T.);
#1118=EDGE_CURVE('',#1723,#1673,#1548,.T.);
#1119=EDGE_CURVE('',#1722,#1710,#1380,.T.);
#1120=EDGE_CURVE('',#1725,#1727,#1381,.T.);
#1121=EDGE_CURVE('',#1724,#1731,#1382,.T.);
#1122=EDGE_CURVE('',#1727,#1717,#1383,.T.);
#1123=EDGE_CURVE('',#1725,#1726,#1384,.T.);
#1124=EDGE_CURVE('',#1733,#1734,#1385,.T.);
#1125=EDGE_CURVE('',#1733,#1669,#1549,.T.);
#1126=EDGE_CURVE('',#1734,#1675,#1550,.T.);
#1127=EDGE_CURVE('',#1674,#1736,#1551,.T.);
#1128=EDGE_CURVE('',#1735,#1736,#1386,.T.);
#1129=EDGE_CURVE('',#1736,#1737,#1387,.T.);
#1130=EDGE_CURVE('',#1737,#1738,#1552,.T.);
#1131=EDGE_CURVE('',#1739,#1740,#1553,.T.);
#1132=EDGE_CURVE('',#1741,#1735,#1388,.T.);
#1133=EDGE_CURVE('',#1740,#1741,#1389,.T.);
#1134=EDGE_CURVE('',#1742,#1743,#1554,.T.);
#1135=EDGE_CURVE('',#1743,#1739,#1390,.T.);
#1136=EDGE_CURVE('',#1743,#1728,#1391,.T.);
#1137=EDGE_CURVE('',#1739,#1729,#1392,.T.);
#1138=EDGE_CURVE('',#1740,#1730,#1393,.T.);
#1139=EDGE_CURVE('',#1735,#1694,#1394,.T.);
#1140=EDGE_CURVE('',#1738,#1742,#1395,.T.);
#1141=EDGE_CURVE('',#1737,#1741,#1396,.T.);
#1142=EDGE_CURVE('',#1738,#1734,#1555,.T.);
#1143=EDGE_CURVE('',#1691,#1742,#1556,.T.);
#1144=EDGE_CURVE('',#1744,#1745,#1397,.T.);
#1145=EDGE_CURVE('',#1746,#1747,#1398,.T.);
#1146=EDGE_CURVE('',#1680,#1744,#1399,.T.);
#1147=EDGE_CURVE('',#1747,#1681,#1400,.T.);
#1148=EDGE_CURVE('',#1749,#1750,#1557,.T.);
#1149=EDGE_CURVE('',#1750,#1751,#1401,.T.);
#1150=EDGE_CURVE('',#1751,#1748,#1558,.T.);
#1151=EDGE_CURVE('',#1745,#1752,#1402,.T.);
#1152=EDGE_CURVE('',#1753,#1746,#1403,.T.);
#1153=EDGE_CURVE('',#1754,#1753,#1559,.T.);
#1154=EDGE_CURVE('',#1755,#1754,#1404,.T.);
#1155=EDGE_CURVE('',#1752,#1755,#1560,.T.);
#1156=EDGE_CURVE('',#1746,#1674,#1561,.T.);
#1157=EDGE_CURVE('',#1747,#1677,#1562,.T.);
#1158=EDGE_CURVE('',#1748,#1680,#1405,.T.);
#1159=EDGE_CURVE('',#1749,#1681,#1406,.T.);
#1160=EDGE_CURVE('',#1748,#1752,#1407,.T.);
#1161=EDGE_CURVE('',#1749,#1753,#1408,.T.);
#1162=EDGE_CURVE('',#1750,#1754,#1563,.T.);
#1163=EDGE_CURVE('',#1751,#1755,#1409,.T.);
#1164=EDGE_CURVE('',#1679,#1680,#1564,.T.);
#1165=EDGE_CURVE('',#1681,#1663,#1565,.T.);
#1166=EDGE_CURVE('',#1683,#1756,#1410,.T.);
#1167=EDGE_CURVE('',#1756,#1682,#1566,.T.);
#1168=EDGE_CURVE('',#1757,#1758,#1411,.T.);
#1169=EDGE_CURVE('',#1757,#1705,#1567,.T.);
#1170=EDGE_CURVE('',#1758,#1707,#1568,.T.);
#1171=EDGE_CURVE('',#1759,#1760,#1569,.T.);
#1172=EDGE_CURVE('',#1759,#1718,#1570,.T.);
#1173=EDGE_CURVE('',#1760,#1719,#1571,.T.);
#1174=EDGE_CURVE('',#1761,#1762,#1572,.T.);
#1175=EDGE_CURVE('',#1761,#1720,#1573,.T.);
#1176=EDGE_CURVE('',#1762,#1721,#1574,.T.);
#1177=EDGE_CURVE('',#1763,#1764,#1575,.T.);
#1178=EDGE_CURVE('',#1764,#1765,#1576,.T.);
#1179=EDGE_CURVE('',#1765,#1766,#1577,.T.);
#1180=EDGE_CURVE('',#1763,#1766,#1578,.T.);
#1181=EDGE_CURVE('',#1764,#1767,#1579,.T.);
#1182=EDGE_CURVE('',#1767,#1768,#1580,.T.);
#1183=EDGE_CURVE('',#1768,#1765,#1581,.T.);
#1184=EDGE_CURVE('',#1769,#1770,#1582,.T.);
#1185=EDGE_CURVE('',#1770,#1802,#1583,.T.);
#1186=EDGE_CURVE('',#1771,#1827,#1584,.T.);
#1187=EDGE_CURVE('',#1772,#1771,#1585,.T.);
#1188=EDGE_CURVE('',#1773,#1806,#1412,.T.);
#1189=EDGE_CURVE('',#1774,#1775,#1586,.T.);
#1190=EDGE_CURVE('',#1776,#1866,#1587,.T.);
#1191=EDGE_CURVE('',#1777,#1778,#1588,.T.);
#1192=EDGE_CURVE('',#1778,#1777,#1589,.T.);
#1193=EDGE_CURVE('',#1778,#1776,#1413,.T.);
#1194=EDGE_CURVE('',#1777,#1779,#1414,.T.);
#1195=EDGE_CURVE('',#1779,#1780,#1590,.T.);
#1196=EDGE_CURVE('',#1780,#1778,#1415,.T.);
#1197=EDGE_CURVE('',#1770,#1781,#1591,.T.);
#1198=EDGE_CURVE('',#1781,#1807,#1416,.T.);
#1199=EDGE_CURVE('',#1783,#1808,#1592,.T.);
#1200=EDGE_CURVE('',#1782,#1783,#1593,.T.);
#1201=EDGE_CURVE('',#1784,#1782,#1594,.T.);
#1202=EDGE_CURVE('',#1783,#1781,#1417,.T.);
#1203=EDGE_CURVE('',#1785,#1811,#1418,.T.);
#1204=EDGE_CURVE('',#1784,#1785,#1419,.T.);
#1205=EDGE_CURVE('',#1773,#1772,#1420,.T.);
#1206=EDGE_CURVE('',#1786,#1787,#1421,.T.);
#1207=EDGE_CURVE('',#1787,#1788,#1422,.T.);
#1208=EDGE_CURVE('',#1788,#1768,#1423,.T.);
#1209=EDGE_CURVE('',#1767,#1789,#1424,.T.);
#1210=EDGE_CURVE('',#1790,#1791,#1425,.T.);
#1211=EDGE_CURVE('',#1792,#1793,#1426,.T.);
#1212=EDGE_CURVE('',#1793,#1786,#1595,.T.);
#1213=EDGE_CURVE('',#1787,#1826,#1427,.T.);
#1214=EDGE_CURVE('',#1790,#1794,#1428,.T.);
#1215=EDGE_CURVE('',#1794,#1795,#1429,.T.);
#1216=EDGE_CURVE('',#1795,#1791,#1430,.T.);
#1217=EDGE_CURVE('',#1796,#1789,#1596,.T.);
#1218=EDGE_CURVE('',#1794,#1796,#1597,.T.);
#1219=EDGE_CURVE('',#1789,#1790,#1598,.T.);
#1220=EDGE_CURVE('',#1797,#1795,#1599,.T.);
#1221=EDGE_CURVE('',#1792,#1797,#1431,.T.);
#1222=EDGE_CURVE('',#1791,#1792,#1600,.T.);
#1223=EDGE_CURVE('',#1797,#1838,#1432,.T.);
#1224=EDGE_CURVE('',#1796,#1839,#1433,.T.);
#1225=EDGE_CURVE('',#1774,#1800,#1601,.T.);
#1226=EDGE_CURVE('',#1800,#1798,#1602,.T.);
#1227=EDGE_CURVE('',#1775,#1798,#1603,.T.);
#1228=EDGE_CURVE('',#1786,#1800,#1604,.T.);
#1229=EDGE_CURVE('',#1798,#1793,#1605,.T.);
#1230=EDGE_CURVE('',#1799,#1867,#1606,.T.);
#1231=EDGE_CURVE('',#1801,#1868,#1607,.T.);
#1232=EDGE_CURVE('',#1799,#1801,#1434,.T.);
#1233=EDGE_CURVE('',#1779,#1780,#1608,.T.);
#1234=EDGE_CURVE('',#1802,#1803,#1609,.T.);
#1235=EDGE_CURVE('',#1803,#1816,#1435,.T.);
#1236=EDGE_CURVE('',#1804,#1805,#1610,.T.);
#1237=EDGE_CURVE('',#1806,#1820,#1436,.T.);
#1238=EDGE_CURVE('',#1807,#1802,#1437,.T.);
#1239=EDGE_CURVE('',#1808,#1809,#1611,.T.);
#1240=EDGE_CURVE('',#1809,#1810,#1612,.T.);
#1241=EDGE_CURVE('',#1808,#1807,#1438,.T.);
#1242=EDGE_CURVE('',#1811,#1810,#1439,.T.);
#1243=EDGE_CURVE('',#1805,#1806,#1440,.T.);
#1244=EDGE_CURVE('',#1803,#1769,#1613,.T.);
#1245=EDGE_CURVE('',#1804,#1771,#1614,.T.);
#1246=EDGE_CURVE('',#1805,#1772,#1615,.T.);
#1247=EDGE_CURVE('',#1809,#1782,#1616,.T.);
#1248=EDGE_CURVE('',#1810,#1784,#1617,.T.);
#1249=EDGE_CURVE('',#1812,#1869,#1618,.T.);
#1250=EDGE_CURVE('',#1813,#1870,#1619,.T.);
#1251=EDGE_CURVE('',#1812,#1813,#1620,.T.);
#1252=EDGE_CURVE('',#1814,#1871,#1621,.T.);
#1253=EDGE_CURVE('',#1815,#1872,#1622,.T.);
#1254=EDGE_CURVE('',#1814,#1815,#1623,.T.);
#1255=EDGE_CURVE('',#1817,#1818,#1441,.T.);
#1256=EDGE_CURVE('',#1818,#1819,#1624,.T.);
#1257=EDGE_CURVE('',#1821,#1822,#1625,.T.);
#1258=EDGE_CURVE('',#1822,#1823,#1442,.T.);
#1259=EDGE_CURVE('',#1823,#1824,#1443,.T.);
#1260=EDGE_CURVE('',#1825,#1826,#1444,.T.);
#1261=EDGE_CURVE('',#1824,#1825,#1445,.T.);
#1262=EDGE_CURVE('',#1826,#1817,#1446,.T.);
#1263=EDGE_CURVE('',#1816,#1820,#1447,.T.);
#1264=EDGE_CURVE('',#1816,#1804,#1448,.T.);
#1265=EDGE_CURVE('',#1819,#1821,#1449,.T.);
#1266=EDGE_CURVE('',#1818,#1825,#1450,.T.);
#1267=EDGE_CURVE('',#1821,#1811,#1451,.T.);
#1268=EDGE_CURVE('',#1819,#1820,#1452,.T.);
#1269=EDGE_CURVE('',#1827,#1828,#1453,.T.);
#1270=EDGE_CURVE('',#1827,#1769,#1626,.T.);
#1271=EDGE_CURVE('',#1828,#1773,#1627,.T.);
#1272=EDGE_CURVE('',#1829,#1830,#1454,.T.);
#1273=EDGE_CURVE('',#1830,#1831,#1455,.T.);
#1274=EDGE_CURVE('',#1831,#1832,#1628,.T.);
#1275=EDGE_CURVE('',#1833,#1834,#1629,.T.);
#1276=EDGE_CURVE('',#1835,#1829,#1456,.T.);
#1277=EDGE_CURVE('',#1834,#1835,#1457,.T.);
#1278=EDGE_CURVE('',#1836,#1837,#1630,.T.);
#1279=EDGE_CURVE('',#1837,#1833,#1458,.T.);
#1280=EDGE_CURVE('',#1837,#1822,#1459,.T.);
#1281=EDGE_CURVE('',#1833,#1823,#1460,.T.);
#1282=EDGE_CURVE('',#1834,#1824,#1461,.T.);
#1283=EDGE_CURVE('',#1829,#1788,#1462,.T.);
#1284=EDGE_CURVE('',#1832,#1836,#1463,.T.);
#1285=EDGE_CURVE('',#1831,#1835,#1464,.T.);
#1286=EDGE_CURVE('',#1832,#1828,#1631,.T.);
#1287=EDGE_CURVE('',#1785,#1836,#1632,.T.);
#1288=EDGE_CURVE('',#1839,#1840,#1633,.T.);
#1289=EDGE_CURVE('',#1840,#1841,#1465,.T.);
#1290=EDGE_CURVE('',#1841,#1838,#1634,.T.);
#1291=EDGE_CURVE('',#1838,#1863,#1466,.T.);
#1292=EDGE_CURVE('',#1839,#1842,#1467,.T.);
#1293=EDGE_CURVE('',#1838,#1860,#1468,.T.);
#1294=EDGE_CURVE('',#1839,#1856,#1469,.T.);
#1295=EDGE_CURVE('',#1840,#1858,#1635,.T.);
#1296=EDGE_CURVE('',#1841,#1859,#1470,.T.);
#1297=EDGE_CURVE('',#1763,#1842,#1471,.T.);
#1298=EDGE_CURVE('',#1843,#1844,#1636,.T.);
#1299=EDGE_CURVE('',#1845,#1843,#1472,.T.);
#1300=EDGE_CURVE('',#1846,#1845,#1637,.T.);
#1301=EDGE_CURVE('',#1847,#1846,#1473,.T.);
#1302=EDGE_CURVE('',#1848,#1847,#1638,.T.);
#1303=EDGE_CURVE('',#1844,#1766,#1474,.T.);
#1304=EDGE_CURVE('',#1849,#1850,#1639,.T.);
#1305=EDGE_CURVE('',#1850,#1851,#1475,.T.);
#1306=EDGE_CURVE('',#1851,#1852,#1640,.T.);
#1307=EDGE_CURVE('',#1852,#1853,#1476,.T.);
#1308=EDGE_CURVE('',#1853,#1854,#1641,.T.);
#1309=EDGE_CURVE('',#1774,#1849,#1477,.T.);
#1310=EDGE_CURVE('',#1854,#1848,#1642,.T.);
#1311=EDGE_CURVE('',#1855,#1856,#1478,.T.);
#1312=EDGE_CURVE('',#1857,#1855,#1643,.T.);
#1313=EDGE_CURVE('',#1858,#1857,#1479,.T.);
#1314=EDGE_CURVE('',#1859,#1858,#1480,.T.);
#1315=EDGE_CURVE('',#1860,#1861,#1481,.T.);
#1316=EDGE_CURVE('',#1861,#1862,#1644,.T.);
#1317=EDGE_CURVE('',#1862,#1859,#1482,.T.);
#1318=EDGE_CURVE('',#1863,#1775,#1483,.T.);
#1319=EDGE_CURVE('',#1864,#1860,#1645,.T.);
#1320=EDGE_CURVE('',#1863,#1864,#1484,.T.);
#1321=EDGE_CURVE('',#1856,#1865,#1646,.T.);
#1322=EDGE_CURVE('',#1865,#1842,#1485,.T.);
#1323=EDGE_CURVE('',#1855,#1843,#1647,.T.);
#1324=EDGE_CURVE('',#1850,#1861,#1648,.T.);
#1325=EDGE_CURVE('',#1865,#1844,#1649,.T.);
#1326=EDGE_CURVE('',#1849,#1864,#1650,.T.);
#1327=EDGE_CURVE('',#1857,#1845,#1486,.T.);
#1328=EDGE_CURVE('',#1851,#1862,#1487,.T.);
#1329=EDGE_CURVE('',#1852,#1846,#1651,.T.);
#1330=EDGE_CURVE('',#1853,#1847,#1488,.T.);
#1331=EDGE_CURVE('',#1817,#1854,#1652,.T.);
#1332=EDGE_CURVE('',#1848,#1830,#1653,.T.);
#1333=EDGE_CURVE('',#1777,#1866,#1489,.T.);
#1334=EDGE_CURVE('',#1866,#1776,#1654,.T.);
#1335=EDGE_CURVE('',#1867,#1868,#1490,.T.);
#1336=EDGE_CURVE('',#1867,#1799,#1655,.T.);
#1337=EDGE_CURVE('',#1868,#1801,#1656,.T.);
#1338=EDGE_CURVE('',#1869,#1870,#1657,.T.);
#1339=EDGE_CURVE('',#1869,#1812,#1658,.T.);
#1340=EDGE_CURVE('',#1870,#1813,#1659,.T.);
#1341=EDGE_CURVE('',#1871,#1872,#1660,.T.);
#1342=EDGE_CURVE('',#1871,#1814,#1661,.T.);
#1343=EDGE_CURVE('',#1872,#1815,#1662,.T.);
#1344=B_SPLINE_CURVE_WITH_KNOTS('',1,(#2551,#2552),.UNSPECIFIED.,.F.,.F.,
(2,2),(0.,6.00000000000037),.UNSPECIFIED.);
#1345=B_SPLINE_CURVE_WITH_KNOTS('',1,(#2606,#2607),.UNSPECIFIED.,.F.,.F.,
(2,2),(0.15341433548058,1.56755769028625),.UNSPECIFIED.);
#1346=B_SPLINE_CURVE_WITH_KNOTS('',1,(#2608,#2609),.UNSPECIFIED.,.F.,.F.,
(2,2),(0.,1.60549987697298),.UNSPECIFIED.);
#1347=B_SPLINE_CURVE_WITH_KNOTS('',1,(#2615,#2616),.UNSPECIFIED.,.F.,.F.,
(2,2),(0.,1.60549987697299),.UNSPECIFIED.);
#1348=B_SPLINE_CURVE_WITH_KNOTS('',1,(#2620,#2621),.UNSPECIFIED.,.F.,.F.,
(2,2),(0.,6.00000000000038),.UNSPECIFIED.);
#1349=B_SPLINE_CURVE_WITH_KNOTS('',5,(#2630,#2631,#2632,#2633,#2634,#2635),
 .UNSPECIFIED.,.F.,.F.,(6,6),(-0.883185680012953,0.),.UNSPECIFIED.);
#1350=B_SPLINE_CURVE_WITH_KNOTS('',1,(#2636,#2637),.UNSPECIFIED.,.F.,.F.,
(2,2),(0.,6.00000000000039),.UNSPECIFIED.);
#1351=B_SPLINE_CURVE_WITH_KNOTS('',5,(#2638,#2639,#2640,#2641,#2642,#2643),
 .UNSPECIFIED.,.F.,.F.,(6,6),(0.,0.883185680012923),.UNSPECIFIED.);
#1352=B_SPLINE_CURVE_WITH_KNOTS('',1,(#2644,#2645),.UNSPECIFIED.,.F.,.F.,
(2,2),(0.,1.89178058907795),.UNSPECIFIED.);
#1353=B_SPLINE_CURVE_WITH_KNOTS('',1,(#2646,#2647),.UNSPECIFIED.,.F.,.F.,
(2,2),(0.,2.08696856537199),.UNSPECIFIED.);
#1354=B_SPLINE_CURVE_WITH_KNOTS('',1,(#2648,#2649),.UNSPECIFIED.,.F.,.F.,
(2,2),(0.,10.0000000000007),.UNSPECIFIED.);
#1355=B_SPLINE_CURVE_WITH_KNOTS('',1,(#2650,#2651),.UNSPECIFIED.,.F.,.F.,
(2,2),(0.,2.08696856537199),.UNSPECIFIED.);
#1356=B_SPLINE_CURVE_WITH_KNOTS('',1,(#2652,#2653),.UNSPECIFIED.,.F.,.F.,
(2,2),(0.,0.466515841395989),.UNSPECIFIED.);
#1357=B_SPLINE_CURVE_WITH_KNOTS('',1,(#2654,#2655),.UNSPECIFIED.,.F.,.F.,
(2,2),(0.,1.95),.UNSPECIFIED.);
#1358=B_SPLINE_CURVE_WITH_KNOTS('',1,(#2656,#2657),.UNSPECIFIED.,.F.,.F.,
(2,2),(0.,0.466515841395989),.UNSPECIFIED.);
#1359=B_SPLINE_CURVE_WITH_KNOTS('',1,(#2660,#2661),.UNSPECIFIED.,.F.,.F.,
(2,2),(0.,0.437142554781799),.UNSPECIFIED.);
#1360=B_SPLINE_CURVE_WITH_KNOTS('',1,(#2662,#2663),.UNSPECIFIED.,.F.,.F.,
(2,2),(0.,4.13984940631795),.UNSPECIFIED.);
#1361=B_SPLINE_CURVE_WITH_KNOTS('',1,(#2664,#2665),.UNSPECIFIED.,.F.,.F.,
(2,2),(0.,1.95),.UNSPECIFIED.);
#1362=B_SPLINE_CURVE_WITH_KNOTS('',1,(#2666,#2667),.UNSPECIFIED.,.F.,.F.,
(2,2),(0.,4.13984940631795),.UNSPECIFIED.);
#1363=B_SPLINE_CURVE_WITH_KNOTS('',1,(#2679,#2680),.UNSPECIFIED.,.F.,.F.,
(2,2),(-4.13984940631795,0.),.UNSPECIFIED.);
#1364=B_SPLINE_CURVE_WITH_KNOTS('',1,(#2684,#2685),.UNSPECIFIED.,.F.,.F.,
(2,2),(0.,4.83000000000001),.UNSPECIFIED.);
#1365=B_SPLINE_CURVE_WITH_KNOTS('',1,(#2686,#2687),.UNSPECIFIED.,.F.,.F.,
(2,2),(0.,4.82999999999998),.UNSPECIFIED.);
#1366=B_SPLINE_CURVE_WITH_KNOTS('',1,(#2718,#2719),.UNSPECIFIED.,.F.,.F.,
(2,2),(0.237000000000081,2.48700000000005),.UNSPECIFIED.);
#1367=B_SPLINE_CURVE_WITH_KNOTS('',1,(#2731,#2732),.UNSPECIFIED.,.F.,.F.,
(2,2),(8.04911692853238E-15,0.218019749002179),.UNSPECIFIED.);
#1368=B_SPLINE_CURVE_WITH_KNOTS('',1,(#2739,#2740),.UNSPECIFIED.,.F.,.F.,
(2,2),(0.0648811330960091,1.55294353823501),.UNSPECIFIED.);
#1369=B_SPLINE_CURVE_WITH_KNOTS('',1,(#2741,#2742),.UNSPECIFIED.,.F.,.F.,
(2,2),(13.977028323975,22.694827574982),.UNSPECIFIED.);
#1370=B_SPLINE_CURVE_WITH_KNOTS('',5,(#2749,#2750,#2751,#2752,#2753,#2754),
 .UNSPECIFIED.,.F.,.F.,(6,6),(-1.,5.50531842335999E-14),.UNSPECIFIED.);
#1371=B_SPLINE_CURVE_WITH_KNOTS('',5,(#2755,#2756,#2757,#2758,#2759,#2760),
 .UNSPECIFIED.,.F.,.F.,(6,6),(-4.77334518065822E-14,1.00000000000001),
 .UNSPECIFIED.);
#1372=B_SPLINE_CURVE_WITH_KNOTS('',1,(#2761,#2762),.UNSPECIFIED.,.F.,.F.,
(2,2),(-4.00000000000001,-2.10821941092207),.UNSPECIFIED.);
#1373=B_SPLINE_CURVE_WITH_KNOTS('',1,(#2797,#2798),.UNSPECIFIED.,.F.,.F.,
(2,2),(-25.0152554462695,-23.7142040141261),.UNSPECIFIED.);
#1374=B_SPLINE_CURVE_WITH_KNOTS('',3,(#2805,#2806,#2807,#2808,#2809,#2810,
#2811,#2812,#2813,#2814,#2815,#2816,#2817,#2818),.UNSPECIFIED.,.F.,.F.,
(4,2,2,2,2,2,4),(0.,0.67871729068581,1.01932871738632,1.36180474552633,
1.71664978000732,2.06760341628772,2.73940686293511),.UNSPECIFIED.);
#1375=B_SPLINE_CURVE_WITH_KNOTS('',1,(#2819,#2820),.UNSPECIFIED.,.F.,.F.,
(2,2),(-1.49045000000002,-1.39955),.UNSPECIFIED.);
#1376=B_SPLINE_CURVE_WITH_KNOTS('',3,(#2821,#2822,#2823,#2824),
 .UNSPECIFIED.,.F.,.F.,(4,4),(0.674789398145347,2.23897997572293),
 .UNSPECIFIED.);
#1377=B_SPLINE_CURVE_WITH_KNOTS('',3,(#2825,#2826,#2827,#2828),
 .UNSPECIFIED.,.F.,.F.,(4,4),(0.251304984307763,0.638302097418944),
 .UNSPECIFIED.);
#1378=B_SPLINE_CURVE_WITH_KNOTS('',1,(#2829,#2830),.UNSPECIFIED.,.F.,.F.,
(2,2),(-9.69089353516859,-3.10821941092206),.UNSPECIFIED.);
#1379=B_SPLINE_CURVE_WITH_KNOTS('',1,(#2831,#2832),.UNSPECIFIED.,.F.,.F.,
(2,2),(5.15330609720658,8.59803022451951),.UNSPECIFIED.);
#1380=B_SPLINE_CURVE_WITH_KNOTS('',1,(#2839,#2840),.UNSPECIFIED.,.F.,.F.,
(2,2),(0.218019749002179,2.00000000000131),.UNSPECIFIED.);
#1381=B_SPLINE_CURVE_WITH_KNOTS('',1,(#2841,#2842),.UNSPECIFIED.,.F.,.F.,
(2,2),(2.1172286652084,6.00900925428632),.UNSPECIFIED.);
#1382=B_SPLINE_CURVE_WITH_KNOTS('',1,(#2843,#2844),.UNSPECIFIED.,.F.,.F.,
(2,2),(2.1172286652084,7.8315956238158),.UNSPECIFIED.);
#1383=B_SPLINE_CURVE_WITH_KNOTS('',1,(#2845,#2846,#2847),.UNSPECIFIED.,
 .F.,.F.,(2,1,2),(2.61101295213623,3.03500025172005,10.241053950735),
 .UNSPECIFIED.);
#1384=B_SPLINE_CURVE_WITH_KNOTS('',1,(#2848,#2849,#2850),.UNSPECIFIED.,
 .F.,.F.,(2,1,2),(-22.4980281852188,-22.074040885635,-1.55294353823501),
 .UNSPECIFIED.);
#1385=B_SPLINE_CURVE_WITH_KNOTS('',1,(#2851,#2852),.UNSPECIFIED.,.F.,.F.,
(2,2),(5.15330609720655,8.59803022451954),.UNSPECIFIED.);
#1386=B_SPLINE_CURVE_WITH_KNOTS('',1,(#2868,#2869),.UNSPECIFIED.,.F.,.F.,
(2,2),(2.0153561002735,8.59803022451954),.UNSPECIFIED.);
#1387=B_SPLINE_CURVE_WITH_KNOTS('',1,(#2870,#2871),.UNSPECIFIED.,.F.,.F.,
(2,2),(-25.0152554462699,-23.7142040141261),.UNSPECIFIED.);
#1388=B_SPLINE_CURVE_WITH_KNOTS('',3,(#2877,#2878,#2879,#2880),
 .UNSPECIFIED.,.F.,.F.,(4,4),(0.674789398144163,2.23897997572259),
 .UNSPECIFIED.);
#1389=B_SPLINE_CURVE_WITH_KNOTS('',3,(#2881,#2882,#2883,#2884),
 .UNSPECIFIED.,.F.,.F.,(4,4),(0.251304984307743,0.638302097417936),
 .UNSPECIFIED.);
#1390=B_SPLINE_CURVE_WITH_KNOTS('',3,(#2888,#2889,#2890,#2891,#2892,#2893,
#2894,#2895,#2896,#2897,#2898,#2899,#2900,#2901),.UNSPECIFIED.,.F.,.F.,
(4,2,2,2,2,2,4),(0.,0.678717290686033,1.01932871738731,1.36180474552709,
1.71664978000788,2.06760341628803,2.73940686293534),.UNSPECIFIED.);
#1391=B_SPLINE_CURVE_WITH_KNOTS('',1,(#2902,#2903),.UNSPECIFIED.,.F.,.F.,
(2,2),(0.319657384879786,6.42762682718725),.UNSPECIFIED.);
#1392=B_SPLINE_CURVE_WITH_KNOTS('',1,(#2904,#2905),.UNSPECIFIED.,.F.,.F.,
(2,2),(1.19315284346985,8.80684715653056),.UNSPECIFIED.);
#1393=B_SPLINE_CURVE_WITH_KNOTS('',1,(#2906,#2907),.UNSPECIFIED.,.F.,.F.,
(2,2),(1.19315284346984,8.80684715653057),.UNSPECIFIED.);
#1394=B_SPLINE_CURVE_WITH_KNOTS('',1,(#2908,#2909),.UNSPECIFIED.,.F.,.F.,
(2,2),(1.54275643254012,1.97989898732234),.UNSPECIFIED.);
#1395=B_SPLINE_CURVE_WITH_KNOTS('',1,(#2910,#2911),.UNSPECIFIED.,.F.,.F.,
(2,2),(2.1172286652084,6.00900925428632),.UNSPECIFIED.);
#1396=B_SPLINE_CURVE_WITH_KNOTS('',1,(#2912,#2913),.UNSPECIFIED.,.F.,.F.,
(2,2),(2.1172286652084,7.83159562381514),.UNSPECIFIED.);
#1397=B_SPLINE_CURVE_WITH_KNOTS('',1,(#2924,#2925),.UNSPECIFIED.,.F.,.F.,
(2,2),(-1.89178058907793,1.10744746706359E-14),.UNSPECIFIED.);
#1398=B_SPLINE_CURVE_WITH_KNOTS('',1,(#2926,#2927),.UNSPECIFIED.,.F.,.F.,
(2,2),(-3.09752223870419E-14,1.89178058907791),.UNSPECIFIED.);
#1399=B_SPLINE_CURVE_WITH_KNOTS('',1,(#2928,#2929),.UNSPECIFIED.,.F.,.F.,
(2,2),(-0.861808695521197,8.60422844084496E-15),.UNSPECIFIED.);
#1400=B_SPLINE_CURVE_WITH_KNOTS('',1,(#2930,#2931),.UNSPECIFIED.,.F.,.F.,
(2,2),(-2.86992651865603E-14,0.861808695521197),.UNSPECIFIED.);
#1401=B_SPLINE_CURVE_WITH_KNOTS('',1,(#2935,#2936),.UNSPECIFIED.,.F.,.F.,
(2,2),(-24.5858351085902,-22.6358351085902),.UNSPECIFIED.);
#1402=B_SPLINE_CURVE_WITH_KNOTS('',1,(#2940,#2941),.UNSPECIFIED.,.F.,.F.,
(2,2),(-33.1053809378033,-32.434493861331),.UNSPECIFIED.);
#1403=B_SPLINE_CURVE_WITH_KNOTS('',1,(#2942,#2943),.UNSPECIFIED.,.F.,.F.,
(2,2),(26.9812995069532,27.4139300116206),.UNSPECIFIED.);
#1404=B_SPLINE_CURVE_WITH_KNOTS('',1,(#2947,#2948),.UNSPECIFIED.,.F.,.F.,
(2,2),(22.6358351085902,24.5858351085902),.UNSPECIFIED.);
#1405=B_SPLINE_CURVE_WITH_KNOTS('',1,(#2956,#2957),.UNSPECIFIED.,.F.,.F.,
(2,2),(4.83000000000001,5.44745315593198),.UNSPECIFIED.);
#1406=B_SPLINE_CURVE_WITH_KNOTS('',1,(#2958,#2959),.UNSPECIFIED.,.F.,.F.,
(2,2),(4.82999999999998,5.44745315593198),.UNSPECIFIED.);
#1407=B_SPLINE_CURVE_WITH_KNOTS('',1,(#2960,#2961),.UNSPECIFIED.,.F.,.F.,
(2,2),(1.,3.75193118275998),.UNSPECIFIED.);
#1408=B_SPLINE_CURVE_WITH_KNOTS('',1,(#2962,#2963),.UNSPECIFIED.,.F.,.F.,
(2,2),(1.,3.75193118275998),.UNSPECIFIED.);
#1409=B_SPLINE_CURVE_WITH_KNOTS('',1,(#2966,#2967),.UNSPECIFIED.,.F.,.F.,
(2,2),(1.,3.75193118275998),.UNSPECIFIED.);
#1410=B_SPLINE_CURVE_WITH_KNOTS('',1,(#3000,#3001),.UNSPECIFIED.,.F.,.F.,
(2,2),(0.153414335480622,1.56755769028625),.UNSPECIFIED.);
#1411=B_SPLINE_CURVE_WITH_KNOTS('',1,(#3007,#3008),.UNSPECIFIED.,.F.,.F.,
(2,2),(0.237000000000066,2.48700000000005),.UNSPECIFIED.);
#1412=B_SPLINE_CURVE_WITH_KNOTS('',1,(#3329,#3330),.UNSPECIFIED.,.F.,.F.,
(2,2),(0.,6.00000000000037),.UNSPECIFIED.);
#1413=B_SPLINE_CURVE_WITH_KNOTS('',1,(#3348,#3349),.UNSPECIFIED.,.F.,.F.,
(2,2),(0.15341433548058,1.56755769028625),.UNSPECIFIED.);
#1414=B_SPLINE_CURVE_WITH_KNOTS('',1,(#3350,#3351),.UNSPECIFIED.,.F.,.F.,
(2,2),(0.,1.60549987697298),.UNSPECIFIED.);
#1415=B_SPLINE_CURVE_WITH_KNOTS('',1,(#3357,#3358),.UNSPECIFIED.,.F.,.F.,
(2,2),(0.,1.60549987697299),.UNSPECIFIED.);
#1416=B_SPLINE_CURVE_WITH_KNOTS('',1,(#3362,#3363),.UNSPECIFIED.,.F.,.F.,
(2,2),(0.,6.00000000000038),.UNSPECIFIED.);
#1417=B_SPLINE_CURVE_WITH_KNOTS('',5,(#3372,#3373,#3374,#3375,#3376,#3377),
 .UNSPECIFIED.,.F.,.F.,(6,6),(-0.883185680012953,0.),.UNSPECIFIED.);
#1418=B_SPLINE_CURVE_WITH_KNOTS('',1,(#3378,#3379),.UNSPECIFIED.,.F.,.F.,
(2,2),(0.,6.00000000000039),.UNSPECIFIED.);
#1419=B_SPLINE_CURVE_WITH_KNOTS('',5,(#3380,#3381,#3382,#3383,#3384,#3385),
 .UNSPECIFIED.,.F.,.F.,(6,6),(0.,0.883185680012923),.UNSPECIFIED.);
#1420=B_SPLINE_CURVE_WITH_KNOTS('',1,(#3386,#3387),.UNSPECIFIED.,.F.,.F.,
(2,2),(0.,1.89178058907795),.UNSPECIFIED.);
#1421=B_SPLINE_CURVE_WITH_KNOTS('',1,(#3388,#3389),.UNSPECIFIED.,.F.,.F.,
(2,2),(0.,2.08696856537199),.UNSPECIFIED.);
#1422=B_SPLINE_CURVE_WITH_KNOTS('',1,(#3390,#3391),.UNSPECIFIED.,.F.,.F.,
(2,2),(0.,10.0000000000007),.UNSPECIFIED.);
#1423=B_SPLINE_CURVE_WITH_KNOTS('',1,(#3392,#3393),.UNSPECIFIED.,.F.,.F.,
(2,2),(0.,2.08696856537199),.UNSPECIFIED.);
#1424=B_SPLINE_CURVE_WITH_KNOTS('',1,(#3394,#3395),.UNSPECIFIED.,.F.,.F.,
(2,2),(0.,0.466515841395989),.UNSPECIFIED.);
#1425=B_SPLINE_CURVE_WITH_KNOTS('',1,(#3396,#3397),.UNSPECIFIED.,.F.,.F.,
(2,2),(0.,1.95),.UNSPECIFIED.);
#1426=B_SPLINE_CURVE_WITH_KNOTS('',1,(#3398,#3399),.UNSPECIFIED.,.F.,.F.,
(2,2),(0.,0.466515841395989),.UNSPECIFIED.);
#1427=B_SPLINE_CURVE_WITH_KNOTS('',1,(#3402,#3403),.UNSPECIFIED.,.F.,.F.,
(2,2),(0.,0.437142554781799),.UNSPECIFIED.);
#1428=B_SPLINE_CURVE_WITH_KNOTS('',1,(#3404,#3405),.UNSPECIFIED.,.F.,.F.,
(2,2),(0.,4.13984940631795),.UNSPECIFIED.);
#1429=B_SPLINE_CURVE_WITH_KNOTS('',1,(#3406,#3407),.UNSPECIFIED.,.F.,.F.,
(2,2),(0.,1.95),.UNSPECIFIED.);
#1430=B_SPLINE_CURVE_WITH_KNOTS('',1,(#3408,#3409),.UNSPECIFIED.,.F.,.F.,
(2,2),(0.,4.13984940631795),.UNSPECIFIED.);
#1431=B_SPLINE_CURVE_WITH_KNOTS('',1,(#3421,#3422),.UNSPECIFIED.,.F.,.F.,
(2,2),(-4.13984940631795,0.),.UNSPECIFIED.);
#1432=B_SPLINE_CURVE_WITH_KNOTS('',1,(#3426,#3427),.UNSPECIFIED.,.F.,.F.,
(2,2),(0.,4.83000000000001),.UNSPECIFIED.);
#1433=B_SPLINE_CURVE_WITH_KNOTS('',1,(#3428,#3429),.UNSPECIFIED.,.F.,.F.,
(2,2),(0.,4.82999999999998),.UNSPECIFIED.);
#1434=B_SPLINE_CURVE_WITH_KNOTS('',1,(#3460,#3461),.UNSPECIFIED.,.F.,.F.,
(2,2),(0.237000000000081,2.48700000000005),.UNSPECIFIED.);
#1435=B_SPLINE_CURVE_WITH_KNOTS('',1,(#3473,#3474),.UNSPECIFIED.,.F.,.F.,
(2,2),(8.04911692853238E-15,0.218019749002179),.UNSPECIFIED.);
#1436=B_SPLINE_CURVE_WITH_KNOTS('',1,(#3481,#3482),.UNSPECIFIED.,.F.,.F.,
(2,2),(0.0648811330960091,1.55294353823501),.UNSPECIFIED.);
#1437=B_SPLINE_CURVE_WITH_KNOTS('',1,(#3483,#3484),.UNSPECIFIED.,.F.,.F.,
(2,2),(13.977028323975,22.694827574982),.UNSPECIFIED.);
#1438=B_SPLINE_CURVE_WITH_KNOTS('',5,(#3491,#3492,#3493,#3494,#3495,#3496),
 .UNSPECIFIED.,.F.,.F.,(6,6),(-1.,5.50531842335999E-14),.UNSPECIFIED.);
#1439=B_SPLINE_CURVE_WITH_KNOTS('',5,(#3497,#3498,#3499,#3500,#3501,#3502),
 .UNSPECIFIED.,.F.,.F.,(6,6),(-4.77334518065822E-14,1.00000000000001),
 .UNSPECIFIED.);
#1440=B_SPLINE_CURVE_WITH_KNOTS('',1,(#3503,#3504),.UNSPECIFIED.,.F.,.F.,
(2,2),(-4.00000000000001,-2.10821941092207),.UNSPECIFIED.);
#1441=B_SPLINE_CURVE_WITH_KNOTS('',1,(#3539,#3540),.UNSPECIFIED.,.F.,.F.,
(2,2),(-25.0152554462695,-23.7142040141261),.UNSPECIFIED.);
#1442=B_SPLINE_CURVE_WITH_KNOTS('',3,(#3547,#3548,#3549,#3550,#3551,#3552,
#3553,#3554,#3555,#3556,#3557,#3558,#3559,#3560),.UNSPECIFIED.,.F.,.F.,
(4,2,2,2,2,2,4),(0.,0.67871729068581,1.01932871738632,1.36180474552633,
1.71664978000732,2.06760341628772,2.73940686293511),.UNSPECIFIED.);
#1443=B_SPLINE_CURVE_WITH_KNOTS('',1,(#3561,#3562),.UNSPECIFIED.,.F.,.F.,
(2,2),(-1.49045000000002,-1.39955),.UNSPECIFIED.);
#1444=B_SPLINE_CURVE_WITH_KNOTS('',3,(#3563,#3564,#3565,#3566),
 .UNSPECIFIED.,.F.,.F.,(4,4),(0.674789398145347,2.23897997572293),
 .UNSPECIFIED.);
#1445=B_SPLINE_CURVE_WITH_KNOTS('',3,(#3567,#3568,#3569,#3570),
 .UNSPECIFIED.,.F.,.F.,(4,4),(0.251304984307763,0.638302097418944),
 .UNSPECIFIED.);
#1446=B_SPLINE_CURVE_WITH_KNOTS('',1,(#3571,#3572),.UNSPECIFIED.,.F.,.F.,
(2,2),(-9.69089353516859,-3.10821941092206),.UNSPECIFIED.);
#1447=B_SPLINE_CURVE_WITH_KNOTS('',1,(#3573,#3574),.UNSPECIFIED.,.F.,.F.,
(2,2),(5.15330609720658,8.59803022451951),.UNSPECIFIED.);
#1448=B_SPLINE_CURVE_WITH_KNOTS('',1,(#3575,#3576),.UNSPECIFIED.,.F.,.F.,
(2,2),(0.218019749002179,2.00000000000131),.UNSPECIFIED.);
#1449=B_SPLINE_CURVE_WITH_KNOTS('',1,(#3577,#3578),.UNSPECIFIED.,.F.,.F.,
(2,2),(2.1172286652084,6.00900925428632),.UNSPECIFIED.);
#1450=B_SPLINE_CURVE_WITH_KNOTS('',1,(#3579,#3580),.UNSPECIFIED.,.F.,.F.,
(2,2),(2.1172286652084,7.8315956238158),.UNSPECIFIED.);
#1451=B_SPLINE_CURVE_WITH_KNOTS('',1,(#3581,#3582,#3583),.UNSPECIFIED.,
 .F.,.F.,(2,1,2),(2.61101295213623,3.03500025172005,10.241053950735),
 .UNSPECIFIED.);
#1452=B_SPLINE_CURVE_WITH_KNOTS('',1,(#3584,#3585,#3586),.UNSPECIFIED.,
 .F.,.F.,(2,1,2),(-22.4980281852188,-22.074040885635,-1.55294353823501),
 .UNSPECIFIED.);
#1453=B_SPLINE_CURVE_WITH_KNOTS('',1,(#3587,#3588),.UNSPECIFIED.,.F.,.F.,
(2,2),(5.15330609720655,8.59803022451954),.UNSPECIFIED.);
#1454=B_SPLINE_CURVE_WITH_KNOTS('',1,(#3598,#3599),.UNSPECIFIED.,.F.,.F.,
(2,2),(2.0153561002735,8.59803022451954),.UNSPECIFIED.);
#1455=B_SPLINE_CURVE_WITH_KNOTS('',1,(#3600,#3601),.UNSPECIFIED.,.F.,.F.,
(2,2),(-25.0152554462699,-23.7142040141261),.UNSPECIFIED.);
#1456=B_SPLINE_CURVE_WITH_KNOTS('',3,(#3607,#3608,#3609,#3610),
 .UNSPECIFIED.,.F.,.F.,(4,4),(0.674789398144163,2.23897997572259),
 .UNSPECIFIED.);
#1457=B_SPLINE_CURVE_WITH_KNOTS('',3,(#3611,#3612,#3613,#3614),
 .UNSPECIFIED.,.F.,.F.,(4,4),(0.251304984307743,0.638302097417936),
 .UNSPECIFIED.);
#1458=B_SPLINE_CURVE_WITH_KNOTS('',3,(#3618,#3619,#3620,#3621,#3622,#3623,
#3624,#3625,#3626,#3627,#3628,#3629,#3630,#3631),.UNSPECIFIED.,.F.,.F.,
(4,2,2,2,2,2,4),(0.,0.678717290686033,1.01932871738731,1.36180474552709,
1.71664978000788,2.06760341628803,2.73940686293534),.UNSPECIFIED.);
#1459=B_SPLINE_CURVE_WITH_KNOTS('',1,(#3632,#3633),.UNSPECIFIED.,.F.,.F.,
(2,2),(0.319657384879786,6.42762682718725),.UNSPECIFIED.);
#1460=B_SPLINE_CURVE_WITH_KNOTS('',1,(#3634,#3635),.UNSPECIFIED.,.F.,.F.,
(2,2),(1.19315284346985,8.80684715653056),.UNSPECIFIED.);
#1461=B_SPLINE_CURVE_WITH_KNOTS('',1,(#3636,#3637),.UNSPECIFIED.,.F.,.F.,
(2,2),(1.19315284346984,8.80684715653057),.UNSPECIFIED.);
#1462=B_SPLINE_CURVE_WITH_KNOTS('',1,(#3638,#3639),.UNSPECIFIED.,.F.,.F.,
(2,2),(1.54275643254012,1.97989898732234),.UNSPECIFIED.);
#1463=B_SPLINE_CURVE_WITH_KNOTS('',1,(#3640,#3641),.UNSPECIFIED.,.F.,.F.,
(2,2),(2.1172286652084,6.00900925428632),.UNSPECIFIED.);
#1464=B_SPLINE_CURVE_WITH_KNOTS('',1,(#3642,#3643),.UNSPECIFIED.,.F.,.F.,
(2,2),(2.1172286652084,7.83159562381514),.UNSPECIFIED.);
#1465=B_SPLINE_CURVE_WITH_KNOTS('',1,(#3657,#3658),.UNSPECIFIED.,.F.,.F.,
(2,2),(-24.5858351085902,-22.6358351085902),.UNSPECIFIED.);
#1466=B_SPLINE_CURVE_WITH_KNOTS('',1,(#3662,#3663),.UNSPECIFIED.,.F.,.F.,
(2,2),(4.83000000000001,5.44289470161252),.UNSPECIFIED.);
#1467=B_SPLINE_CURVE_WITH_KNOTS('',1,(#3664,#3665),.UNSPECIFIED.,.F.,.F.,
(2,2),(4.82999999999998,5.44289470161252),.UNSPECIFIED.);
#1468=B_SPLINE_CURVE_WITH_KNOTS('',1,(#3666,#3667),.UNSPECIFIED.,.F.,.F.,
(2,2),(1.,1.93154425805788),.UNSPECIFIED.);
#1469=B_SPLINE_CURVE_WITH_KNOTS('',1,(#3668,#3669),.UNSPECIFIED.,.F.,.F.,
(2,2),(1.,1.9315442580579),.UNSPECIFIED.);
#1470=B_SPLINE_CURVE_WITH_KNOTS('',1,(#3672,#3673),.UNSPECIFIED.,.F.,.F.,
(2,2),(1.,2.08928809264471),.UNSPECIFIED.);
#1471=B_SPLINE_CURVE_WITH_KNOTS('',1,(#3674,#3675),.UNSPECIFIED.,.F.,.F.,
(2,2),(-68.2066005077808,-65.5605529557937),.UNSPECIFIED.);
#1472=B_SPLINE_CURVE_WITH_KNOTS('',1,(#3681,#3682),.UNSPECIFIED.,.F.,.F.,
(2,2),(34.786580806856,35.4942095035917),.UNSPECIFIED.);
#1473=B_SPLINE_CURVE_WITH_KNOTS('',1,(#3686,#3687),.UNSPECIFIED.,.F.,.F.,
(2,2),(123.984584565514,125.246106934429),.UNSPECIFIED.);
#1474=B_SPLINE_CURVE_WITH_KNOTS('',1,(#3691,#3692),.UNSPECIFIED.,.F.,.F.,
(2,2),(65.4176510850038,68.2066005077808),.UNSPECIFIED.);
#1475=B_SPLINE_CURVE_WITH_KNOTS('',1,(#3698,#3699),.UNSPECIFIED.,.F.,.F.,
(2,2),(-127.393818596754,-126.463474087695),.UNSPECIFIED.);
#1476=B_SPLINE_CURVE_WITH_KNOTS('',1,(#3703,#3704),.UNSPECIFIED.,.F.,.F.,
(2,2),(-125.246106934429,-123.984584565514),.UNSPECIFIED.);
#1477=B_SPLINE_CURVE_WITH_KNOTS('',1,(#3708,#3709),.UNSPECIFIED.,.F.,.F.,
(2,2),(-68.2066005077808,-65.4176510850038),.UNSPECIFIED.);
#1478=B_SPLINE_CURVE_WITH_KNOTS('',3,(#3712,#3713,#3714,#3715),
 .UNSPECIFIED.,.F.,.F.,(4,4),(0.,0.181900033927683),.UNSPECIFIED.);
#1479=B_SPLINE_CURVE_WITH_KNOTS('',3,(#3719,#3720,#3721,#3722,#3723,#3724,
#3725,#3726,#3727,#3728,#3729),.UNSPECIFIED.,.F.,.F.,(4,2,2,3,4),(0.,0.303105194272055,
0.60580292079373,1.21038729057053,1.46211270046605),.UNSPECIFIED.);
#1480=B_SPLINE_CURVE_WITH_KNOTS('',1,(#3730,#3731),.UNSPECIFIED.,.F.,.F.,
(2,2),(22.6358351085902,24.5858351085902),.UNSPECIFIED.);
#1481=B_SPLINE_CURVE_WITH_KNOTS('',3,(#3732,#3733,#3734,#3735),
 .UNSPECIFIED.,.F.,.F.,(4,4),(0.,0.181900033927683),.UNSPECIFIED.);
#1482=B_SPLINE_CURVE_WITH_KNOTS('',3,(#3739,#3740,#3741,#3742,#3743,#3744,
#3745,#3746,#3747,#3748,#3749),.UNSPECIFIED.,.F.,.F.,(4,3,2,2,4),(0.,0.25172540989569,
0.856309779833575,1.15900750623016,1.46211270046847),.UNSPECIFIED.);
#1483=B_SPLINE_CURVE_WITH_KNOTS('',1,(#3750,#3751),.UNSPECIFIED.,.F.,.F.,
(2,2),(65.5605529557937,68.2066005077808),.UNSPECIFIED.);
#1484=B_SPLINE_CURVE_WITH_KNOTS('',1,(#3755,#3756),.UNSPECIFIED.,.F.,.F.,
(2,2),(-65.5605529557936,-65.4176510850038),.UNSPECIFIED.);
#1485=B_SPLINE_CURVE_WITH_KNOTS('',1,(#3760,#3761),.UNSPECIFIED.,.F.,.F.,
(2,2),(65.4176510850038,65.5605529557936),.UNSPECIFIED.);
#1486=B_SPLINE_CURVE_WITH_KNOTS('',1,(#3770,#3771),.UNSPECIFIED.,.F.,.F.,
(2,2),(7.20438099282541,10.2389332110096),.UNSPECIFIED.);
#1487=B_SPLINE_CURVE_WITH_KNOTS('',1,(#3772,#3773),.UNSPECIFIED.,.F.,.F.,
(2,2),(0.23893321100923,2.77348542919303),.UNSPECIFIED.);
#1488=B_SPLINE_CURVE_WITH_KNOTS('',1,(#3776,#3777),.UNSPECIFIED.,.F.,.F.,
(2,2),(0.238933211009229,10.2389332110096),.UNSPECIFIED.);
#1489=B_SPLINE_CURVE_WITH_KNOTS('',1,(#3800,#3801),.UNSPECIFIED.,.F.,.F.,
(2,2),(0.153414335480622,1.56755769028625),.UNSPECIFIED.);
#1490=B_SPLINE_CURVE_WITH_KNOTS('',1,(#3807,#3808),.UNSPECIFIED.,.F.,.F.,
(2,2),(0.237000000000081,2.48700000000005),.UNSPECIFIED.);
#1491=(
BOUNDED_CURVE()
B_SPLINE_CURVE(2,(#2505,#2506,#2507),.UNSPECIFIED.,.F.,.F.)
B_SPLINE_CURVE_WITH_KNOTS((3,3),(0.,3.38680609950916),.UNSPECIFIED.)
CURVE()
GEOMETRIC_REPRESENTATION_ITEM()
RATIONAL_B_SPLINE_CURVE((1.,0.749588404655884,1.))
REPRESENTATION_ITEM('')
);
#1492=(
BOUNDED_CURVE()
B_SPLINE_CURVE(1,(#2508,#2509),.UNSPECIFIED.,.F.,.F.)
B_SPLINE_CURVE_WITH_KNOTS((2,2),(0.,2.7500000000007),.UNSPECIFIED.)
CURVE()
GEOMETRIC_REPRESENTATION_ITEM()
RATIONAL_B_SPLINE_CURVE((1.,1.))
REPRESENTATION_ITEM('')
);
#1493=(
BOUNDED_CURVE()
B_SPLINE_CURVE(2,(#2510,#2511,#2512),.UNSPECIFIED.,.F.,.F.)
B_SPLINE_CURVE_WITH_KNOTS((3,3),(0.,3.38680609950915),.UNSPECIFIED.)
CURVE()
GEOMETRIC_REPRESENTATION_ITEM()
RATIONAL_B_SPLINE_CURVE((1.,0.749588404655896,1.))
REPRESENTATION_ITEM('')
);
#1494=(
BOUNDED_CURVE()
B_SPLINE_CURVE(1,(#2513,#2514),.UNSPECIFIED.,.F.,.F.)
B_SPLINE_CURVE_WITH_KNOTS((2,2),(0.,2.7500000000004),.UNSPECIFIED.)
CURVE()
GEOMETRIC_REPRESENTATION_ITEM()
RATIONAL_B_SPLINE_CURVE((1.,1.))
REPRESENTATION_ITEM('')
);
#1495=(
BOUNDED_CURVE()
B_SPLINE_CURVE(5,(#2515,#2516,#2517,#2518,#2519,#2520),.UNSPECIFIED.,.F.,
 .F.)
B_SPLINE_CURVE_WITH_KNOTS((6,6),(0.,2.54300471164347),.UNSPECIFIED.)
CURVE()
GEOMETRIC_REPRESENTATION_ITEM()
RATIONAL_B_SPLINE_CURVE((1.,1.,1.,1.,1.,1.))
REPRESENTATION_ITEM('')
);
#1496=(
BOUNDED_CURVE()
B_SPLINE_CURVE(1,(#2521,#2522),.UNSPECIFIED.,.F.,.F.)
B_SPLINE_CURVE_WITH_KNOTS((2,2),(0.,2.7500000000007),.UNSPECIFIED.)
CURVE()
GEOMETRIC_REPRESENTATION_ITEM()
RATIONAL_B_SPLINE_CURVE((1.,1.))
REPRESENTATION_ITEM('')
);
#1497=(
BOUNDED_CURVE()
B_SPLINE_CURVE(5,(#2523,#2524,#2525,#2526,#2527,#2528),.UNSPECIFIED.,.F.,
 .F.)
B_SPLINE_CURVE_WITH_KNOTS((6,6),(0.,2.54300471164347),.UNSPECIFIED.)
CURVE()
GEOMETRIC_REPRESENTATION_ITEM()
RATIONAL_B_SPLINE_CURVE((1.,1.,1.,1.,1.,1.))
REPRESENTATION_ITEM('')
);
#1498=(
BOUNDED_CURVE()
B_SPLINE_CURVE(5,(#2529,#2530,#2531,#2532,#2533,#2534),.UNSPECIFIED.,.F.,
 .F.)
B_SPLINE_CURVE_WITH_KNOTS((6,6),(0.,0.815815072742178),.UNSPECIFIED.)
CURVE()
GEOMETRIC_REPRESENTATION_ITEM()
RATIONAL_B_SPLINE_CURVE((1.,1.,1.,1.,1.,1.))
REPRESENTATION_ITEM('')
);
#1499=(
BOUNDED_CURVE()
B_SPLINE_CURVE(1,(#2535,#2536),.UNSPECIFIED.,.F.,.F.)
B_SPLINE_CURVE_WITH_KNOTS((2,2),(0.,6.00000000000037),.UNSPECIFIED.)
CURVE()
GEOMETRIC_REPRESENTATION_ITEM()
RATIONAL_B_SPLINE_CURVE((1.,1.))
REPRESENTATION_ITEM('')
);
#1500=(
BOUNDED_CURVE()
B_SPLINE_CURVE(5,(#2537,#2538,#2539,#2540,#2541,#2542),.UNSPECIFIED.,.F.,
 .F.)
B_SPLINE_CURVE_WITH_KNOTS((6,6),(0.,1.78198025099921),.UNSPECIFIED.)
CURVE()
GEOMETRIC_REPRESENTATION_ITEM()
RATIONAL_B_SPLINE_CURVE((1.,1.,1.,1.,1.,1.))
REPRESENTATION_ITEM('')
);
#1501=(
BOUNDED_CURVE()
B_SPLINE_CURVE(5,(#2543,#2544,#2545,#2546,#2547,#2548),.UNSPECIFIED.,.F.,
 .F.)
B_SPLINE_CURVE_WITH_KNOTS((6,6),(0.,0.374574753561825),.UNSPECIFIED.)
CURVE()
GEOMETRIC_REPRESENTATION_ITEM()
RATIONAL_B_SPLINE_CURVE((1.,1.,1.,1.,1.,1.))
REPRESENTATION_ITEM('')
);
#1502=(
BOUNDED_CURVE()
B_SPLINE_CURVE(1,(#2549,#2550),.UNSPECIFIED.,.F.,.F.)
B_SPLINE_CURVE_WITH_KNOTS((2,2),(0.,2.24999999999996),.UNSPECIFIED.)
CURVE()
GEOMETRIC_REPRESENTATION_ITEM()
RATIONAL_B_SPLINE_CURVE((1.,1.))
REPRESENTATION_ITEM('')
);
#1503=(
BOUNDED_CURVE()
B_SPLINE_CURVE(5,(#2553,#2554,#2555,#2556,#2557,#2558),.UNSPECIFIED.,.F.,
 .F.)
B_SPLINE_CURVE_WITH_KNOTS((6,6),(0.,1.89178058907794),.UNSPECIFIED.)
CURVE()
GEOMETRIC_REPRESENTATION_ITEM()
RATIONAL_B_SPLINE_CURVE((1.,1.,1.,1.,1.,1.))
REPRESENTATION_ITEM('')
);
#1504=(
BOUNDED_CURVE()
B_SPLINE_CURVE(1,(#2559,#2560),.UNSPECIFIED.,.F.,.F.)
B_SPLINE_CURVE_WITH_KNOTS((2,2),(0.,2.24999999999996),.UNSPECIFIED.)
CURVE()
GEOMETRIC_REPRESENTATION_ITEM()
RATIONAL_B_SPLINE_CURVE((1.,1.))
REPRESENTATION_ITEM('')
);
#1505=(
BOUNDED_CURVE()
B_SPLINE_CURVE(5,(#2561,#2562,#2563,#2564,#2565,#2566),.UNSPECIFIED.,.F.,
 .F.)
B_SPLINE_CURVE_WITH_KNOTS((6,6),(0.,1.89178058907794),.UNSPECIFIED.)
CURVE()
GEOMETRIC_REPRESENTATION_ITEM()
RATIONAL_B_SPLINE_CURVE((1.,1.,1.,1.,1.,1.))
REPRESENTATION_ITEM('')
);
#1506=(
BOUNDED_CURVE()
B_SPLINE_CURVE(5,(#2567,#2568,#2569,#2570,#2571,#2572,#2573,#2574,#2575,
#2576,#2577),.UNSPECIFIED.,.F.,.F.)
B_SPLINE_CURVE_WITH_KNOTS((6,5,6),(0.,2.50481921959751,2.79511734558708),
 .UNSPECIFIED.)
CURVE()
GEOMETRIC_REPRESENTATION_ITEM()
RATIONAL_B_SPLINE_CURVE((1.,1.,1.,1.,1.,1.,1.,1.,1.,1.,1.))
REPRESENTATION_ITEM('')
);
#1507=(
BOUNDED_CURVE()
B_SPLINE_CURVE(1,(#2578,#2579),.UNSPECIFIED.,.F.,.F.)
B_SPLINE_CURVE_WITH_KNOTS((2,2),(0.,2.25),.UNSPECIFIED.)
CURVE()
GEOMETRIC_REPRESENTATION_ITEM()
RATIONAL_B_SPLINE_CURVE((1.,1.))
REPRESENTATION_ITEM('')
);
#1508=(
BOUNDED_CURVE()
B_SPLINE_CURVE(5,(#2580,#2581,#2582,#2583,#2584,#2585,#2586,#2587,#2588,
#2589,#2590),.UNSPECIFIED.,.F.,.F.)
B_SPLINE_CURVE_WITH_KNOTS((6,5,6),(0.,0.290298125989568,2.79511734558709),
 .UNSPECIFIED.)
CURVE()
GEOMETRIC_REPRESENTATION_ITEM()
RATIONAL_B_SPLINE_CURVE((1.,1.,1.,1.,1.,1.,1.,1.,1.,1.,1.))
REPRESENTATION_ITEM('')
);
#1509=(
BOUNDED_CURVE()
B_SPLINE_CURVE(2,(#2591,#2592,#2593,#2594,#2595),.UNSPECIFIED.,.F.,.F.)
B_SPLINE_CURVE_WITH_KNOTS((3,2,3),(-6.28318530717944,-4.71238898038469,
-3.14159265358994),.UNSPECIFIED.)
CURVE()
GEOMETRIC_REPRESENTATION_ITEM()
RATIONAL_B_SPLINE_CURVE((1.,0.707106781186588,1.,0.707106781186588,1.))
REPRESENTATION_ITEM('')
);
#1510=(
BOUNDED_CURVE()
B_SPLINE_CURVE(2,(#2596,#2597,#2598,#2599,#2600),.UNSPECIFIED.,.F.,.F.)
B_SPLINE_CURVE_WITH_KNOTS((3,2,3),(-3.14159265358979,-1.5707963267949,0.),
 .UNSPECIFIED.)
CURVE()
GEOMETRIC_REPRESENTATION_ITEM()
RATIONAL_B_SPLINE_CURVE((1.,0.707106781186553,1.,0.707106781186553,1.))
REPRESENTATION_ITEM('')
);
#1511=(
BOUNDED_CURVE()
B_SPLINE_CURVE(2,(#2601,#2602,#2603,#2604,#2605),.UNSPECIFIED.,.F.,.F.)
B_SPLINE_CURVE_WITH_KNOTS((3,2,3),(-3.14159265358979,-1.5707963267949,0.),
 .UNSPECIFIED.)
CURVE()
GEOMETRIC_REPRESENTATION_ITEM()
RATIONAL_B_SPLINE_CURVE((1.,0.707106781186548,1.,0.707106781186548,1.))
REPRESENTATION_ITEM('')
);
#1512=(
BOUNDED_CURVE()
B_SPLINE_CURVE(2,(#2610,#2611,#2612,#2613,#2614),.UNSPECIFIED.,.F.,.F.)
B_SPLINE_CURVE_WITH_KNOTS((3,2,3),(0.,2.96970213439261,5.93940426878522),
 .UNSPECIFIED.)
CURVE()
GEOMETRIC_REPRESENTATION_ITEM()
RATIONAL_B_SPLINE_CURVE((1.,0.707106781186545,1.,0.707106781186545,1.))
REPRESENTATION_ITEM('')
);
#1513=(
BOUNDED_CURVE()
B_SPLINE_CURVE(2,(#2617,#2618,#2619),.UNSPECIFIED.,.F.,.F.)
B_SPLINE_CURVE_WITH_KNOTS((3,3),(0.,8.71779925100699),.UNSPECIFIED.)
CURVE()
GEOMETRIC_REPRESENTATION_ITEM()
RATIONAL_B_SPLINE_CURVE((1.,1.,1.))
REPRESENTATION_ITEM('')
);
#1514=(
BOUNDED_CURVE()
B_SPLINE_CURVE(1,(#2622,#2623),.UNSPECIFIED.,.F.,.F.)
B_SPLINE_CURVE_WITH_KNOTS((2,2),(-6.5000000000004,-0.500000000000008),
 .UNSPECIFIED.)
CURVE()
GEOMETRIC_REPRESENTATION_ITEM()
RATIONAL_B_SPLINE_CURVE((1.,1.))
REPRESENTATION_ITEM('')
);
#1515=(
BOUNDED_CURVE()
B_SPLINE_CURVE(2,(#2624,#2625,#2626),.UNSPECIFIED.,.F.,.F.)
B_SPLINE_CURVE_WITH_KNOTS((3,3),(-1.26997189744301,0.),.UNSPECIFIED.)
CURVE()
GEOMETRIC_REPRESENTATION_ITEM()
RATIONAL_B_SPLINE_CURVE((1.,0.914557336889865,1.))
REPRESENTATION_ITEM('')
);
#1516=(
BOUNDED_CURVE()
B_SPLINE_CURVE(2,(#2627,#2628,#2629),.UNSPECIFIED.,.F.,.F.)
B_SPLINE_CURVE_WITH_KNOTS((3,3),(-1.269971897443,0.),.UNSPECIFIED.)
CURVE()
GEOMETRIC_REPRESENTATION_ITEM()
RATIONAL_B_SPLINE_CURVE((1.,0.914557336889848,1.))
REPRESENTATION_ITEM('')
);
#1517=(
BOUNDED_CURVE()
B_SPLINE_CURVE(1,(#2658,#2659),.UNSPECIFIED.,.F.,.F.)
B_SPLINE_CURVE_WITH_KNOTS((2,2),(0.,2.25),.UNSPECIFIED.)
CURVE()
GEOMETRIC_REPRESENTATION_ITEM()
RATIONAL_B_SPLINE_CURVE((1.,1.))
REPRESENTATION_ITEM('')
);
#1518=(
BOUNDED_CURVE()
B_SPLINE_CURVE(1,(#2668,#2669),.UNSPECIFIED.,.F.,.F.)
B_SPLINE_CURVE_WITH_KNOTS((2,2),(-4.13984940631795,0.),.UNSPECIFIED.)
CURVE()
GEOMETRIC_REPRESENTATION_ITEM()
RATIONAL_B_SPLINE_CURVE((1.,1.))
REPRESENTATION_ITEM('')
);
#1519=(
BOUNDED_CURVE()
B_SPLINE_CURVE(2,(#2670,#2671,#2672),.UNSPECIFIED.,.F.,.F.)
B_SPLINE_CURVE_WITH_KNOTS((3,3),(-2.395464398363,0.),.UNSPECIFIED.)
CURVE()
GEOMETRIC_REPRESENTATION_ITEM()
RATIONAL_B_SPLINE_CURVE((1.,0.707106781185618,1.))
REPRESENTATION_ITEM('')
);
#1520=(
BOUNDED_CURVE()
B_SPLINE_CURVE(2,(#2673,#2674,#2675),.UNSPECIFIED.,.F.,.F.)
B_SPLINE_CURVE_WITH_KNOTS((3,3),(-2.3954643983621,0.),.UNSPECIFIED.)
CURVE()
GEOMETRIC_REPRESENTATION_ITEM()
RATIONAL_B_SPLINE_CURVE((1.,0.707106781186587,1.))
REPRESENTATION_ITEM('')
);
#1521=(
BOUNDED_CURVE()
B_SPLINE_CURVE(2,(#2676,#2677,#2678),.UNSPECIFIED.,.F.,.F.)
B_SPLINE_CURVE_WITH_KNOTS((3,3),(-2.3954643983632,0.),.UNSPECIFIED.)
CURVE()
GEOMETRIC_REPRESENTATION_ITEM()
RATIONAL_B_SPLINE_CURVE((1.,0.707106781185569,1.))
REPRESENTATION_ITEM('')
);
#1522=(
BOUNDED_CURVE()
B_SPLINE_CURVE(2,(#2681,#2682,#2683),.UNSPECIFIED.,.F.,.F.)
B_SPLINE_CURVE_WITH_KNOTS((3,3),(-2.39546439836235,0.),.UNSPECIFIED.)
CURVE()
GEOMETRIC_REPRESENTATION_ITEM()
RATIONAL_B_SPLINE_CURVE((1.,0.707106781186505,1.))
REPRESENTATION_ITEM('')
);
#1523=(
BOUNDED_CURVE()
B_SPLINE_CURVE(2,(#2688,#2689,#2690),.UNSPECIFIED.,.F.,.F.)
B_SPLINE_CURVE_WITH_KNOTS((3,3),(0.,3.38680609950916),.UNSPECIFIED.)
CURVE()
GEOMETRIC_REPRESENTATION_ITEM()
RATIONAL_B_SPLINE_CURVE((1.,0.749588404655885,1.))
REPRESENTATION_ITEM('')
);
#1524=(
BOUNDED_CURVE()
B_SPLINE_CURVE(1,(#2691,#2692),.UNSPECIFIED.,.F.,.F.)
B_SPLINE_CURVE_WITH_KNOTS((2,2),(0.,2.25),.UNSPECIFIED.)
CURVE()
GEOMETRIC_REPRESENTATION_ITEM()
RATIONAL_B_SPLINE_CURVE((1.,1.))
REPRESENTATION_ITEM('')
);
#1525=(
BOUNDED_CURVE()
B_SPLINE_CURVE(2,(#2693,#2694,#2695),.UNSPECIFIED.,.F.,.F.)
B_SPLINE_CURVE_WITH_KNOTS((3,3),(-3.38680609950916,0.),.UNSPECIFIED.)
CURVE()
GEOMETRIC_REPRESENTATION_ITEM()
RATIONAL_B_SPLINE_CURVE((1.,0.749588404655884,1.))
REPRESENTATION_ITEM('')
);
#1526=(
BOUNDED_CURVE()
B_SPLINE_CURVE(5,(#2696,#2697,#2698,#2699,#2700,#2701),.UNSPECIFIED.,.F.,
 .F.)
B_SPLINE_CURVE_WITH_KNOTS((6,6),(-2.54300471164347,0.),.UNSPECIFIED.)
CURVE()
GEOMETRIC_REPRESENTATION_ITEM()
RATIONAL_B_SPLINE_CURVE((1.,1.,1.,1.,1.,1.))
REPRESENTATION_ITEM('')
);
#1527=(
BOUNDED_CURVE()
B_SPLINE_CURVE(5,(#2702,#2703,#2704,#2705,#2706,#2707),.UNSPECIFIED.,.F.,
 .F.)
B_SPLINE_CURVE_WITH_KNOTS((6,6),(-2.54300471164347,0.),.UNSPECIFIED.)
CURVE()
GEOMETRIC_REPRESENTATION_ITEM()
RATIONAL_B_SPLINE_CURVE((1.,1.,1.,1.,1.,1.))
REPRESENTATION_ITEM('')
);
#1528=(
BOUNDED_CURVE()
B_SPLINE_CURVE(2,(#2708,#2709,#2710,#2711,#2712),.UNSPECIFIED.,.F.,.F.)
B_SPLINE_CURVE_WITH_KNOTS((3,2,3),(-6.28318530717954,-4.71238898038471,
-3.14159265358988),.UNSPECIFIED.)
CURVE()
GEOMETRIC_REPRESENTATION_ITEM()
RATIONAL_B_SPLINE_CURVE((1.,0.707106781186568,1.,0.707106781186568,1.))
REPRESENTATION_ITEM('')
);
#1529=(
BOUNDED_CURVE()
B_SPLINE_CURVE(2,(#2713,#2714,#2715,#2716,#2717),.UNSPECIFIED.,.F.,.F.)
B_SPLINE_CURVE_WITH_KNOTS((3,2,3),(-6.28318530717959,-4.71238898038466,
-3.14159265358974),.UNSPECIFIED.)
CURVE()
GEOMETRIC_REPRESENTATION_ITEM()
RATIONAL_B_SPLINE_CURVE((1.,0.707106781186538,1.,0.707106781186538,1.))
REPRESENTATION_ITEM('')
);
#1530=(
BOUNDED_CURVE()
B_SPLINE_CURVE(2,(#2720,#2721,#2722,#2723,#2724),.UNSPECIFIED.,.F.,.F.)
B_SPLINE_CURVE_WITH_KNOTS((3,2,3),(-5.93940426878522,-2.96970213439261,
0.),.UNSPECIFIED.)
CURVE()
GEOMETRIC_REPRESENTATION_ITEM()
RATIONAL_B_SPLINE_CURVE((1.,0.70710678118655,1.,0.70710678118655,1.))
REPRESENTATION_ITEM('')
);
#1531=(
BOUNDED_CURVE()
B_SPLINE_CURVE(5,(#2725,#2726,#2727,#2728,#2729,#2730),.UNSPECIFIED.,.F.,
 .F.)
B_SPLINE_CURVE_WITH_KNOTS((6,6),(117.313305314387,118.129120387129),
 .UNSPECIFIED.)
CURVE()
GEOMETRIC_REPRESENTATION_ITEM()
RATIONAL_B_SPLINE_CURVE((1.,1.,1.,1.,1.,1.))
REPRESENTATION_ITEM('')
);
#1532=(
BOUNDED_CURVE()
B_SPLINE_CURVE(5,(#2733,#2734,#2735,#2736,#2737,#2738),.UNSPECIFIED.,.F.,
 .F.)
B_SPLINE_CURVE_WITH_KNOTS((6,6),(120.12912038713,120.503695140692),
 .UNSPECIFIED.)
CURVE()
GEOMETRIC_REPRESENTATION_ITEM()
RATIONAL_B_SPLINE_CURVE((1.,1.,1.,1.,1.,1.))
REPRESENTATION_ITEM('')
);
#1533=(
BOUNDED_CURVE()
B_SPLINE_CURVE(2,(#2743,#2744,#2745),.UNSPECIFIED.,.F.,.F.)
B_SPLINE_CURVE_WITH_KNOTS((3,3),(-5.54515743772434,-4.71238898038469),
 .UNSPECIFIED.)
CURVE()
GEOMETRIC_REPRESENTATION_ITEM()
RATIONAL_B_SPLINE_CURVE((1.,0.914557336889847,1.))
REPRESENTATION_ITEM('')
);
#1534=(
BOUNDED_CURVE()
B_SPLINE_CURVE(2,(#2746,#2747,#2748),.UNSPECIFIED.,.F.,.F.)
B_SPLINE_CURVE_WITH_KNOTS((3,3),(-4.71238898038469,-3.87962052304504),
 .UNSPECIFIED.)
CURVE()
GEOMETRIC_REPRESENTATION_ITEM()
RATIONAL_B_SPLINE_CURVE((1.,0.91455733688984,1.))
REPRESENTATION_ITEM('')
);
#1535=(
BOUNDED_CURVE()
B_SPLINE_CURVE(1,(#2763,#2764),.UNSPECIFIED.,.F.,.F.)
B_SPLINE_CURVE_WITH_KNOTS((2,2),(0.500000000000022,6.5000000000004),
 .UNSPECIFIED.)
CURVE()
GEOMETRIC_REPRESENTATION_ITEM()
RATIONAL_B_SPLINE_CURVE((1.,1.))
REPRESENTATION_ITEM('')
);
#1536=(
BOUNDED_CURVE()
B_SPLINE_CURVE(1,(#2765,#2766),.UNSPECIFIED.,.F.,.F.)
B_SPLINE_CURVE_WITH_KNOTS((2,2),(0.500000000000023,6.5000000000004),
 .UNSPECIFIED.)
CURVE()
GEOMETRIC_REPRESENTATION_ITEM()
RATIONAL_B_SPLINE_CURVE((1.,1.))
REPRESENTATION_ITEM('')
);
#1537=(
BOUNDED_CURVE()
B_SPLINE_CURVE(1,(#2767,#2768),.UNSPECIFIED.,.F.,.F.)
B_SPLINE_CURVE_WITH_KNOTS((2,2),(0.500000000000023,6.5000000000004),
 .UNSPECIFIED.)
CURVE()
GEOMETRIC_REPRESENTATION_ITEM()
RATIONAL_B_SPLINE_CURVE((1.,1.))
REPRESENTATION_ITEM('')
);
#1538=(
BOUNDED_CURVE()
B_SPLINE_CURVE(1,(#2769,#2770),.UNSPECIFIED.,.F.,.F.)
B_SPLINE_CURVE_WITH_KNOTS((2,2),(-6.00000000000037,0.),.UNSPECIFIED.)
CURVE()
GEOMETRIC_REPRESENTATION_ITEM()
RATIONAL_B_SPLINE_CURVE((1.,1.))
REPRESENTATION_ITEM('')
);
#1539=(
BOUNDED_CURVE()
B_SPLINE_CURVE(1,(#2771,#2772),.UNSPECIFIED.,.F.,.F.)
B_SPLINE_CURVE_WITH_KNOTS((2,2),(-6.00000000000039,0.),.UNSPECIFIED.)
CURVE()
GEOMETRIC_REPRESENTATION_ITEM()
RATIONAL_B_SPLINE_CURVE((1.,1.))
REPRESENTATION_ITEM('')
);
#1540=(
BOUNDED_CURVE()
B_SPLINE_CURVE(2,(#2773,#2774,#2775,#2776,#2777),.UNSPECIFIED.,.F.,.F.)
B_SPLINE_CURVE_WITH_KNOTS((3,2,3),(0.,1.41371669411541,2.82743338823081),
 .UNSPECIFIED.)
CURVE()
GEOMETRIC_REPRESENTATION_ITEM()
RATIONAL_B_SPLINE_CURVE((1.,0.707106781186548,1.,0.707106781186548,1.))
REPRESENTATION_ITEM('')
);
#1541=(
BOUNDED_CURVE()
B_SPLINE_CURVE(2,(#2778,#2779,#2780,#2781,#2782),.UNSPECIFIED.,.F.,.F.)
B_SPLINE_CURVE_WITH_KNOTS((3,2,3),(-5.65486677646163,-4.24115008234622,
-2.82743338823081),.UNSPECIFIED.)
CURVE()
GEOMETRIC_REPRESENTATION_ITEM()
RATIONAL_B_SPLINE_CURVE((1.,0.707106781186548,1.,0.707106781186548,1.))
REPRESENTATION_ITEM('')
);
#1542=(
BOUNDED_CURVE()
B_SPLINE_CURVE(1,(#2783,#2784),.UNSPECIFIED.,.F.,.F.)
B_SPLINE_CURVE_WITH_KNOTS((2,2),(26.1082194109221,30.),.UNSPECIFIED.)
CURVE()
GEOMETRIC_REPRESENTATION_ITEM()
RATIONAL_B_SPLINE_CURVE((1.,1.))
REPRESENTATION_ITEM('')
);
#1543=(
BOUNDED_CURVE()
B_SPLINE_CURVE(2,(#2785,#2786,#2787,#2788,#2789),.UNSPECIFIED.,.F.,.F.)
B_SPLINE_CURVE_WITH_KNOTS((3,2,3),(0.,1.41371669411541,2.82743338823081),
 .UNSPECIFIED.)
CURVE()
GEOMETRIC_REPRESENTATION_ITEM()
RATIONAL_B_SPLINE_CURVE((1.,0.707106781186548,1.,0.707106781186548,1.))
REPRESENTATION_ITEM('')
);
#1544=(
BOUNDED_CURVE()
B_SPLINE_CURVE(2,(#2790,#2791,#2792,#2793,#2794),.UNSPECIFIED.,.F.,.F.)
B_SPLINE_CURVE_WITH_KNOTS((3,2,3),(-5.65486677646163,-4.24115008234622,
-2.82743338823081),.UNSPECIFIED.)
CURVE()
GEOMETRIC_REPRESENTATION_ITEM()
RATIONAL_B_SPLINE_CURVE((1.,0.707106781186548,1.,0.707106781186548,1.))
REPRESENTATION_ITEM('')
);
#1545=(
BOUNDED_CURVE()
B_SPLINE_CURVE(1,(#2795,#2796),.UNSPECIFIED.,.F.,.F.)
B_SPLINE_CURVE_WITH_KNOTS((2,2),(26.1082194109221,30.),.UNSPECIFIED.)
CURVE()
GEOMETRIC_REPRESENTATION_ITEM()
RATIONAL_B_SPLINE_CURVE((1.,1.))
REPRESENTATION_ITEM('')
);
#1546=(
BOUNDED_CURVE()
B_SPLINE_CURVE(2,(#2799,#2800,#2801),.UNSPECIFIED.,.F.,.F.)
B_SPLINE_CURVE_WITH_KNOTS((3,3),(-2.60430812376626,0.),.UNSPECIFIED.)
CURVE()
GEOMETRIC_REPRESENTATION_ITEM()
RATIONAL_B_SPLINE_CURVE((1.,0.913068674557964,1.))
REPRESENTATION_ITEM('')
);
#1547=(
BOUNDED_CURVE()
B_SPLINE_CURVE(2,(#2802,#2803,#2804),.UNSPECIFIED.,.F.,.F.)
B_SPLINE_CURVE_WITH_KNOTS((3,3),(0.,0.586795207360363),.UNSPECIFIED.)
CURVE()
GEOMETRIC_REPRESENTATION_ITEM()
RATIONAL_B_SPLINE_CURVE((1.,0.995636875025662,1.))
REPRESENTATION_ITEM('')
);
#1548=(
BOUNDED_CURVE()
B_SPLINE_CURVE(5,(#2833,#2834,#2835,#2836,#2837,#2838),.UNSPECIFIED.,.F.,
 .F.)
B_SPLINE_CURVE_WITH_KNOTS((6,6),(2.07609846697111,9.506544732251),
 .UNSPECIFIED.)
CURVE()
GEOMETRIC_REPRESENTATION_ITEM()
RATIONAL_B_SPLINE_CURVE((1.,1.,1.,1.,1.,1.))
REPRESENTATION_ITEM('')
);
#1549=(
BOUNDED_CURVE()
B_SPLINE_CURVE(5,(#2853,#2854,#2855,#2856,#2857,#2858),.UNSPECIFIED.,.F.,
 .F.)
B_SPLINE_CURVE_WITH_KNOTS((6,6),(1.78198025099921,2.0000000000013),
 .UNSPECIFIED.)
CURVE()
GEOMETRIC_REPRESENTATION_ITEM()
RATIONAL_B_SPLINE_CURVE((1.,1.,1.,1.,1.,1.))
REPRESENTATION_ITEM('')
);
#1550=(
BOUNDED_CURVE()
B_SPLINE_CURVE(2,(#2859,#2860,#2861),.UNSPECIFIED.,.F.,.F.)
B_SPLINE_CURVE_WITH_KNOTS((3,3),(20.5210973474,22.009159752539),
 .UNSPECIFIED.)
CURVE()
GEOMETRIC_REPRESENTATION_ITEM()
RATIONAL_B_SPLINE_CURVE((1.,1.,1.))
REPRESENTATION_ITEM('')
);
#1551=(
BOUNDED_CURVE()
B_SPLINE_CURVE(5,(#2862,#2863,#2864,#2865,#2866,#2867),.UNSPECIFIED.,.F.,
 .F.)
B_SPLINE_CURVE_WITH_KNOTS((6,6),(0.,7.43044626528091),.UNSPECIFIED.)
CURVE()
GEOMETRIC_REPRESENTATION_ITEM()
RATIONAL_B_SPLINE_CURVE((1.,1.,1.,1.,1.,1.))
REPRESENTATION_ITEM('')
);
#1552=(
BOUNDED_CURVE()
B_SPLINE_CURVE(2,(#2872,#2873,#2874),.UNSPECIFIED.,.F.,.F.)
B_SPLINE_CURVE_WITH_KNOTS((3,3),(-2.60430812376626,0.),.UNSPECIFIED.)
CURVE()
GEOMETRIC_REPRESENTATION_ITEM()
RATIONAL_B_SPLINE_CURVE((1.,0.913068674558029,1.))
REPRESENTATION_ITEM('')
);
#1553=(
BOUNDED_CURVE()
B_SPLINE_CURVE(1,(#2875,#2876),.UNSPECIFIED.,.F.,.F.)
B_SPLINE_CURVE_WITH_KNOTS((2,2),(7.51855925428659,7.60945925428661),
 .UNSPECIFIED.)
CURVE()
GEOMETRIC_REPRESENTATION_ITEM()
RATIONAL_B_SPLINE_CURVE((1.,1.))
REPRESENTATION_ITEM('')
);
#1554=(
BOUNDED_CURVE()
B_SPLINE_CURVE(2,(#2885,#2886,#2887),.UNSPECIFIED.,.F.,.F.)
B_SPLINE_CURVE_WITH_KNOTS((3,3),(0.,0.586795207360736),.UNSPECIFIED.)
CURVE()
GEOMETRIC_REPRESENTATION_ITEM()
RATIONAL_B_SPLINE_CURVE((1.,0.995636875025646,1.))
REPRESENTATION_ITEM('')
);
#1555=(
BOUNDED_CURVE()
B_SPLINE_CURVE(2,(#2914,#2915,#2916,#2917,#2918),.UNSPECIFIED.,.F.,.F.)
B_SPLINE_CURVE_WITH_KNOTS((3,2,3),(-22.4980281852183,-22.074040885635,-1.55294353823503),
 .UNSPECIFIED.)
CURVE()
GEOMETRIC_REPRESENTATION_ITEM()
RATIONAL_B_SPLINE_CURVE((1.,1.,1.,1.,1.))
REPRESENTATION_ITEM('')
);
#1556=(
BOUNDED_CURVE()
B_SPLINE_CURVE(2,(#2919,#2920,#2921,#2922,#2923),.UNSPECIFIED.,.F.,.F.)
B_SPLINE_CURVE_WITH_KNOTS((3,2,3),(0.,7.206053699015,7.63004099859837),
 .UNSPECIFIED.)
CURVE()
GEOMETRIC_REPRESENTATION_ITEM()
RATIONAL_B_SPLINE_CURVE((1.,1.,1.,1.,1.))
REPRESENTATION_ITEM('')
);
#1557=(
BOUNDED_CURVE()
B_SPLINE_CURVE(2,(#2932,#2933,#2934),.UNSPECIFIED.,.F.,.F.)
B_SPLINE_CURVE_WITH_KNOTS((3,3),(-26.9812995069532,-24.5858351085902),
 .UNSPECIFIED.)
CURVE()
GEOMETRIC_REPRESENTATION_ITEM()
RATIONAL_B_SPLINE_CURVE((1.,0.707106781185585,1.))
REPRESENTATION_ITEM('')
);
#1558=(
BOUNDED_CURVE()
B_SPLINE_CURVE(2,(#2937,#2938,#2939),.UNSPECIFIED.,.F.,.F.)
B_SPLINE_CURVE_WITH_KNOTS((3,3),(-22.6358351085902,-20.240370710227),
 .UNSPECIFIED.)
CURVE()
GEOMETRIC_REPRESENTATION_ITEM()
RATIONAL_B_SPLINE_CURVE((1.,0.707106781185539,1.))
REPRESENTATION_ITEM('')
);
#1559=(
BOUNDED_CURVE()
B_SPLINE_CURVE(2,(#2944,#2945,#2946),.UNSPECIFIED.,.F.,.F.)
B_SPLINE_CURVE_WITH_KNOTS((3,3),(24.5858351085902,26.9812995069532),
 .UNSPECIFIED.)
CURVE()
GEOMETRIC_REPRESENTATION_ITEM()
RATIONAL_B_SPLINE_CURVE((1.,0.707106781185632,1.))
REPRESENTATION_ITEM('')
);
#1560=(
BOUNDED_CURVE()
B_SPLINE_CURVE(2,(#2949,#2950,#2951),.UNSPECIFIED.,.F.,.F.)
B_SPLINE_CURVE_WITH_KNOTS((3,3),(20.240370710227,22.6358351085902),
 .UNSPECIFIED.)
CURVE()
GEOMETRIC_REPRESENTATION_ITEM()
RATIONAL_B_SPLINE_CURVE((1.,0.707106781185556,1.))
REPRESENTATION_ITEM('')
);
#1561=(
BOUNDED_CURVE()
B_SPLINE_CURVE(1,(#2952,#2953),.UNSPECIFIED.,.F.,.F.)
B_SPLINE_CURVE_WITH_KNOTS((2,2),(7.24999999999999,10.0000000000004),
 .UNSPECIFIED.)
CURVE()
GEOMETRIC_REPRESENTATION_ITEM()
RATIONAL_B_SPLINE_CURVE((1.,1.))
REPRESENTATION_ITEM('')
);
#1562=(
BOUNDED_CURVE()
B_SPLINE_CURVE(1,(#2954,#2955),.UNSPECIFIED.,.F.,.F.)
B_SPLINE_CURVE_WITH_KNOTS((2,2),(7.24999999999999,10.0000000000004),
 .UNSPECIFIED.)
CURVE()
GEOMETRIC_REPRESENTATION_ITEM()
RATIONAL_B_SPLINE_CURVE((1.,1.))
REPRESENTATION_ITEM('')
);
#1563=(
BOUNDED_CURVE()
B_SPLINE_CURVE(1,(#2964,#2965),.UNSPECIFIED.,.F.,.F.)
B_SPLINE_CURVE_WITH_KNOTS((2,2),(1.,3.75193118275998),.UNSPECIFIED.)
CURVE()
GEOMETRIC_REPRESENTATION_ITEM()
RATIONAL_B_SPLINE_CURVE((1.,1.))
REPRESENTATION_ITEM('')
);
#1564=(
BOUNDED_CURVE()
B_SPLINE_CURVE(5,(#2968,#2969,#2970,#2971,#2972,#2973,#2974,#2975,#2976,
#2977,#2978,#2979,#2980,#2981,#2982,#2983),.UNSPECIFIED.,.F.,.F.)
B_SPLINE_CURVE_WITH_KNOTS((6,5,5,6),(0.,0.290298125989558,0.931380962226861,
1.93330865006587),.UNSPECIFIED.)
CURVE()
GEOMETRIC_REPRESENTATION_ITEM()
RATIONAL_B_SPLINE_CURVE((1.,1.,1.,1.,1.,1.,1.,1.,1.,1.,1.,1.,1.,1.,1.,1.))
REPRESENTATION_ITEM('')
);
#1565=(
BOUNDED_CURVE()
B_SPLINE_CURVE(5,(#2984,#2985,#2986,#2987,#2988,#2989,#2990,#2991,#2992,
#2993,#2994,#2995,#2996,#2997,#2998,#2999),.UNSPECIFIED.,.F.,.F.)
B_SPLINE_CURVE_WITH_KNOTS((6,5,5,6),(0.,1.00192768783901,1.64301052407629,
1.93330865006586),.UNSPECIFIED.)
CURVE()
GEOMETRIC_REPRESENTATION_ITEM()
RATIONAL_B_SPLINE_CURVE((1.,1.,1.,1.,1.,1.,1.,1.,1.,1.,1.,1.,1.,1.,1.,1.))
REPRESENTATION_ITEM('')
);
#1566=(
BOUNDED_CURVE()
B_SPLINE_CURVE(2,(#3002,#3003,#3004,#3005,#3006),.UNSPECIFIED.,.F.,.F.)
B_SPLINE_CURVE_WITH_KNOTS((3,2,3),(-3.14159265358994,-1.57079632679497,
0.),.UNSPECIFIED.)
CURVE()
GEOMETRIC_REPRESENTATION_ITEM()
RATIONAL_B_SPLINE_CURVE((1.,0.707106781186507,1.,0.707106781186507,1.))
REPRESENTATION_ITEM('')
);
#1567=(
BOUNDED_CURVE()
B_SPLINE_CURVE(2,(#3009,#3010,#3011,#3012,#3013),.UNSPECIFIED.,.F.,.F.)
B_SPLINE_CURVE_WITH_KNOTS((3,2,3),(-3.14159265358988,-1.57079632679494,
0.),.UNSPECIFIED.)
CURVE()
GEOMETRIC_REPRESENTATION_ITEM()
RATIONAL_B_SPLINE_CURVE((1.,0.707106781186527,1.,0.707106781186527,1.))
REPRESENTATION_ITEM('')
);
#1568=(
BOUNDED_CURVE()
B_SPLINE_CURVE(2,(#3014,#3015,#3016,#3017,#3018),.UNSPECIFIED.,.F.,.F.)
B_SPLINE_CURVE_WITH_KNOTS((3,2,3),(-3.14159265358974,-1.57079632679487,
0.),.UNSPECIFIED.)
CURVE()
GEOMETRIC_REPRESENTATION_ITEM()
RATIONAL_B_SPLINE_CURVE((1.,0.707106781186558,1.,0.707106781186558,1.))
REPRESENTATION_ITEM('')
);
#1569=(
BOUNDED_CURVE()
B_SPLINE_CURVE(1,(#3019,#3020),.UNSPECIFIED.,.F.,.F.)
B_SPLINE_CURVE_WITH_KNOTS((2,2),(26.1082194109221,30.),.UNSPECIFIED.)
CURVE()
GEOMETRIC_REPRESENTATION_ITEM()
RATIONAL_B_SPLINE_CURVE((1.,1.))
REPRESENTATION_ITEM('')
);
#1570=(
BOUNDED_CURVE()
B_SPLINE_CURVE(2,(#3021,#3022,#3023,#3024,#3025),.UNSPECIFIED.,.F.,.F.)
B_SPLINE_CURVE_WITH_KNOTS((3,2,3),(2.82743338823081,4.24115008234622,5.65486677646163),
 .UNSPECIFIED.)
CURVE()
GEOMETRIC_REPRESENTATION_ITEM()
RATIONAL_B_SPLINE_CURVE((1.,0.707106781186548,1.,0.707106781186548,1.))
REPRESENTATION_ITEM('')
);
#1571=(
BOUNDED_CURVE()
B_SPLINE_CURVE(2,(#3026,#3027,#3028,#3029,#3030),.UNSPECIFIED.,.F.,.F.)
B_SPLINE_CURVE_WITH_KNOTS((3,2,3),(-2.82743338823081,-1.41371669411541,
0.),.UNSPECIFIED.)
CURVE()
GEOMETRIC_REPRESENTATION_ITEM()
RATIONAL_B_SPLINE_CURVE((1.,0.707106781186548,1.,0.707106781186548,1.))
REPRESENTATION_ITEM('')
);
#1572=(
BOUNDED_CURVE()
B_SPLINE_CURVE(1,(#3031,#3032),.UNSPECIFIED.,.F.,.F.)
B_SPLINE_CURVE_WITH_KNOTS((2,2),(26.1082194109221,30.),.UNSPECIFIED.)
CURVE()
GEOMETRIC_REPRESENTATION_ITEM()
RATIONAL_B_SPLINE_CURVE((1.,1.))
REPRESENTATION_ITEM('')
);
#1573=(
BOUNDED_CURVE()
B_SPLINE_CURVE(2,(#3033,#3034,#3035,#3036,#3037),.UNSPECIFIED.,.F.,.F.)
B_SPLINE_CURVE_WITH_KNOTS((3,2,3),(2.82743338823081,4.24115008234622,5.65486677646163),
 .UNSPECIFIED.)
CURVE()
GEOMETRIC_REPRESENTATION_ITEM()
RATIONAL_B_SPLINE_CURVE((1.,0.707106781186548,1.,0.707106781186548,1.))
REPRESENTATION_ITEM('')
);
#1574=(
BOUNDED_CURVE()
B_SPLINE_CURVE(2,(#3038,#3039,#3040,#3041,#3042),.UNSPECIFIED.,.F.,.F.)
B_SPLINE_CURVE_WITH_KNOTS((3,2,3),(-2.82743338823081,-1.41371669411541,
0.),.UNSPECIFIED.)
CURVE()
GEOMETRIC_REPRESENTATION_ITEM()
RATIONAL_B_SPLINE_CURVE((1.,0.707106781186548,1.,0.707106781186548,1.))
REPRESENTATION_ITEM('')
);
#1575=(
BOUNDED_CURVE()
B_SPLINE_CURVE(2,(#3285,#3286,#3287),.UNSPECIFIED.,.F.,.F.)
B_SPLINE_CURVE_WITH_KNOTS((3,3),(0.,3.38680609950916),.UNSPECIFIED.)
CURVE()
GEOMETRIC_REPRESENTATION_ITEM()
RATIONAL_B_SPLINE_CURVE((1.,0.749588404655885,1.))
REPRESENTATION_ITEM('')
);
#1576=(
BOUNDED_CURVE()
B_SPLINE_CURVE(1,(#3288,#3289),.UNSPECIFIED.,.F.,.F.)
B_SPLINE_CURVE_WITH_KNOTS((2,2),(0.,2.7500000000007),.UNSPECIFIED.)
CURVE()
GEOMETRIC_REPRESENTATION_ITEM()
RATIONAL_B_SPLINE_CURVE((1.,1.))
REPRESENTATION_ITEM('')
);
#1577=(
BOUNDED_CURVE()
B_SPLINE_CURVE(2,(#3290,#3291,#3292),.UNSPECIFIED.,.F.,.F.)
B_SPLINE_CURVE_WITH_KNOTS((3,3),(0.,3.38680609950915),.UNSPECIFIED.)
CURVE()
GEOMETRIC_REPRESENTATION_ITEM()
RATIONAL_B_SPLINE_CURVE((1.,0.749588404655893,1.))
REPRESENTATION_ITEM('')
);
#1578=(
BOUNDED_CURVE()
B_SPLINE_CURVE(1,(#3293,#3294),.UNSPECIFIED.,.F.,.F.)
B_SPLINE_CURVE_WITH_KNOTS((2,2),(-2.7500000000004,0.),.UNSPECIFIED.)
CURVE()
GEOMETRIC_REPRESENTATION_ITEM()
RATIONAL_B_SPLINE_CURVE((1.,1.))
REPRESENTATION_ITEM('')
);
#1579=(
BOUNDED_CURVE()
B_SPLINE_CURVE(5,(#3295,#3296,#3297,#3298,#3299,#3300),.UNSPECIFIED.,.F.,
 .F.)
B_SPLINE_CURVE_WITH_KNOTS((6,6),(0.,2.54300471164347),.UNSPECIFIED.)
CURVE()
GEOMETRIC_REPRESENTATION_ITEM()
RATIONAL_B_SPLINE_CURVE((1.,1.,1.,1.,1.,1.))
REPRESENTATION_ITEM('')
);
#1580=(
BOUNDED_CURVE()
B_SPLINE_CURVE(1,(#3301,#3302),.UNSPECIFIED.,.F.,.F.)
B_SPLINE_CURVE_WITH_KNOTS((2,2),(0.,2.7500000000007),.UNSPECIFIED.)
CURVE()
GEOMETRIC_REPRESENTATION_ITEM()
RATIONAL_B_SPLINE_CURVE((1.,1.))
REPRESENTATION_ITEM('')
);
#1581=(
BOUNDED_CURVE()
B_SPLINE_CURVE(5,(#3303,#3304,#3305,#3306,#3307,#3308),.UNSPECIFIED.,.F.,
 .F.)
B_SPLINE_CURVE_WITH_KNOTS((6,6),(0.,2.54300471164347),.UNSPECIFIED.)
CURVE()
GEOMETRIC_REPRESENTATION_ITEM()
RATIONAL_B_SPLINE_CURVE((1.,1.,1.,1.,1.,1.))
REPRESENTATION_ITEM('')
);
#1582=(
BOUNDED_CURVE()
B_SPLINE_CURVE(5,(#3309,#3310,#3311,#3312,#3313,#3314),.UNSPECIFIED.,.F.,
 .F.)
B_SPLINE_CURVE_WITH_KNOTS((6,6),(0.,0.815815072742178),.UNSPECIFIED.)
CURVE()
GEOMETRIC_REPRESENTATION_ITEM()
RATIONAL_B_SPLINE_CURVE((1.,1.,1.,1.,1.,1.))
REPRESENTATION_ITEM('')
);
#1583=(
BOUNDED_CURVE()
B_SPLINE_CURVE(1,(#3315,#3316),.UNSPECIFIED.,.F.,.F.)
B_SPLINE_CURVE_WITH_KNOTS((2,2),(0.,6.00000000000037),.UNSPECIFIED.)
CURVE()
GEOMETRIC_REPRESENTATION_ITEM()
RATIONAL_B_SPLINE_CURVE((1.,1.))
REPRESENTATION_ITEM('')
);
#1584=(
BOUNDED_CURVE()
B_SPLINE_CURVE(5,(#3317,#3318,#3319,#3320,#3321,#3322),.UNSPECIFIED.,.F.,
 .F.)
B_SPLINE_CURVE_WITH_KNOTS((6,6),(0.,1.78198025099921),.UNSPECIFIED.)
CURVE()
GEOMETRIC_REPRESENTATION_ITEM()
RATIONAL_B_SPLINE_CURVE((1.,1.,1.,1.,1.,1.))
REPRESENTATION_ITEM('')
);
#1585=(
BOUNDED_CURVE()
B_SPLINE_CURVE(5,(#3323,#3324,#3325,#3326,#3327,#3328),.UNSPECIFIED.,.F.,
 .F.)
B_SPLINE_CURVE_WITH_KNOTS((6,6),(0.,0.374574753561825),.UNSPECIFIED.)
CURVE()
GEOMETRIC_REPRESENTATION_ITEM()
RATIONAL_B_SPLINE_CURVE((1.,1.,1.,1.,1.,1.))
REPRESENTATION_ITEM('')
);
#1586=(
BOUNDED_CURVE()
B_SPLINE_CURVE(1,(#3331,#3332),.UNSPECIFIED.,.F.,.F.)
B_SPLINE_CURVE_WITH_KNOTS((2,2),(0.,2.25),.UNSPECIFIED.)
CURVE()
GEOMETRIC_REPRESENTATION_ITEM()
RATIONAL_B_SPLINE_CURVE((1.,1.))
REPRESENTATION_ITEM('')
);
#1587=(
BOUNDED_CURVE()
B_SPLINE_CURVE(2,(#3333,#3334,#3335,#3336,#3337),.UNSPECIFIED.,.F.,.F.)
B_SPLINE_CURVE_WITH_KNOTS((3,2,3),(-6.28318530717944,-4.71238898038469,
-3.14159265358994),.UNSPECIFIED.)
CURVE()
GEOMETRIC_REPRESENTATION_ITEM()
RATIONAL_B_SPLINE_CURVE((1.,0.707106781186588,1.,0.707106781186588,1.))
REPRESENTATION_ITEM('')
);
#1588=(
BOUNDED_CURVE()
B_SPLINE_CURVE(2,(#3338,#3339,#3340,#3341,#3342),.UNSPECIFIED.,.F.,.F.)
B_SPLINE_CURVE_WITH_KNOTS((3,2,3),(-3.14159265358979,-1.5707963267949,0.),
 .UNSPECIFIED.)
CURVE()
GEOMETRIC_REPRESENTATION_ITEM()
RATIONAL_B_SPLINE_CURVE((1.,0.707106781186553,1.,0.707106781186553,1.))
REPRESENTATION_ITEM('')
);
#1589=(
BOUNDED_CURVE()
B_SPLINE_CURVE(2,(#3343,#3344,#3345,#3346,#3347),.UNSPECIFIED.,.F.,.F.)
B_SPLINE_CURVE_WITH_KNOTS((3,2,3),(-3.14159265358979,-1.5707963267949,0.),
 .UNSPECIFIED.)
CURVE()
GEOMETRIC_REPRESENTATION_ITEM()
RATIONAL_B_SPLINE_CURVE((1.,0.707106781186548,1.,0.707106781186548,1.))
REPRESENTATION_ITEM('')
);
#1590=(
BOUNDED_CURVE()
B_SPLINE_CURVE(2,(#3352,#3353,#3354,#3355,#3356),.UNSPECIFIED.,.F.,.F.)
B_SPLINE_CURVE_WITH_KNOTS((3,2,3),(0.,2.96970213439261,5.93940426878522),
 .UNSPECIFIED.)
CURVE()
GEOMETRIC_REPRESENTATION_ITEM()
RATIONAL_B_SPLINE_CURVE((1.,0.707106781186545,1.,0.707106781186545,1.))
REPRESENTATION_ITEM('')
);
#1591=(
BOUNDED_CURVE()
B_SPLINE_CURVE(2,(#3359,#3360,#3361),.UNSPECIFIED.,.F.,.F.)
B_SPLINE_CURVE_WITH_KNOTS((3,3),(0.,8.71779925100699),.UNSPECIFIED.)
CURVE()
GEOMETRIC_REPRESENTATION_ITEM()
RATIONAL_B_SPLINE_CURVE((1.,1.,1.))
REPRESENTATION_ITEM('')
);
#1592=(
BOUNDED_CURVE()
B_SPLINE_CURVE(1,(#3364,#3365),.UNSPECIFIED.,.F.,.F.)
B_SPLINE_CURVE_WITH_KNOTS((2,2),(-6.5000000000004,-0.500000000000008),
 .UNSPECIFIED.)
CURVE()
GEOMETRIC_REPRESENTATION_ITEM()
RATIONAL_B_SPLINE_CURVE((1.,1.))
REPRESENTATION_ITEM('')
);
#1593=(
BOUNDED_CURVE()
B_SPLINE_CURVE(2,(#3366,#3367,#3368),.UNSPECIFIED.,.F.,.F.)
B_SPLINE_CURVE_WITH_KNOTS((3,3),(-1.26997189744301,0.),.UNSPECIFIED.)
CURVE()
GEOMETRIC_REPRESENTATION_ITEM()
RATIONAL_B_SPLINE_CURVE((1.,0.914557336889866,1.))
REPRESENTATION_ITEM('')
);
#1594=(
BOUNDED_CURVE()
B_SPLINE_CURVE(2,(#3369,#3370,#3371),.UNSPECIFIED.,.F.,.F.)
B_SPLINE_CURVE_WITH_KNOTS((3,3),(-1.269971897443,0.),.UNSPECIFIED.)
CURVE()
GEOMETRIC_REPRESENTATION_ITEM()
RATIONAL_B_SPLINE_CURVE((1.,0.914557336889856,1.))
REPRESENTATION_ITEM('')
);
#1595=(
BOUNDED_CURVE()
B_SPLINE_CURVE(1,(#3400,#3401),.UNSPECIFIED.,.F.,.F.)
B_SPLINE_CURVE_WITH_KNOTS((2,2),(0.,2.25),.UNSPECIFIED.)
CURVE()
GEOMETRIC_REPRESENTATION_ITEM()
RATIONAL_B_SPLINE_CURVE((1.,1.))
REPRESENTATION_ITEM('')
);
#1596=(
BOUNDED_CURVE()
B_SPLINE_CURVE(1,(#3410,#3411),.UNSPECIFIED.,.F.,.F.)
B_SPLINE_CURVE_WITH_KNOTS((2,2),(-4.13984940631795,0.),.UNSPECIFIED.)
CURVE()
GEOMETRIC_REPRESENTATION_ITEM()
RATIONAL_B_SPLINE_CURVE((1.,1.))
REPRESENTATION_ITEM('')
);
#1597=(
BOUNDED_CURVE()
B_SPLINE_CURVE(2,(#3412,#3413,#3414),.UNSPECIFIED.,.F.,.F.)
B_SPLINE_CURVE_WITH_KNOTS((3,3),(-2.395464398363,0.),.UNSPECIFIED.)
CURVE()
GEOMETRIC_REPRESENTATION_ITEM()
RATIONAL_B_SPLINE_CURVE((1.,0.707106781185618,1.))
REPRESENTATION_ITEM('')
);
#1598=(
BOUNDED_CURVE()
B_SPLINE_CURVE(2,(#3415,#3416,#3417),.UNSPECIFIED.,.F.,.F.)
B_SPLINE_CURVE_WITH_KNOTS((3,3),(-2.3954643983621,0.),.UNSPECIFIED.)
CURVE()
GEOMETRIC_REPRESENTATION_ITEM()
RATIONAL_B_SPLINE_CURVE((1.,0.707106781186587,1.))
REPRESENTATION_ITEM('')
);
#1599=(
BOUNDED_CURVE()
B_SPLINE_CURVE(2,(#3418,#3419,#3420),.UNSPECIFIED.,.F.,.F.)
B_SPLINE_CURVE_WITH_KNOTS((3,3),(-2.3954643983632,0.),.UNSPECIFIED.)
CURVE()
GEOMETRIC_REPRESENTATION_ITEM()
RATIONAL_B_SPLINE_CURVE((1.,0.707106781185562,1.))
REPRESENTATION_ITEM('')
);
#1600=(
BOUNDED_CURVE()
B_SPLINE_CURVE(2,(#3423,#3424,#3425),.UNSPECIFIED.,.F.,.F.)
B_SPLINE_CURVE_WITH_KNOTS((3,3),(-2.39546439836235,0.),.UNSPECIFIED.)
CURVE()
GEOMETRIC_REPRESENTATION_ITEM()
RATIONAL_B_SPLINE_CURVE((1.,0.707106781186505,1.))
REPRESENTATION_ITEM('')
);
#1601=(
BOUNDED_CURVE()
B_SPLINE_CURVE(2,(#3430,#3431,#3432),.UNSPECIFIED.,.F.,.F.)
B_SPLINE_CURVE_WITH_KNOTS((3,3),(0.,3.38680609950916),.UNSPECIFIED.)
CURVE()
GEOMETRIC_REPRESENTATION_ITEM()
RATIONAL_B_SPLINE_CURVE((1.,0.749588404655885,1.))
REPRESENTATION_ITEM('')
);
#1602=(
BOUNDED_CURVE()
B_SPLINE_CURVE(1,(#3433,#3434),.UNSPECIFIED.,.F.,.F.)
B_SPLINE_CURVE_WITH_KNOTS((2,2),(0.,2.25),.UNSPECIFIED.)
CURVE()
GEOMETRIC_REPRESENTATION_ITEM()
RATIONAL_B_SPLINE_CURVE((1.,1.))
REPRESENTATION_ITEM('')
);
#1603=(
BOUNDED_CURVE()
B_SPLINE_CURVE(2,(#3435,#3436,#3437),.UNSPECIFIED.,.F.,.F.)
B_SPLINE_CURVE_WITH_KNOTS((3,3),(-3.38680609950916,0.),.UNSPECIFIED.)
CURVE()
GEOMETRIC_REPRESENTATION_ITEM()
RATIONAL_B_SPLINE_CURVE((1.,0.749588404655885,1.))
REPRESENTATION_ITEM('')
);
#1604=(
BOUNDED_CURVE()
B_SPLINE_CURVE(5,(#3438,#3439,#3440,#3441,#3442,#3443),.UNSPECIFIED.,.F.,
 .F.)
B_SPLINE_CURVE_WITH_KNOTS((6,6),(-2.54300471164347,0.),.UNSPECIFIED.)
CURVE()
GEOMETRIC_REPRESENTATION_ITEM()
RATIONAL_B_SPLINE_CURVE((1.,1.,1.,1.,1.,1.))
REPRESENTATION_ITEM('')
);
#1605=(
BOUNDED_CURVE()
B_SPLINE_CURVE(5,(#3444,#3445,#3446,#3447,#3448,#3449),.UNSPECIFIED.,.F.,
 .F.)
B_SPLINE_CURVE_WITH_KNOTS((6,6),(-2.54300471164347,0.),.UNSPECIFIED.)
CURVE()
GEOMETRIC_REPRESENTATION_ITEM()
RATIONAL_B_SPLINE_CURVE((1.,1.,1.,1.,1.,1.))
REPRESENTATION_ITEM('')
);
#1606=(
BOUNDED_CURVE()
B_SPLINE_CURVE(2,(#3450,#3451,#3452,#3453,#3454),.UNSPECIFIED.,.F.,.F.)
B_SPLINE_CURVE_WITH_KNOTS((3,2,3),(-6.28318530717954,-4.71238898038471,
-3.14159265358988),.UNSPECIFIED.)
CURVE()
GEOMETRIC_REPRESENTATION_ITEM()
RATIONAL_B_SPLINE_CURVE((1.,0.707106781186568,1.,0.707106781186568,1.))
REPRESENTATION_ITEM('')
);
#1607=(
BOUNDED_CURVE()
B_SPLINE_CURVE(2,(#3455,#3456,#3457,#3458,#3459),.UNSPECIFIED.,.F.,.F.)
B_SPLINE_CURVE_WITH_KNOTS((3,2,3),(-6.28318530717959,-4.71238898038466,
-3.14159265358974),.UNSPECIFIED.)
CURVE()
GEOMETRIC_REPRESENTATION_ITEM()
RATIONAL_B_SPLINE_CURVE((1.,0.707106781186538,1.,0.707106781186538,1.))
REPRESENTATION_ITEM('')
);
#1608=(
BOUNDED_CURVE()
B_SPLINE_CURVE(2,(#3462,#3463,#3464,#3465,#3466),.UNSPECIFIED.,.F.,.F.)
B_SPLINE_CURVE_WITH_KNOTS((3,2,3),(-5.93940426878522,-2.96970213439261,
0.),.UNSPECIFIED.)
CURVE()
GEOMETRIC_REPRESENTATION_ITEM()
RATIONAL_B_SPLINE_CURVE((1.,0.70710678118655,1.,0.70710678118655,1.))
REPRESENTATION_ITEM('')
);
#1609=(
BOUNDED_CURVE()
B_SPLINE_CURVE(5,(#3467,#3468,#3469,#3470,#3471,#3472),.UNSPECIFIED.,.F.,
 .F.)
B_SPLINE_CURVE_WITH_KNOTS((6,6),(117.313305314387,118.129120387129),
 .UNSPECIFIED.)
CURVE()
GEOMETRIC_REPRESENTATION_ITEM()
RATIONAL_B_SPLINE_CURVE((1.,1.,1.,1.,1.,1.))
REPRESENTATION_ITEM('')
);
#1610=(
BOUNDED_CURVE()
B_SPLINE_CURVE(5,(#3475,#3476,#3477,#3478,#3479,#3480),.UNSPECIFIED.,.F.,
 .F.)
B_SPLINE_CURVE_WITH_KNOTS((6,6),(120.12912038713,120.503695140692),
 .UNSPECIFIED.)
CURVE()
GEOMETRIC_REPRESENTATION_ITEM()
RATIONAL_B_SPLINE_CURVE((1.,1.,1.,1.,1.,1.))
REPRESENTATION_ITEM('')
);
#1611=(
BOUNDED_CURVE()
B_SPLINE_CURVE(2,(#3485,#3486,#3487),.UNSPECIFIED.,.F.,.F.)
B_SPLINE_CURVE_WITH_KNOTS((3,3),(-5.54515743772434,-4.71238898038469),
 .UNSPECIFIED.)
CURVE()
GEOMETRIC_REPRESENTATION_ITEM()
RATIONAL_B_SPLINE_CURVE((1.,0.914557336889848,1.))
REPRESENTATION_ITEM('')
);
#1612=(
BOUNDED_CURVE()
B_SPLINE_CURVE(2,(#3488,#3489,#3490),.UNSPECIFIED.,.F.,.F.)
B_SPLINE_CURVE_WITH_KNOTS((3,3),(-4.71238898038469,-3.87962052304504),
 .UNSPECIFIED.)
CURVE()
GEOMETRIC_REPRESENTATION_ITEM()
RATIONAL_B_SPLINE_CURVE((1.,0.914557336889841,1.))
REPRESENTATION_ITEM('')
);
#1613=(
BOUNDED_CURVE()
B_SPLINE_CURVE(1,(#3505,#3506),.UNSPECIFIED.,.F.,.F.)
B_SPLINE_CURVE_WITH_KNOTS((2,2),(0.500000000000022,6.5000000000004),
 .UNSPECIFIED.)
CURVE()
GEOMETRIC_REPRESENTATION_ITEM()
RATIONAL_B_SPLINE_CURVE((1.,1.))
REPRESENTATION_ITEM('')
);
#1614=(
BOUNDED_CURVE()
B_SPLINE_CURVE(1,(#3507,#3508),.UNSPECIFIED.,.F.,.F.)
B_SPLINE_CURVE_WITH_KNOTS((2,2),(0.500000000000023,6.5000000000004),
 .UNSPECIFIED.)
CURVE()
GEOMETRIC_REPRESENTATION_ITEM()
RATIONAL_B_SPLINE_CURVE((1.,1.))
REPRESENTATION_ITEM('')
);
#1615=(
BOUNDED_CURVE()
B_SPLINE_CURVE(1,(#3509,#3510),.UNSPECIFIED.,.F.,.F.)
B_SPLINE_CURVE_WITH_KNOTS((2,2),(0.500000000000023,6.5000000000004),
 .UNSPECIFIED.)
CURVE()
GEOMETRIC_REPRESENTATION_ITEM()
RATIONAL_B_SPLINE_CURVE((1.,1.))
REPRESENTATION_ITEM('')
);
#1616=(
BOUNDED_CURVE()
B_SPLINE_CURVE(1,(#3511,#3512),.UNSPECIFIED.,.F.,.F.)
B_SPLINE_CURVE_WITH_KNOTS((2,2),(-6.00000000000037,0.),.UNSPECIFIED.)
CURVE()
GEOMETRIC_REPRESENTATION_ITEM()
RATIONAL_B_SPLINE_CURVE((1.,1.))
REPRESENTATION_ITEM('')
);
#1617=(
BOUNDED_CURVE()
B_SPLINE_CURVE(1,(#3513,#3514),.UNSPECIFIED.,.F.,.F.)
B_SPLINE_CURVE_WITH_KNOTS((2,2),(-6.00000000000039,0.),.UNSPECIFIED.)
CURVE()
GEOMETRIC_REPRESENTATION_ITEM()
RATIONAL_B_SPLINE_CURVE((1.,1.))
REPRESENTATION_ITEM('')
);
#1618=(
BOUNDED_CURVE()
B_SPLINE_CURVE(2,(#3515,#3516,#3517,#3518,#3519),.UNSPECIFIED.,.F.,.F.)
B_SPLINE_CURVE_WITH_KNOTS((3,2,3),(0.,1.41371669411541,2.82743338823081),
 .UNSPECIFIED.)
CURVE()
GEOMETRIC_REPRESENTATION_ITEM()
RATIONAL_B_SPLINE_CURVE((1.,0.707106781186548,1.,0.707106781186548,1.))
REPRESENTATION_ITEM('')
);
#1619=(
BOUNDED_CURVE()
B_SPLINE_CURVE(2,(#3520,#3521,#3522,#3523,#3524),.UNSPECIFIED.,.F.,.F.)
B_SPLINE_CURVE_WITH_KNOTS((3,2,3),(-5.65486677646163,-4.24115008234622,
-2.82743338823081),.UNSPECIFIED.)
CURVE()
GEOMETRIC_REPRESENTATION_ITEM()
RATIONAL_B_SPLINE_CURVE((1.,0.707106781186548,1.,0.707106781186548,1.))
REPRESENTATION_ITEM('')
);
#1620=(
BOUNDED_CURVE()
B_SPLINE_CURVE(1,(#3525,#3526),.UNSPECIFIED.,.F.,.F.)
B_SPLINE_CURVE_WITH_KNOTS((2,2),(26.1082194109221,30.),.UNSPECIFIED.)
CURVE()
GEOMETRIC_REPRESENTATION_ITEM()
RATIONAL_B_SPLINE_CURVE((1.,1.))
REPRESENTATION_ITEM('')
);
#1621=(
BOUNDED_CURVE()
B_SPLINE_CURVE(2,(#3527,#3528,#3529,#3530,#3531),.UNSPECIFIED.,.F.,.F.)
B_SPLINE_CURVE_WITH_KNOTS((3,2,3),(0.,1.41371669411541,2.82743338823081),
 .UNSPECIFIED.)
CURVE()
GEOMETRIC_REPRESENTATION_ITEM()
RATIONAL_B_SPLINE_CURVE((1.,0.707106781186548,1.,0.707106781186548,1.))
REPRESENTATION_ITEM('')
);
#1622=(
BOUNDED_CURVE()
B_SPLINE_CURVE(2,(#3532,#3533,#3534,#3535,#3536),.UNSPECIFIED.,.F.,.F.)
B_SPLINE_CURVE_WITH_KNOTS((3,2,3),(-5.65486677646163,-4.24115008234622,
-2.82743338823081),.UNSPECIFIED.)
CURVE()
GEOMETRIC_REPRESENTATION_ITEM()
RATIONAL_B_SPLINE_CURVE((1.,0.707106781186548,1.,0.707106781186548,1.))
REPRESENTATION_ITEM('')
);
#1623=(
BOUNDED_CURVE()
B_SPLINE_CURVE(1,(#3537,#3538),.UNSPECIFIED.,.F.,.F.)
B_SPLINE_CURVE_WITH_KNOTS((2,2),(26.1082194109221,30.),.UNSPECIFIED.)
CURVE()
GEOMETRIC_REPRESENTATION_ITEM()
RATIONAL_B_SPLINE_CURVE((1.,1.))
REPRESENTATION_ITEM('')
);
#1624=(
BOUNDED_CURVE()
B_SPLINE_CURVE(2,(#3541,#3542,#3543),.UNSPECIFIED.,.F.,.F.)
B_SPLINE_CURVE_WITH_KNOTS((3,3),(-2.60430812376626,0.),.UNSPECIFIED.)
CURVE()
GEOMETRIC_REPRESENTATION_ITEM()
RATIONAL_B_SPLINE_CURVE((1.,0.913068674557964,1.))
REPRESENTATION_ITEM('')
);
#1625=(
BOUNDED_CURVE()
B_SPLINE_CURVE(2,(#3544,#3545,#3546),.UNSPECIFIED.,.F.,.F.)
B_SPLINE_CURVE_WITH_KNOTS((3,3),(0.,0.586795207360363),.UNSPECIFIED.)
CURVE()
GEOMETRIC_REPRESENTATION_ITEM()
RATIONAL_B_SPLINE_CURVE((1.,0.995636875025662,1.))
REPRESENTATION_ITEM('')
);
#1626=(
BOUNDED_CURVE()
B_SPLINE_CURVE(5,(#3589,#3590,#3591,#3592,#3593,#3594),.UNSPECIFIED.,.F.,
 .F.)
B_SPLINE_CURVE_WITH_KNOTS((6,6),(1.78198025099921,2.0000000000013),
 .UNSPECIFIED.)
CURVE()
GEOMETRIC_REPRESENTATION_ITEM()
RATIONAL_B_SPLINE_CURVE((1.,1.,1.,1.,1.,1.))
REPRESENTATION_ITEM('')
);
#1627=(
BOUNDED_CURVE()
B_SPLINE_CURVE(2,(#3595,#3596,#3597),.UNSPECIFIED.,.F.,.F.)
B_SPLINE_CURVE_WITH_KNOTS((3,3),(20.5210973474,22.009159752539),
 .UNSPECIFIED.)
CURVE()
GEOMETRIC_REPRESENTATION_ITEM()
RATIONAL_B_SPLINE_CURVE((1.,1.,1.))
REPRESENTATION_ITEM('')
);
#1628=(
BOUNDED_CURVE()
B_SPLINE_CURVE(2,(#3602,#3603,#3604),.UNSPECIFIED.,.F.,.F.)
B_SPLINE_CURVE_WITH_KNOTS((3,3),(-2.60430812376626,0.),.UNSPECIFIED.)
CURVE()
GEOMETRIC_REPRESENTATION_ITEM()
RATIONAL_B_SPLINE_CURVE((1.,0.913068674558029,1.))
REPRESENTATION_ITEM('')
);
#1629=(
BOUNDED_CURVE()
B_SPLINE_CURVE(1,(#3605,#3606),.UNSPECIFIED.,.F.,.F.)
B_SPLINE_CURVE_WITH_KNOTS((2,2),(7.51855925428659,7.60945925428661),
 .UNSPECIFIED.)
CURVE()
GEOMETRIC_REPRESENTATION_ITEM()
RATIONAL_B_SPLINE_CURVE((1.,1.))
REPRESENTATION_ITEM('')
);
#1630=(
BOUNDED_CURVE()
B_SPLINE_CURVE(2,(#3615,#3616,#3617),.UNSPECIFIED.,.F.,.F.)
B_SPLINE_CURVE_WITH_KNOTS((3,3),(0.,0.586795207360736),.UNSPECIFIED.)
CURVE()
GEOMETRIC_REPRESENTATION_ITEM()
RATIONAL_B_SPLINE_CURVE((1.,0.995636875025646,1.))
REPRESENTATION_ITEM('')
);
#1631=(
BOUNDED_CURVE()
B_SPLINE_CURVE(2,(#3644,#3645,#3646,#3647,#3648),.UNSPECIFIED.,.F.,.F.)
B_SPLINE_CURVE_WITH_KNOTS((3,2,3),(-22.4980281852183,-22.074040885635,-1.55294353823503),
 .UNSPECIFIED.)
CURVE()
GEOMETRIC_REPRESENTATION_ITEM()
RATIONAL_B_SPLINE_CURVE((1.,1.,1.,1.,1.))
REPRESENTATION_ITEM('')
);
#1632=(
BOUNDED_CURVE()
B_SPLINE_CURVE(2,(#3649,#3650,#3651,#3652,#3653),.UNSPECIFIED.,.F.,.F.)
B_SPLINE_CURVE_WITH_KNOTS((3,2,3),(0.,7.206053699015,7.63004099859837),
 .UNSPECIFIED.)
CURVE()
GEOMETRIC_REPRESENTATION_ITEM()
RATIONAL_B_SPLINE_CURVE((1.,1.,1.,1.,1.))
REPRESENTATION_ITEM('')
);
#1633=(
BOUNDED_CURVE()
B_SPLINE_CURVE(2,(#3654,#3655,#3656),.UNSPECIFIED.,.F.,.F.)
B_SPLINE_CURVE_WITH_KNOTS((3,3),(-26.9812995069532,-24.5858351085902),
 .UNSPECIFIED.)
CURVE()
GEOMETRIC_REPRESENTATION_ITEM()
RATIONAL_B_SPLINE_CURVE((1.,0.707106781185585,1.))
REPRESENTATION_ITEM('')
);
#1634=(
BOUNDED_CURVE()
B_SPLINE_CURVE(2,(#3659,#3660,#3661),.UNSPECIFIED.,.F.,.F.)
B_SPLINE_CURVE_WITH_KNOTS((3,3),(-22.6358351085902,-20.240370710227),
 .UNSPECIFIED.)
CURVE()
GEOMETRIC_REPRESENTATION_ITEM()
RATIONAL_B_SPLINE_CURVE((1.,0.707106781185539,1.))
REPRESENTATION_ITEM('')
);
#1635=(
BOUNDED_CURVE()
B_SPLINE_CURVE(1,(#3670,#3671),.UNSPECIFIED.,.F.,.F.)
B_SPLINE_CURVE_WITH_KNOTS((2,2),(1.,2.0892880926447),.UNSPECIFIED.)
CURVE()
GEOMETRIC_REPRESENTATION_ITEM()
RATIONAL_B_SPLINE_CURVE((1.,1.))
REPRESENTATION_ITEM('')
);
#1636=(
BOUNDED_CURVE()
B_SPLINE_CURVE(2,(#3676,#3677,#3678,#3679,#3680),.UNSPECIFIED.,.F.,.F.)
B_SPLINE_CURVE_WITH_KNOTS((3,2,3),(127.393818596754,128.04601241014,128.698206223526),
 .UNSPECIFIED.)
CURVE()
GEOMETRIC_REPRESENTATION_ITEM()
RATIONAL_B_SPLINE_CURVE((1.,0.918066465357439,1.,0.918066465357439,1.))
REPRESENTATION_ITEM('')
);
#1637=(
BOUNDED_CURVE()
B_SPLINE_CURVE(2,(#3683,#3684,#3685),.UNSPECIFIED.,.F.,.F.)
B_SPLINE_CURVE_WITH_KNOTS((3,3),(125.246106934429,126.463474087695),
 .UNSPECIFIED.)
CURVE()
GEOMETRIC_REPRESENTATION_ITEM()
RATIONAL_B_SPLINE_CURVE((1.,0.923879532511323,1.))
REPRESENTATION_ITEM('')
);
#1638=(
BOUNDED_CURVE()
B_SPLINE_CURVE(2,(#3688,#3689,#3690),.UNSPECIFIED.,.F.,.F.)
B_SPLINE_CURVE_WITH_KNOTS((3,3),(122.767217412248,123.984584565514),
 .UNSPECIFIED.)
CURVE()
GEOMETRIC_REPRESENTATION_ITEM()
RATIONAL_B_SPLINE_CURVE((1.,0.923879532511302,1.))
REPRESENTATION_ITEM('')
);
#1639=(
BOUNDED_CURVE()
B_SPLINE_CURVE(2,(#3693,#3694,#3695,#3696,#3697),.UNSPECIFIED.,.F.,.F.)
B_SPLINE_CURVE_WITH_KNOTS((3,2,3),(-128.698206223526,-128.04601241014,-127.393818596754),
 .UNSPECIFIED.)
CURVE()
GEOMETRIC_REPRESENTATION_ITEM()
RATIONAL_B_SPLINE_CURVE((1.,0.918066465357428,1.,0.918066465357428,1.))
REPRESENTATION_ITEM('')
);
#1640=(
BOUNDED_CURVE()
B_SPLINE_CURVE(2,(#3700,#3701,#3702),.UNSPECIFIED.,.F.,.F.)
B_SPLINE_CURVE_WITH_KNOTS((3,3),(-126.463474087695,-125.246106934429),
 .UNSPECIFIED.)
CURVE()
GEOMETRIC_REPRESENTATION_ITEM()
RATIONAL_B_SPLINE_CURVE((1.,0.92387953251133,1.))
REPRESENTATION_ITEM('')
);
#1641=(
BOUNDED_CURVE()
B_SPLINE_CURVE(2,(#3705,#3706,#3707),.UNSPECIFIED.,.F.,.F.)
B_SPLINE_CURVE_WITH_KNOTS((3,3),(-123.984584565514,-122.767217412248),
 .UNSPECIFIED.)
CURVE()
GEOMETRIC_REPRESENTATION_ITEM()
RATIONAL_B_SPLINE_CURVE((1.,0.923879532511325,1.))
REPRESENTATION_ITEM('')
);
#1642=(
BOUNDED_CURVE()
B_SPLINE_CURVE(1,(#3710,#3711),.UNSPECIFIED.,.F.,.F.)
B_SPLINE_CURVE_WITH_KNOTS((2,2),(0.23893321100925,10.2389332110096),
 .UNSPECIFIED.)
CURVE()
GEOMETRIC_REPRESENTATION_ITEM()
RATIONAL_B_SPLINE_CURVE((1.,1.))
REPRESENTATION_ITEM('')
);
#1643=(
BOUNDED_CURVE()
B_SPLINE_CURVE(2,(#3716,#3717,#3718),.UNSPECIFIED.,.F.,.F.)
B_SPLINE_CURVE_WITH_KNOTS((3,3),(26.022068054129,26.7860571411511),
 .UNSPECIFIED.)
CURVE()
GEOMETRIC_REPRESENTATION_ITEM()
RATIONAL_B_SPLINE_CURVE((1.,0.96855751207983,1.))
REPRESENTATION_ITEM('')
);
#1644=(
BOUNDED_CURVE()
B_SPLINE_CURVE(2,(#3736,#3737,#3738),.UNSPECIFIED.,.F.,.F.)
B_SPLINE_CURVE_WITH_KNOTS((3,3),(20.4356130760289,21.1996021630511),
 .UNSPECIFIED.)
CURVE()
GEOMETRIC_REPRESENTATION_ITEM()
RATIONAL_B_SPLINE_CURVE((1.,0.968557512079838,1.))
REPRESENTATION_ITEM('')
);
#1645=(
BOUNDED_CURVE()
B_SPLINE_CURVE(2,(#3752,#3753,#3754),.UNSPECIFIED.,.F.,.F.)
B_SPLINE_CURVE_WITH_KNOTS((3,3),(-128.698206223526,-127.576433034089),
 .UNSPECIFIED.)
CURVE()
GEOMETRIC_REPRESENTATION_ITEM()
RATIONAL_B_SPLINE_CURVE((1.,0.763473784820738,1.))
REPRESENTATION_ITEM('')
);
#1646=(
BOUNDED_CURVE()
B_SPLINE_CURVE(2,(#3757,#3758,#3759),.UNSPECIFIED.,.F.,.F.)
B_SPLINE_CURVE_WITH_KNOTS((3,3),(127.576433034089,128.698206223526),
 .UNSPECIFIED.)
CURVE()
GEOMETRIC_REPRESENTATION_ITEM()
RATIONAL_B_SPLINE_CURVE((1.,0.763473784820619,1.))
REPRESENTATION_ITEM('')
);
#1647=(
BOUNDED_CURVE()
B_SPLINE_CURVE(1,(#3762,#3763),.UNSPECIFIED.,.F.,.F.)
B_SPLINE_CURVE_WITH_KNOTS((2,2),(7.47833789509302,10.2389332110096),
 .UNSPECIFIED.)
CURVE()
GEOMETRIC_REPRESENTATION_ITEM()
RATIONAL_B_SPLINE_CURVE((1.,1.))
REPRESENTATION_ITEM('')
);
#1648=(
BOUNDED_CURVE()
B_SPLINE_CURVE(1,(#3764,#3765),.UNSPECIFIED.,.F.,.F.)
B_SPLINE_CURVE_WITH_KNOTS((2,2),(0.23893321100923,2.4995285269254),
 .UNSPECIFIED.)
CURVE()
GEOMETRIC_REPRESENTATION_ITEM()
RATIONAL_B_SPLINE_CURVE((1.,1.))
REPRESENTATION_ITEM('')
);
#1649=(
BOUNDED_CURVE()
B_SPLINE_CURVE(1,(#3766,#3767),.UNSPECIFIED.,.F.,.F.)
B_SPLINE_CURVE_WITH_KNOTS((2,2),(7.48893321100923,10.2389332110096),
 .UNSPECIFIED.)
CURVE()
GEOMETRIC_REPRESENTATION_ITEM()
RATIONAL_B_SPLINE_CURVE((1.,1.))
REPRESENTATION_ITEM('')
);
#1650=(
BOUNDED_CURVE()
B_SPLINE_CURVE(1,(#3768,#3769),.UNSPECIFIED.,.F.,.F.)
B_SPLINE_CURVE_WITH_KNOTS((2,2),(0.238933211009231,2.48893321100919),
 .UNSPECIFIED.)
CURVE()
GEOMETRIC_REPRESENTATION_ITEM()
RATIONAL_B_SPLINE_CURVE((1.,1.))
REPRESENTATION_ITEM('')
);
#1651=(
BOUNDED_CURVE()
B_SPLINE_CURVE(1,(#3774,#3775),.UNSPECIFIED.,.F.,.F.)
B_SPLINE_CURVE_WITH_KNOTS((2,2),(0.23893321100923,10.2389332110096),
 .UNSPECIFIED.)
CURVE()
GEOMETRIC_REPRESENTATION_ITEM()
RATIONAL_B_SPLINE_CURVE((1.,1.))
REPRESENTATION_ITEM('')
);
#1652=(
BOUNDED_CURVE()
B_SPLINE_CURVE(5,(#3778,#3779,#3780,#3781,#3782,#3783,#3784,#3785,#3786,
#3787,#3788),.UNSPECIFIED.,.F.,.F.)
B_SPLINE_CURVE_WITH_KNOTS((6,5,6),(2.07609846697111,3.06882726226955,4.86451371057245),
 .UNSPECIFIED.)
CURVE()
GEOMETRIC_REPRESENTATION_ITEM()
RATIONAL_B_SPLINE_CURVE((1.,1.,1.,1.,1.,1.,1.,1.,1.,1.,1.))
REPRESENTATION_ITEM('')
);
#1653=(
BOUNDED_CURVE()
B_SPLINE_CURVE(5,(#3789,#3790,#3791,#3792,#3793,#3794,#3795,#3796,#3797,
#3798,#3799),.UNSPECIFIED.,.F.,.F.)
B_SPLINE_CURVE_WITH_KNOTS((6,5,6),(4.64203102167924,6.43771746998202,7.43044626528091),
 .UNSPECIFIED.)
CURVE()
GEOMETRIC_REPRESENTATION_ITEM()
RATIONAL_B_SPLINE_CURVE((1.,1.,1.,1.,1.,1.,1.,1.,1.,1.,1.))
REPRESENTATION_ITEM('')
);
#1654=(
BOUNDED_CURVE()
B_SPLINE_CURVE(2,(#3802,#3803,#3804,#3805,#3806),.UNSPECIFIED.,.F.,.F.)
B_SPLINE_CURVE_WITH_KNOTS((3,2,3),(-3.14159265358994,-1.57079632679497,
0.),.UNSPECIFIED.)
CURVE()
GEOMETRIC_REPRESENTATION_ITEM()
RATIONAL_B_SPLINE_CURVE((1.,0.707106781186507,1.,0.707106781186507,1.))
REPRESENTATION_ITEM('')
);
#1655=(
BOUNDED_CURVE()
B_SPLINE_CURVE(2,(#3809,#3810,#3811,#3812,#3813),.UNSPECIFIED.,.F.,.F.)
B_SPLINE_CURVE_WITH_KNOTS((3,2,3),(-3.14159265358988,-1.57079632679494,
0.),.UNSPECIFIED.)
CURVE()
GEOMETRIC_REPRESENTATION_ITEM()
RATIONAL_B_SPLINE_CURVE((1.,0.707106781186527,1.,0.707106781186527,1.))
REPRESENTATION_ITEM('')
);
#1656=(
BOUNDED_CURVE()
B_SPLINE_CURVE(2,(#3814,#3815,#3816,#3817,#3818),.UNSPECIFIED.,.F.,.F.)
B_SPLINE_CURVE_WITH_KNOTS((3,2,3),(-3.14159265358974,-1.57079632679487,
0.),.UNSPECIFIED.)
CURVE()
GEOMETRIC_REPRESENTATION_ITEM()
RATIONAL_B_SPLINE_CURVE((1.,0.707106781186558,1.,0.707106781186558,1.))
REPRESENTATION_ITEM('')
);
#1657=(
BOUNDED_CURVE()
B_SPLINE_CURVE(1,(#3819,#3820),.UNSPECIFIED.,.F.,.F.)
B_SPLINE_CURVE_WITH_KNOTS((2,2),(26.1082194109221,30.),.UNSPECIFIED.)
CURVE()
GEOMETRIC_REPRESENTATION_ITEM()
RATIONAL_B_SPLINE_CURVE((1.,1.))
REPRESENTATION_ITEM('')
);
#1658=(
BOUNDED_CURVE()
B_SPLINE_CURVE(2,(#3821,#3822,#3823,#3824,#3825),.UNSPECIFIED.,.F.,.F.)
B_SPLINE_CURVE_WITH_KNOTS((3,2,3),(2.82743338823081,4.24115008234622,5.65486677646163),
 .UNSPECIFIED.)
CURVE()
GEOMETRIC_REPRESENTATION_ITEM()
RATIONAL_B_SPLINE_CURVE((1.,0.707106781186548,1.,0.707106781186548,1.))
REPRESENTATION_ITEM('')
);
#1659=(
BOUNDED_CURVE()
B_SPLINE_CURVE(2,(#3826,#3827,#3828,#3829,#3830),.UNSPECIFIED.,.F.,.F.)
B_SPLINE_CURVE_WITH_KNOTS((3,2,3),(-2.82743338823081,-1.41371669411541,
0.),.UNSPECIFIED.)
CURVE()
GEOMETRIC_REPRESENTATION_ITEM()
RATIONAL_B_SPLINE_CURVE((1.,0.707106781186548,1.,0.707106781186548,1.))
REPRESENTATION_ITEM('')
);
#1660=(
BOUNDED_CURVE()
B_SPLINE_CURVE(1,(#3831,#3832),.UNSPECIFIED.,.F.,.F.)
B_SPLINE_CURVE_WITH_KNOTS((2,2),(26.1082194109221,30.),.UNSPECIFIED.)
CURVE()
GEOMETRIC_REPRESENTATION_ITEM()
RATIONAL_B_SPLINE_CURVE((1.,1.))
REPRESENTATION_ITEM('')
);
#1661=(
BOUNDED_CURVE()
B_SPLINE_CURVE(2,(#3833,#3834,#3835,#3836,#3837),.UNSPECIFIED.,.F.,.F.)
B_SPLINE_CURVE_WITH_KNOTS((3,2,3),(2.82743338823081,4.24115008234622,5.65486677646163),
 .UNSPECIFIED.)
CURVE()
GEOMETRIC_REPRESENTATION_ITEM()
RATIONAL_B_SPLINE_CURVE((1.,0.707106781186548,1.,0.707106781186548,1.))
REPRESENTATION_ITEM('')
);
#1662=(
BOUNDED_CURVE()
B_SPLINE_CURVE(2,(#3838,#3839,#3840,#3841,#3842),.UNSPECIFIED.,.F.,.F.)
B_SPLINE_CURVE_WITH_KNOTS((3,2,3),(-2.82743338823081,-1.41371669411541,
0.),.UNSPECIFIED.)
CURVE()
GEOMETRIC_REPRESENTATION_ITEM()
RATIONAL_B_SPLINE_CURVE((1.,0.707106781186548,1.,0.707106781186548,1.))
REPRESENTATION_ITEM('')
);
#1663=VERTEX_POINT('',#2405);
#1664=VERTEX_POINT('',#2406);
#1665=VERTEX_POINT('',#2407);
#1666=VERTEX_POINT('',#2408);
#1667=VERTEX_POINT('',#2409);
#1668=VERTEX_POINT('',#2410);
#1669=VERTEX_POINT('',#2411);
#1670=VERTEX_POINT('',#2412);
#1671=VERTEX_POINT('',#2413);
#1672=VERTEX_POINT('',#2414);
#1673=VERTEX_POINT('',#2415);
#1674=VERTEX_POINT('',#2416);
#1675=VERTEX_POINT('',#2417);
#1676=VERTEX_POINT('',#2418);
#1677=VERTEX_POINT('',#2419);
#1678=VERTEX_POINT('',#2420);
#1679=VERTEX_POINT('',#2421);
#1680=VERTEX_POINT('',#2422);
#1681=VERTEX_POINT('',#2423);
#1682=VERTEX_POINT('',#2424);
#1683=VERTEX_POINT('',#2425);
#1684=VERTEX_POINT('',#2426);
#1685=VERTEX_POINT('',#2427);
#1686=VERTEX_POINT('',#2428);
#1687=VERTEX_POINT('',#2429);
#1688=VERTEX_POINT('',#2430);
#1689=VERTEX_POINT('',#2431);
#1690=VERTEX_POINT('',#2432);
#1691=VERTEX_POINT('',#2433);
#1692=VERTEX_POINT('',#2434);
#1693=VERTEX_POINT('',#2435);
#1694=VERTEX_POINT('',#2436);
#1695=VERTEX_POINT('',#2437);
#1696=VERTEX_POINT('',#2438);
#1697=VERTEX_POINT('',#2439);
#1698=VERTEX_POINT('',#2440);
#1699=VERTEX_POINT('',#2441);
#1700=VERTEX_POINT('',#2442);
#1701=VERTEX_POINT('',#2443);
#1702=VERTEX_POINT('',#2444);
#1703=VERTEX_POINT('',#2445);
#1704=VERTEX_POINT('',#2446);
#1705=VERTEX_POINT('',#2447);
#1706=VERTEX_POINT('',#2448);
#1707=VERTEX_POINT('',#2449);
#1708=VERTEX_POINT('',#2450);
#1709=VERTEX_POINT('',#2451);
#1710=VERTEX_POINT('',#2452);
#1711=VERTEX_POINT('',#2453);
#1712=VERTEX_POINT('',#2454);
#1713=VERTEX_POINT('',#2455);
#1714=VERTEX_POINT('',#2456);
#1715=VERTEX_POINT('',#2457);
#1716=VERTEX_POINT('',#2458);
#1717=VERTEX_POINT('',#2459);
#1718=VERTEX_POINT('',#2460);
#1719=VERTEX_POINT('',#2461);
#1720=VERTEX_POINT('',#2462);
#1721=VERTEX_POINT('',#2463);
#1722=VERTEX_POINT('',#2464);
#1723=VERTEX_POINT('',#2465);
#1724=VERTEX_POINT('',#2466);
#1725=VERTEX_POINT('',#2467);
#1726=VERTEX_POINT('',#2468);
#1727=VERTEX_POINT('',#2469);
#1728=VERTEX_POINT('',#2470);
#1729=VERTEX_POINT('',#2471);
#1730=VERTEX_POINT('',#2472);
#1731=VERTEX_POINT('',#2473);
#1732=VERTEX_POINT('',#2474);
#1733=VERTEX_POINT('',#2475);
#1734=VERTEX_POINT('',#2476);
#1735=VERTEX_POINT('',#2477);
#1736=VERTEX_POINT('',#2478);
#1737=VERTEX_POINT('',#2479);
#1738=VERTEX_POINT('',#2480);
#1739=VERTEX_POINT('',#2481);
#1740=VERTEX_POINT('',#2482);
#1741=VERTEX_POINT('',#2483);
#1742=VERTEX_POINT('',#2484);
#1743=VERTEX_POINT('',#2485);
#1744=VERTEX_POINT('',#2486);
#1745=VERTEX_POINT('',#2487);
#1746=VERTEX_POINT('',#2488);
#1747=VERTEX_POINT('',#2489);
#1748=VERTEX_POINT('',#2490);
#1749=VERTEX_POINT('',#2491);
#1750=VERTEX_POINT('',#2492);
#1751=VERTEX_POINT('',#2493);
#1752=VERTEX_POINT('',#2494);
#1753=VERTEX_POINT('',#2495);
#1754=VERTEX_POINT('',#2496);
#1755=VERTEX_POINT('',#2497);
#1756=VERTEX_POINT('',#2498);
#1757=VERTEX_POINT('',#2499);
#1758=VERTEX_POINT('',#2500);
#1759=VERTEX_POINT('',#2501);
#1760=VERTEX_POINT('',#2502);
#1761=VERTEX_POINT('',#2503);
#1762=VERTEX_POINT('',#2504);
#1763=VERTEX_POINT('',#3175);
#1764=VERTEX_POINT('',#3176);
#1765=VERTEX_POINT('',#3177);
#1766=VERTEX_POINT('',#3178);
#1767=VERTEX_POINT('',#3179);
#1768=VERTEX_POINT('',#3180);
#1769=VERTEX_POINT('',#3181);
#1770=VERTEX_POINT('',#3182);
#1771=VERTEX_POINT('',#3183);
#1772=VERTEX_POINT('',#3184);
#1773=VERTEX_POINT('',#3185);
#1774=VERTEX_POINT('',#3186);
#1775=VERTEX_POINT('',#3187);
#1776=VERTEX_POINT('',#3188);
#1777=VERTEX_POINT('',#3189);
#1778=VERTEX_POINT('',#3190);
#1779=VERTEX_POINT('',#3191);
#1780=VERTEX_POINT('',#3192);
#1781=VERTEX_POINT('',#3193);
#1782=VERTEX_POINT('',#3194);
#1783=VERTEX_POINT('',#3195);
#1784=VERTEX_POINT('',#3196);
#1785=VERTEX_POINT('',#3197);
#1786=VERTEX_POINT('',#3198);
#1787=VERTEX_POINT('',#3199);
#1788=VERTEX_POINT('',#3200);
#1789=VERTEX_POINT('',#3201);
#1790=VERTEX_POINT('',#3202);
#1791=VERTEX_POINT('',#3203);
#1792=VERTEX_POINT('',#3204);
#1793=VERTEX_POINT('',#3205);
#1794=VERTEX_POINT('',#3206);
#1795=VERTEX_POINT('',#3207);
#1796=VERTEX_POINT('',#3208);
#1797=VERTEX_POINT('',#3209);
#1798=VERTEX_POINT('',#3210);
#1799=VERTEX_POINT('',#3211);
#1800=VERTEX_POINT('',#3212);
#1801=VERTEX_POINT('',#3213);
#1802=VERTEX_POINT('',#3214);
#1803=VERTEX_POINT('',#3215);
#1804=VERTEX_POINT('',#3216);
#1805=VERTEX_POINT('',#3217);
#1806=VERTEX_POINT('',#3218);
#1807=VERTEX_POINT('',#3219);
#1808=VERTEX_POINT('',#3220);
#1809=VERTEX_POINT('',#3221);
#1810=VERTEX_POINT('',#3222);
#1811=VERTEX_POINT('',#3223);
#1812=VERTEX_POINT('',#3224);
#1813=VERTEX_POINT('',#3225);
#1814=VERTEX_POINT('',#3226);
#1815=VERTEX_POINT('',#3227);
#1816=VERTEX_POINT('',#3228);
#1817=VERTEX_POINT('',#3229);
#1818=VERTEX_POINT('',#3230);
#1819=VERTEX_POINT('',#3231);
#1820=VERTEX_POINT('',#3232);
#1821=VERTEX_POINT('',#3233);
#1822=VERTEX_POINT('',#3234);
#1823=VERTEX_POINT('',#3235);
#1824=VERTEX_POINT('',#3236);
#1825=VERTEX_POINT('',#3237);
#1826=VERTEX_POINT('',#3238);
#1827=VERTEX_POINT('',#3239);
#1828=VERTEX_POINT('',#3240);
#1829=VERTEX_POINT('',#3241);
#1830=VERTEX_POINT('',#3242);
#1831=VERTEX_POINT('',#3243);
#1832=VERTEX_POINT('',#3244);
#1833=VERTEX_POINT('',#3245);
#1834=VERTEX_POINT('',#3246);
#1835=VERTEX_POINT('',#3247);
#1836=VERTEX_POINT('',#3248);
#1837=VERTEX_POINT('',#3249);
#1838=VERTEX_POINT('',#3250);
#1839=VERTEX_POINT('',#3251);
#1840=VERTEX_POINT('',#3252);
#1841=VERTEX_POINT('',#3253);
#1842=VERTEX_POINT('',#3254);
#1843=VERTEX_POINT('',#3255);
#1844=VERTEX_POINT('',#3256);
#1845=VERTEX_POINT('',#3257);
#1846=VERTEX_POINT('',#3258);
#1847=VERTEX_POINT('',#3259);
#1848=VERTEX_POINT('',#3260);
#1849=VERTEX_POINT('',#3261);
#1850=VERTEX_POINT('',#3262);
#1851=VERTEX_POINT('',#3263);
#1852=VERTEX_POINT('',#3264);
#1853=VERTEX_POINT('',#3265);
#1854=VERTEX_POINT('',#3266);
#1855=VERTEX_POINT('',#3267);
#1856=VERTEX_POINT('',#3268);
#1857=VERTEX_POINT('',#3269);
#1858=VERTEX_POINT('',#3270);
#1859=VERTEX_POINT('',#3271);
#1860=VERTEX_POINT('',#3272);
#1861=VERTEX_POINT('',#3273);
#1862=VERTEX_POINT('',#3274);
#1863=VERTEX_POINT('',#3275);
#1864=VERTEX_POINT('',#3276);
#1865=VERTEX_POINT('',#3277);
#1866=VERTEX_POINT('',#3278);
#1867=VERTEX_POINT('',#3279);
#1868=VERTEX_POINT('',#3280);
#1869=VERTEX_POINT('',#3281);
#1870=VERTEX_POINT('',#3282);
#1871=VERTEX_POINT('',#3283);
#1872=VERTEX_POINT('',#3284);
#1873=B_SPLINE_SURFACE_WITH_KNOTS('',5,1,((#2321,#2322),(#2323,#2324),(#2325,
#2326),(#2327,#2328),(#2329,#2330),(#2331,#2332)),.UNSPECIFIED.,.F.,.F.,
 .F.,(6,6),(2,2),(-5.549727344345E-14,1.00000000000001),(-1.00000000000001,
11.5000000000009),.UNSPECIFIED.);
#1874=B_SPLINE_SURFACE_WITH_KNOTS('',5,1,((#2333,#2334),(#2335,#2336),(#2337,
#2338),(#2339,#2340),(#2341,#2342),(#2343,#2344)),.UNSPECIFIED.,.F.,.F.,
 .F.,(6,6),(2,2),(-5.04180031057899E-14,1.00000000000001),(-1.00000000000001,
11.5000000000009),.UNSPECIFIED.);
#1875=B_SPLINE_SURFACE_WITH_KNOTS('',5,1,((#2378,#2379),(#2380,#2381),(#2382,
#2383),(#2384,#2385),(#2386,#2387),(#2388,#2389)),.UNSPECIFIED.,.F.,.F.,
 .F.,(6,6),(2,2),(-1.0547118733939E-14,2.84309249583668),(-1.51,12.010000000001),
 .UNSPECIFIED.);
#1876=B_SPLINE_SURFACE_WITH_KNOTS('',5,1,((#3077,#3078),(#3079,#3080),(#3081,
#3082),(#3083,#3084),(#3085,#3086),(#3087,#3088)),.UNSPECIFIED.,.F.,.F.,
 .F.,(6,6),(2,2),(-5.549727344345E-14,1.00000000000001),(-1.00000000000001,
11.5000000000009),.UNSPECIFIED.);
#1877=B_SPLINE_SURFACE_WITH_KNOTS('',5,1,((#3089,#3090),(#3091,#3092),(#3093,
#3094),(#3095,#3096),(#3097,#3098),(#3099,#3100)),.UNSPECIFIED.,.F.,.F.,
 .F.,(6,6),(2,2),(-5.04180031057899E-14,1.00000000000001),(-1.00000000000001,
11.5000000000009),.UNSPECIFIED.);
#1878=B_SPLINE_SURFACE_WITH_KNOTS('',5,1,((#3115,#3116),(#3117,#3118),(#3119,
#3120),(#3121,#3122),(#3123,#3124),(#3125,#3126)),.UNSPECIFIED.,.F.,.F.,
 .F.,(6,6),(2,2),(-1.0547118733939E-14,2.84309249583668),(-1.51,12.010000000001),
 .UNSPECIFIED.);
#1879=(
BOUNDED_SURFACE()
B_SPLINE_SURFACE(5,1,((#2280,#2281),(#2282,#2283),(#2284,#2285),(#2286,
#2287),(#2288,#2289),(#2290,#2291)),.UNSPECIFIED.,.F.,.F.,.F.)
B_SPLINE_SURFACE_WITH_KNOTS((6,6),(2,2),(117.313305314387,118.129120387129),
(0.,10.5000000000009),.UNSPECIFIED.)
GEOMETRIC_REPRESENTATION_ITEM()
RATIONAL_B_SPLINE_SURFACE(((1.,1.),(1.,1.),(1.,1.),(1.,1.),(1.,1.),(1.,
1.)))
REPRESENTATION_ITEM('')
SURFACE()
);
#1880=(
BOUNDED_SURFACE()
B_SPLINE_SURFACE(5,1,((#2293,#2294),(#2295,#2296),(#2297,#2298),(#2299,
#2300),(#2301,#2302),(#2303,#2304)),.UNSPECIFIED.,.F.,.F.,.F.)
B_SPLINE_SURFACE_WITH_KNOTS((6,6),(2,2),(120.12912038713,120.503695140692),
(0.,10.5000000000009),.UNSPECIFIED.)
GEOMETRIC_REPRESENTATION_ITEM()
RATIONAL_B_SPLINE_SURFACE(((1.,1.),(1.,1.),(1.,1.),(1.,1.),(1.,1.),(1.,
1.)))
REPRESENTATION_ITEM('')
SURFACE()
);
#1881=(
BOUNDED_SURFACE()
B_SPLINE_SURFACE(1,2,((#2308,#2309,#2310,#2311,#2312),(#2313,#2314,#2315,
#2316,#2317)),.UNSPECIFIED.,.F.,.F.,.F.)
B_SPLINE_SURFACE_WITH_KNOTS((2,2),(3,2,3),(0.,3.60555127546399),(0.,1.5707963267949,
3.14159265358985),.UNSPECIFIED.)
GEOMETRIC_REPRESENTATION_ITEM()
RATIONAL_B_SPLINE_SURFACE(((1.,0.707106781186548,1.,0.707106781186537,1.00000000000002),
(1.,0.707106781186548,1.,0.707106781186537,1.00000000000002)))
REPRESENTATION_ITEM('')
SURFACE()
);
#1882=(
BOUNDED_SURFACE()
B_SPLINE_SURFACE(1,2,((#2356,#2357,#2358,#2359,#2360),(#2361,#2362,#2363,
#2364,#2365)),.UNSPECIFIED.,.F.,.F.,.F.)
B_SPLINE_SURFACE_WITH_KNOTS((2,2),(3,2,3),(-2.08166817117217E-14,3.60555127546399),
(3.14159265358976,4.71238898038469,6.28318530717962),.UNSPECIFIED.)
GEOMETRIC_REPRESENTATION_ITEM()
RATIONAL_B_SPLINE_SURFACE(((1.00000000000001,0.707106781186543,1.,0.707106781186543,
1.00000000000001),(1.00000000000001,0.707106781186543,1.,0.707106781186543,
1.00000000000001)))
REPRESENTATION_ITEM('')
SURFACE()
);
#1883=(
BOUNDED_SURFACE()
B_SPLINE_SURFACE(5,1,((#3043,#3044),(#3045,#3046),(#3047,#3048),(#3049,
#3050),(#3051,#3052),(#3053,#3054)),.UNSPECIFIED.,.F.,.F.,.F.)
B_SPLINE_SURFACE_WITH_KNOTS((6,6),(2,2),(117.313305314387,118.129120387129),
(0.,10.5000000000009),.UNSPECIFIED.)
GEOMETRIC_REPRESENTATION_ITEM()
RATIONAL_B_SPLINE_SURFACE(((1.,1.),(1.,1.),(1.,1.),(1.,1.),(1.,1.),(1.,
1.)))
REPRESENTATION_ITEM('')
SURFACE()
);
#1884=(
BOUNDED_SURFACE()
B_SPLINE_SURFACE(5,1,((#3055,#3056),(#3057,#3058),(#3059,#3060),(#3061,
#3062),(#3063,#3064),(#3065,#3066)),.UNSPECIFIED.,.F.,.F.,.F.)
B_SPLINE_SURFACE_WITH_KNOTS((6,6),(2,2),(120.12912038713,120.503695140692),
(0.,10.5000000000009),.UNSPECIFIED.)
GEOMETRIC_REPRESENTATION_ITEM()
RATIONAL_B_SPLINE_SURFACE(((1.,1.),(1.,1.),(1.,1.),(1.,1.),(1.,1.),(1.,
1.)))
REPRESENTATION_ITEM('')
SURFACE()
);
#1885=(
BOUNDED_SURFACE()
B_SPLINE_SURFACE(1,2,((#3067,#3068,#3069,#3070,#3071),(#3072,#3073,#3074,
#3075,#3076)),.UNSPECIFIED.,.F.,.F.,.F.)
B_SPLINE_SURFACE_WITH_KNOTS((2,2),(3,2,3),(0.,3.60555127546399),(0.,1.5707963267949,
3.14159265358985),.UNSPECIFIED.)
GEOMETRIC_REPRESENTATION_ITEM()
RATIONAL_B_SPLINE_SURFACE(((1.,0.707106781186548,1.,0.707106781186537,1.00000000000002),
(1.,0.707106781186548,1.,0.707106781186537,1.00000000000002)))
REPRESENTATION_ITEM('')
SURFACE()
);
#1886=(
BOUNDED_SURFACE()
B_SPLINE_SURFACE(1,2,((#3101,#3102,#3103,#3104,#3105),(#3106,#3107,#3108,
#3109,#3110)),.UNSPECIFIED.,.F.,.F.,.F.)
B_SPLINE_SURFACE_WITH_KNOTS((2,2),(3,2,3),(-2.08166817117217E-14,3.60555127546399),
(3.14159265358976,4.71238898038469,6.28318530717962),.UNSPECIFIED.)
GEOMETRIC_REPRESENTATION_ITEM()
RATIONAL_B_SPLINE_SURFACE(((1.00000000000001,0.707106781186543,1.,0.707106781186543,
1.00000000000001),(1.00000000000001,0.707106781186543,1.,0.707106781186543,
1.00000000000001)))
REPRESENTATION_ITEM('')
SURFACE()
);
#1887=PLANE('',#2075);
#1888=PLANE('',#2076);
#1889=PLANE('',#2077);
#1890=PLANE('',#2078);
#1891=PLANE('',#2080);
#1892=PLANE('',#2083);
#1893=PLANE('',#2084);
#1894=PLANE('',#2085);
#1895=PLANE('',#2088);
#1896=PLANE('',#2089);
#1897=PLANE('',#2091);
#1898=PLANE('',#2093);
#1899=PLANE('',#2096);
#1900=PLANE('',#2097);
#1901=PLANE('',#2099);
#1902=PLANE('',#2100);
#1903=PLANE('',#2101);
#1904=PLANE('',#2102);
#1905=PLANE('',#2103);
#1906=PLANE('',#2104);
#1907=PLANE('',#2105);
#1908=PLANE('',#2106);
#1909=PLANE('',#2108);
#1910=PLANE('',#2110);
#1911=PLANE('',#2112);
#1912=PLANE('',#2113);
#1913=PLANE('',#2114);
#1914=PLANE('',#2115);
#1915=PLANE('',#2116);
#1916=PLANE('',#2121);
#1917=PLANE('',#2122);
#1918=PLANE('',#2124);
#1919=PLANE('',#2125);
#1920=PLANE('',#2127);
#1921=PLANE('',#2128);
#1922=PLANE('',#2129);
#1923=PLANE('',#2131);
#1924=PLANE('',#2134);
#1925=PLANE('',#2136);
#1926=PLANE('',#2138);
#1927=PLANE('',#2144);
#1928=PLANE('',#2145);
#1929=PLANE('',#2147);
#1930=PLANE('',#2150);
#1931=PLANE('',#2151);
#1932=PLANE('',#2152);
#1933=PLANE('',#2155);
#1934=PLANE('',#2156);
#1935=PLANE('',#2158);
#1936=PLANE('',#2160);
#1937=PLANE('',#2161);
#1938=PLANE('',#2162);
#1939=PLANE('',#2163);
#1940=PLANE('',#2164);
#1941=PLANE('',#2165);
#1942=PLANE('',#2166);
#1943=PLANE('',#2167);
#1944=PLANE('',#2170);
#1945=PLANE('',#2172);
#1946=CYLINDRICAL_SURFACE('',#2074,2.34103586951577);
#1947=CYLINDRICAL_SURFACE('',#2079,0.999999999999997);
#1948=CYLINDRICAL_SURFACE('',#2081,1.52500000000003);
#1949=CYLINDRICAL_SURFACE('',#2082,1.52500000000003);
#1950=CYLINDRICAL_SURFACE('',#2086,1.52499999999998);
#1951=CYLINDRICAL_SURFACE('',#2087,1.52500000000002);
#1952=CYLINDRICAL_SURFACE('',#2090,2.34103586951579);
#1953=CYLINDRICAL_SURFACE('',#2092,0.99999999999999);
#1954=CYLINDRICAL_SURFACE('',#2094,0.900000000000006);
#1955=CYLINDRICAL_SURFACE('',#2095,0.899999999999991);
#1956=CYLINDRICAL_SURFACE('',#2098,3.10000000000001);
#1957=CYLINDRICAL_SURFACE('',#2107,3.10000000000022);
#1958=CYLINDRICAL_SURFACE('',#2109,1.52499999999803);
#1959=CYLINDRICAL_SURFACE('',#2111,1.52499999999793);
#1960=CYLINDRICAL_SURFACE('',#2117,0.999999999999975);
#1961=CYLINDRICAL_SURFACE('',#2118,0.999999999999932);
#1962=CYLINDRICAL_SURFACE('',#2119,0.90000000000002);
#1963=CYLINDRICAL_SURFACE('',#2120,0.900000000000006);
#1964=CYLINDRICAL_SURFACE('',#2123,3.1000000000002);
#1965=CYLINDRICAL_SURFACE('',#2126,3.10000000000015);
#1966=CYLINDRICAL_SURFACE('',#2130,1.52499999999803);
#1967=CYLINDRICAL_SURFACE('',#2132,1.52499999999799);
#1968=CYLINDRICAL_SURFACE('',#2133,0.799999999999963);
#1969=CYLINDRICAL_SURFACE('',#2135,1.55000000000017);
#1970=CYLINDRICAL_SURFACE('',#2137,1.55000000000028);
#1971=CYLINDRICAL_SURFACE('',#2139,0.899999999999998);
#1972=CYLINDRICAL_SURFACE('',#2140,0.900000000000014);
#1973=CYLINDRICAL_SURFACE('',#2141,0.900000000000004);
#1974=CYLINDRICAL_SURFACE('',#2142,0.900000000000007);
#1975=CYLINDRICAL_SURFACE('',#2143,2.34103586951581);
#1976=CYLINDRICAL_SURFACE('',#2146,1.00000000000004);
#1977=CYLINDRICAL_SURFACE('',#2148,1.52500000000003);
#1978=CYLINDRICAL_SURFACE('',#2149,1.52500000000003);
#1979=CYLINDRICAL_SURFACE('',#2153,1.52499999999999);
#1980=CYLINDRICAL_SURFACE('',#2154,1.52500000000002);
#1981=CYLINDRICAL_SURFACE('',#2157,2.34103586951582);
#1982=CYLINDRICAL_SURFACE('',#2159,0.999999999999986);
#1983=CYLINDRICAL_SURFACE('',#2168,0.999999999999986);
#1984=CYLINDRICAL_SURFACE('',#2169,0.999999999999972);
#1985=CYLINDRICAL_SURFACE('',#2171,0.799999999999963);
#1986=SHAPE_DEFINITION_REPRESENTATION(#1987,#2072);
#1987=PRODUCT_DEFINITION_SHAPE('Document','',#1989);
#1988=PRODUCT_DEFINITION_CONTEXT('3D Mechanical Parts',#2061,'design');
#1989=PRODUCT_DEFINITION('A','First version',#2031,#1988);
#1990=DATE_TIME_ROLE('classification_date');
#1991=DATE_TIME_ROLE('creation_date');
#1992=APPLIED_DATE_AND_TIME_ASSIGNMENT(#2016,#1990,(#1995));
#1993=APPLIED_DATE_AND_TIME_ASSIGNMENT(#2018,#1991,(#1989));
#1994=SECURITY_CLASSIFICATION_LEVEL('unclassified');
#1995=SECURITY_CLASSIFICATION('A','Security for version',#1994);
#1996=APPLIED_SECURITY_CLASSIFICATION_ASSIGNMENT(#1995,(#2031));
#1997=APPROVAL_ROLE('Version approval');
#1998=APPROVAL_ROLE('Version Security approval');
#1999=APPROVAL_ROLE('Definition approval');
#2000=APPROVAL_PERSON_ORGANIZATION(#2049,#2025,#1997);
#2001=APPROVAL_PERSON_ORGANIZATION(#2050,#2026,#1998);
#2002=APPROVAL_PERSON_ORGANIZATION(#2053,#2027,#1999);
#2003=COORDINATED_UNIVERSAL_TIME_OFFSET(5,0,.BEHIND.);
#2004=LOCAL_TIME(0,0,0.,#2003);
#2005=LOCAL_TIME(0,0,0.,#2003);
#2006=LOCAL_TIME(0,0,0.,#2003);
#2007=LOCAL_TIME(0,0,0.,#2003);
#2008=LOCAL_TIME(0,0,0.,#2003);
#2009=CALENDAR_DATE(1999,1,1);
#2010=CALENDAR_DATE(1999,1,1);
#2011=CALENDAR_DATE(1999,1,1);
#2012=CALENDAR_DATE(1999,1,1);
#2013=CALENDAR_DATE(1999,1,1);
#2014=DATE_AND_TIME(#2009,#2004);
#2015=DATE_AND_TIME(#2010,#2005);
#2016=DATE_AND_TIME(#2011,#2006);
#2017=DATE_AND_TIME(#2012,#2007);
#2018=DATE_AND_TIME(#2013,#2008);
#2019=APPROVAL_DATE_TIME(#2014,#2025);
#2020=APPROVAL_DATE_TIME(#2015,#2026);
#2021=APPROVAL_DATE_TIME(#2017,#2027);
#2022=APPROVAL_STATUS('not_yet_approved');
#2023=APPROVAL_STATUS('not_yet_approved');
#2024=APPROVAL_STATUS('approved');
#2025=APPROVAL(#2022,'Version approval');
#2026=APPROVAL(#2023,'Version Security approval');
#2027=APPROVAL(#2024,'Definition approval');
#2028=APPLIED_APPROVAL_ASSIGNMENT(#2025,(#2031));
#2029=APPLIED_APPROVAL_ASSIGNMENT(#2026,(#1995));
#2030=APPLIED_APPROVAL_ASSIGNMENT(#2027,(#1989));
#2031=PRODUCT_DEFINITION_FORMATION_WITH_SPECIFIED_SOURCE('A',
'First version',#2063,.MADE.);
#2032=PERSON_AND_ORGANIZATION_ROLE('design_owner');
#2033=PERSON_AND_ORGANIZATION_ROLE('creator');
#2034=PERSON_AND_ORGANIZATION_ROLE('design_supplier');
#2035=PERSON_AND_ORGANIZATION_ROLE('classification_officer');
#2036=PERSON_AND_ORGANIZATION_ROLE('creator');
#2037=ORGANIZATION('STI','lab','lab');
#2038=ORGANIZATION('STI','unknown','unknown');
#2039=ORGANIZATION('STI','unknown','unknown');
#2040=ORGANIZATION('STI','unknown','unknown');
#2041=ORGANIZATION('STI','unknown','unknown');
#2042=ORGANIZATION('STI','unknown','unknown');
#2043=ORGANIZATION('STI','unknown','unknown');
#2044=PERSON('1','Box','vc60',$,$,$);
#2045=PERSON('2','last','first',$,$,$);
#2046=PERSON('3','President','Mr.',$,$,$);
#2047=PERSON_AND_ORGANIZATION(#2044,#2037);
#2048=PERSON_AND_ORGANIZATION(#2045,#2038);
#2049=PERSON_AND_ORGANIZATION(#2046,#2039);
#2050=PERSON_AND_ORGANIZATION(#2046,#2040);
#2051=PERSON_AND_ORGANIZATION(#2046,#2041);
#2052=PERSON_AND_ORGANIZATION(#2045,#2042);
#2053=PERSON_AND_ORGANIZATION(#2046,#2043);
#2054=APPLIED_PERSON_AND_ORGANIZATION_ASSIGNMENT(#2047,#2032,(#2063));
#2055=APPLIED_PERSON_AND_ORGANIZATION_ASSIGNMENT(#2048,#2033,(#2031));
#2056=APPLIED_PERSON_AND_ORGANIZATION_ASSIGNMENT(#2048,#2034,(#2031));
#2057=APPLIED_PERSON_AND_ORGANIZATION_ASSIGNMENT(#2051,#2035,(#1995));
#2058=APPLIED_PERSON_AND_ORGANIZATION_ASSIGNMENT(#2052,#2036,(#1989));
#2059=PRODUCT_RELATED_PRODUCT_CATEGORY('detail','detail',(#2063));
#2060=APPLICATION_PROTOCOL_DEFINITION('International Standard',
'config_control_design',1994,#2061);
#2061=APPLICATION_CONTEXT(
'configuration controlled 3d designs of mechanical parts and assemblie
s');
#2062=PRODUCT_CONTEXT('3D Mechanical Parts',#2061,'mechanical');
#2063=PRODUCT('Document','Document','',(#2062));
#2064=(
LENGTH_UNIT()
NAMED_UNIT(*)
SI_UNIT(.MILLI.,.METRE.)
);
#2065=(
NAMED_UNIT(*)
PLANE_ANGLE_UNIT()
SI_UNIT($,.RADIAN.)
);
#2066=DIMENSIONAL_EXPONENTS(0.,0.,0.,0.,0.,0.,0.);
#2067=PLANE_ANGLE_MEASURE_WITH_UNIT(PLANE_ANGLE_MEASURE(0.01745329252),
#2065);
#2068=(
CONVERSION_BASED_UNIT('DEGREES',#2067)
NAMED_UNIT(#2066)
PLANE_ANGLE_UNIT()
);
#2069=(
NAMED_UNIT(*)
SI_UNIT($,.STERADIAN.)
SOLID_ANGLE_UNIT()
);
#2070=UNCERTAINTY_MEASURE_WITH_UNIT(LENGTH_MEASURE(0.001),#2064,
'DISTANCE_ACCURACY_VALUE',
'Maximum model space distance between geometric entities at asserted c
onnectivities');
#2071=(
GEOMETRIC_REPRESENTATION_CONTEXT(3)
GLOBAL_UNCERTAINTY_ASSIGNED_CONTEXT((#2070))
GLOBAL_UNIT_ASSIGNED_CONTEXT((#2069,#2068,#2064))
REPRESENTATION_CONTEXT('ID1','3D')
);
#2072=SHAPE_REPRESENTATION('Document',(#2073,#2173),#2071);
#2073=AXIS2_PLACEMENT_3D('',#2277,#2174,#2175);
#2074=AXIS2_PLACEMENT_3D('',#2278,#2176,$);
#2075=AXIS2_PLACEMENT_3D('',#2279,#2177,$);
#2076=AXIS2_PLACEMENT_3D('',#2292,#2178,$);
#2077=AXIS2_PLACEMENT_3D('',#2305,#2179,$);
#2078=AXIS2_PLACEMENT_3D('',#2306,#2180,$);
#2079=AXIS2_PLACEMENT_3D('',#2307,#2181,$);
#2080=AXIS2_PLACEMENT_3D('',#2318,#2182,$);
#2081=AXIS2_PLACEMENT_3D('',#2319,#2183,$);
#2082=AXIS2_PLACEMENT_3D('',#2320,#2184,$);
#2083=AXIS2_PLACEMENT_3D('',#2345,#2185,$);
#2084=AXIS2_PLACEMENT_3D('',#2346,#2186,$);
#2085=AXIS2_PLACEMENT_3D('',#2347,#2187,$);
#2086=AXIS2_PLACEMENT_3D('',#2348,#2188,$);
#2087=AXIS2_PLACEMENT_3D('',#2349,#2189,$);
#2088=AXIS2_PLACEMENT_3D('',#2350,#2190,$);
#2089=AXIS2_PLACEMENT_3D('',#2351,#2191,$);
#2090=AXIS2_PLACEMENT_3D('',#2352,#2192,$);
#2091=AXIS2_PLACEMENT_3D('',#2353,#2193,$);
#2092=AXIS2_PLACEMENT_3D('',#2354,#2194,$);
#2093=AXIS2_PLACEMENT_3D('',#2355,#2195,$);
#2094=AXIS2_PLACEMENT_3D('',#2366,#2196,$);
#2095=AXIS2_PLACEMENT_3D('',#2367,#2197,$);
#2096=AXIS2_PLACEMENT_3D('',#2368,#2198,$);
#2097=AXIS2_PLACEMENT_3D('',#2369,#2199,$);
#2098=AXIS2_PLACEMENT_3D('',#2370,#2200,$);
#2099=AXIS2_PLACEMENT_3D('',#2371,#2201,$);
#2100=AXIS2_PLACEMENT_3D('',#2372,#2202,$);
#2101=AXIS2_PLACEMENT_3D('',#2373,#2203,$);
#2102=AXIS2_PLACEMENT_3D('',#2374,#2204,$);
#2103=AXIS2_PLACEMENT_3D('',#2375,#2205,$);
#2104=AXIS2_PLACEMENT_3D('',#2376,#2206,$);
#2105=AXIS2_PLACEMENT_3D('',#2377,#2207,$);
#2106=AXIS2_PLACEMENT_3D('',#2390,#2208,$);
#2107=AXIS2_PLACEMENT_3D('',#2391,#2209,$);
#2108=AXIS2_PLACEMENT_3D('',#2392,#2210,$);
#2109=AXIS2_PLACEMENT_3D('',#2393,#2211,$);
#2110=AXIS2_PLACEMENT_3D('',#2394,#2212,$);
#2111=AXIS2_PLACEMENT_3D('',#2395,#2213,$);
#2112=AXIS2_PLACEMENT_3D('',#2396,#2214,$);
#2113=AXIS2_PLACEMENT_3D('',#2397,#2215,$);
#2114=AXIS2_PLACEMENT_3D('',#2398,#2216,$);
#2115=AXIS2_PLACEMENT_3D('',#2399,#2217,$);
#2116=AXIS2_PLACEMENT_3D('',#2400,#2218,$);
#2117=AXIS2_PLACEMENT_3D('',#2401,#2219,$);
#2118=AXIS2_PLACEMENT_3D('',#2402,#2220,$);
#2119=AXIS2_PLACEMENT_3D('',#2403,#2221,$);
#2120=AXIS2_PLACEMENT_3D('',#2404,#2222,$);
#2121=AXIS2_PLACEMENT_3D('',#3111,#2223,$);
#2122=AXIS2_PLACEMENT_3D('',#3112,#2224,$);
#2123=AXIS2_PLACEMENT_3D('',#3113,#2225,$);
#2124=AXIS2_PLACEMENT_3D('',#3114,#2226,$);
#2125=AXIS2_PLACEMENT_3D('',#3127,#2227,$);
#2126=AXIS2_PLACEMENT_3D('',#3128,#2228,$);
#2127=AXIS2_PLACEMENT_3D('',#3129,#2229,$);
#2128=AXIS2_PLACEMENT_3D('',#3130,#2230,$);
#2129=AXIS2_PLACEMENT_3D('',#3131,#2231,$);
#2130=AXIS2_PLACEMENT_3D('',#3132,#2232,$);
#2131=AXIS2_PLACEMENT_3D('',#3133,#2233,$);
#2132=AXIS2_PLACEMENT_3D('',#3134,#2234,$);
#2133=AXIS2_PLACEMENT_3D('',#3135,#2235,$);
#2134=AXIS2_PLACEMENT_3D('',#3136,#2236,$);
#2135=AXIS2_PLACEMENT_3D('',#3137,#2237,$);
#2136=AXIS2_PLACEMENT_3D('',#3138,#2238,$);
#2137=AXIS2_PLACEMENT_3D('',#3139,#2239,$);
#2138=AXIS2_PLACEMENT_3D('',#3140,#2240,$);
#2139=AXIS2_PLACEMENT_3D('',#3141,#2241,$);
#2140=AXIS2_PLACEMENT_3D('',#3142,#2242,$);
#2141=AXIS2_PLACEMENT_3D('',#3143,#2243,$);
#2142=AXIS2_PLACEMENT_3D('',#3144,#2244,$);
#2143=AXIS2_PLACEMENT_3D('',#3145,#2245,$);
#2144=AXIS2_PLACEMENT_3D('',#3146,#2246,$);
#2145=AXIS2_PLACEMENT_3D('',#3147,#2247,$);
#2146=AXIS2_PLACEMENT_3D('',#3148,#2248,$);
#2147=AXIS2_PLACEMENT_3D('',#3149,#2249,$);
#2148=AXIS2_PLACEMENT_3D('',#3150,#2250,$);
#2149=AXIS2_PLACEMENT_3D('',#3151,#2251,$);
#2150=AXIS2_PLACEMENT_3D('',#3152,#2252,$);
#2151=AXIS2_PLACEMENT_3D('',#3153,#2253,$);
#2152=AXIS2_PLACEMENT_3D('',#3154,#2254,$);
#2153=AXIS2_PLACEMENT_3D('',#3155,#2255,$);
#2154=AXIS2_PLACEMENT_3D('',#3156,#2256,$);
#2155=AXIS2_PLACEMENT_3D('',#3157,#2257,$);
#2156=AXIS2_PLACEMENT_3D('',#3158,#2258,$);
#2157=AXIS2_PLACEMENT_3D('',#3159,#2259,$);
#2158=AXIS2_PLACEMENT_3D('',#3160,#2260,$);
#2159=AXIS2_PLACEMENT_3D('',#3161,#2261,$);
#2160=AXIS2_PLACEMENT_3D('',#3162,#2262,$);
#2161=AXIS2_PLACEMENT_3D('',#3163,#2263,$);
#2162=AXIS2_PLACEMENT_3D('',#3164,#2264,$);
#2163=AXIS2_PLACEMENT_3D('',#3165,#2265,$);
#2164=AXIS2_PLACEMENT_3D('',#3166,#2266,$);
#2165=AXIS2_PLACEMENT_3D('',#3167,#2267,$);
#2166=AXIS2_PLACEMENT_3D('',#3168,#2268,$);
#2167=AXIS2_PLACEMENT_3D('',#3169,#2269,$);
#2168=AXIS2_PLACEMENT_3D('',#3170,#2270,$);
#2169=AXIS2_PLACEMENT_3D('',#3171,#2271,$);
#2170=AXIS2_PLACEMENT_3D('',#3172,#2272,$);
#2171=AXIS2_PLACEMENT_3D('',#3173,#2273,$);
#2172=AXIS2_PLACEMENT_3D('',#3174,#2274,$);
#2173=AXIS2_PLACEMENT_3D('',#3843,#2275,#2276);
#2174=DIRECTION('',(0.,0.,1.));
#2175=DIRECTION('',(1.,0.,0.));
#2176=DIRECTION('',(1.,0.,-4.24922933910397E-14));
#2177=DIRECTION('',(2.88093462403413E-15,0.0625103562553793,0.998044315329147));
#2178=DIRECTION('',(1.04607410059806E-14,-0.707106781186579,0.707106781186516));
#2179=DIRECTION('',(0.,1.,0.));
#2180=DIRECTION('',(-1.06789366702435E-14,0.998076020991935,0.0620020670696207));
#2181=DIRECTION('',(-1.,-3.21855249330178E-27,-2.84217094304044E-14));
#2182=DIRECTION('',(0.,0.,1.));
#2183=DIRECTION('',(-1.,0.,0.));
#2184=DIRECTION('',(-1.,0.,0.));
#2185=DIRECTION('',(0.,-1.,0.));
#2186=DIRECTION('',(0.,0.,1.));
#2187=DIRECTION('',(0.,1.,0.));
#2188=DIRECTION('',(0.,0.,-1.));
#2189=DIRECTION('',(0.,0.,-1.));
#2190=DIRECTION('',(-1.,0.,0.));
#2191=DIRECTION('',(0.,0.,1.));
#2192=DIRECTION('',(1.,-5.34308723788535E-28,-4.24922933910397E-14));
#2193=DIRECTION('',(2.65932426833919E-15,0.0625103562553807,0.998044315329147));
#2194=DIRECTION('',(-1.,1.42108547152E-14,1.4210854715203E-14));
#2195=DIRECTION('',(1.,0.,0.));
#2196=DIRECTION('',(0.,0.,1.));
#2197=DIRECTION('',(0.,0.,1.));
#2198=DIRECTION('',(-0.667388808918003,-0.744709458601816,0.));
#2199=DIRECTION('',(-1.,0.,0.));
#2200=DIRECTION('',(2.20581781316017E-12,9.85189165614547E-13,1.));
#2201=DIRECTION('',(-1.,0.,0.));
#2202=DIRECTION('',(-1.,0.,0.));
#2203=DIRECTION('',(1.,0.,0.));
#2204=DIRECTION('',(0.,0.,-1.));
#2205=DIRECTION('',(0.,-1.,0.));
#2206=DIRECTION('',(1.57009245868375E-16,-0.70710678118656,0.707106781186535));
#2207=DIRECTION('',(0.,0.,1.));
#2208=DIRECTION('',(0.667388808917889,-0.744709458601918,1.02648957133846E-15));
#2209=DIRECTION('',(2.2058178131601E-12,-9.85189165614904E-13,-1.));
#2210=DIRECTION('',(1.,0.,0.));
#2211=DIRECTION('',(0.,0.,-1.));
#2212=DIRECTION('',(0.,1.,0.));
#2213=DIRECTION('',(3.51516784695539E-16,3.51516784695562E-16,-1.));
#2214=DIRECTION('',(0.,1.,0.));
#2215=DIRECTION('',(-1.06789366702435E-14,0.998076020991935,0.0620020670696207));
#2216=DIRECTION('',(1.,0.,0.));
#2217=DIRECTION('',(1.,0.,0.));
#2218=DIRECTION('',(-1.,0.,0.));
#2219=DIRECTION('',(-1.,-3.24379604226885E-27,-2.84217094304044E-14));
#2220=DIRECTION('',(-1.,-1.4210854715204E-14,1.42108547152014E-14));
#2221=DIRECTION('',(0.,0.,1.));
#2222=DIRECTION('',(0.,0.,1.));
#2223=DIRECTION('',(0.,-0.744709458601816,-0.667388808918003));
#2224=DIRECTION('',(0.,0.,-1.));
#2225=DIRECTION('',(-1.,1.01072612897979E-12,2.26299453683023E-12));
#2226=DIRECTION('',(0.,0.,-1.));
#2227=DIRECTION('',(-1.17467965574602E-15,-0.744709458601918,0.667388808917889));
#2228=DIRECTION('',(1.,-1.01072612898012E-12,2.26299453683007E-12));
#2229=DIRECTION('',(0.,0.,1.));
#2230=DIRECTION('',(0.,0.,1.));
#2231=DIRECTION('',(0.,0.,-1.));
#2232=DIRECTION('',(1.,0.,0.));
#2233=DIRECTION('',(0.,1.,0.));
#2234=DIRECTION('',(1.,0.,0.));
#2235=DIRECTION('',(0.,0.,-1.));
#2236=DIRECTION('',(1.,0.,0.));
#2237=DIRECTION('',(0.,0.,1.));
#2238=DIRECTION('',(0.707106781186697,0.707106781186398,-3.14018491736821E-16));
#2239=DIRECTION('',(6.95476432547332E-15,2.88075770671882E-15,-1.));
#2240=DIRECTION('',(-0.0596527712990968,0.998219187792109,-1.74670232938349E-15));
#2241=DIRECTION('',(-1.,0.,0.));
#2242=DIRECTION('',(-1.,0.,0.));
#2243=DIRECTION('',(-1.,0.,0.));
#2244=DIRECTION('',(-1.,0.,0.));
#2245=DIRECTION('',(4.24922933910397E-14,0.,1.));
#2246=DIRECTION('',(-0.998044315329147,0.0625103562553817,5.31864853667841E-15));
#2247=DIRECTION('',(-0.707106781186516,-0.70710678118658,1.00485917355762E-14));
#2248=DIRECTION('',(2.84217094304046E-14,-3.43312265952192E-27,-1.));
#2249=DIRECTION('',(-1.,0.,0.));
#2250=DIRECTION('',(0.,0.,-1.));
#2251=DIRECTION('',(0.,0.,-1.));
#2252=DIRECTION('',(0.,-1.,0.));
#2253=DIRECTION('',(-1.,0.,0.));
#2254=DIRECTION('',(0.,1.,0.));
#2255=DIRECTION('',(1.,0.,0.));
#2256=DIRECTION('',(1.,0.,0.));
#2257=DIRECTION('',(0.,0.,-1.));
#2258=DIRECTION('',(-1.,0.,0.));
#2259=DIRECTION('',(4.26582789120985E-14,-5.20490394725038E-28,1.));
#2260=DIRECTION('',(-0.998044315329147,0.0625103562553826,5.31864853667841E-15));
#2261=DIRECTION('',(-1.42108547152022E-14,-1.00974195868285E-27,-1.));
#2262=DIRECTION('',(0.,0.,1.));
#2263=DIRECTION('',(0.,0.,-1.));
#2264=DIRECTION('',(0.,0.,1.));
#2265=DIRECTION('',(0.,-1.,0.));
#2266=DIRECTION('',(-0.707106781186534,-0.707106781186561,9.42055475210247E-16));
#2267=DIRECTION('',(-1.,0.,0.));
#2268=DIRECTION('',(0.,0.,1.));
#2269=DIRECTION('',(1.,0.,0.));
#2270=DIRECTION('',(2.84217094304044E-14,-2.82727748431215E-27,-1.));
#2271=DIRECTION('',(-1.42108547152023E-14,-1.31266454628787E-27,-1.));
#2272=DIRECTION('',(-0.0596527712990968,0.998219187792109,-1.74670232938349E-15));
#2273=DIRECTION('',(0.,0.,-1.));
#2274=DIRECTION('',(1.,0.,0.));
#2275=DIRECTION('',(0.,0.,1.));
#2276=DIRECTION('',(1.,0.,0.));
#2277=CARTESIAN_POINT('',(0.,0.,0.));
#2278=CARTESIAN_POINT('',(-80.8794589354347,267.941377631215,5.18482394885137));
#2279=CARTESIAN_POINT('',(-79.2174589354342,265.136841328541,7.70151590970391));
#2280=CARTESIAN_POINT('',(-90.004458935435,239.746550094551,4.68482394885135));
#2281=CARTESIAN_POINT('',(-79.5044589354346,239.746550094551,4.68482394885131));
#2282=CARTESIAN_POINT('',(-90.004458935435,239.580864669602,4.68482394885135));
#2283=CARTESIAN_POINT('',(-79.5044589354346,239.580864669602,4.68482394885131));
#2284=CARTESIAN_POINT('',(-90.004458935435,239.415179244653,4.68482394885136));
#2285=CARTESIAN_POINT('',(-79.5044589354346,239.415179244653,4.68482394885132));
#2286=CARTESIAN_POINT('',(-90.004458935435,239.273757888415,4.62624530508835));
#2287=CARTESIAN_POINT('',(-79.5044589354346,239.273757888415,4.62624530508831));
#2288=CARTESIAN_POINT('',(-90.004458935435,239.15660060089,4.50908801756337));
#2289=CARTESIAN_POINT('',(-79.5044589354346,239.15660060089,4.50908801756333));
#2290=CARTESIAN_POINT('',(-90.004458935435,239.039443313365,4.39193073003829));
#2291=CARTESIAN_POINT('',(-79.5044589354346,239.039443313365,4.39193073003825));
#2292=CARTESIAN_POINT('',(-88.6664589354351,239.192864669602,4.54535208627575));
#2293=CARTESIAN_POINT('',(-90.004458935435,237.625229750991,2.97771716766438));
#2294=CARTESIAN_POINT('',(-79.5044589354346,237.625229750991,2.97771716766434));
#2295=CARTESIAN_POINT('',(-90.004458935435,237.570451756011,2.92293917268438));
#2296=CARTESIAN_POINT('',(-79.5044589354346,237.570451756011,2.92293917268435));
#2297=CARTESIAN_POINT('',(-90.004458935435,237.515673761031,2.8681611777044));
#2298=CARTESIAN_POINT('',(-79.5044589354346,237.515673761031,2.86816117770436));
#2299=CARTESIAN_POINT('',(-90.004458935435,237.466883324745,2.81090305470837));
#2300=CARTESIAN_POINT('',(-79.5044589354346,237.466883324745,2.81090305470833));
#2301=CARTESIAN_POINT('',(-90.004458935435,237.427268466295,2.74984428292934));
#2302=CARTESIAN_POINT('',(-79.5044589354346,237.427268466295,2.74984428292931));
#2303=CARTESIAN_POINT('',(-90.004458935435,237.397217665274,2.68482394885135));
#2304=CARTESIAN_POINT('',(-79.5044589354346,237.397217665274,2.68482394885131));
#2305=CARTESIAN_POINT('',(-90.516458935435,270.437717469982,0.591865300865568));
#2306=CARTESIAN_POINT('',(-90.516458935435,270.455836499687,2.39315352676152));
#2307=CARTESIAN_POINT('',(-81.5473872580322,267.941377631216,5.18482394885131));
#2308=CARTESIAN_POINT('',(-80.8403155806293,267.941377631216,4.18482394885131));
#2309=CARTESIAN_POINT('',(-80.8403155806293,268.941377631216,4.18482394885131));
#2310=CARTESIAN_POINT('',(-80.8403155806293,268.941377631216,5.18482394885131));
#2311=CARTESIAN_POINT('',(-80.8403155806293,268.941377631216,6.18482394885136));
#2312=CARTESIAN_POINT('',(-80.8403155806293,267.941377631216,6.18482394885131));
#2313=CARTESIAN_POINT('',(-77.8403155806293,267.941377631216,2.1848239488513));
#2314=CARTESIAN_POINT('',(-77.8403155806293,270.941377631216,2.1848239488513));
#2315=CARTESIAN_POINT('',(-77.8403155806293,270.941377631216,5.1848239488513));
#2316=CARTESIAN_POINT('',(-77.8403155806293,270.941377631216,8.18482394885146));
#2317=CARTESIAN_POINT('',(-77.8403155806293,267.941377631216,8.1848239488513));
#2318=CARTESIAN_POINT('',(-88.666458935435,238.86277016945,4.68482394885133));
#2319=CARTESIAN_POINT('',(-84.7544589354348,250.332336532178,5.38372031726934));
#2320=CARTESIAN_POINT('',(-84.7544589354348,250.332336532178,5.38372031726934));
#2321=CARTESIAN_POINT('',(-78.5044589354346,248.464349345558,4.68482394885133));
#2322=CARTESIAN_POINT('',(-91.004458935435,248.464349345558,4.68482394885133));
#2323=CARTESIAN_POINT('',(-78.5044589354346,248.641246411555,4.68482394885133));
#2324=CARTESIAN_POINT('',(-91.004458935435,248.641246411555,4.68482394885133));
#2325=CARTESIAN_POINT('',(-78.5044589354346,248.818143477552,4.68482394885134));
#2326=CARTESIAN_POINT('',(-91.004458935435,248.818143477552,4.68482394885134));
#2327=CARTESIAN_POINT('',(-78.5044589354343,248.985078389738,4.63664785755199));
#2328=CARTESIAN_POINT('',(-91.004458935435,248.985078389738,4.636647857552));
#2329=CARTESIAN_POINT('',(-78.5044589354343,249.08512455491,4.48852209580213));
#2330=CARTESIAN_POINT('',(-91.004458935435,249.08512455491,4.48852209580214));
#2331=CARTESIAN_POINT('',(-78.5044589354343,249.20414625115,4.35765419376933));
#2332=CARTESIAN_POINT('',(-91.004458935435,249.20414625115,4.35765419376934));
#2333=CARTESIAN_POINT('',(-91.004458935435,252.200323718798,4.68482394885134));
#2334=CARTESIAN_POINT('',(-78.5044589354346,252.200323718798,4.68482394885132));
#2335=CARTESIAN_POINT('',(-91.004458935435,252.023426652801,4.68482394885134));
#2336=CARTESIAN_POINT('',(-78.5044589354346,252.023426652801,4.68482394885132));
#2337=CARTESIAN_POINT('',(-91.004458935435,251.846529586804,4.68482394885135));
#2338=CARTESIAN_POINT('',(-78.5044589354346,251.846529586804,4.68482394885133));
#2339=CARTESIAN_POINT('',(-91.004458935435,251.679594674618,4.63664785755201));
#2340=CARTESIAN_POINT('',(-78.5044589354346,251.679594674618,4.636647857552));
#2341=CARTESIAN_POINT('',(-91.004458935435,251.579548509446,4.48852209580214));
#2342=CARTESIAN_POINT('',(-78.5044589354346,251.579548509446,4.48852209580213));
#2343=CARTESIAN_POINT('',(-91.004458935435,251.460526813206,4.35765419376934));
#2344=CARTESIAN_POINT('',(-78.5044589354346,251.460526813206,4.35765419376933));
#2345=CARTESIAN_POINT('',(-88.666458935435,237.397217665274,2.88600200775914));
#2346=CARTESIAN_POINT('',(-90.5164589354351,263.095680812996,7.68482394885135));
#2347=CARTESIAN_POINT('',(-85.9364589354349,263.411830393509,3.1189896019016));
#2348=CARTESIAN_POINT('',(-83.779458935435,264.936830393509,5.61489924569237));
#2349=CARTESIAN_POINT('',(-85.7294589354351,264.936830393509,5.61489924569237));
#2350=CARTESIAN_POINT('',(-82.254458935435,270.941028865034,3.1189896019016));
#2351=CARTESIAN_POINT('',(-87.7664589354375,262.702585077913,3.54497454253339));
#2352=CARTESIAN_POINT('',(-88.3794589354353,267.941377631215,5.18482394885172));
#2353=CARTESIAN_POINT('',(-87.017458935435,265.136841328541,7.70151590970394));
#2354=CARTESIAN_POINT('',(-88.379458935435,267.941377631216,5.18482394885136));
#2355=CARTESIAN_POINT('',(-79.5044589354346,260.298743689488,0.0918653008655692));
#2356=CARTESIAN_POINT('',(-80.8403155806293,267.941377631216,6.1848239488513));
#2357=CARTESIAN_POINT('',(-80.8403155806293,266.941377631216,6.18482394885133));
#2358=CARTESIAN_POINT('',(-80.8403155806293,266.941377631216,5.18482394885131));
#2359=CARTESIAN_POINT('',(-80.8403155806293,266.941377631216,4.1848239488513));
#2360=CARTESIAN_POINT('',(-80.8403155806293,267.941377631216,4.18482394885132));
#2361=CARTESIAN_POINT('',(-77.8403155806293,267.941377631216,8.1848239488513));
#2362=CARTESIAN_POINT('',(-77.8403155806293,264.941377631216,8.18482394885138));
#2363=CARTESIAN_POINT('',(-77.8403155806293,264.941377631216,5.1848239488513));
#2364=CARTESIAN_POINT('',(-77.8403155806293,264.941377631216,2.18482394885124));
#2365=CARTESIAN_POINT('',(-77.8403155806293,267.941377631216,2.1848239488513));
#2366=CARTESIAN_POINT('',(-84.5044589354354,257.441377669533,20.6848239488513));
#2367=CARTESIAN_POINT('',(-84.5044589354354,243.441377669533,20.6848239488513));
#2368=CARTESIAN_POINT('',(-87.5044589354362,261.214924400968,9.39107358429291));
#2369=CARTESIAN_POINT('',(-87.504458935436,238.885280070413,9.39107358429291));
#2370=CARTESIAN_POINT('',(-90.6044589354361,259.830364717397,4.03344413943578));
#2371=CARTESIAN_POINT('',(-89.504458935435,271.400371943207,0.0918653008656114));
#2372=CARTESIAN_POINT('',(-87.504458935435,259.406377417813,7.68482394885135));
#2373=CARTESIAN_POINT('',(-81.5044589354346,235.18430169002,0.391865300865578));
#2374=CARTESIAN_POINT('',(-78.4924589354346,234.081167684803,0.793043359773408));
#2375=CARTESIAN_POINT('',(-90.516458935435,261.916377669533,6.90582394885135));
#2376=CARTESIAN_POINT('',(-90.5164589354351,263.468377669533,7.83682394885136));
#2377=CARTESIAN_POINT('',(-89.1148294626746,251.367718323725,4.68482394885133));
#2378=CARTESIAN_POINT('',(-91.514458935435,261.916377669533,6.19482394885135));
#2379=CARTESIAN_POINT('',(-77.9944589354343,261.916377669533,6.19482394885133));
#2380=CARTESIAN_POINT('',(-91.514458935435,261.916377669533,5.59082394885136));
#2381=CARTESIAN_POINT('',(-77.9944589354343,261.916377669533,5.59082394885134));
#2382=CARTESIAN_POINT('',(-91.514458935435,261.916377669533,4.98682394885135));
#2383=CARTESIAN_POINT('',(-77.9944589354343,261.916377669533,4.98682394885134));
#2384=CARTESIAN_POINT('',(-91.514458935435,261.614377669533,4.68482394885135));
#2385=CARTESIAN_POINT('',(-77.9944589354343,261.614377669533,4.68482394885132));
#2386=CARTESIAN_POINT('',(-91.514458935435,261.010377669533,4.68482394885135));
#2387=CARTESIAN_POINT('',(-77.9944589354343,261.010377669533,4.68482394885132));
#2388=CARTESIAN_POINT('',(-91.514458935435,260.406377669533,4.68482394885135));
#2389=CARTESIAN_POINT('',(-77.9944589354343,260.406377669533,4.68482394885132));
#2390=CARTESIAN_POINT('',(-81.504458935434,261.214924400968,9.39107358429291));
#2391=CARTESIAN_POINT('',(-78.4044589354341,259.830364717395,4.03344413943579));
#2392=CARTESIAN_POINT('',(-81.5044589354377,238.885280070413,9.39107358429291));
#2393=CARTESIAN_POINT('',(-83.779458935433,269.766830393507,1.54497454253339));
#2394=CARTESIAN_POINT('',(-83.7794589354349,268.241830393509,4.54497454253339));
#2395=CARTESIAN_POINT('',(-85.7294589354371,269.766830393507,1.54497454253339));
#2396=CARTESIAN_POINT('',(-90.516458935435,270.437717469982,0.591865300865568));
#2397=CARTESIAN_POINT('',(-90.516458935435,270.455836499687,2.39315352676152));
#2398=CARTESIAN_POINT('',(-87.254458935435,264.380085077916,3.1189896019016));
#2399=CARTESIAN_POINT('',(-87.254458935435,269.766830393509,4.54497454253339));
#2400=CARTESIAN_POINT('',(-82.254458935435,278.214283549441,4.54497454253339));
#2401=CARTESIAN_POINT('',(-81.5473872580322,267.941377631216,5.18482394885132));
#2402=CARTESIAN_POINT('',(-88.379458935435,267.941377631216,5.18482394885132));
#2403=CARTESIAN_POINT('',(-84.5044589354354,257.441377669533,20.6848239488513));
#2404=CARTESIAN_POINT('',(-84.5044589354354,243.441377669533,20.6848239488513));
#2405=CARTESIAN_POINT('',(-82.254458935435,270.264414416853,5.47456354734039));
#2406=CARTESIAN_POINT('',(-82.254458935435,267.941377631216,7.5258598183674));
#2407=CARTESIAN_POINT('',(-79.5044589354343,267.941377631216,7.52585981836739));
#2408=CARTESIAN_POINT('',(-79.5044589354346,270.264414416853,5.47456354734038));
#2409=CARTESIAN_POINT('',(-82.254458935435,265.403346234905,7.68482394885132));
#2410=CARTESIAN_POINT('',(-79.5044589354343,265.403346234905,7.68482394885131));
#2411=CARTESIAN_POINT('',(-81.5044589354346,239.039443313365,4.39193073003833));
#2412=CARTESIAN_POINT('',(-81.5044589354346,239.746550094551,4.68482394885132));
#2413=CARTESIAN_POINT('',(-81.5044589354346,237.625229750991,2.97771716766431));
#2414=CARTESIAN_POINT('',(-81.5044589354346,237.397217665274,2.68482394885132));
#2415=CARTESIAN_POINT('',(-89.504458935435,270.437717469981,0.793043359773406));
#2416=CARTESIAN_POINT('',(-79.5044589354346,270.437717469982,0.793043359773366));
#2417=CARTESIAN_POINT('',(-81.5044589354346,237.397217665274,0.793043359773374));
#2418=CARTESIAN_POINT('',(-89.504458935435,270.437717469982,2.68482394885135));
#2419=CARTESIAN_POINT('',(-79.5044589354346,270.437717469982,2.68482394885131));
#2420=CARTESIAN_POINT('',(-89.504458935435,270.264414416853,5.47456354734041));
#2421=CARTESIAN_POINT('',(-87.254458935435,270.264414416853,5.4745635473404));
#2422=CARTESIAN_POINT('',(-87.254458935435,270.384283549441,3.54497454253339));
#2423=CARTESIAN_POINT('',(-82.254458935435,270.384283549441,3.54497454253339));
#2424=CARTESIAN_POINT('',(-82.254458935435,267.941377631216,6.18482394885133));
#2425=CARTESIAN_POINT('',(-80.8403155806293,267.941377631216,4.18482394885131));
#2426=CARTESIAN_POINT('',(-80.8403155806293,267.941377631216,6.18482394885131));
#2427=CARTESIAN_POINT('',(-79.5044589354346,267.941377631216,3.29425285205477));
#2428=CARTESIAN_POINT('',(-79.5044589354346,267.941377631216,7.07539504564786));
#2429=CARTESIAN_POINT('',(-81.5044589354346,248.464349345558,4.68482394885132));
#2430=CARTESIAN_POINT('',(-81.5044589354346,250.332336532178,3.85872031726933));
#2431=CARTESIAN_POINT('',(-81.5044589354346,249.20414625115,4.35765419376932));
#2432=CARTESIAN_POINT('',(-81.5044589354346,251.460526813206,4.35765419376935));
#2433=CARTESIAN_POINT('',(-81.5044589354346,252.200323718798,4.68482394885132));
#2434=CARTESIAN_POINT('',(-89.504458935435,265.403346234905,7.68482394885135));
#2435=CARTESIAN_POINT('',(-89.504458935435,263.316377669533,7.68482394885135));
#2436=CARTESIAN_POINT('',(-79.5044589354343,263.316377669533,7.68482394885133));
#2437=CARTESIAN_POINT('',(-82.254458935435,264.936830393509,7.68482394885134));
#2438=CARTESIAN_POINT('',(-83.7794589354349,263.411830393509,7.68482394885134));
#2439=CARTESIAN_POINT('',(-85.7294589354349,263.411830393509,7.68482394885134));
#2440=CARTESIAN_POINT('',(-87.254458935435,264.936830393509,7.68482394885134));
#2441=CARTESIAN_POINT('',(-87.254458935435,265.403346234905,7.68482394885134));
#2442=CARTESIAN_POINT('',(-83.7794589354349,263.411830393509,3.54497454253339));
#2443=CARTESIAN_POINT('',(-85.7294589354349,263.411830393509,3.54497454253339));
#2444=CARTESIAN_POINT('',(-82.254458935435,264.936830393509,3.54497454253339));
#2445=CARTESIAN_POINT('',(-87.254458935435,264.936830393509,3.54497454253339));
#2446=CARTESIAN_POINT('',(-87.254458935435,267.941377631216,7.52585981836742));
#2447=CARTESIAN_POINT('',(-87.254458935435,267.941377631216,6.18482394885134));
#2448=CARTESIAN_POINT('',(-89.504458935435,267.941377631216,7.52585981836742));
#2449=CARTESIAN_POINT('',(-89.504458935435,267.941377631216,6.18482394885135));
#2450=CARTESIAN_POINT('',(-87.504458935435,239.746550094551,4.68482394885134));
#2451=CARTESIAN_POINT('',(-87.504458935435,239.039443313365,4.39193073003835));
#2452=CARTESIAN_POINT('',(-87.504458935435,237.625229750991,2.97771716766433));
#2453=CARTESIAN_POINT('',(-87.504458935435,237.397217665274,2.68482394885134));
#2454=CARTESIAN_POINT('',(-87.504458935435,237.397217665274,0.793043359773397));
#2455=CARTESIAN_POINT('',(-87.504458935435,248.464349345558,4.68482394885134));
#2456=CARTESIAN_POINT('',(-87.504458935435,249.20414625115,4.35765419376935));
#2457=CARTESIAN_POINT('',(-87.504458935435,250.332336532178,3.85872031726934));
#2458=CARTESIAN_POINT('',(-87.504458935435,251.460526813206,4.35765419376935));
#2459=CARTESIAN_POINT('',(-87.504458935435,252.200323718798,4.68482394885134));
#2460=CARTESIAN_POINT('',(-83.6044589354354,257.441377669533,0.793043359773407));
#2461=CARTESIAN_POINT('',(-83.6044589354354,257.441377669533,4.68482394885133));
#2462=CARTESIAN_POINT('',(-83.6044589354354,243.441377669533,0.793043359773407));
#2463=CARTESIAN_POINT('',(-83.6044589354354,243.441377669533,4.68482394885133));
#2464=CARTESIAN_POINT('',(-87.504458935435,238.885280070413,4.23776748708632));
#2465=CARTESIAN_POINT('',(-89.504458935435,263.007271204702,0.79304335977341));
#2466=CARTESIAN_POINT('',(-88.5355536277904,262.138964039062,0.793043359773408));
#2467=CARTESIAN_POINT('',(-87.5044589354362,259.830364717397,0.793043359773408));
#2468=CARTESIAN_POINT('',(-87.504458935435,238.885280070413,0.793043359773398));
#2469=CARTESIAN_POINT('',(-87.5044589354362,259.830364717397,4.68482394885133));
#2470=CARTESIAN_POINT('',(-87.5584436565888,260.406377669533,4.68482394885135));
#2471=CARTESIAN_POINT('',(-88.3113060919652,261.916377669533,6.19482394885134));
#2472=CARTESIAN_POINT('',(-88.3113060919651,261.916377669533,6.28482394885135));
#2473=CARTESIAN_POINT('',(-88.5355536277904,262.138964039062,6.5074103183808));
#2474=CARTESIAN_POINT('',(-89.504458935435,263.007271204702,7.37571748401993));
#2475=CARTESIAN_POINT('',(-81.5044589354346,238.885280070413,4.23776748708636));
#2476=CARTESIAN_POINT('',(-81.5044589354348,238.885280070413,0.793043359773373));
#2477=CARTESIAN_POINT('',(-79.5044589354344,263.007271204701,7.3757174840196));
#2478=CARTESIAN_POINT('',(-79.5044589354346,263.007271204701,0.793043359773359));
#2479=CARTESIAN_POINT('',(-80.4733642430797,262.138964039062,0.793043359773408));
#2480=CARTESIAN_POINT('',(-81.5044589354342,259.830364717396,0.793043359773408));
#2481=CARTESIAN_POINT('',(-80.6976117789044,261.916377669533,6.19482394885132));
#2482=CARTESIAN_POINT('',(-80.6976117789044,261.916377669533,6.28482394885133));
#2483=CARTESIAN_POINT('',(-80.4733642430797,262.138964039062,6.50741031838015));
#2484=CARTESIAN_POINT('',(-81.5044589354342,259.830364717396,4.68482394885133));
#2485=CARTESIAN_POINT('',(-81.4504742142814,260.406377669533,4.68482394885134));
#2486=CARTESIAN_POINT('',(-87.254458935435,270.437717469982,2.68482394885134));
#2487=CARTESIAN_POINT('',(-87.254458935435,270.437717469981,0.793043359773397));
#2488=CARTESIAN_POINT('',(-82.254458935435,270.437717469982,0.793043359773377));
#2489=CARTESIAN_POINT('',(-82.254458935435,270.437717469982,2.68482394885132));
#2490=CARTESIAN_POINT('',(-87.254458935435,269.766830393509,3.54497454253339));
#2491=CARTESIAN_POINT('',(-82.254458935435,269.766830393509,3.54497454253339));
#2492=CARTESIAN_POINT('',(-83.7794589354349,268.241830393509,3.54497454253339));
#2493=CARTESIAN_POINT('',(-85.7294589354349,268.241830393509,3.54497454253339));
#2494=CARTESIAN_POINT('',(-87.254458935435,269.766830393509,0.793043359773408));
#2495=CARTESIAN_POINT('',(-82.254458935435,269.766830393509,0.793043359773408));
#2496=CARTESIAN_POINT('',(-83.7794589354349,268.241830393509,0.793043359773408));
#2497=CARTESIAN_POINT('',(-85.7294589354349,268.241830393509,0.793043359773408));
#2498=CARTESIAN_POINT('',(-82.254458935435,267.941377631216,4.18482394885137));
#2499=CARTESIAN_POINT('',(-87.254458935435,267.941377631216,4.18482394885136));
#2500=CARTESIAN_POINT('',(-89.504458935435,267.941377631216,4.18482394885135));
#2501=CARTESIAN_POINT('',(-85.4044589354354,257.441377669533,0.793043359773407));
#2502=CARTESIAN_POINT('',(-85.4044589354354,257.441377669533,4.68482394885133));
#2503=CARTESIAN_POINT('',(-85.4044589354354,243.441377669533,0.793043359773407));
#2504=CARTESIAN_POINT('',(-85.4044589354354,243.441377669533,4.68482394885133));
#2505=CARTESIAN_POINT('',(-82.254458935435,270.264414416853,5.47456354734039));
#2506=CARTESIAN_POINT('',(-82.2544589354349,270.008567517818,7.52585981836652));
#2507=CARTESIAN_POINT('',(-82.254458935435,267.941377631216,7.5258598183674));
#2508=CARTESIAN_POINT('',(-82.254458935435,267.941377631216,7.5258598183674));
#2509=CARTESIAN_POINT('',(-79.5044589354343,267.941377631216,7.52585981836739));
#2510=CARTESIAN_POINT('',(-79.5044589354343,267.941377631216,7.52585981836743));
#2511=CARTESIAN_POINT('',(-79.5044589354345,270.008567517818,7.52585981836653));
#2512=CARTESIAN_POINT('',(-79.5044589354346,270.264414416853,5.47456354734038));
#2513=CARTESIAN_POINT('',(-79.5044589354346,270.264414416853,5.47456354734038));
#2514=CARTESIAN_POINT('',(-82.254458935435,270.264414416853,5.47456354734039));
#2515=CARTESIAN_POINT('',(-82.254458935435,267.941377631216,7.5258598183674));
#2516=CARTESIAN_POINT('',(-82.254458935435,267.433771351954,7.55765264446418));
#2517=CARTESIAN_POINT('',(-82.254458935435,266.926165072691,7.58944547056096));
#2518=CARTESIAN_POINT('',(-82.254458935435,266.418558793429,7.62123829665776));
#2519=CARTESIAN_POINT('',(-82.254458935435,265.910952514167,7.65303112275454));
#2520=CARTESIAN_POINT('',(-82.254458935435,265.403346234905,7.68482394885132));
#2521=CARTESIAN_POINT('',(-82.254458935435,265.403346234905,7.68482394885132));
#2522=CARTESIAN_POINT('',(-79.5044589354343,265.403346234905,7.68482394885131));
#2523=CARTESIAN_POINT('',(-79.5044589354343,265.403346234905,7.68482394885131));
#2524=CARTESIAN_POINT('',(-79.5044589354343,265.910952514167,7.65303112275453));
#2525=CARTESIAN_POINT('',(-79.5044589354343,266.418558793429,7.62123829665775));
#2526=CARTESIAN_POINT('',(-79.5044589354343,266.926165072691,7.58944547056096));
#2527=CARTESIAN_POINT('',(-79.5044589354343,267.433771351954,7.55765264446417));
#2528=CARTESIAN_POINT('',(-79.5044589354343,267.941377631216,7.52585981836739));
#2529=CARTESIAN_POINT('',(-81.5044589354346,239.039443313365,4.39193073003833));
#2530=CARTESIAN_POINT('',(-81.5044589354346,239.15660060089,4.50908801756339));
#2531=CARTESIAN_POINT('',(-81.5044589354346,239.273757888415,4.62624530508833));
#2532=CARTESIAN_POINT('',(-81.5044589354346,239.415179244653,4.68482394885132));
#2533=CARTESIAN_POINT('',(-81.5044589354346,239.580864669602,4.68482394885132));
#2534=CARTESIAN_POINT('',(-81.5044589354346,239.746550094551,4.68482394885132));
#2535=CARTESIAN_POINT('',(-81.5044589354346,239.746550094551,4.68482394885132));
#2536=CARTESIAN_POINT('',(-87.504458935435,239.746550094551,4.68482394885134));
#2537=CARTESIAN_POINT('',(-81.5044589354346,237.625229750991,2.97771716766431));
#2538=CARTESIAN_POINT('',(-81.5044589354346,237.877239814876,3.22972723154872));
#2539=CARTESIAN_POINT('',(-81.5044589354346,238.129249878759,3.48173729543313));
#2540=CARTESIAN_POINT('',(-81.5044589354346,238.381259942644,3.73374735931754));
#2541=CARTESIAN_POINT('',(-81.5044589354346,238.633270006528,3.98575742320195));
#2542=CARTESIAN_POINT('',(-81.5044589354346,238.885280070413,4.23776748708636));
#2543=CARTESIAN_POINT('',(-81.5044589354346,237.397217665274,2.68482394885132));
#2544=CARTESIAN_POINT('',(-81.5044589354346,237.427268466295,2.7498442829293));
#2545=CARTESIAN_POINT('',(-81.5044589354346,237.466883324745,2.81090305470832));
#2546=CARTESIAN_POINT('',(-81.5044589354346,237.515673761031,2.86816117770434));
#2547=CARTESIAN_POINT('',(-81.5044589354346,237.570451756011,2.92293917268433));
#2548=CARTESIAN_POINT('',(-81.5044589354346,237.625229750991,2.97771716766431));
#2549=CARTESIAN_POINT('',(-89.504458935435,270.437717469981,0.793043359773406));
#2550=CARTESIAN_POINT('',(-87.254458935435,270.437717469981,0.793043359773397));
#2551=CARTESIAN_POINT('',(-81.5044589354346,237.397217665274,0.793043359773374));
#2552=CARTESIAN_POINT('',(-87.504458935435,237.397217665274,0.793043359773397));
#2553=CARTESIAN_POINT('',(-89.504458935435,270.437717469981,0.793043359773406));
#2554=CARTESIAN_POINT('',(-89.504458935435,270.437717469981,1.17139947758899));
#2555=CARTESIAN_POINT('',(-89.504458935435,270.437717469981,1.54975559540458));
#2556=CARTESIAN_POINT('',(-89.504458935435,270.437717469981,1.92811171322017));
#2557=CARTESIAN_POINT('',(-89.504458935435,270.437717469981,2.30646783103576));
#2558=CARTESIAN_POINT('',(-89.504458935435,270.437717469982,2.68482394885135));
#2559=CARTESIAN_POINT('',(-89.504458935435,270.437717469982,2.68482394885135));
#2560=CARTESIAN_POINT('',(-87.254458935435,270.437717469982,2.68482394885134));
#2561=CARTESIAN_POINT('',(-79.5044589354346,270.437717469982,2.68482394885131));
#2562=CARTESIAN_POINT('',(-79.5044589354346,270.437717469982,2.30646783103573));
#2563=CARTESIAN_POINT('',(-79.5044589354346,270.437717469982,1.92811171322013));
#2564=CARTESIAN_POINT('',(-79.5044589354346,270.437717469982,1.54975559540455));
#2565=CARTESIAN_POINT('',(-79.5044589354346,270.437717469982,1.17139947758896));
#2566=CARTESIAN_POINT('',(-79.5044589354346,270.437717469982,0.793043359773366));
#2567=CARTESIAN_POINT('',(-89.504458935435,270.437717469982,2.68482394885135));
#2568=CARTESIAN_POINT('',(-89.504458935435,270.406656676131,3.18482394885135));
#2569=CARTESIAN_POINT('',(-89.504458935435,270.375595882281,3.68482394885135));
#2570=CARTESIAN_POINT('',(-89.504458935435,270.344535088431,4.18482394885135));
#2571=CARTESIAN_POINT('',(-89.504458935435,270.313474294581,4.68482394885135));
#2572=CARTESIAN_POINT('',(-89.504458935435,270.282413500731,5.18482394885134));
#2573=CARTESIAN_POINT('',(-89.504458935435,270.278813683955,5.24277186854915));
#2574=CARTESIAN_POINT('',(-89.504458935435,270.27521386718,5.30071978824697));
#2575=CARTESIAN_POINT('',(-89.504458935435,270.271614050404,5.35866770794478));
#2576=CARTESIAN_POINT('',(-89.504458935435,270.268014233628,5.4166156276426));
#2577=CARTESIAN_POINT('',(-89.504458935435,270.264414416853,5.47456354734041));
#2578=CARTESIAN_POINT('',(-89.504458935435,270.264414416853,5.47456354734041));
#2579=CARTESIAN_POINT('',(-87.254458935435,270.264414416853,5.4745635473404));
#2580=CARTESIAN_POINT('',(-79.5044589354346,270.264414416853,5.47456354734038));
#2581=CARTESIAN_POINT('',(-79.5044589354346,270.268014233628,5.41661562764257));
#2582=CARTESIAN_POINT('',(-79.5044589354346,270.271614050404,5.35866770794475));
#2583=CARTESIAN_POINT('',(-79.5044589354346,270.27521386718,5.30071978824694));
#2584=CARTESIAN_POINT('',(-79.5044589354346,270.278813683955,5.24277186854912));
#2585=CARTESIAN_POINT('',(-79.5044589354346,270.282413500731,5.18482394885131));
#2586=CARTESIAN_POINT('',(-79.5044589354346,270.313474294581,4.68482394885131));
#2587=CARTESIAN_POINT('',(-79.5044589354346,270.344535088431,4.18482394885131));
#2588=CARTESIAN_POINT('',(-79.5044589354346,270.375595882281,3.68482394885131));
#2589=CARTESIAN_POINT('',(-79.5044589354346,270.406656676131,3.18482394885131));
#2590=CARTESIAN_POINT('',(-79.5044589354346,270.437717469982,2.68482394885131));
#2591=CARTESIAN_POINT('',(-82.254458935435,267.941377631216,6.18482394885133));
#2592=CARTESIAN_POINT('',(-82.254458935435,266.941377631216,6.18482394885133));
#2593=CARTESIAN_POINT('',(-82.254458935435,266.941377631216,5.18482394885146));
#2594=CARTESIAN_POINT('',(-82.254458935435,266.941377631216,4.1848239488516));
#2595=CARTESIAN_POINT('',(-82.254458935435,267.941377631216,4.18482394885137));
#2596=CARTESIAN_POINT('',(-80.8403155806293,267.941377631216,4.18482394885131));
#2597=CARTESIAN_POINT('',(-80.8403155806293,266.941377631216,4.18482394885134));
#2598=CARTESIAN_POINT('',(-80.8403155806293,266.941377631216,5.18482394885132));
#2599=CARTESIAN_POINT('',(-80.8403155806293,266.941377631216,6.18482394885131));
#2600=CARTESIAN_POINT('',(-80.8403155806293,267.941377631216,6.18482394885131));
#2601=CARTESIAN_POINT('',(-80.8403155806293,267.941377631216,6.18482394885131));
#2602=CARTESIAN_POINT('',(-80.8403155806293,268.941377631216,6.18482394885131));
#2603=CARTESIAN_POINT('',(-80.8403155806293,268.941377631216,5.18482394885131));
#2604=CARTESIAN_POINT('',(-80.8403155806293,268.941377631216,4.18482394885131));
#2605=CARTESIAN_POINT('',(-80.8403155806293,267.941377631216,4.18482394885131));
#2606=CARTESIAN_POINT('',(-80.8403155806293,267.941377631216,6.18482394885131));
#2607=CARTESIAN_POINT('',(-82.254458935435,267.941377631216,6.18482394885133));
#2608=CARTESIAN_POINT('',(-80.8403155806293,267.941377631216,4.18482394885131));
#2609=CARTESIAN_POINT('',(-79.5044589354346,267.941377631216,3.29425285205477));
#2610=CARTESIAN_POINT('',(-79.5044589354346,267.941377631216,3.29425285205477));
#2611=CARTESIAN_POINT('',(-79.5044589354346,269.831948728013,3.29425285205474));
#2612=CARTESIAN_POINT('',(-79.5044589354346,269.831948728013,5.1848239488513));
#2613=CARTESIAN_POINT('',(-79.5044589354346,269.831948728013,7.07539504564786));
#2614=CARTESIAN_POINT('',(-79.5044589354346,267.941377631216,7.07539504564786));
#2615=CARTESIAN_POINT('',(-79.5044589354346,267.941377631216,7.07539504564786));
#2616=CARTESIAN_POINT('',(-80.8403155806293,267.941377631216,6.18482394885131));
#2617=CARTESIAN_POINT('',(-81.5044589354346,239.746550094551,4.68482394885132));
#2618=CARTESIAN_POINT('',(-81.5044589354346,244.105449720054,4.68482394885132));
#2619=CARTESIAN_POINT('',(-81.5044589354346,248.464349345558,4.68482394885132));
#2620=CARTESIAN_POINT('',(-81.5044589354346,248.464349345558,4.68482394885132));
#2621=CARTESIAN_POINT('',(-87.504458935435,248.464349345558,4.68482394885134));
#2622=CARTESIAN_POINT('',(-81.5044589354346,249.20414625115,4.35765419376932));
#2623=CARTESIAN_POINT('',(-87.504458935435,249.20414625115,4.35765419376935));
#2624=CARTESIAN_POINT('',(-81.5044589354346,250.332336532178,3.85872031726933));
#2625=CARTESIAN_POINT('',(-81.5044589354346,249.657916468065,3.85872031726934));
#2626=CARTESIAN_POINT('',(-81.5044589354346,249.20414625115,4.3576541937693));
#2627=CARTESIAN_POINT('',(-81.5044589354346,251.460526813206,4.35765419376935));
#2628=CARTESIAN_POINT('',(-81.5044589354346,251.006756596291,3.85872031726934));
#2629=CARTESIAN_POINT('',(-81.5044589354346,250.332336532178,3.85872031726934));
#2630=CARTESIAN_POINT('',(-81.5044589354346,249.20414625115,4.35765419376932));
#2631=CARTESIAN_POINT('',(-81.5044589354346,249.08512455491,4.48852209580212));
#2632=CARTESIAN_POINT('',(-81.5044589354346,248.985078389738,4.63664785755197));
#2633=CARTESIAN_POINT('',(-81.5044589354346,248.818143477552,4.68482394885133));
#2634=CARTESIAN_POINT('',(-81.5044589354346,248.641246411555,4.68482394885133));
#2635=CARTESIAN_POINT('',(-81.5044589354346,248.464349345558,4.68482394885132));
#2636=CARTESIAN_POINT('',(-81.5044589354346,252.200323718798,4.68482394885132));
#2637=CARTESIAN_POINT('',(-87.504458935435,252.200323718798,4.68482394885134));
#2638=CARTESIAN_POINT('',(-81.5044589354346,251.460526813206,4.35765419376935));
#2639=CARTESIAN_POINT('',(-81.5044589354346,251.579548509446,4.48852209580214));
#2640=CARTESIAN_POINT('',(-81.5044589354346,251.679594674618,4.63664785755199));
#2641=CARTESIAN_POINT('',(-81.5044589354346,251.846529586804,4.68482394885132));
#2642=CARTESIAN_POINT('',(-81.5044589354346,252.023426652801,4.68482394885132));
#2643=CARTESIAN_POINT('',(-81.5044589354346,252.200323718798,4.68482394885132));
#2644=CARTESIAN_POINT('',(-81.5044589354346,237.397217665274,0.793043359773374));
#2645=CARTESIAN_POINT('',(-81.5044589354346,237.397217665274,2.68482394885132));
#2646=CARTESIAN_POINT('',(-89.504458935435,265.403346234905,7.68482394885135));
#2647=CARTESIAN_POINT('',(-89.504458935435,263.316377669533,7.68482394885135));
#2648=CARTESIAN_POINT('',(-89.504458935435,263.316377669533,7.68482394885135));
#2649=CARTESIAN_POINT('',(-79.5044589354343,263.316377669533,7.68482394885133));
#2650=CARTESIAN_POINT('',(-79.5044589354343,263.316377669533,7.68482394885133));
#2651=CARTESIAN_POINT('',(-79.5044589354343,265.403346234905,7.68482394885131));
#2652=CARTESIAN_POINT('',(-82.254458935435,265.403346234905,7.68482394885132));
#2653=CARTESIAN_POINT('',(-82.254458935435,264.936830393509,7.68482394885134));
#2654=CARTESIAN_POINT('',(-83.7794589354349,263.411830393509,7.68482394885134));
#2655=CARTESIAN_POINT('',(-85.7294589354349,263.411830393509,7.68482394885134));
#2656=CARTESIAN_POINT('',(-87.254458935435,264.936830393509,7.68482394885134));
#2657=CARTESIAN_POINT('',(-87.254458935435,265.403346234905,7.68482394885134));
#2658=CARTESIAN_POINT('',(-87.254458935435,265.403346234905,7.68482394885134));
#2659=CARTESIAN_POINT('',(-89.504458935435,265.403346234905,7.68482394885135));
#2660=CARTESIAN_POINT('',(-89.504458935435,263.316377669533,7.68482394885135));
#2661=CARTESIAN_POINT('',(-89.504458935435,263.007271204702,7.37571748401993));
#2662=CARTESIAN_POINT('',(-83.7794589354349,263.411830393509,7.68482394885134));
#2663=CARTESIAN_POINT('',(-83.7794589354349,263.411830393509,3.54497454253339));
#2664=CARTESIAN_POINT('',(-83.7794589354349,263.411830393509,3.54497454253339));
#2665=CARTESIAN_POINT('',(-85.7294589354349,263.411830393509,3.54497454253339));
#2666=CARTESIAN_POINT('',(-85.7294589354349,263.411830393509,3.54497454253339));
#2667=CARTESIAN_POINT('',(-85.7294589354349,263.411830393509,7.68482394885134));
#2668=CARTESIAN_POINT('',(-82.254458935435,264.936830393509,3.54497454253339));
#2669=CARTESIAN_POINT('',(-82.254458935435,264.936830393509,7.68482394885134));
#2670=CARTESIAN_POINT('',(-83.7794589354349,263.411830393509,3.54497454253339));
#2671=CARTESIAN_POINT('',(-82.2544589354329,263.411830393507,3.54497454253339));
#2672=CARTESIAN_POINT('',(-82.254458935435,264.936830393509,3.54497454253339));
#2673=CARTESIAN_POINT('',(-82.254458935435,264.936830393509,7.68482394885134));
#2674=CARTESIAN_POINT('',(-82.254458935435,263.411830393509,7.68482394885134));
#2675=CARTESIAN_POINT('',(-83.7794589354349,263.411830393509,7.68482394885134));
#2676=CARTESIAN_POINT('',(-87.254458935435,264.936830393509,3.54497454253339));
#2677=CARTESIAN_POINT('',(-87.2544589354371,263.411830393507,3.54497454253339));
#2678=CARTESIAN_POINT('',(-85.7294589354349,263.411830393509,3.54497454253339));
#2679=CARTESIAN_POINT('',(-87.254458935435,264.936830393509,7.68482394885134));
#2680=CARTESIAN_POINT('',(-87.254458935435,264.936830393509,3.54497454253339));
#2681=CARTESIAN_POINT('',(-85.7294589354349,263.411830393509,7.68482394885134));
#2682=CARTESIAN_POINT('',(-87.2544589354351,263.411830393509,7.68482394885134));
#2683=CARTESIAN_POINT('',(-87.254458935435,264.936830393509,7.68482394885134));
#2684=CARTESIAN_POINT('',(-87.254458935435,264.936830393509,3.54497454253339));
#2685=CARTESIAN_POINT('',(-87.254458935435,269.766830393509,3.54497454253339));
#2686=CARTESIAN_POINT('',(-82.254458935435,264.936830393509,3.54497454253339));
#2687=CARTESIAN_POINT('',(-82.254458935435,269.766830393509,3.54497454253339));
#2688=CARTESIAN_POINT('',(-89.504458935435,270.264414416853,5.47456354734041));
#2689=CARTESIAN_POINT('',(-89.5044589354356,270.008567517818,7.52585981836654));
#2690=CARTESIAN_POINT('',(-89.504458935435,267.941377631216,7.52585981836742));
#2691=CARTESIAN_POINT('',(-89.504458935435,267.941377631216,7.52585981836742));
#2692=CARTESIAN_POINT('',(-87.254458935435,267.941377631216,7.52585981836742));
#2693=CARTESIAN_POINT('',(-87.254458935435,270.264414416853,5.4745635473404));
#2694=CARTESIAN_POINT('',(-87.2544589354348,270.008567517818,7.52585981836653));
#2695=CARTESIAN_POINT('',(-87.254458935435,267.941377631216,7.52585981836741));
#2696=CARTESIAN_POINT('',(-89.504458935435,265.403346234905,7.68482394885135));
#2697=CARTESIAN_POINT('',(-89.504458935435,265.910952514167,7.65303112275456));
#2698=CARTESIAN_POINT('',(-89.504458935435,266.418558793429,7.62123829665778));
#2699=CARTESIAN_POINT('',(-89.504458935435,266.926165072691,7.58944547056099));
#2700=CARTESIAN_POINT('',(-89.504458935435,267.433771351953,7.55765264446421));
#2701=CARTESIAN_POINT('',(-89.504458935435,267.941377631216,7.52585981836742));
#2702=CARTESIAN_POINT('',(-87.254458935435,267.941377631216,7.52585981836742));
#2703=CARTESIAN_POINT('',(-87.254458935435,267.433771351953,7.5576526444642));
#2704=CARTESIAN_POINT('',(-87.254458935435,266.926165072691,7.58944547056098));
#2705=CARTESIAN_POINT('',(-87.254458935435,266.418558793429,7.62123829665777));
#2706=CARTESIAN_POINT('',(-87.254458935435,265.910952514167,7.65303112275456));
#2707=CARTESIAN_POINT('',(-87.254458935435,265.403346234905,7.68482394885134));
#2708=CARTESIAN_POINT('',(-87.254458935435,267.941377631216,6.18482394885134));
#2709=CARTESIAN_POINT('',(-87.254458935435,268.941377631216,6.18482394885134));
#2710=CARTESIAN_POINT('',(-87.254458935435,268.941377631216,5.18482394885141));
#2711=CARTESIAN_POINT('',(-87.254458935435,268.941377631216,4.18482394885147));
#2712=CARTESIAN_POINT('',(-87.254458935435,267.941377631216,4.18482394885136));
#2713=CARTESIAN_POINT('',(-89.504458935435,267.941377631216,6.18482394885135));
#2714=CARTESIAN_POINT('',(-89.504458935435,266.941377631216,6.18482394885135));
#2715=CARTESIAN_POINT('',(-89.504458935435,266.941377631216,5.18482394885132));
#2716=CARTESIAN_POINT('',(-89.504458935435,266.941377631216,4.18482394885129));
#2717=CARTESIAN_POINT('',(-89.504458935435,267.941377631216,4.18482394885135));
#2718=CARTESIAN_POINT('',(-87.254458935435,267.941377631216,6.18482394885134));
#2719=CARTESIAN_POINT('',(-89.504458935435,267.941377631216,6.18482394885135));
#2720=CARTESIAN_POINT('',(-79.5044589354346,267.941377631216,3.29425285205477));
#2721=CARTESIAN_POINT('',(-79.5044589354346,266.050806534419,3.2942528520548));
#2722=CARTESIAN_POINT('',(-79.5044589354346,266.05080653442,5.18482394885133));
#2723=CARTESIAN_POINT('',(-79.5044589354346,266.050806534419,7.07539504564786));
#2724=CARTESIAN_POINT('',(-79.5044589354346,267.941377631216,7.07539504564786));
#2725=CARTESIAN_POINT('',(-87.504458935435,239.746550094551,4.68482394885134));
#2726=CARTESIAN_POINT('',(-87.504458935435,239.580864669602,4.68482394885134));
#2727=CARTESIAN_POINT('',(-87.504458935435,239.415179244653,4.68482394885135));
#2728=CARTESIAN_POINT('',(-87.504458935435,239.273757888415,4.62624530508834));
#2729=CARTESIAN_POINT('',(-87.504458935435,239.15660060089,4.50908801756336));
#2730=CARTESIAN_POINT('',(-87.504458935435,239.039443313365,4.39193073003835));
#2731=CARTESIAN_POINT('',(-87.504458935435,239.039443313365,4.39193073003835));
#2732=CARTESIAN_POINT('',(-87.504458935435,238.885280070413,4.23776748708632));
#2733=CARTESIAN_POINT('',(-87.504458935435,237.625229750991,2.97771716766433));
#2734=CARTESIAN_POINT('',(-87.504458935435,237.570451756011,2.92293917268438));
#2735=CARTESIAN_POINT('',(-87.504458935435,237.515673761031,2.86816117770439));
#2736=CARTESIAN_POINT('',(-87.504458935435,237.466883324745,2.81090305470836));
#2737=CARTESIAN_POINT('',(-87.504458935435,237.427268466295,2.74984428292933));
#2738=CARTESIAN_POINT('',(-87.504458935435,237.397217665274,2.68482394885134));
#2739=CARTESIAN_POINT('',(-87.504458935435,237.397217665274,0.793043359773397));
#2740=CARTESIAN_POINT('',(-87.504458935435,238.885280070413,0.793043359773398));
#2741=CARTESIAN_POINT('',(-87.504458935435,248.464349345558,4.68482394885134));
#2742=CARTESIAN_POINT('',(-87.504458935435,239.746550094551,4.68482394885134));
#2743=CARTESIAN_POINT('',(-87.504458935435,249.20414625115,4.35765419376934));
#2744=CARTESIAN_POINT('',(-87.504458935435,249.657916468065,3.85872031726933));
#2745=CARTESIAN_POINT('',(-87.504458935435,250.332336532178,3.85872031726933));
#2746=CARTESIAN_POINT('',(-87.504458935435,250.332336532178,3.85872031726934));
#2747=CARTESIAN_POINT('',(-87.504458935435,251.006756596291,3.85872031726933));
#2748=CARTESIAN_POINT('',(-87.504458935435,251.460526813206,4.35765419376935));
#2749=CARTESIAN_POINT('',(-87.504458935435,249.20414625115,4.35765419376935));
#2750=CARTESIAN_POINT('',(-87.5044589354349,249.08512455491,4.48852209580214));
#2751=CARTESIAN_POINT('',(-87.5044589354349,248.985078389738,4.636647857552));
#2752=CARTESIAN_POINT('',(-87.504458935435,248.818143477552,4.68482394885134));
#2753=CARTESIAN_POINT('',(-87.504458935435,248.641246411555,4.68482394885133));
#2754=CARTESIAN_POINT('',(-87.504458935435,248.464349345558,4.68482394885134));
#2755=CARTESIAN_POINT('',(-87.504458935435,252.200323718798,4.68482394885134));
#2756=CARTESIAN_POINT('',(-87.504458935435,252.023426652801,4.68482394885133));
#2757=CARTESIAN_POINT('',(-87.504458935435,251.846529586804,4.68482394885134));
#2758=CARTESIAN_POINT('',(-87.504458935435,251.679594674618,4.63664785755201));
#2759=CARTESIAN_POINT('',(-87.504458935435,251.579548509446,4.48852209580214));
#2760=CARTESIAN_POINT('',(-87.504458935435,251.460526813206,4.35765419376935));
#2761=CARTESIAN_POINT('',(-87.504458935435,237.397217665274,2.68482394885134));
#2762=CARTESIAN_POINT('',(-87.504458935435,237.397217665274,0.793043359773397));
#2763=CARTESIAN_POINT('',(-87.504458935435,239.039443313365,4.39193073003835));
#2764=CARTESIAN_POINT('',(-81.5044589354346,239.039443313365,4.39193073003833));
#2765=CARTESIAN_POINT('',(-87.504458935435,237.625229750991,2.97771716766433));
#2766=CARTESIAN_POINT('',(-81.5044589354346,237.625229750991,2.97771716766431));
#2767=CARTESIAN_POINT('',(-87.504458935435,237.397217665274,2.68482394885134));
#2768=CARTESIAN_POINT('',(-81.5044589354346,237.397217665274,2.68482394885132));
#2769=CARTESIAN_POINT('',(-87.504458935435,250.332336532178,3.85872031726934));
#2770=CARTESIAN_POINT('',(-81.5044589354346,250.332336532178,3.85872031726933));
#2771=CARTESIAN_POINT('',(-87.504458935435,251.460526813206,4.35765419376935));
#2772=CARTESIAN_POINT('',(-81.5044589354346,251.460526813206,4.35765419376935));
#2773=CARTESIAN_POINT('',(-83.6044589354354,257.441377669533,0.793043359773407));
#2774=CARTESIAN_POINT('',(-83.6044589354354,258.341377669533,0.793043359773406));
#2775=CARTESIAN_POINT('',(-84.5044589354354,258.341377669533,0.793043359773407));
#2776=CARTESIAN_POINT('',(-85.4044589354354,258.341377669533,0.793043359773406));
#2777=CARTESIAN_POINT('',(-85.4044589354354,257.441377669533,0.793043359773407));
#2778=CARTESIAN_POINT('',(-83.6044589354354,257.441377669533,4.68482394885133));
#2779=CARTESIAN_POINT('',(-83.6044589354354,256.541377669533,4.68482394885133));
#2780=CARTESIAN_POINT('',(-84.5044589354354,256.541377669533,4.68482394885133));
#2781=CARTESIAN_POINT('',(-85.4044589354354,256.541377669533,4.68482394885133));
#2782=CARTESIAN_POINT('',(-85.4044589354354,257.441377669533,4.68482394885133));
#2783=CARTESIAN_POINT('',(-83.6044589354354,257.441377669533,0.793043359773407));
#2784=CARTESIAN_POINT('',(-83.6044589354354,257.441377669533,4.68482394885133));
#2785=CARTESIAN_POINT('',(-83.6044589354354,243.441377669533,0.793043359773407));
#2786=CARTESIAN_POINT('',(-83.6044589354354,244.341377669533,0.793043359773406));
#2787=CARTESIAN_POINT('',(-84.5044589354354,244.341377669533,0.793043359773407));
#2788=CARTESIAN_POINT('',(-85.4044589354354,244.341377669533,0.793043359773406));
#2789=CARTESIAN_POINT('',(-85.4044589354354,243.441377669533,0.793043359773407));
#2790=CARTESIAN_POINT('',(-83.6044589354354,243.441377669533,4.68482394885133));
#2791=CARTESIAN_POINT('',(-83.6044589354354,242.541377669533,4.68482394885133));
#2792=CARTESIAN_POINT('',(-84.5044589354354,242.541377669533,4.68482394885133));
#2793=CARTESIAN_POINT('',(-85.4044589354354,242.541377669533,4.68482394885133));
#2794=CARTESIAN_POINT('',(-85.4044589354354,243.441377669533,4.68482394885133));
#2795=CARTESIAN_POINT('',(-83.6044589354354,243.441377669533,0.793043359773407));
#2796=CARTESIAN_POINT('',(-83.6044589354354,243.441377669533,4.68482394885133));
#2797=CARTESIAN_POINT('',(-89.504458935435,263.007271204702,0.79304335977341));
#2798=CARTESIAN_POINT('',(-88.5355536277904,262.138964039062,0.793043359773408));
#2799=CARTESIAN_POINT('',(-88.5355536277904,262.138964039062,0.793043359773408));
#2800=CARTESIAN_POINT('',(-87.5044589354363,261.214924400968,0.793043359772049));
#2801=CARTESIAN_POINT('',(-87.5044589354362,259.830364717397,0.793043359773408));
#2802=CARTESIAN_POINT('',(-87.5044589354362,259.830364717397,4.68482394885133));
#2803=CARTESIAN_POINT('',(-87.5044589354362,260.120900954391,4.68482394885137));
#2804=CARTESIAN_POINT('',(-87.5584436565888,260.406377669533,4.68482394885135));
#2805=CARTESIAN_POINT('',(-87.5584436565888,260.406377669533,4.68482394885135));
#2806=CARTESIAN_POINT('',(-87.6000602085635,260.626450243765,4.68482394885134));
#2807=CARTESIAN_POINT('',(-87.66603297037,260.842901975455,4.68469381186924));
#2808=CARTESIAN_POINT('',(-87.7973481014707,261.150446215085,4.72905606764113));
#2809=CARTESIAN_POINT('',(-87.8469067176883,261.250717832902,4.75159365087966));
#2810=CARTESIAN_POINT('',(-87.9519226252451,261.438367998422,4.82245032157141));
#2811=CARTESIAN_POINT('',(-88.0072947453689,261.525427744164,4.87088019846224));
#2812=CARTESIAN_POINT('',(-88.1145251084685,261.679514558543,5.00699846937626));
#2813=CARTESIAN_POINT('',(-88.1624162440975,261.740878415998,5.09166997943836));
#2814=CARTESIAN_POINT('',(-88.2381324663534,261.833875348597,5.29348511394679));
#2815=CARTESIAN_POINT('',(-88.2634378783561,261.862663399801,5.40314997941898));
#2816=CARTESIAN_POINT('',(-88.3113493470943,261.916967501393,5.73405292201285));
#2817=CARTESIAN_POINT('',(-88.3113060919651,261.916377669533,5.97416469597609));
#2818=CARTESIAN_POINT('',(-88.3113060919652,261.916377669533,6.19482394885134));
#2819=CARTESIAN_POINT('',(-88.3113060919652,261.916377669533,6.19482394885134));
#2820=CARTESIAN_POINT('',(-88.3113060919651,261.916377669533,6.28482394885135));
#2821=CARTESIAN_POINT('',(-88.5355536277904,262.138964039062,6.5074103183808));
#2822=CARTESIAN_POINT('',(-88.858522063672,262.428399760942,6.79684604026052));
#2823=CARTESIAN_POINT('',(-89.1814904995535,262.717835482822,7.08628176214023));
#2824=CARTESIAN_POINT('',(-89.504458935435,263.007271204702,7.37571748401993));
#2825=CARTESIAN_POINT('',(-88.3113060919651,261.916377669533,6.28482394885135));
#2826=CARTESIAN_POINT('',(-88.3810444291457,261.993041087772,6.36148736709023));
#2827=CARTESIAN_POINT('',(-88.4557681373327,262.067462404659,6.43590868397754));
#2828=CARTESIAN_POINT('',(-88.5355536277904,262.138964039062,6.5074103183808));
#2829=CARTESIAN_POINT('',(-89.504458935435,263.007271204702,7.37571748401993));
#2830=CARTESIAN_POINT('',(-89.504458935435,263.007271204702,0.79304335977341));
#2831=CARTESIAN_POINT('',(-87.504458935435,238.885280070413,4.23776748708632));
#2832=CARTESIAN_POINT('',(-87.504458935435,238.885280070413,0.793043359773398));
#2833=CARTESIAN_POINT('',(-89.504458935435,263.007271204702,0.79304335977341));
#2834=CARTESIAN_POINT('',(-89.504458935435,264.493360457758,0.79304335977341));
#2835=CARTESIAN_POINT('',(-89.504458935435,265.979449710814,0.793043359773409));
#2836=CARTESIAN_POINT('',(-89.504458935435,267.465538963869,0.793043359773408));
#2837=CARTESIAN_POINT('',(-89.504458935435,268.951628216925,0.793043359773407));
#2838=CARTESIAN_POINT('',(-89.504458935435,270.437717469981,0.793043359773406));
#2839=CARTESIAN_POINT('',(-87.504458935435,238.885280070413,4.23776748708632));
#2840=CARTESIAN_POINT('',(-87.504458935435,237.625229750991,2.97771716766433));
#2841=CARTESIAN_POINT('',(-87.5044589354362,259.830364717397,0.793043359773408));
#2842=CARTESIAN_POINT('',(-87.5044589354362,259.830364717397,4.68482394885133));
#2843=CARTESIAN_POINT('',(-88.5355536277904,262.138964039062,0.793043359773408));
#2844=CARTESIAN_POINT('',(-88.5355536277904,262.138964039062,6.5074103183808));
#2845=CARTESIAN_POINT('',(-87.5044589354362,259.830364717397,4.68482394885133));
#2846=CARTESIAN_POINT('',(-87.504458935435,259.406377417813,4.68482394885133));
#2847=CARTESIAN_POINT('',(-87.504458935435,252.200323718798,4.68482394885134));
#2848=CARTESIAN_POINT('',(-87.5044589354362,259.830364717397,0.793043359773408));
#2849=CARTESIAN_POINT('',(-87.504458935435,259.406377417813,0.793043359773408));
#2850=CARTESIAN_POINT('',(-87.504458935435,238.885280070413,0.793043359773398));
#2851=CARTESIAN_POINT('',(-81.5044589354346,238.885280070413,4.23776748708636));
#2852=CARTESIAN_POINT('',(-81.5044589354348,238.885280070413,0.793043359773373));
#2853=CARTESIAN_POINT('',(-81.5044589354346,238.885280070413,4.23776748708636));
#2854=CARTESIAN_POINT('',(-81.5044589354346,238.916112719003,4.26860013567675));
#2855=CARTESIAN_POINT('',(-81.5044589354346,238.946945367594,4.29943278426715));
#2856=CARTESIAN_POINT('',(-81.5044589354346,238.977778016184,4.33026543285754));
#2857=CARTESIAN_POINT('',(-81.5044589354346,239.008610664775,4.36109808144794));
#2858=CARTESIAN_POINT('',(-81.5044589354346,239.039443313365,4.39193073003833));
#2859=CARTESIAN_POINT('',(-81.5044589354348,238.885280070413,0.793043359773373));
#2860=CARTESIAN_POINT('',(-81.5044589354347,238.141248867844,0.793043359773374));
#2861=CARTESIAN_POINT('',(-81.5044589354346,237.397217665274,0.793043359773374));
#2862=CARTESIAN_POINT('',(-79.5044589354346,270.437717469982,0.793043359773366));
#2863=CARTESIAN_POINT('',(-79.5044589354346,268.951628216926,0.793043359773364));
#2864=CARTESIAN_POINT('',(-79.5044589354346,267.465538963869,0.793043359773363));
#2865=CARTESIAN_POINT('',(-79.5044589354346,265.979449710813,0.793043359773362));
#2866=CARTESIAN_POINT('',(-79.5044589354346,264.493360457757,0.79304335977336));
#2867=CARTESIAN_POINT('',(-79.5044589354346,263.007271204701,0.793043359773359));
#2868=CARTESIAN_POINT('',(-79.5044589354344,263.007271204701,7.3757174840196));
#2869=CARTESIAN_POINT('',(-79.5044589354346,263.007271204701,0.793043359773359));
#2870=CARTESIAN_POINT('',(-79.5044589354346,263.007271204701,0.793043359773359));
#2871=CARTESIAN_POINT('',(-80.4733642430797,262.138964039062,0.793043359773408));
#2872=CARTESIAN_POINT('',(-80.4733642430797,262.138964039062,0.793043359773408));
#2873=CARTESIAN_POINT('',(-81.5044589354337,261.214924400967,0.793043359772048));
#2874=CARTESIAN_POINT('',(-81.5044589354342,259.830364717396,0.793043359773408));
#2875=CARTESIAN_POINT('',(-80.6976117789045,261.916377669533,6.19482394885132));
#2876=CARTESIAN_POINT('',(-80.6976117789044,261.916377669533,6.28482394885133));
#2877=CARTESIAN_POINT('',(-80.4733642430797,262.138964039062,6.50741031838015));
#2878=CARTESIAN_POINT('',(-80.1503958071979,262.428399760942,6.79684604025995));
#2879=CARTESIAN_POINT('',(-79.8274273713162,262.717835482821,7.08628176213981));
#2880=CARTESIAN_POINT('',(-79.5044589354344,263.007271204701,7.3757174840196));
#2881=CARTESIAN_POINT('',(-80.6976117789044,261.916377669533,6.28482394885133));
#2882=CARTESIAN_POINT('',(-80.627873441724,261.993041087772,6.36148736708996));
#2883=CARTESIAN_POINT('',(-80.5531497335374,262.067462404659,6.43590868397693));
#2884=CARTESIAN_POINT('',(-80.4733642430797,262.138964039062,6.50741031838015));
#2885=CARTESIAN_POINT('',(-81.5044589354342,259.830364717396,4.68482394885133));
#2886=CARTESIAN_POINT('',(-81.5044589354342,260.12090095439,4.68482394885136));
#2887=CARTESIAN_POINT('',(-81.4504742142814,260.406377669533,4.68482394885134));
#2888=CARTESIAN_POINT('',(-81.4504742142814,260.406377669533,4.68482394885134));
#2889=CARTESIAN_POINT('',(-81.4088576623066,260.626450243765,4.68482394885133));
#2890=CARTESIAN_POINT('',(-81.3428849005002,260.842901975455,4.68469381186919));
#2891=CARTESIAN_POINT('',(-81.2115697693991,261.150446215085,4.72905606764115));
#2892=CARTESIAN_POINT('',(-81.1620111531819,261.250717832902,4.75159365087953));
#2893=CARTESIAN_POINT('',(-81.0569952456248,261.438367998422,4.82245032157136));
#2894=CARTESIAN_POINT('',(-81.0016231255009,261.525427744164,4.87088019846221));
#2895=CARTESIAN_POINT('',(-80.8943927624013,261.679514558543,5.00699846937616));
#2896=CARTESIAN_POINT('',(-80.8465016267723,261.740878415998,5.09166997943826));
#2897=CARTESIAN_POINT('',(-80.7707854045163,261.833875348597,5.29348511394665));
#2898=CARTESIAN_POINT('',(-80.7454799925135,261.862663399801,5.40314997941886));
#2899=CARTESIAN_POINT('',(-80.6975685237753,261.916967501393,5.73405292201285));
#2900=CARTESIAN_POINT('',(-80.6976117789044,261.916377669533,5.97416469597595));
#2901=CARTESIAN_POINT('',(-80.6976117789044,261.916377669533,6.19482394885132));
#2902=CARTESIAN_POINT('',(-81.4504742142814,260.406377669533,4.68482394885134));
#2903=CARTESIAN_POINT('',(-87.5584436565888,260.406377669533,4.68482394885135));
#2904=CARTESIAN_POINT('',(-80.6976117789044,261.916377669533,6.19482394885132));
#2905=CARTESIAN_POINT('',(-88.3113060919652,261.916377669533,6.19482394885134));
#2906=CARTESIAN_POINT('',(-80.6976117789044,261.916377669533,6.28482394885133));
#2907=CARTESIAN_POINT('',(-88.3113060919651,261.916377669533,6.28482394885135));
#2908=CARTESIAN_POINT('',(-79.5044589354344,263.007271204701,7.3757174840196));
#2909=CARTESIAN_POINT('',(-79.5044589354343,263.316377669533,7.68482394885133));
#2910=CARTESIAN_POINT('',(-81.5044589354342,259.830364717396,0.793043359773408));
#2911=CARTESIAN_POINT('',(-81.5044589354342,259.830364717396,4.68482394885133));
#2912=CARTESIAN_POINT('',(-80.4733642430797,262.138964039062,0.793043359773408));
#2913=CARTESIAN_POINT('',(-80.4733642430797,262.138964039062,6.50741031838015));
#2914=CARTESIAN_POINT('',(-81.5044589354342,259.830364717396,0.793043359773408));
#2915=CARTESIAN_POINT('',(-81.5044589354344,259.618371067605,0.793043359773391));
#2916=CARTESIAN_POINT('',(-81.5044589354346,259.406377417813,0.793043359773374));
#2917=CARTESIAN_POINT('',(-81.5044589354347,249.145828744113,0.793043359773374));
#2918=CARTESIAN_POINT('',(-81.5044589354348,238.885280070413,0.793043359773373));
#2919=CARTESIAN_POINT('',(-81.5044589354346,252.200323718798,4.68482394885132));
#2920=CARTESIAN_POINT('',(-81.5044589354346,255.803350568306,4.68482394885132));
#2921=CARTESIAN_POINT('',(-81.5044589354346,259.406377417813,4.68482394885132));
#2922=CARTESIAN_POINT('',(-81.5044589354344,259.618371067605,4.68482394885132));
#2923=CARTESIAN_POINT('',(-81.5044589354342,259.830364717396,4.68482394885133));
#2924=CARTESIAN_POINT('',(-87.254458935435,270.437717469982,2.68482394885134));
#2925=CARTESIAN_POINT('',(-87.254458935435,270.437717469981,0.793043359773397));
#2926=CARTESIAN_POINT('',(-82.254458935435,270.437717469982,0.793043359773377));
#2927=CARTESIAN_POINT('',(-82.254458935435,270.437717469982,2.68482394885132));
#2928=CARTESIAN_POINT('',(-87.254458935435,270.384283549441,3.54497454253339));
#2929=CARTESIAN_POINT('',(-87.254458935435,270.437717469982,2.68482394885134));
#2930=CARTESIAN_POINT('',(-82.254458935435,270.437717469982,2.68482394885132));
#2931=CARTESIAN_POINT('',(-82.254458935435,270.384283549441,3.54497454253339));
#2932=CARTESIAN_POINT('',(-82.254458935435,269.766830393509,3.54497454253339));
#2933=CARTESIAN_POINT('',(-82.2544589354329,268.241830393507,3.54497454253339));
#2934=CARTESIAN_POINT('',(-83.7794589354349,268.241830393509,3.54497454253339));
#2935=CARTESIAN_POINT('',(-83.7794589354349,268.241830393509,3.54497454253339));
#2936=CARTESIAN_POINT('',(-85.7294589354349,268.241830393509,3.54497454253339));
#2937=CARTESIAN_POINT('',(-85.7294589354349,268.241830393509,3.54497454253339));
#2938=CARTESIAN_POINT('',(-87.2544589354371,268.241830393507,3.54497454253339));
#2939=CARTESIAN_POINT('',(-87.254458935435,269.766830393509,3.54497454253339));
#2940=CARTESIAN_POINT('',(-87.254458935435,270.437717469981,0.793043359773397));
#2941=CARTESIAN_POINT('',(-87.254458935435,269.766830393509,0.793043359773408));
#2942=CARTESIAN_POINT('',(-82.254458935435,269.766830393509,0.793043359773408));
#2943=CARTESIAN_POINT('',(-82.254458935435,270.437717469982,0.793043359773377));
#2944=CARTESIAN_POINT('',(-83.7794589354349,268.241830393509,0.793043359773408));
#2945=CARTESIAN_POINT('',(-82.254458935433,268.241830393507,0.793043359773408));
#2946=CARTESIAN_POINT('',(-82.254458935435,269.766830393509,0.793043359773408));
#2947=CARTESIAN_POINT('',(-85.7294589354349,268.241830393509,0.793043359773408));
#2948=CARTESIAN_POINT('',(-83.7794589354349,268.241830393509,0.793043359773408));
#2949=CARTESIAN_POINT('',(-87.254458935435,269.766830393509,0.793043359773408));
#2950=CARTESIAN_POINT('',(-87.2544589354371,268.241830393507,0.793043359773408));
#2951=CARTESIAN_POINT('',(-85.7294589354349,268.241830393509,0.793043359773408));
#2952=CARTESIAN_POINT('',(-82.254458935435,270.437717469982,0.793043359773377));
#2953=CARTESIAN_POINT('',(-79.5044589354346,270.437717469982,0.793043359773366));
#2954=CARTESIAN_POINT('',(-82.254458935435,270.437717469982,2.68482394885132));
#2955=CARTESIAN_POINT('',(-79.5044589354346,270.437717469982,2.68482394885131));
#2956=CARTESIAN_POINT('',(-87.254458935435,269.766830393509,3.54497454253339));
#2957=CARTESIAN_POINT('',(-87.254458935435,270.384283549441,3.54497454253339));
#2958=CARTESIAN_POINT('',(-82.254458935435,269.766830393509,3.54497454253339));
#2959=CARTESIAN_POINT('',(-82.254458935435,270.384283549441,3.54497454253339));
#2960=CARTESIAN_POINT('',(-87.254458935435,269.766830393509,3.54497454253339));
#2961=CARTESIAN_POINT('',(-87.254458935435,269.766830393509,0.793043359773408));
#2962=CARTESIAN_POINT('',(-82.254458935435,269.766830393509,3.54497454253339));
#2963=CARTESIAN_POINT('',(-82.254458935435,269.766830393509,0.793043359773408));
#2964=CARTESIAN_POINT('',(-83.7794589354349,268.241830393509,3.54497454253339));
#2965=CARTESIAN_POINT('',(-83.7794589354349,268.241830393509,0.793043359773408));
#2966=CARTESIAN_POINT('',(-85.7294589354349,268.241830393509,3.54497454253339));
#2967=CARTESIAN_POINT('',(-85.7294589354349,268.241830393509,0.793043359773408));
#2968=CARTESIAN_POINT('',(-87.254458935435,270.264414416853,5.4745635473404));
#2969=CARTESIAN_POINT('',(-87.254458935435,270.268014233628,5.41661562764259));
#2970=CARTESIAN_POINT('',(-87.254458935435,270.271614050404,5.35866770794477));
#2971=CARTESIAN_POINT('',(-87.254458935435,270.27521386718,5.30071978824697));
#2972=CARTESIAN_POINT('',(-87.254458935435,270.278813683955,5.24277186854915));
#2973=CARTESIAN_POINT('',(-87.254458935435,270.282413500731,5.18482394885134));
#2974=CARTESIAN_POINT('',(-87.254458935435,270.290363192933,5.05685406758775));
#2975=CARTESIAN_POINT('',(-87.254458935435,270.298312885135,4.92888418632416));
#2976=CARTESIAN_POINT('',(-87.254458935435,270.306262577337,4.80091430506057));
#2977=CARTESIAN_POINT('',(-87.254458935435,270.314212269539,4.67294442379698));
#2978=CARTESIAN_POINT('',(-87.254458935435,270.322161961741,4.54497454253339));
#2979=CARTESIAN_POINT('',(-87.254458935435,270.334586279281,4.34497454253339));
#2980=CARTESIAN_POINT('',(-87.254458935435,270.347010596821,4.14497454253339));
#2981=CARTESIAN_POINT('',(-87.254458935435,270.359434914361,3.94497454253339));
#2982=CARTESIAN_POINT('',(-87.254458935435,270.371859231901,3.74497454253339));
#2983=CARTESIAN_POINT('',(-87.254458935435,270.384283549441,3.54497454253339));
#2984=CARTESIAN_POINT('',(-82.254458935435,270.384283549441,3.54497454253339));
#2985=CARTESIAN_POINT('',(-82.254458935435,270.371859231901,3.74497454253339));
#2986=CARTESIAN_POINT('',(-82.254458935435,270.359434914361,3.94497454253339));
#2987=CARTESIAN_POINT('',(-82.254458935435,270.347010596821,4.14497454253339));
#2988=CARTESIAN_POINT('',(-82.254458935435,270.334586279281,4.34497454253339));
#2989=CARTESIAN_POINT('',(-82.254458935435,270.322161961741,4.54497454253339));
#2990=CARTESIAN_POINT('',(-82.254458935435,270.314212269539,4.67294442379698));
#2991=CARTESIAN_POINT('',(-82.254458935435,270.306262577337,4.80091430506056));
#2992=CARTESIAN_POINT('',(-82.254458935435,270.298312885135,4.92888418632415));
#2993=CARTESIAN_POINT('',(-82.254458935435,270.290363192933,5.05685406758774));
#2994=CARTESIAN_POINT('',(-82.254458935435,270.282413500731,5.18482394885132));
#2995=CARTESIAN_POINT('',(-82.254458935435,270.278813683955,5.24277186854913));
#2996=CARTESIAN_POINT('',(-82.254458935435,270.27521386718,5.30071978824695));
#2997=CARTESIAN_POINT('',(-82.254458935435,270.271614050404,5.35866770794476));
#2998=CARTESIAN_POINT('',(-82.254458935435,270.268014233628,5.41661562764258));
#2999=CARTESIAN_POINT('',(-82.254458935435,270.264414416853,5.47456354734039));
#3000=CARTESIAN_POINT('',(-80.8403155806293,267.941377631216,4.18482394885136));
#3001=CARTESIAN_POINT('',(-82.2544589354349,267.941377631216,4.18482394885132));
#3002=CARTESIAN_POINT('',(-82.254458935435,267.941377631216,4.18482394885137));
#3003=CARTESIAN_POINT('',(-82.254458935435,268.941377631216,4.18482394885115));
#3004=CARTESIAN_POINT('',(-82.254458935435,268.941377631216,5.18482394885124));
#3005=CARTESIAN_POINT('',(-82.254458935435,268.941377631216,6.18482394885133));
#3006=CARTESIAN_POINT('',(-82.254458935435,267.941377631216,6.18482394885133));
#3007=CARTESIAN_POINT('',(-87.254458935435,267.941377631216,4.18482394885137));
#3008=CARTESIAN_POINT('',(-89.504458935435,267.941377631216,4.1848239488514));
#3009=CARTESIAN_POINT('',(-87.254458935435,267.941377631216,4.18482394885136));
#3010=CARTESIAN_POINT('',(-87.254458935435,266.941377631216,4.18482394885124));
#3011=CARTESIAN_POINT('',(-87.254458935435,266.941377631216,5.18482394885129));
#3012=CARTESIAN_POINT('',(-87.254458935435,266.941377631216,6.18482394885134));
#3013=CARTESIAN_POINT('',(-87.254458935435,267.941377631216,6.18482394885134));
#3014=CARTESIAN_POINT('',(-89.504458935435,267.941377631216,4.18482394885135));
#3015=CARTESIAN_POINT('',(-89.504458935435,268.941377631216,4.18482394885141));
#3016=CARTESIAN_POINT('',(-89.504458935435,268.941377631216,5.18482394885138));
#3017=CARTESIAN_POINT('',(-89.504458935435,268.941377631216,6.18482394885135));
#3018=CARTESIAN_POINT('',(-89.504458935435,267.941377631216,6.18482394885135));
#3019=CARTESIAN_POINT('',(-85.4044589354354,257.441377669533,0.793043359773403));
#3020=CARTESIAN_POINT('',(-85.4044589354354,257.441377669533,4.68482394885133));
#3021=CARTESIAN_POINT('',(-85.4044589354354,257.441377669533,0.793043359773407));
#3022=CARTESIAN_POINT('',(-85.4044589354354,256.541377669533,0.793043359773406));
#3023=CARTESIAN_POINT('',(-84.5044589354354,256.541377669533,0.793043359773407));
#3024=CARTESIAN_POINT('',(-83.6044589354354,256.541377669533,0.793043359773406));
#3025=CARTESIAN_POINT('',(-83.6044589354354,257.441377669533,0.793043359773407));
#3026=CARTESIAN_POINT('',(-85.4044589354354,257.441377669533,4.68482394885133));
#3027=CARTESIAN_POINT('',(-85.4044589354354,258.341377669533,4.68482394885133));
#3028=CARTESIAN_POINT('',(-84.5044589354354,258.341377669533,4.68482394885133));
#3029=CARTESIAN_POINT('',(-83.6044589354354,258.341377669533,4.68482394885133));
#3030=CARTESIAN_POINT('',(-83.6044589354354,257.441377669533,4.68482394885133));
#3031=CARTESIAN_POINT('',(-85.4044589354354,243.441377669533,0.793043359773403));
#3032=CARTESIAN_POINT('',(-85.4044589354354,243.441377669533,4.68482394885133));
#3033=CARTESIAN_POINT('',(-85.4044589354354,243.441377669533,0.793043359773407));
#3034=CARTESIAN_POINT('',(-85.4044589354354,242.541377669533,0.793043359773406));
#3035=CARTESIAN_POINT('',(-84.5044589354354,242.541377669533,0.793043359773407));
#3036=CARTESIAN_POINT('',(-83.6044589354354,242.541377669533,0.793043359773406));
#3037=CARTESIAN_POINT('',(-83.6044589354354,243.441377669533,0.793043359773407));
#3038=CARTESIAN_POINT('',(-85.4044589354354,243.441377669533,4.68482394885133));
#3039=CARTESIAN_POINT('',(-85.4044589354354,244.341377669533,4.68482394885133));
#3040=CARTESIAN_POINT('',(-84.5044589354354,244.341377669533,4.68482394885133));
#3041=CARTESIAN_POINT('',(-83.6044589354354,244.341377669533,4.68482394885133));
#3042=CARTESIAN_POINT('',(-83.6044589354354,243.441377669533,4.68482394885133));
#3043=CARTESIAN_POINT('',(-70.1403487456546,239.746550094551,-1.26106678899079));
#3044=CARTESIAN_POINT('',(-70.1403487456546,239.746550094551,9.23893321100962));
#3045=CARTESIAN_POINT('',(-70.1403487456546,239.580864669602,-1.26106678899079));
#3046=CARTESIAN_POINT('',(-70.1403487456546,239.580864669602,9.23893321100962));
#3047=CARTESIAN_POINT('',(-70.1403487456547,239.415179244653,-1.26106678899079));
#3048=CARTESIAN_POINT('',(-70.1403487456546,239.415179244653,9.23893321100962));
#3049=CARTESIAN_POINT('',(-70.0817701018916,239.273757888415,-1.26106678899079));
#3050=CARTESIAN_POINT('',(-70.0817701018916,239.273757888415,9.23893321100962));
#3051=CARTESIAN_POINT('',(-69.9646128143667,239.15660060089,-1.26106678899079));
#3052=CARTESIAN_POINT('',(-69.9646128143666,239.15660060089,9.23893321100962));
#3053=CARTESIAN_POINT('',(-69.8474555268416,239.039443313365,-1.26106678899077));
#3054=CARTESIAN_POINT('',(-69.8474555268415,239.039443313365,9.23893321100962));
#3055=CARTESIAN_POINT('',(-68.4332419644677,237.625229750991,-1.26106678899077));
#3056=CARTESIAN_POINT('',(-68.4332419644676,237.625229750991,9.23893321100962));
#3057=CARTESIAN_POINT('',(-68.3784639694877,237.570451756011,-1.26106678899077));
#3058=CARTESIAN_POINT('',(-68.3784639694877,237.570451756011,9.23893321100962));
#3059=CARTESIAN_POINT('',(-68.3236859745077,237.515673761031,-1.26106678899077));
#3060=CARTESIAN_POINT('',(-68.3236859745077,237.515673761031,9.23893321100962));
#3061=CARTESIAN_POINT('',(-68.2664278515117,237.466883324745,-1.26106678899077));
#3062=CARTESIAN_POINT('',(-68.2664278515116,237.466883324745,9.23893321100962));
#3063=CARTESIAN_POINT('',(-68.2053690797326,237.427268466295,-1.26106678899077));
#3064=CARTESIAN_POINT('',(-68.2053690797326,237.427268466295,9.23893321100962));
#3065=CARTESIAN_POINT('',(-68.1403487456546,237.397217665274,-1.26106678899077));
#3066=CARTESIAN_POINT('',(-68.1403487456546,237.397217665274,9.23893321100962));
#3067=CARTESIAN_POINT('',(-69.6403487456546,267.941377631216,7.90307656581493));
#3068=CARTESIAN_POINT('',(-69.6403487456546,268.941377631216,7.90307656581494));
#3069=CARTESIAN_POINT('',(-70.6403487456546,268.941377631216,7.90307656581493));
#3070=CARTESIAN_POINT('',(-71.6403487456546,268.941377631216,7.90307656581493));
#3071=CARTESIAN_POINT('',(-71.6403487456546,267.941377631216,7.90307656581492));
#3072=CARTESIAN_POINT('',(-67.6403487456546,267.941377631216,10.9030765658149));
#3073=CARTESIAN_POINT('',(-67.6403487456546,270.941377631216,10.9030765658149));
#3074=CARTESIAN_POINT('',(-70.6403487456546,270.941377631216,10.9030765658149));
#3075=CARTESIAN_POINT('',(-73.6403487456547,270.941377631216,10.9030765658149));
#3076=CARTESIAN_POINT('',(-73.6403487456546,267.941377631216,10.9030765658149));
#3077=CARTESIAN_POINT('',(-70.1403487456546,248.464349345558,10.2389332110096));
#3078=CARTESIAN_POINT('',(-70.1403487456546,248.464349345558,-2.26106678899075));
#3079=CARTESIAN_POINT('',(-70.1403487456546,248.641246411555,10.2389332110096));
#3080=CARTESIAN_POINT('',(-70.1403487456546,248.641246411555,-2.26106678899075));
#3081=CARTESIAN_POINT('',(-70.1403487456546,248.818143477552,10.2389332110096));
#3082=CARTESIAN_POINT('',(-70.1403487456546,248.818143477552,-2.26106678899075));
#3083=CARTESIAN_POINT('',(-70.0921726543553,248.985078389738,10.2389332110099));
#3084=CARTESIAN_POINT('',(-70.0921726543553,248.985078389738,-2.26106678899076));
#3085=CARTESIAN_POINT('',(-69.9440468926054,249.08512455491,10.2389332110099));
#3086=CARTESIAN_POINT('',(-69.9440468926054,249.08512455491,-2.26106678899076));
#3087=CARTESIAN_POINT('',(-69.8131789905726,249.20414625115,10.2389332110099));
#3088=CARTESIAN_POINT('',(-69.8131789905727,249.20414625115,-2.26106678899076));
#3089=CARTESIAN_POINT('',(-70.1403487456546,252.200323718798,-2.26106678899077));
#3090=CARTESIAN_POINT('',(-70.1403487456546,252.200323718798,10.2389332110096));
#3091=CARTESIAN_POINT('',(-70.1403487456546,252.023426652801,-2.26106678899077));
#3092=CARTESIAN_POINT('',(-70.1403487456546,252.023426652801,10.2389332110096));
#3093=CARTESIAN_POINT('',(-70.1403487456546,251.846529586804,-2.26106678899077));
#3094=CARTESIAN_POINT('',(-70.1403487456546,251.846529586804,10.2389332110096));
#3095=CARTESIAN_POINT('',(-70.0921726543553,251.679594674618,-2.26106678899077));
#3096=CARTESIAN_POINT('',(-70.0921726543553,251.679594674618,10.2389332110096));
#3097=CARTESIAN_POINT('',(-69.9440468926054,251.579548509446,-2.26106678899077));
#3098=CARTESIAN_POINT('',(-69.9440468926054,251.579548509446,10.2389332110096));
#3099=CARTESIAN_POINT('',(-69.8131789905726,251.460526813206,-2.26106678899077));
#3100=CARTESIAN_POINT('',(-69.8131789905726,251.460526813206,10.2389332110096));
#3101=CARTESIAN_POINT('',(-71.6403487456546,267.941377631216,7.90307656581491));
#3102=CARTESIAN_POINT('',(-71.6403487456546,266.941377631216,7.9030765658149));
#3103=CARTESIAN_POINT('',(-70.6403487456546,266.941377631216,7.9030765658149));
#3104=CARTESIAN_POINT('',(-69.6403487456546,266.941377631216,7.90307656581492));
#3105=CARTESIAN_POINT('',(-69.6403487456546,267.941377631216,7.90307656581493));
#3106=CARTESIAN_POINT('',(-73.6403487456546,267.941377631216,10.9030765658149));
#3107=CARTESIAN_POINT('',(-73.6403487456547,264.941377631216,10.9030765658149));
#3108=CARTESIAN_POINT('',(-70.6403487456546,264.941377631216,10.9030765658149));
#3109=CARTESIAN_POINT('',(-67.6403487456545,264.941377631216,10.9030765658149));
#3110=CARTESIAN_POINT('',(-67.6403487456546,267.941377631216,10.9030765658149));
#3111=CARTESIAN_POINT('',(-74.8465983810962,261.214924400968,1.23893321100797));
#3112=CARTESIAN_POINT('',(-74.8465983810962,238.885280070413,1.23893321100817));
#3113=CARTESIAN_POINT('',(-69.4889689362393,259.830364717396,-1.86106678899211));
#3114=CARTESIAN_POINT('',(-73.1403487456546,259.406377417813,1.23893321100923));
#3115=CARTESIAN_POINT('',(-71.6503487456547,261.916377669533,-2.77106678899077));
#3116=CARTESIAN_POINT('',(-71.6503487456546,261.916377669533,10.7489332110099));
#3117=CARTESIAN_POINT('',(-71.0463487456547,261.916377669533,-2.77106678899077));
#3118=CARTESIAN_POINT('',(-71.0463487456546,261.916377669533,10.7489332110099));
#3119=CARTESIAN_POINT('',(-70.4423487456547,261.916377669533,-2.77106678899077));
#3120=CARTESIAN_POINT('',(-70.4423487456546,261.916377669533,10.7489332110099));
#3121=CARTESIAN_POINT('',(-70.1403487456546,261.614377669533,-2.77106678899077));
#3122=CARTESIAN_POINT('',(-70.1403487456546,261.614377669533,10.7489332110099));
#3123=CARTESIAN_POINT('',(-70.1403487456546,261.010377669533,-2.77106678899077));
#3124=CARTESIAN_POINT('',(-70.1403487456546,261.010377669533,10.7489332110099));
#3125=CARTESIAN_POINT('',(-70.1403487456546,260.406377669533,-2.77106678899077));
#3126=CARTESIAN_POINT('',(-70.1403487456546,260.406377669533,10.7489332110099));
#3127=CARTESIAN_POINT('',(-74.8465983810962,261.214924400968,7.23893321101025));
#3128=CARTESIAN_POINT('',(-69.4889689362392,259.830364717396,10.3389332110101));
#3129=CARTESIAN_POINT('',(-74.8465983810962,238.885280070413,7.23893321100653));
#3130=CARTESIAN_POINT('',(-70.0004993393367,269.766830393509,1.48893321100918));
#3131=CARTESIAN_POINT('',(-70.0004993393367,278.214283549441,6.48893321100924));
#3132=CARTESIAN_POINT('',(-67.0004993393367,269.766830393507,4.96393321101119));
#3133=CARTESIAN_POINT('',(-70.0004993393367,268.241830393509,4.96393321100932));
#3134=CARTESIAN_POINT('',(-67.0004993393367,269.766830393507,3.01393321100716));
#3135=CARTESIAN_POINT('',(-68.8485681565759,269.587377188395,5.5));
#3136=CARTESIAN_POINT('',(-68.0485681565759,269.587377188395,-1.));
#3137=CARTESIAN_POINT('',(-66.4985681565758,268.879748491659,5.5));
#3138=CARTESIAN_POINT('',(-67.5945836674153,267.78373298082,-1.));
#3139=CARTESIAN_POINT('',(-67.7985681565769,265.795686448303,5.49999999999999));
#3140=CARTESIAN_POINT('',(-70.9300883441437,270.264414416853,-1.));
#3141=CARTESIAN_POINT('',(-86.1403487456546,257.441377669533,4.23893321100882));
#3142=CARTESIAN_POINT('',(-86.1403487456546,257.441377669533,4.23893321100882));
#3143=CARTESIAN_POINT('',(-86.1403487456546,243.441377669533,4.23893321100882));
#3144=CARTESIAN_POINT('',(-86.1403487456546,243.441377669533,4.23893321100882));
#3145=CARTESIAN_POINT('',(-70.6403487456547,267.941377631215,7.86393321100952));
#3146=CARTESIAN_POINT('',(-73.1570407065072,265.136841328541,9.52593321101));
#3147=CARTESIAN_POINT('',(-70.000876883079,239.192864669602,0.0769332110091665));
#3148=CARTESIAN_POINT('',(-70.6403487456546,267.941377631216,7.19600488841206));
#3149=CARTESIAN_POINT('',(-70.1403487456546,238.86277016945,0.0769332110091794));
#3150=CARTESIAN_POINT('',(-70.8392451140727,250.332336532178,3.98893321100942));
#3151=CARTESIAN_POINT('',(-70.8392451140727,250.332336532178,3.98893321100943));
#3152=CARTESIAN_POINT('',(-68.3415268045624,237.397217665274,0.0769332110091816));
#3153=CARTESIAN_POINT('',(-73.1403487456546,263.095680812996,-1.77306678899085));
#3154=CARTESIAN_POINT('',(-68.5745143987049,263.411830393509,2.80693321100932));
#3155=CARTESIAN_POINT('',(-71.0704240424957,264.936830393509,4.96393321100923));
#3156=CARTESIAN_POINT('',(-71.0704240424957,264.936830393509,3.01393321100909));
#3157=CARTESIAN_POINT('',(-68.5745143987049,270.941028865034,6.48893321100923));
#3158=CARTESIAN_POINT('',(-69.0004993393367,262.702585077913,0.976933211006717));
#3159=CARTESIAN_POINT('',(-70.640348745655,267.941377631215,0.363933211008984));
#3160=CARTESIAN_POINT('',(-73.1570407065072,265.136841328541,1.72593321100923));
#3161=CARTESIAN_POINT('',(-70.6403487456547,267.941377631216,0.363933211009233));
#3162=CARTESIAN_POINT('',(-65.5473900976689,260.298743689488,9.23893321100962));
#3163=CARTESIAN_POINT('',(-65.5473900976689,271.400371943207,-0.761066788990773));
#3164=CARTESIAN_POINT('',(-65.8473900976689,235.18430169002,7.23893321100962));
#3165=CARTESIAN_POINT('',(-72.3613487456547,261.916377669533,-1.77306678899082));
#3166=CARTESIAN_POINT('',(-73.2923487456546,263.468377669533,-1.77306678899085));
#3167=CARTESIAN_POINT('',(-70.1403487456546,251.367718323725,-0.371437316230424));
#3168=CARTESIAN_POINT('',(-68.5745143987049,264.380085077916,1.48893321100923));
#3169=CARTESIAN_POINT('',(-66.2485681565767,234.081167684803,10.2509332110097));
#3170=CARTESIAN_POINT('',(-70.6403487456546,267.941377631216,7.19600488841206));
#3171=CARTESIAN_POINT('',(-70.6403487456546,267.941377631216,0.363933211009233));
#3172=CARTESIAN_POINT('',(-70.9300883441437,270.264414416853,-1.));
#3173=CARTESIAN_POINT('',(-68.8485681565759,269.587377188395,5.5));
#3174=CARTESIAN_POINT('',(-68.0485681565759,269.587377188395,-1.));
#3175=CARTESIAN_POINT('',(-70.9300883441437,270.264414416853,6.48893321100924));
#3176=CARTESIAN_POINT('',(-72.9813846151707,267.941377631216,6.48893321100924));
#3177=CARTESIAN_POINT('',(-72.9813846151707,267.941377631216,9.23893321100992));
#3178=CARTESIAN_POINT('',(-70.9300883441437,270.264414416853,9.23893321100962));
#3179=CARTESIAN_POINT('',(-73.1403487456546,265.403346234905,6.48893321100924));
#3180=CARTESIAN_POINT('',(-73.1403487456546,265.403346234905,9.23893321100992));
#3181=CARTESIAN_POINT('',(-69.8474555268416,239.039443313365,7.23893321100962));
#3182=CARTESIAN_POINT('',(-70.1403487456546,239.746550094551,7.23893321100962));
#3183=CARTESIAN_POINT('',(-68.4332419644676,237.625229750991,7.23893321100962));
#3184=CARTESIAN_POINT('',(-68.1403487456546,237.397217665274,7.23893321100962));
#3185=CARTESIAN_POINT('',(-66.2485681565767,237.397217665274,7.23893321100962));
#3186=CARTESIAN_POINT('',(-70.9300883441437,270.264414416853,-0.76106678899076));
#3187=CARTESIAN_POINT('',(-70.9300883441437,270.264414416853,1.48893321100924));
#3188=CARTESIAN_POINT('',(-71.6403487456546,267.941377631216,6.48893321100923));
#3189=CARTESIAN_POINT('',(-69.6403487456546,267.941377631216,7.90307656581491));
#3190=CARTESIAN_POINT('',(-71.6403487456546,267.941377631216,7.90307656581493));
#3191=CARTESIAN_POINT('',(-68.7497776488581,267.941377631216,9.23893321100962));
#3192=CARTESIAN_POINT('',(-72.5309198424512,267.941377631216,9.23893321100962));
#3193=CARTESIAN_POINT('',(-70.1403487456546,248.464349345558,7.23893321100962));
#3194=CARTESIAN_POINT('',(-69.3142451140726,250.332336532178,7.23893321100962));
#3195=CARTESIAN_POINT('',(-69.8131789905726,249.20414625115,7.23893321100962));
#3196=CARTESIAN_POINT('',(-69.8131789905726,251.460526813206,7.23893321100962));
#3197=CARTESIAN_POINT('',(-70.1403487456546,252.200323718798,7.23893321100962));
#3198=CARTESIAN_POINT('',(-73.1403487456546,265.403346234905,-0.76106678899076));
#3199=CARTESIAN_POINT('',(-73.1403487456546,263.316377669533,-0.76106678899076));
#3200=CARTESIAN_POINT('',(-73.1403487456546,263.316377669533,9.23893321100992));
#3201=CARTESIAN_POINT('',(-73.1403487456546,264.936830393509,6.48893321100924));
#3202=CARTESIAN_POINT('',(-73.1403487456546,263.411830393509,4.96393321100932));
#3203=CARTESIAN_POINT('',(-73.1403487456546,263.411830393509,3.01393321100933));
#3204=CARTESIAN_POINT('',(-73.1403487456546,264.936830393509,1.48893321100924));
#3205=CARTESIAN_POINT('',(-73.1403487456546,265.403346234905,1.48893321100924));
#3206=CARTESIAN_POINT('',(-69.0004993393367,263.411830393509,4.96393321100932));
#3207=CARTESIAN_POINT('',(-69.0004993393367,263.411830393509,3.01393321100933));
#3208=CARTESIAN_POINT('',(-69.0004993393367,264.936830393509,6.48893321100924));
#3209=CARTESIAN_POINT('',(-69.0004993393367,264.936830393509,1.48893321100924));
#3210=CARTESIAN_POINT('',(-72.9813846151707,267.941377631216,1.48893321100924));
#3211=CARTESIAN_POINT('',(-71.6403487456546,267.941377631216,1.48893321100921));
#3212=CARTESIAN_POINT('',(-72.9813846151707,267.941377631216,-0.76106678899076));
#3213=CARTESIAN_POINT('',(-71.6403487456546,267.941377631216,-0.76106678899076));
#3214=CARTESIAN_POINT('',(-70.1403487456546,239.746550094551,1.23893321100924));
#3215=CARTESIAN_POINT('',(-69.8474555268417,239.039443313365,1.23893321100925));
#3216=CARTESIAN_POINT('',(-68.4332419644676,237.625229750991,1.23893321100925));
#3217=CARTESIAN_POINT('',(-68.1403487456546,237.397217665274,1.23893321100925));
#3218=CARTESIAN_POINT('',(-66.2485681565767,237.397217665274,1.23893321100925));
#3219=CARTESIAN_POINT('',(-70.1403487456546,248.464349345558,1.23893321100924));
#3220=CARTESIAN_POINT('',(-69.8131789905727,249.20414625115,1.23893321100924));
#3221=CARTESIAN_POINT('',(-69.3142451140726,250.332336532178,1.23893321100925));
#3222=CARTESIAN_POINT('',(-69.8131789905727,251.460526813206,1.23893321100924));
#3223=CARTESIAN_POINT('',(-70.1403487456546,252.200323718798,1.23893321100923));
#3224=CARTESIAN_POINT('',(-66.2485681565767,257.441377669533,5.1389332110088));
#3225=CARTESIAN_POINT('',(-70.1403487456546,257.441377669533,5.1389332110088));
#3226=CARTESIAN_POINT('',(-66.2485681565767,243.441377669533,5.1389332110088));
#3227=CARTESIAN_POINT('',(-70.1403487456546,243.441377669533,5.1389332110088));
#3228=CARTESIAN_POINT('',(-69.6932922838896,238.885280070413,1.23893321100925));
#3229=CARTESIAN_POINT('',(-66.2485681565767,263.007271204702,-0.761066788990746));
#3230=CARTESIAN_POINT('',(-66.2485681565767,262.138964039062,0.20783851865383));
#3231=CARTESIAN_POINT('',(-66.2485681565767,259.830364717397,1.23893321100803));
#3232=CARTESIAN_POINT('',(-66.2485681565767,238.885280070413,1.23893321100925));
#3233=CARTESIAN_POINT('',(-70.1403487456546,259.830364717397,1.23893321100803));
#3234=CARTESIAN_POINT('',(-70.1403487456546,260.406377669533,1.18494848985537));
#3235=CARTESIAN_POINT('',(-71.6503487456546,261.916377669533,0.432086054479072));
#3236=CARTESIAN_POINT('',(-71.7403487456546,261.916377669533,0.432086054479086));
#3237=CARTESIAN_POINT('',(-71.9629351151841,262.138964039062,0.207838518653801));
#3238=CARTESIAN_POINT('',(-72.8312422808232,263.007271204702,-0.76106678899076));
#3239=CARTESIAN_POINT('',(-69.6932922838897,238.885280070413,7.23893321100962));
#3240=CARTESIAN_POINT('',(-66.2485681565767,238.885280070413,7.23893321100945));
#3241=CARTESIAN_POINT('',(-72.8312422808229,263.007271204701,9.23893321100985));
#3242=CARTESIAN_POINT('',(-66.2485681565767,263.007271204701,9.23893321100959));
#3243=CARTESIAN_POINT('',(-66.2485681565767,262.138964039062,8.27002790336454));
#3244=CARTESIAN_POINT('',(-66.2485681565767,259.830364717396,7.23893321100999));
#3245=CARTESIAN_POINT('',(-71.6503487456546,261.916377669533,8.04578036753978));
#3246=CARTESIAN_POINT('',(-71.7403487456546,261.916377669533,8.04578036753979));
#3247=CARTESIAN_POINT('',(-71.9629351151834,262.138964039062,8.27002790336456));
#3248=CARTESIAN_POINT('',(-70.1403487456546,259.830364717396,7.23893321100998));
#3249=CARTESIAN_POINT('',(-70.1403487456546,260.406377669533,7.29291793216285));
#3250=CARTESIAN_POINT('',(-69.0004993393367,269.766830393509,1.48893321100924));
#3251=CARTESIAN_POINT('',(-69.0004993393367,269.766830393509,6.48893321100924));
#3252=CARTESIAN_POINT('',(-69.0004993393367,268.241830393509,4.96393321100931));
#3253=CARTESIAN_POINT('',(-69.0004993393367,268.241830393509,3.01393321100932));
#3254=CARTESIAN_POINT('',(-69.0004993393367,270.379725095122,6.48893321100924));
#3255=CARTESIAN_POINT('',(-68.0485681565759,269.587377188395,9.23893321100962));
#3256=CARTESIAN_POINT('',(-68.8962903736152,270.385952538628,9.23893321100962));
#3257=CARTESIAN_POINT('',(-68.0485681565759,268.879748491659,9.23893321100962));
#3258=CARTESIAN_POINT('',(-67.5945836674153,267.78373298082,9.23893321100962));
#3259=CARTESIAN_POINT('',(-66.7025526457373,266.891701959142,9.23893321100962));
#3260=CARTESIAN_POINT('',(-66.2485681565767,265.795686448303,9.23893321100961));
#3261=CARTESIAN_POINT('',(-68.8962903736152,270.385952538628,-0.761066788990771));
#3262=CARTESIAN_POINT('',(-68.0485681565759,269.587377188395,-0.761066788990772));
#3263=CARTESIAN_POINT('',(-68.0485681565759,268.879748491659,-0.761066788990772));
#3264=CARTESIAN_POINT('',(-67.5945836674153,267.78373298082,-0.761066788990772));
#3265=CARTESIAN_POINT('',(-66.7025526457373,266.891701959142,-0.761066788990773));
#3266=CARTESIAN_POINT('',(-66.2485681565767,265.795686448303,-0.761066788990751));
#3267=CARTESIAN_POINT('',(-68.0485681565759,269.587377188395,6.47833789509301));
#3268=CARTESIAN_POINT('',(-68.0689550812788,269.766830393509,6.48893321100923));
#3269=CARTESIAN_POINT('',(-68.0485681565759,268.879748491659,6.20438099282541));
#3270=CARTESIAN_POINT('',(-67.911211246692,268.241830393509,4.96393321100931));
#3271=CARTESIAN_POINT('',(-67.911211246692,268.241830393509,3.01393321100932));
#3272=CARTESIAN_POINT('',(-68.0689550812788,269.766830393509,1.48893321100922));
#3273=CARTESIAN_POINT('',(-68.0485681565759,269.587377188395,1.4995285269254));
#3274=CARTESIAN_POINT('',(-68.0485681565759,268.879748491659,1.77348542919303));
#3275=CARTESIAN_POINT('',(-69.0004993393367,270.379725095122,1.48893321100924));
#3276=CARTESIAN_POINT('',(-68.8962903736152,270.385952538628,1.48893321100919));
#3277=CARTESIAN_POINT('',(-68.8962903736152,270.385952538628,6.48893321100923));
#3278=CARTESIAN_POINT('',(-69.6403487456547,267.941377631216,6.48893321100922));
#3279=CARTESIAN_POINT('',(-69.6403487456547,267.941377631216,1.48893321100924));
#3280=CARTESIAN_POINT('',(-69.6403487456546,267.941377631216,-0.761066788990789));
#3281=CARTESIAN_POINT('',(-66.2485681565767,257.441377669533,3.33893321100879));
#3282=CARTESIAN_POINT('',(-70.1403487456546,257.441377669533,3.33893321100879));
#3283=CARTESIAN_POINT('',(-66.2485681565767,243.441377669533,3.33893321100879));
#3284=CARTESIAN_POINT('',(-70.1403487456546,243.441377669533,3.33893321100879));
#3285=CARTESIAN_POINT('',(-70.9300883441437,270.264414416853,6.48893321100924));
#3286=CARTESIAN_POINT('',(-72.9813846151698,270.008567517818,6.48893321100929));
#3287=CARTESIAN_POINT('',(-72.9813846151707,267.941377631216,6.48893321100924));
#3288=CARTESIAN_POINT('',(-72.9813846151707,267.941377631216,6.48893321100924));
#3289=CARTESIAN_POINT('',(-72.9813846151707,267.941377631216,9.23893321100992));
#3290=CARTESIAN_POINT('',(-72.9813846151707,267.941377631216,9.23893321100992));
#3291=CARTESIAN_POINT('',(-72.9813846151698,270.008567517818,9.23893321100973));
#3292=CARTESIAN_POINT('',(-70.9300883441437,270.264414416853,9.23893321100962));
#3293=CARTESIAN_POINT('',(-70.9300883441437,270.264414416853,6.48893321100924));
#3294=CARTESIAN_POINT('',(-70.9300883441437,270.264414416853,9.23893321100962));
#3295=CARTESIAN_POINT('',(-72.9813846151707,267.941377631216,6.48893321100924));
#3296=CARTESIAN_POINT('',(-73.0131774412675,267.433771351954,6.48893321100924));
#3297=CARTESIAN_POINT('',(-73.0449702673643,266.926165072691,6.48893321100924));
#3298=CARTESIAN_POINT('',(-73.0767630934611,266.418558793429,6.48893321100924));
#3299=CARTESIAN_POINT('',(-73.1085559195578,265.910952514167,6.48893321100924));
#3300=CARTESIAN_POINT('',(-73.1403487456546,265.403346234905,6.48893321100924));
#3301=CARTESIAN_POINT('',(-73.1403487456546,265.403346234905,6.48893321100924));
#3302=CARTESIAN_POINT('',(-73.1403487456546,265.403346234905,9.23893321100992));
#3303=CARTESIAN_POINT('',(-73.1403487456546,265.403346234905,9.23893321100992));
#3304=CARTESIAN_POINT('',(-73.1085559195578,265.910952514167,9.23893321100992));
#3305=CARTESIAN_POINT('',(-73.076763093461,266.418558793429,9.23893321100992));
#3306=CARTESIAN_POINT('',(-73.0449702673642,266.926165072691,9.23893321100992));
#3307=CARTESIAN_POINT('',(-73.0131774412675,267.433771351954,9.23893321100992));
#3308=CARTESIAN_POINT('',(-72.9813846151707,267.941377631216,9.23893321100992));
#3309=CARTESIAN_POINT('',(-69.8474555268416,239.039443313365,7.23893321100962));
#3310=CARTESIAN_POINT('',(-69.9646128143667,239.15660060089,7.23893321100962));
#3311=CARTESIAN_POINT('',(-70.0817701018916,239.273757888415,7.23893321100962));
#3312=CARTESIAN_POINT('',(-70.1403487456546,239.415179244653,7.23893321100962));
#3313=CARTESIAN_POINT('',(-70.1403487456546,239.580864669602,7.23893321100962));
#3314=CARTESIAN_POINT('',(-70.1403487456546,239.746550094551,7.23893321100962));
#3315=CARTESIAN_POINT('',(-70.1403487456546,239.746550094551,7.23893321100962));
#3316=CARTESIAN_POINT('',(-70.1403487456546,239.746550094551,1.23893321100924));
#3317=CARTESIAN_POINT('',(-68.4332419644676,237.625229750991,7.23893321100962));
#3318=CARTESIAN_POINT('',(-68.685252028352,237.877239814876,7.23893321100962));
#3319=CARTESIAN_POINT('',(-68.9372620922364,238.129249878759,7.23893321100962));
#3320=CARTESIAN_POINT('',(-69.1892721561208,238.381259942644,7.23893321100962));
#3321=CARTESIAN_POINT('',(-69.4412822200052,238.633270006528,7.23893321100962));
#3322=CARTESIAN_POINT('',(-69.6932922838897,238.885280070413,7.23893321100962));
#3323=CARTESIAN_POINT('',(-68.1403487456546,237.397217665274,7.23893321100962));
#3324=CARTESIAN_POINT('',(-68.2053690797326,237.427268466295,7.23893321100962));
#3325=CARTESIAN_POINT('',(-68.2664278515116,237.466883324745,7.23893321100962));
#3326=CARTESIAN_POINT('',(-68.3236859745076,237.515673761031,7.23893321100962));
#3327=CARTESIAN_POINT('',(-68.3784639694876,237.570451756011,7.23893321100962));
#3328=CARTESIAN_POINT('',(-68.4332419644676,237.625229750991,7.23893321100962));
#3329=CARTESIAN_POINT('',(-66.2485681565767,237.397217665274,7.23893321100962));
#3330=CARTESIAN_POINT('',(-66.2485681565767,237.397217665274,1.23893321100925));
#3331=CARTESIAN_POINT('',(-70.9300883441437,270.264414416853,-0.76106678899076));
#3332=CARTESIAN_POINT('',(-70.9300883441437,270.264414416853,1.48893321100924));
#3333=CARTESIAN_POINT('',(-71.6403487456546,267.941377631216,6.48893321100923));
#3334=CARTESIAN_POINT('',(-71.6403487456546,266.941377631216,6.48893321100921));
#3335=CARTESIAN_POINT('',(-70.6403487456548,266.941377631216,6.48893321100921));
#3336=CARTESIAN_POINT('',(-69.6403487456549,266.941377631216,6.48893321100921));
#3337=CARTESIAN_POINT('',(-69.6403487456547,267.941377631216,6.48893321100922));
#3338=CARTESIAN_POINT('',(-69.6403487456546,267.941377631216,7.90307656581491));
#3339=CARTESIAN_POINT('',(-69.6403487456546,266.941377631216,7.90307656581491));
#3340=CARTESIAN_POINT('',(-70.6403487456546,266.941377631216,7.90307656581491));
#3341=CARTESIAN_POINT('',(-71.6403487456546,266.941377631216,7.90307656581491));
#3342=CARTESIAN_POINT('',(-71.6403487456546,267.941377631216,7.90307656581491));
#3343=CARTESIAN_POINT('',(-71.6403487456546,267.941377631216,7.90307656581493));
#3344=CARTESIAN_POINT('',(-71.6403487456546,268.941377631216,7.90307656581493));
#3345=CARTESIAN_POINT('',(-70.6403487456546,268.941377631216,7.90307656581492));
#3346=CARTESIAN_POINT('',(-69.6403487456546,268.941377631216,7.90307656581491));
#3347=CARTESIAN_POINT('',(-69.6403487456546,267.941377631216,7.90307656581491));
#3348=CARTESIAN_POINT('',(-71.6403487456546,267.941377631216,7.90307656581493));
#3349=CARTESIAN_POINT('',(-71.6403487456546,267.941377631216,6.48893321100923));
#3350=CARTESIAN_POINT('',(-69.6403487456546,267.941377631216,7.90307656581491));
#3351=CARTESIAN_POINT('',(-68.7497776488581,267.941377631216,9.23893321100962));
#3352=CARTESIAN_POINT('',(-68.7497776488581,267.941377631216,9.23893321100962));
#3353=CARTESIAN_POINT('',(-68.7497776488581,269.831948728012,9.23893321100962));
#3354=CARTESIAN_POINT('',(-70.6403487456546,269.831948728013,9.23893321100962));
#3355=CARTESIAN_POINT('',(-72.5309198424512,269.831948728013,9.23893321100963));
#3356=CARTESIAN_POINT('',(-72.5309198424512,267.941377631216,9.23893321100963));
#3357=CARTESIAN_POINT('',(-72.5309198424512,267.941377631216,9.23893321100962));
#3358=CARTESIAN_POINT('',(-71.6403487456546,267.941377631216,7.90307656581493));
#3359=CARTESIAN_POINT('',(-70.1403487456546,239.746550094551,7.23893321100962));
#3360=CARTESIAN_POINT('',(-70.1403487456546,244.105449720054,7.23893321100962));
#3361=CARTESIAN_POINT('',(-70.1403487456546,248.464349345558,7.23893321100962));
#3362=CARTESIAN_POINT('',(-70.1403487456546,248.464349345558,7.23893321100962));
#3363=CARTESIAN_POINT('',(-70.1403487456546,248.464349345558,1.23893321100924));
#3364=CARTESIAN_POINT('',(-69.8131789905726,249.20414625115,7.23893321100962));
#3365=CARTESIAN_POINT('',(-69.8131789905727,249.20414625115,1.23893321100924));
#3366=CARTESIAN_POINT('',(-69.3142451140726,250.332336532178,7.23893321100962));
#3367=CARTESIAN_POINT('',(-69.3142451140726,249.657916468065,7.23893321100962));
#3368=CARTESIAN_POINT('',(-69.8131789905726,249.20414625115,7.23893321100962));
#3369=CARTESIAN_POINT('',(-69.8131789905726,251.460526813206,7.23893321100962));
#3370=CARTESIAN_POINT('',(-69.3142451140726,251.006756596291,7.23893321100962));
#3371=CARTESIAN_POINT('',(-69.3142451140726,250.332336532178,7.23893321100961));
#3372=CARTESIAN_POINT('',(-69.8131789905726,249.20414625115,7.23893321100962));
#3373=CARTESIAN_POINT('',(-69.9440468926054,249.08512455491,7.23893321100962));
#3374=CARTESIAN_POINT('',(-70.0921726543553,248.985078389738,7.23893321100962));
#3375=CARTESIAN_POINT('',(-70.1403487456546,248.818143477552,7.23893321100962));
#3376=CARTESIAN_POINT('',(-70.1403487456546,248.641246411555,7.23893321100962));
#3377=CARTESIAN_POINT('',(-70.1403487456546,248.464349345558,7.23893321100962));
#3378=CARTESIAN_POINT('',(-70.1403487456546,252.200323718798,7.23893321100962));
#3379=CARTESIAN_POINT('',(-70.1403487456546,252.200323718798,1.23893321100923));
#3380=CARTESIAN_POINT('',(-69.8131789905726,251.460526813206,7.23893321100962));
#3381=CARTESIAN_POINT('',(-69.9440468926054,251.579548509446,7.23893321100962));
#3382=CARTESIAN_POINT('',(-70.0921726543553,251.679594674618,7.23893321100962));
#3383=CARTESIAN_POINT('',(-70.1403487456546,251.846529586804,7.23893321100962));
#3384=CARTESIAN_POINT('',(-70.1403487456546,252.023426652801,7.23893321100962));
#3385=CARTESIAN_POINT('',(-70.1403487456546,252.200323718798,7.23893321100962));
#3386=CARTESIAN_POINT('',(-66.2485681565767,237.397217665274,7.23893321100962));
#3387=CARTESIAN_POINT('',(-68.1403487456546,237.397217665274,7.23893321100962));
#3388=CARTESIAN_POINT('',(-73.1403487456546,265.403346234905,-0.76106678899076));
#3389=CARTESIAN_POINT('',(-73.1403487456546,263.316377669533,-0.76106678899076));
#3390=CARTESIAN_POINT('',(-73.1403487456546,263.316377669533,-0.76106678899076));
#3391=CARTESIAN_POINT('',(-73.1403487456546,263.316377669533,9.23893321100992));
#3392=CARTESIAN_POINT('',(-73.1403487456546,263.316377669533,9.23893321100992));
#3393=CARTESIAN_POINT('',(-73.1403487456546,265.403346234905,9.23893321100992));
#3394=CARTESIAN_POINT('',(-73.1403487456546,265.403346234905,6.48893321100924));
#3395=CARTESIAN_POINT('',(-73.1403487456546,264.936830393509,6.48893321100924));
#3396=CARTESIAN_POINT('',(-73.1403487456546,263.411830393509,4.96393321100932));
#3397=CARTESIAN_POINT('',(-73.1403487456546,263.411830393509,3.01393321100933));
#3398=CARTESIAN_POINT('',(-73.1403487456546,264.936830393509,1.48893321100924));
#3399=CARTESIAN_POINT('',(-73.1403487456546,265.403346234905,1.48893321100924));
#3400=CARTESIAN_POINT('',(-73.1403487456546,265.403346234905,1.48893321100924));
#3401=CARTESIAN_POINT('',(-73.1403487456546,265.403346234905,-0.76106678899076));
#3402=CARTESIAN_POINT('',(-73.1403487456546,263.316377669533,-0.76106678899076));
#3403=CARTESIAN_POINT('',(-72.8312422808232,263.007271204702,-0.76106678899076));
#3404=CARTESIAN_POINT('',(-73.1403487456546,263.411830393509,4.96393321100932));
#3405=CARTESIAN_POINT('',(-69.0004993393367,263.411830393509,4.96393321100932));
#3406=CARTESIAN_POINT('',(-69.0004993393367,263.411830393509,4.96393321100932));
#3407=CARTESIAN_POINT('',(-69.0004993393367,263.411830393509,3.01393321100933));
#3408=CARTESIAN_POINT('',(-69.0004993393367,263.411830393509,3.01393321100933));
#3409=CARTESIAN_POINT('',(-73.1403487456546,263.411830393509,3.01393321100933));
#3410=CARTESIAN_POINT('',(-69.0004993393367,264.936830393509,6.48893321100924));
#3411=CARTESIAN_POINT('',(-73.1403487456546,264.936830393509,6.48893321100924));
#3412=CARTESIAN_POINT('',(-69.0004993393367,263.411830393509,4.96393321100932));
#3413=CARTESIAN_POINT('',(-69.0004993393367,263.411830393507,6.48893321101127));
#3414=CARTESIAN_POINT('',(-69.0004993393367,264.936830393509,6.48893321100923));
#3415=CARTESIAN_POINT('',(-73.1403487456546,264.936830393509,6.48893321100924));
#3416=CARTESIAN_POINT('',(-73.1403487456546,263.411830393509,6.48893321100918));
#3417=CARTESIAN_POINT('',(-73.1403487456546,263.411830393509,4.96393321100932));
#3418=CARTESIAN_POINT('',(-69.0004993393367,264.936830393509,1.48893321100921));
#3419=CARTESIAN_POINT('',(-69.0004993393367,263.411830393507,1.48893321100714));
#3420=CARTESIAN_POINT('',(-69.0004993393367,263.411830393509,3.01393321100932));
#3421=CARTESIAN_POINT('',(-73.1403487456546,264.936830393509,1.48893321100924));
#3422=CARTESIAN_POINT('',(-69.0004993393367,264.936830393509,1.48893321100924));
#3423=CARTESIAN_POINT('',(-73.1403487456546,263.411830393509,3.01393321100933));
#3424=CARTESIAN_POINT('',(-73.1403487456546,263.411830393509,1.48893321100915));
#3425=CARTESIAN_POINT('',(-73.1403487456546,264.936830393509,1.48893321100921));
#3426=CARTESIAN_POINT('',(-69.0004993393367,264.936830393509,1.48893321100924));
#3427=CARTESIAN_POINT('',(-69.0004993393367,269.766830393509,1.48893321100924));
#3428=CARTESIAN_POINT('',(-69.0004993393367,264.936830393509,6.48893321100924));
#3429=CARTESIAN_POINT('',(-69.0004993393367,269.766830393509,6.48893321100924));
#3430=CARTESIAN_POINT('',(-70.9300883441437,270.264414416853,-0.76106678899076));
#3431=CARTESIAN_POINT('',(-72.9813846151699,270.008567517818,-0.761066788991403));
#3432=CARTESIAN_POINT('',(-72.9813846151707,267.941377631216,-0.761066788990759));
#3433=CARTESIAN_POINT('',(-72.9813846151707,267.941377631216,-0.76106678899076));
#3434=CARTESIAN_POINT('',(-72.9813846151707,267.941377631216,1.48893321100924));
#3435=CARTESIAN_POINT('',(-70.9300883441437,270.264414416853,1.48893321100924));
#3436=CARTESIAN_POINT('',(-72.9813846151698,270.008567517818,1.48893321100945));
#3437=CARTESIAN_POINT('',(-72.9813846151707,267.941377631216,1.48893321100923));
#3438=CARTESIAN_POINT('',(-73.1403487456546,265.403346234905,-0.76106678899076));
#3439=CARTESIAN_POINT('',(-73.1085559195579,265.910952514167,-0.76106678899076));
#3440=CARTESIAN_POINT('',(-73.0767630934611,266.418558793429,-0.76106678899076));
#3441=CARTESIAN_POINT('',(-73.0449702673643,266.926165072691,-0.76106678899076));
#3442=CARTESIAN_POINT('',(-73.0131774412675,267.433771351953,-0.76106678899076));
#3443=CARTESIAN_POINT('',(-72.9813846151707,267.941377631216,-0.76106678899076));
#3444=CARTESIAN_POINT('',(-72.9813846151707,267.941377631216,1.48893321100924));
#3445=CARTESIAN_POINT('',(-73.0131774412675,267.433771351953,1.48893321100924));
#3446=CARTESIAN_POINT('',(-73.0449702673643,266.926165072691,1.48893321100924));
#3447=CARTESIAN_POINT('',(-73.0767630934611,266.418558793429,1.48893321100924));
#3448=CARTESIAN_POINT('',(-73.1085559195579,265.910952514167,1.48893321100924));
#3449=CARTESIAN_POINT('',(-73.1403487456546,265.403346234905,1.48893321100924));
#3450=CARTESIAN_POINT('',(-71.6403487456546,267.941377631216,1.48893321100921));
#3451=CARTESIAN_POINT('',(-71.6403487456546,268.941377631216,1.4889332110092));
#3452=CARTESIAN_POINT('',(-70.6403487456547,268.941377631216,1.48893321100922));
#3453=CARTESIAN_POINT('',(-69.6403487456548,268.941377631216,1.48893321100923));
#3454=CARTESIAN_POINT('',(-69.6403487456547,267.941377631216,1.48893321100924));
#3455=CARTESIAN_POINT('',(-71.6403487456546,267.941377631216,-0.76106678899076));
#3456=CARTESIAN_POINT('',(-71.6403487456546,266.941377631216,-0.761066788990767));
#3457=CARTESIAN_POINT('',(-70.6403487456546,266.941377631216,-0.761066788990782));
#3458=CARTESIAN_POINT('',(-69.6403487456546,266.941377631216,-0.761066788990796));
#3459=CARTESIAN_POINT('',(-69.6403487456546,267.941377631216,-0.761066788990789));
#3460=CARTESIAN_POINT('',(-71.6403487456546,267.941377631216,1.48893321100921));
#3461=CARTESIAN_POINT('',(-71.6403487456546,267.941377631216,-0.76106678899076));
#3462=CARTESIAN_POINT('',(-68.7497776488581,267.941377631216,9.23893321100962));
#3463=CARTESIAN_POINT('',(-68.7497776488581,266.050806534419,9.23893321100962));
#3464=CARTESIAN_POINT('',(-70.6403487456546,266.05080653442,9.23893321100962));
#3465=CARTESIAN_POINT('',(-72.5309198424512,266.050806534419,9.23893321100963));
#3466=CARTESIAN_POINT('',(-72.5309198424512,267.941377631216,9.23893321100963));
#3467=CARTESIAN_POINT('',(-70.1403487456546,239.746550094551,1.23893321100924));
#3468=CARTESIAN_POINT('',(-70.1403487456546,239.580864669602,1.23893321100924));
#3469=CARTESIAN_POINT('',(-70.1403487456546,239.415179244653,1.23893321100924));
#3470=CARTESIAN_POINT('',(-70.0817701018916,239.273757888415,1.23893321100924));
#3471=CARTESIAN_POINT('',(-69.9646128143667,239.15660060089,1.23893321100924));
#3472=CARTESIAN_POINT('',(-69.8474555268417,239.039443313365,1.23893321100925));
#3473=CARTESIAN_POINT('',(-69.8474555268417,239.039443313365,1.23893321100925));
#3474=CARTESIAN_POINT('',(-69.6932922838896,238.885280070413,1.23893321100925));
#3475=CARTESIAN_POINT('',(-68.4332419644676,237.625229750991,1.23893321100925));
#3476=CARTESIAN_POINT('',(-68.3784639694877,237.570451756011,1.23893321100923));
#3477=CARTESIAN_POINT('',(-68.3236859745077,237.515673761031,1.23893321100923));
#3478=CARTESIAN_POINT('',(-68.2664278515117,237.466883324745,1.23893321100923));
#3479=CARTESIAN_POINT('',(-68.2053690797326,237.427268466295,1.23893321100923));
#3480=CARTESIAN_POINT('',(-68.1403487456546,237.397217665274,1.23893321100925));
#3481=CARTESIAN_POINT('',(-66.2485681565767,237.397217665274,1.23893321100925));
#3482=CARTESIAN_POINT('',(-66.2485681565767,238.885280070413,1.23893321100925));
#3483=CARTESIAN_POINT('',(-70.1403487456546,248.464349345558,1.23893321100924));
#3484=CARTESIAN_POINT('',(-70.1403487456546,239.746550094551,1.23893321100924));
#3485=CARTESIAN_POINT('',(-69.8131789905726,249.20414625115,1.23893321100924));
#3486=CARTESIAN_POINT('',(-69.3142451140726,249.657916468065,1.23893321100922));
#3487=CARTESIAN_POINT('',(-69.3142451140726,250.332336532178,1.23893321100927));
#3488=CARTESIAN_POINT('',(-69.3142451140726,250.332336532178,1.23893321100925));
#3489=CARTESIAN_POINT('',(-69.3142451140726,251.006756596291,1.23893321100918));
#3490=CARTESIAN_POINT('',(-69.8131789905727,251.460526813206,1.23893321100924));
#3491=CARTESIAN_POINT('',(-69.8131789905727,249.20414625115,1.23893321100924));
#3492=CARTESIAN_POINT('',(-69.9440468926054,249.08512455491,1.23893321100928));
#3493=CARTESIAN_POINT('',(-70.0921726543553,248.985078389738,1.23893321100928));
#3494=CARTESIAN_POINT('',(-70.1403487456546,248.818143477552,1.23893321100921));
#3495=CARTESIAN_POINT('',(-70.1403487456546,248.641246411555,1.23893321100921));
#3496=CARTESIAN_POINT('',(-70.1403487456546,248.464349345558,1.23893321100924));
#3497=CARTESIAN_POINT('',(-70.1403487456546,252.200323718798,1.23893321100923));
#3498=CARTESIAN_POINT('',(-70.1403487456546,252.023426652801,1.23893321100924));
#3499=CARTESIAN_POINT('',(-70.1403487456546,251.846529586804,1.23893321100924));
#3500=CARTESIAN_POINT('',(-70.0921726543553,251.679594674618,1.23893321100924));
#3501=CARTESIAN_POINT('',(-69.9440468926054,251.579548509446,1.23893321100924));
#3502=CARTESIAN_POINT('',(-69.8131789905727,251.460526813206,1.23893321100924));
#3503=CARTESIAN_POINT('',(-68.1403487456546,237.397217665274,1.23893321100925));
#3504=CARTESIAN_POINT('',(-66.2485681565767,237.397217665274,1.23893321100925));
#3505=CARTESIAN_POINT('',(-69.8474555268417,239.039443313365,1.23893321100925));
#3506=CARTESIAN_POINT('',(-69.8474555268416,239.039443313365,7.23893321100962));
#3507=CARTESIAN_POINT('',(-68.4332419644676,237.625229750991,1.23893321100925));
#3508=CARTESIAN_POINT('',(-68.4332419644676,237.625229750991,7.23893321100962));
#3509=CARTESIAN_POINT('',(-68.1403487456546,237.397217665274,1.23893321100925));
#3510=CARTESIAN_POINT('',(-68.1403487456546,237.397217665274,7.23893321100962));
#3511=CARTESIAN_POINT('',(-69.3142451140726,250.332336532178,1.23893321100925));
#3512=CARTESIAN_POINT('',(-69.3142451140726,250.332336532178,7.23893321100962));
#3513=CARTESIAN_POINT('',(-69.8131789905727,251.460526813206,1.23893321100924));
#3514=CARTESIAN_POINT('',(-69.8131789905726,251.460526813206,7.23893321100962));
#3515=CARTESIAN_POINT('',(-66.2485681565767,257.441377669533,5.1389332110088));
#3516=CARTESIAN_POINT('',(-66.2485681565767,258.341377669533,5.1389332110088));
#3517=CARTESIAN_POINT('',(-66.2485681565767,258.341377669533,4.2389332110088));
#3518=CARTESIAN_POINT('',(-66.2485681565767,258.341377669533,3.33893321100879));
#3519=CARTESIAN_POINT('',(-66.2485681565767,257.441377669533,3.33893321100879));
#3520=CARTESIAN_POINT('',(-70.1403487456546,257.441377669533,5.1389332110088));
#3521=CARTESIAN_POINT('',(-70.1403487456546,256.541377669533,5.1389332110088));
#3522=CARTESIAN_POINT('',(-70.1403487456546,256.541377669533,4.2389332110088));
#3523=CARTESIAN_POINT('',(-70.1403487456546,256.541377669533,3.33893321100879));
#3524=CARTESIAN_POINT('',(-70.1403487456546,257.441377669533,3.33893321100879));
#3525=CARTESIAN_POINT('',(-66.2485681565767,257.441377669533,5.1389332110088));
#3526=CARTESIAN_POINT('',(-70.1403487456546,257.441377669533,5.1389332110088));
#3527=CARTESIAN_POINT('',(-66.2485681565767,243.441377669533,5.1389332110088));
#3528=CARTESIAN_POINT('',(-66.2485681565767,244.341377669533,5.1389332110088));
#3529=CARTESIAN_POINT('',(-66.2485681565767,244.341377669533,4.2389332110088));
#3530=CARTESIAN_POINT('',(-66.2485681565767,244.341377669533,3.33893321100879));
#3531=CARTESIAN_POINT('',(-66.2485681565767,243.441377669533,3.33893321100879));
#3532=CARTESIAN_POINT('',(-70.1403487456546,243.441377669533,5.1389332110088));
#3533=CARTESIAN_POINT('',(-70.1403487456546,242.541377669533,5.1389332110088));
#3534=CARTESIAN_POINT('',(-70.1403487456546,242.541377669533,4.2389332110088));
#3535=CARTESIAN_POINT('',(-70.1403487456546,242.541377669533,3.33893321100879));
#3536=CARTESIAN_POINT('',(-70.1403487456546,243.441377669533,3.33893321100879));
#3537=CARTESIAN_POINT('',(-66.2485681565767,243.441377669533,5.1389332110088));
#3538=CARTESIAN_POINT('',(-70.1403487456546,243.441377669533,5.1389332110088));
#3539=CARTESIAN_POINT('',(-66.2485681565767,263.007271204702,-0.761066788990746));
#3540=CARTESIAN_POINT('',(-66.2485681565767,262.138964039062,0.20783851865383));
#3541=CARTESIAN_POINT('',(-66.2485681565767,262.138964039062,0.20783851865383));
#3542=CARTESIAN_POINT('',(-66.2485681565753,261.214924400968,1.23893321100796));
#3543=CARTESIAN_POINT('',(-66.2485681565767,259.830364717397,1.23893321100803));
#3544=CARTESIAN_POINT('',(-70.1403487456546,259.830364717397,1.23893321100803));
#3545=CARTESIAN_POINT('',(-70.1403487456547,260.120900954391,1.23893321100806));
#3546=CARTESIAN_POINT('',(-70.1403487456546,260.406377669533,1.18494848985537));
#3547=CARTESIAN_POINT('',(-70.1403487456546,260.406377669533,1.18494848985537));
#3548=CARTESIAN_POINT('',(-70.1403487456546,260.626450243765,1.14333193788073));
#3549=CARTESIAN_POINT('',(-70.1402186086725,260.842901975455,1.07735917607422));
#3550=CARTESIAN_POINT('',(-70.1845808644444,261.150446215085,0.946044044973505));
#3551=CARTESIAN_POINT('',(-70.207118447683,261.250717832902,0.896485428755938));
#3552=CARTESIAN_POINT('',(-70.2779751183747,261.438367998422,0.791469521199076));
#3553=CARTESIAN_POINT('',(-70.3264049952655,261.525427744164,0.736097401075284));
#3554=CARTESIAN_POINT('',(-70.4625232661796,261.679514558543,0.628867037975709));
#3555=CARTESIAN_POINT('',(-70.5471947762417,261.740878415998,0.580975902346736));
#3556=CARTESIAN_POINT('',(-70.7490099107501,261.833875348597,0.50525968009083));
#3557=CARTESIAN_POINT('',(-70.8586747762223,261.862663399801,0.479954268088093));
#3558=CARTESIAN_POINT('',(-71.1895777188162,261.916967501393,0.432042799349972));
#3559=CARTESIAN_POINT('',(-71.4296894927794,261.916377669533,0.4320860544791));
#3560=CARTESIAN_POINT('',(-71.6503487456546,261.916377669533,0.432086054479072));
#3561=CARTESIAN_POINT('',(-71.6503487456546,261.916377669533,0.432086054479072));
#3562=CARTESIAN_POINT('',(-71.7403487456546,261.916377669533,0.432086054479086));
#3563=CARTESIAN_POINT('',(-71.9629351151841,262.138964039062,0.207838518653801));
#3564=CARTESIAN_POINT('',(-72.2523708370638,262.428399760942,-0.115129917227733));
#3565=CARTESIAN_POINT('',(-72.5418065589435,262.717835482822,-0.438098353109254));
#3566=CARTESIAN_POINT('',(-72.8312422808232,263.007271204702,-0.76106678899076));
#3567=CARTESIAN_POINT('',(-71.7403487456546,261.916377669533,0.432086054479086));
#3568=CARTESIAN_POINT('',(-71.8170121638935,261.993041087772,0.362347717298505));
#3569=CARTESIAN_POINT('',(-71.8914334807808,262.067462404659,0.287624009111525));
#3570=CARTESIAN_POINT('',(-71.9629351151841,262.138964039062,0.207838518653801));
#3571=CARTESIAN_POINT('',(-72.8312422808232,263.007271204702,-0.76106678899076));
#3572=CARTESIAN_POINT('',(-66.2485681565767,263.007271204702,-0.761066788990746));
#3573=CARTESIAN_POINT('',(-69.6932922838896,238.885280070413,1.23893321100925));
#3574=CARTESIAN_POINT('',(-66.2485681565767,238.885280070413,1.23893321100925));
#3575=CARTESIAN_POINT('',(-69.6932922838896,238.885280070413,1.23893321100925));
#3576=CARTESIAN_POINT('',(-68.4332419644676,237.625229750991,1.23893321100925));
#3577=CARTESIAN_POINT('',(-66.2485681565767,259.830364717397,1.23893321100803));
#3578=CARTESIAN_POINT('',(-70.1403487456546,259.830364717397,1.23893321100803));
#3579=CARTESIAN_POINT('',(-66.2485681565767,262.138964039062,0.20783851865383));
#3580=CARTESIAN_POINT('',(-71.9629351151841,262.138964039062,0.207838518653801));
#3581=CARTESIAN_POINT('',(-70.1403487456546,259.830364717397,1.23893321100803));
#3582=CARTESIAN_POINT('',(-70.1403487456546,259.406377417813,1.23893321100923));
#3583=CARTESIAN_POINT('',(-70.1403487456546,252.200323718798,1.23893321100923));
#3584=CARTESIAN_POINT('',(-66.2485681565767,259.830364717397,1.23893321100803));
#3585=CARTESIAN_POINT('',(-66.2485681565767,259.406377417813,1.23893321100923));
#3586=CARTESIAN_POINT('',(-66.2485681565767,238.885280070413,1.23893321100925));
#3587=CARTESIAN_POINT('',(-69.6932922838897,238.885280070413,7.23893321100962));
#3588=CARTESIAN_POINT('',(-66.2485681565767,238.885280070413,7.23893321100945));
#3589=CARTESIAN_POINT('',(-69.6932922838897,238.885280070413,7.23893321100962));
#3590=CARTESIAN_POINT('',(-69.7241249324801,238.916112719003,7.23893321100962));
#3591=CARTESIAN_POINT('',(-69.7549575810704,238.946945367594,7.23893321100962));
#3592=CARTESIAN_POINT('',(-69.7857902296608,238.977778016184,7.23893321100962));
#3593=CARTESIAN_POINT('',(-69.8166228782512,239.008610664775,7.23893321100962));
#3594=CARTESIAN_POINT('',(-69.8474555268416,239.039443313365,7.23893321100962));
#3595=CARTESIAN_POINT('',(-66.2485681565767,238.885280070413,7.23893321100945));
#3596=CARTESIAN_POINT('',(-66.2485681565767,238.141248867844,7.23893321100954));
#3597=CARTESIAN_POINT('',(-66.2485681565767,237.397217665274,7.23893321100962));
#3598=CARTESIAN_POINT('',(-72.8312422808229,263.007271204701,9.23893321100985));
#3599=CARTESIAN_POINT('',(-66.2485681565767,263.007271204701,9.23893321100959));
#3600=CARTESIAN_POINT('',(-66.2485681565767,263.007271204701,9.23893321100959));
#3601=CARTESIAN_POINT('',(-66.2485681565767,262.138964039062,8.27002790336454));
#3602=CARTESIAN_POINT('',(-66.2485681565767,262.138964039062,8.27002790336454));
#3603=CARTESIAN_POINT('',(-66.2485681565753,261.214924400967,7.23893321101049));
#3604=CARTESIAN_POINT('',(-66.2485681565767,259.830364717396,7.23893321100999));
#3605=CARTESIAN_POINT('',(-71.6503487456546,261.916377669533,8.04578036753978));
#3606=CARTESIAN_POINT('',(-71.7403487456546,261.916377669533,8.04578036753979));
#3607=CARTESIAN_POINT('',(-71.9629351151834,262.138964039062,8.27002790336456));
#3608=CARTESIAN_POINT('',(-72.2523708370633,262.428399760942,8.59299633924633));
#3609=CARTESIAN_POINT('',(-72.5418065589431,262.717835482821,8.91596477512806));
#3610=CARTESIAN_POINT('',(-72.8312422808229,263.007271204701,9.23893321100985));
#3611=CARTESIAN_POINT('',(-71.7403487456546,261.916377669533,8.04578036753979));
#3612=CARTESIAN_POINT('',(-71.8170121638933,261.993041087772,8.11551870472017));
#3613=CARTESIAN_POINT('',(-71.8914334807802,262.067462404659,8.19024241290687));
#3614=CARTESIAN_POINT('',(-71.9629351151834,262.138964039062,8.27002790336456));
#3615=CARTESIAN_POINT('',(-70.1403487456546,259.830364717396,7.23893321100998));
#3616=CARTESIAN_POINT('',(-70.1403487456546,260.12090095439,7.23893321101003));
#3617=CARTESIAN_POINT('',(-70.1403487456546,260.406377669533,7.29291793216285));
#3618=CARTESIAN_POINT('',(-70.1403487456546,260.406377669533,7.29291793216285));
#3619=CARTESIAN_POINT('',(-70.1403487456546,260.626450243765,7.33453448413762));
#3620=CARTESIAN_POINT('',(-70.1402186086725,260.842901975455,7.400507245944));
#3621=CARTESIAN_POINT('',(-70.1845808644445,261.150446215085,7.53182237704507));
#3622=CARTESIAN_POINT('',(-70.2071184476828,261.250717832902,7.58138099326237));
#3623=CARTESIAN_POINT('',(-70.2779751183747,261.438367998422,7.68639690081946));
#3624=CARTESIAN_POINT('',(-70.3264049952655,261.525427744164,7.74176902094331));
#3625=CARTESIAN_POINT('',(-70.4625232661795,261.679514558543,7.84899938404293));
#3626=CARTESIAN_POINT('',(-70.5471947762416,261.740878415998,7.89689051967193));
#3627=CARTESIAN_POINT('',(-70.7490099107499,261.833875348597,7.9726067419279));
#3628=CARTESIAN_POINT('',(-70.8586747762222,261.862663399801,7.99791215393076));
#3629=CARTESIAN_POINT('',(-71.1895777188162,261.916967501393,8.04582362266895));
#3630=CARTESIAN_POINT('',(-71.4296894927792,261.916377669533,8.04578036753979));
#3631=CARTESIAN_POINT('',(-71.6503487456546,261.916377669533,8.04578036753978));
#3632=CARTESIAN_POINT('',(-70.1403487456546,260.406377669533,7.29291793216285));
#3633=CARTESIAN_POINT('',(-70.1403487456546,260.406377669533,1.18494848985537));
#3634=CARTESIAN_POINT('',(-71.6503487456546,261.916377669533,8.04578036753978));
#3635=CARTESIAN_POINT('',(-71.6503487456546,261.916377669533,0.432086054479072));
#3636=CARTESIAN_POINT('',(-71.7403487456546,261.916377669533,8.04578036753979));
#3637=CARTESIAN_POINT('',(-71.7403487456546,261.916377669533,0.432086054479086));
#3638=CARTESIAN_POINT('',(-72.8312422808229,263.007271204701,9.23893321100985));
#3639=CARTESIAN_POINT('',(-73.1403487456546,263.316377669533,9.23893321100992));
#3640=CARTESIAN_POINT('',(-66.2485681565767,259.830364717396,7.23893321100999));
#3641=CARTESIAN_POINT('',(-70.1403487456546,259.830364717396,7.23893321100998));
#3642=CARTESIAN_POINT('',(-66.2485681565767,262.138964039062,8.27002790336454));
#3643=CARTESIAN_POINT('',(-71.9629351151834,262.138964039062,8.27002790336456));
#3644=CARTESIAN_POINT('',(-66.2485681565767,259.830364717396,7.23893321100999));
#3645=CARTESIAN_POINT('',(-66.2485681565767,259.618371067605,7.23893321100981));
#3646=CARTESIAN_POINT('',(-66.2485681565767,259.406377417813,7.23893321100962));
#3647=CARTESIAN_POINT('',(-66.2485681565767,249.145828744113,7.23893321100954));
#3648=CARTESIAN_POINT('',(-66.2485681565767,238.885280070413,7.23893321100945));
#3649=CARTESIAN_POINT('',(-70.1403487456546,252.200323718798,7.23893321100962));
#3650=CARTESIAN_POINT('',(-70.1403487456546,255.803350568306,7.23893321100962));
#3651=CARTESIAN_POINT('',(-70.1403487456546,259.406377417813,7.23893321100962));
#3652=CARTESIAN_POINT('',(-70.1403487456546,259.618371067605,7.2389332110098));
#3653=CARTESIAN_POINT('',(-70.1403487456546,259.830364717396,7.23893321100998));
#3654=CARTESIAN_POINT('',(-69.0004993393367,269.766830393509,6.48893321100924));
#3655=CARTESIAN_POINT('',(-69.0004993393367,268.241830393507,6.48893321101134));
#3656=CARTESIAN_POINT('',(-69.0004993393367,268.241830393509,4.96393321100931));
#3657=CARTESIAN_POINT('',(-69.0004993393367,268.241830393509,4.96393321100931));
#3658=CARTESIAN_POINT('',(-69.0004993393367,268.241830393509,3.01393321100932));
#3659=CARTESIAN_POINT('',(-69.0004993393367,268.241830393509,3.01393321100932));
#3660=CARTESIAN_POINT('',(-69.0004993393367,268.241830393507,1.4889332110071));
#3661=CARTESIAN_POINT('',(-69.0004993393367,269.766830393509,1.48893321100924));
#3662=CARTESIAN_POINT('',(-69.0004993393367,269.766830393509,1.48893321100924));
#3663=CARTESIAN_POINT('',(-69.0004993393367,270.379725095122,1.48893321100924));
#3664=CARTESIAN_POINT('',(-69.0004993393367,269.766830393509,6.48893321100924));
#3665=CARTESIAN_POINT('',(-69.0004993393367,270.379725095122,6.48893321100924));
#3666=CARTESIAN_POINT('',(-69.0004993393367,269.766830393509,1.48893321100924));
#3667=CARTESIAN_POINT('',(-68.0689550812788,269.766830393509,1.48893321100922));
#3668=CARTESIAN_POINT('',(-69.0004993393367,269.766830393509,6.48893321100924));
#3669=CARTESIAN_POINT('',(-68.0689550812788,269.766830393509,6.48893321100923));
#3670=CARTESIAN_POINT('',(-69.0004993393367,268.241830393509,4.96393321100931));
#3671=CARTESIAN_POINT('',(-67.911211246692,268.241830393509,4.96393321100931));
#3672=CARTESIAN_POINT('',(-69.0004993393367,268.241830393509,3.01393321100932));
#3673=CARTESIAN_POINT('',(-67.911211246692,268.241830393509,3.01393321100932));
#3674=CARTESIAN_POINT('',(-70.9300883441437,270.264414416853,6.48893321100924));
#3675=CARTESIAN_POINT('',(-69.0004993393367,270.379725095122,6.48893321100924));
#3676=CARTESIAN_POINT('',(-68.0485681565759,269.587377188395,9.23893321100962));
#3677=CARTESIAN_POINT('',(-68.0485681565759,269.932821888978,9.23893321100962));
#3678=CARTESIAN_POINT('',(-68.3000145008737,270.169690580664,9.23893321100962));
#3679=CARTESIAN_POINT('',(-68.5514608451715,270.406559272349,9.23893321100962));
#3680=CARTESIAN_POINT('',(-68.8962903736152,270.385952538628,9.23893321100962));
#3681=CARTESIAN_POINT('',(-68.0485681565759,268.879748491659,9.23893321100962));
#3682=CARTESIAN_POINT('',(-68.0485681565759,269.587377188395,9.23893321100962));
#3683=CARTESIAN_POINT('',(-67.5945836674153,267.78373298082,9.23893321100962));
#3684=CARTESIAN_POINT('',(-68.0485681565759,268.237717469981,9.23893321100962));
#3685=CARTESIAN_POINT('',(-68.0485681565759,268.879748491659,9.23893321100962));
#3686=CARTESIAN_POINT('',(-66.7025526457373,266.891701959142,9.23893321100962));
#3687=CARTESIAN_POINT('',(-67.5945836674153,267.78373298082,9.23893321100962));
#3688=CARTESIAN_POINT('',(-66.2485681565767,265.795686448303,9.23893321100961));
#3689=CARTESIAN_POINT('',(-66.2485681565766,266.437717469981,9.23893321100962));
#3690=CARTESIAN_POINT('',(-66.7025526457373,266.891701959142,9.23893321100962));
#3691=CARTESIAN_POINT('',(-68.8962903736152,270.385952538628,9.23893321100962));
#3692=CARTESIAN_POINT('',(-70.9300883441437,270.264414416853,9.23893321100962));
#3693=CARTESIAN_POINT('',(-68.8962903736152,270.385952538628,-0.761066788990771));
#3694=CARTESIAN_POINT('',(-68.5514608451715,270.406559272349,-0.761066788990772));
#3695=CARTESIAN_POINT('',(-68.3000145008737,270.169690580664,-0.761066788990772));
#3696=CARTESIAN_POINT('',(-68.0485681565759,269.932821888978,-0.761066788990772));
#3697=CARTESIAN_POINT('',(-68.0485681565759,269.587377188395,-0.761066788990772));
#3698=CARTESIAN_POINT('',(-68.0485681565759,269.587377188395,-0.761066788990772));
#3699=CARTESIAN_POINT('',(-68.0485681565759,268.879748491659,-0.761066788990772));
#3700=CARTESIAN_POINT('',(-68.0485681565759,268.879748491659,-0.761066788990772));
#3701=CARTESIAN_POINT('',(-68.0485681565759,268.237717469981,-0.761066788990772));
#3702=CARTESIAN_POINT('',(-67.5945836674153,267.78373298082,-0.761066788990772));
#3703=CARTESIAN_POINT('',(-67.5945836674153,267.78373298082,-0.761066788990772));
#3704=CARTESIAN_POINT('',(-66.7025526457373,266.891701959142,-0.761066788990773));
#3705=CARTESIAN_POINT('',(-66.7025526457373,266.891701959142,-0.761066788990773));
#3706=CARTESIAN_POINT('',(-66.2485681565767,266.437717469981,-0.761066788990773));
#3707=CARTESIAN_POINT('',(-66.2485681565767,265.795686448303,-0.761066788990751));
#3708=CARTESIAN_POINT('',(-70.9300883441437,270.264414416853,-0.76106678899076));
#3709=CARTESIAN_POINT('',(-68.8962903736152,270.385952538628,-0.761066788990771));
#3710=CARTESIAN_POINT('',(-66.2485681565767,265.795686448303,-0.761066788990751));
#3711=CARTESIAN_POINT('',(-66.2485681565767,265.795686448303,9.23893321100961));
#3712=CARTESIAN_POINT('',(-68.0485681565759,269.587377188395,6.47833789509301));
#3713=CARTESIAN_POINT('',(-68.0485681565759,269.647591490581,6.48547314080017));
#3714=CARTESIAN_POINT('',(-68.0553535219235,269.707740038945,6.4889332110093));
#3715=CARTESIAN_POINT('',(-68.0689550812788,269.766830393509,6.48893321100923));
#3716=CARTESIAN_POINT('',(-68.0485681565759,268.879748491659,6.20438099282541));
#3717=CARTESIAN_POINT('',(-68.0485681565759,269.198377695248,6.43224241839127));
#3718=CARTESIAN_POINT('',(-68.0485681565759,269.587377188395,6.47833789509301));
#3719=CARTESIAN_POINT('',(-67.911211246692,268.241830393509,4.96393321100931));
#3720=CARTESIAN_POINT('',(-67.9112112466919,268.241830393509,5.06467277399379));
#3721=CARTESIAN_POINT('',(-67.915819571357,268.251770222291,5.16466349739867));
#3722=CARTESIAN_POINT('',(-67.9326107366611,268.291123885743,5.36137906095217));
#3723=CARTESIAN_POINT('',(-67.9446653100118,268.320328314834,5.45707024901611));
#3724=CARTESIAN_POINT('',(-67.9855785627592,268.434918134134,5.73285323906998));
#3725=CARTESIAN_POINT('',(-68.0191120942047,268.546856550795,5.90063505091587));
#3726=CARTESIAN_POINT('',(-68.0367232741181,268.688492552199,6.04227105231934));
#3727=CARTESIAN_POINT('',(-68.0440677396642,268.747559618546,6.10133811866636));
#3728=CARTESIAN_POINT('',(-68.0485681565759,268.811518493145,6.15558764760567));
#3729=CARTESIAN_POINT('',(-68.0485681565759,268.879748491659,6.20438099282541));
#3730=CARTESIAN_POINT('',(-67.911211246692,268.241830393509,3.01393321100932));
#3731=CARTESIAN_POINT('',(-67.911211246692,268.241830393509,4.96393321100931));
#3732=CARTESIAN_POINT('',(-68.0689550812788,269.766830393509,1.48893321100922));
#3733=CARTESIAN_POINT('',(-68.0553535219236,269.707740038946,1.4889332110091));
#3734=CARTESIAN_POINT('',(-68.0485681565759,269.647591490581,1.49239328121826));
#3735=CARTESIAN_POINT('',(-68.0485681565759,269.587377188395,1.4995285269254));
#3736=CARTESIAN_POINT('',(-68.0485681565759,269.587377188395,1.4995285269254));
#3737=CARTESIAN_POINT('',(-68.0485681565759,269.198377695248,1.54562400362716));
#3738=CARTESIAN_POINT('',(-68.0485681565759,268.879748491659,1.77348542919303));
#3739=CARTESIAN_POINT('',(-68.0485681565759,268.879748491659,1.77348542919303));
#3740=CARTESIAN_POINT('',(-68.0485681565759,268.811518493145,1.82227877441278));
#3741=CARTESIAN_POINT('',(-68.0440677396642,268.747559618546,1.87652830335205));
#3742=CARTESIAN_POINT('',(-68.0367232741181,268.688492552199,1.93559536969915));
#3743=CARTESIAN_POINT('',(-68.0191120942047,268.546856550796,2.07723137110209));
#3744=CARTESIAN_POINT('',(-67.9855785627591,268.434918134134,2.2450131829492));
#3745=CARTESIAN_POINT('',(-67.9446653100211,268.32032831486,2.52079617293962));
#3746=CARTESIAN_POINT('',(-67.9326107366125,268.291123885728,2.61648736113466));
#3747=CARTESIAN_POINT('',(-67.9158195713174,268.251770222297,2.81320292458493));
#3748=CARTESIAN_POINT('',(-67.9112112466919,268.241830393509,2.91319364806388));
#3749=CARTESIAN_POINT('',(-67.911211246692,268.241830393509,3.01393321100932));
#3750=CARTESIAN_POINT('',(-69.0004993393367,270.379725095122,1.48893321100924));
#3751=CARTESIAN_POINT('',(-70.9300883441437,270.264414416853,1.48893321100924));
#3752=CARTESIAN_POINT('',(-68.8962903736152,270.385952538628,1.48893321100919));
#3753=CARTESIAN_POINT('',(-68.2207583891701,270.426321783646,1.48893321100919));
#3754=CARTESIAN_POINT('',(-68.0689550812788,269.766830393509,1.48893321100922));
#3755=CARTESIAN_POINT('',(-69.0004993393367,270.379725095122,1.48893321100924));
#3756=CARTESIAN_POINT('',(-68.8962903736152,270.385952538628,1.48893321100919));
#3757=CARTESIAN_POINT('',(-68.0689550812788,269.766830393509,6.48893321100923));
#3758=CARTESIAN_POINT('',(-68.22075838917,270.426321783646,6.48893321100923));
#3759=CARTESIAN_POINT('',(-68.8962903736152,270.385952538628,6.48893321100923));
#3760=CARTESIAN_POINT('',(-68.8962903736152,270.385952538628,6.48893321100923));
#3761=CARTESIAN_POINT('',(-69.0004993393367,270.379725095122,6.48893321100924));
#3762=CARTESIAN_POINT('',(-68.0485681565759,269.587377188395,6.47833789509301));
#3763=CARTESIAN_POINT('',(-68.0485681565759,269.587377188395,9.23893321100962));
#3764=CARTESIAN_POINT('',(-68.0485681565759,269.587377188395,-0.761066788990772));
#3765=CARTESIAN_POINT('',(-68.0485681565759,269.587377188395,1.4995285269254));
#3766=CARTESIAN_POINT('',(-68.8962903736152,270.385952538628,6.48893321100923));
#3767=CARTESIAN_POINT('',(-68.8962903736152,270.385952538628,9.23893321100962));
#3768=CARTESIAN_POINT('',(-68.8962903736152,270.385952538628,-0.761066788990771));
#3769=CARTESIAN_POINT('',(-68.8962903736152,270.385952538628,1.48893321100919));
#3770=CARTESIAN_POINT('',(-68.0485681565759,268.879748491659,6.20438099282541));
#3771=CARTESIAN_POINT('',(-68.0485681565759,268.879748491659,9.23893321100962));
#3772=CARTESIAN_POINT('',(-68.0485681565759,268.879748491659,-0.761066788990772));
#3773=CARTESIAN_POINT('',(-68.0485681565759,268.879748491659,1.77348542919303));
#3774=CARTESIAN_POINT('',(-67.5945836674153,267.78373298082,-0.761066788990772));
#3775=CARTESIAN_POINT('',(-67.5945836674153,267.78373298082,9.23893321100962));
#3776=CARTESIAN_POINT('',(-66.7025526457373,266.891701959142,-0.761066788990773));
#3777=CARTESIAN_POINT('',(-66.7025526457373,266.891701959142,9.23893321100962));
#3778=CARTESIAN_POINT('',(-66.2485681565767,263.007271204702,-0.761066788990746));
#3779=CARTESIAN_POINT('',(-66.2485681565767,263.205816963761,-0.761066788990746));
#3780=CARTESIAN_POINT('',(-66.2485681565767,263.404362722821,-0.761066788990746));
#3781=CARTESIAN_POINT('',(-66.2485681565767,263.602908481881,-0.761066788990746));
#3782=CARTESIAN_POINT('',(-66.2485681565767,263.80145424094,-0.761066788990746));
#3783=CARTESIAN_POINT('',(-66.2485681565767,264.,-0.761066788990746));
#3784=CARTESIAN_POINT('',(-66.2485681565767,264.359137289661,-0.761066788990747));
#3785=CARTESIAN_POINT('',(-66.2485681565767,264.718274579321,-0.761066788990747));
#3786=CARTESIAN_POINT('',(-66.2485681565767,265.077411868982,-0.761066788990748));
#3787=CARTESIAN_POINT('',(-66.2485681565767,265.436549158642,-0.76106678899075));
#3788=CARTESIAN_POINT('',(-66.2485681565767,265.795686448303,-0.761066788990751));
#3789=CARTESIAN_POINT('',(-66.2485681565767,265.795686448303,9.23893321100961));
#3790=CARTESIAN_POINT('',(-66.2485681565767,265.436549158642,9.2389332110096));
#3791=CARTESIAN_POINT('',(-66.2485681565767,265.077411868981,9.2389332110096));
#3792=CARTESIAN_POINT('',(-66.2485681565767,264.718274579321,9.2389332110096));
#3793=CARTESIAN_POINT('',(-66.2485681565767,264.35913728966,9.2389332110096));
#3794=CARTESIAN_POINT('',(-66.2485681565767,264.,9.2389332110096));
#3795=CARTESIAN_POINT('',(-66.2485681565767,263.80145424094,9.2389332110096));
#3796=CARTESIAN_POINT('',(-66.2485681565767,263.60290848188,9.2389332110096));
#3797=CARTESIAN_POINT('',(-66.2485681565767,263.404362722821,9.2389332110096));
#3798=CARTESIAN_POINT('',(-66.2485681565767,263.205816963761,9.23893321100959));
#3799=CARTESIAN_POINT('',(-66.2485681565767,263.007271204701,9.23893321100959));
#3800=CARTESIAN_POINT('',(-69.6403487456547,267.941377631216,7.90307656581491));
#3801=CARTESIAN_POINT('',(-69.6403487456546,267.941377631216,6.48893321100929));
#3802=CARTESIAN_POINT('',(-69.6403487456547,267.941377631216,6.48893321100922));
#3803=CARTESIAN_POINT('',(-69.6403487456544,268.941377631216,6.48893321100924));
#3804=CARTESIAN_POINT('',(-70.6403487456545,268.941377631216,6.48893321100924));
#3805=CARTESIAN_POINT('',(-71.6403487456546,268.941377631216,6.48893321100924));
#3806=CARTESIAN_POINT('',(-71.6403487456546,267.941377631216,6.48893321100923));
#3807=CARTESIAN_POINT('',(-69.6403487456547,267.941377631216,1.48893321100918));
#3808=CARTESIAN_POINT('',(-69.6403487456547,267.941377631216,-0.761066788990788));
#3809=CARTESIAN_POINT('',(-69.6403487456547,267.941377631216,1.48893321100924));
#3810=CARTESIAN_POINT('',(-69.6403487456545,266.941377631216,1.48893321100925));
#3811=CARTESIAN_POINT('',(-70.6403487456546,266.941377631216,1.48893321100923));
#3812=CARTESIAN_POINT('',(-71.6403487456546,266.941377631216,1.48893321100922));
#3813=CARTESIAN_POINT('',(-71.6403487456546,267.941377631216,1.48893321100921));
#3814=CARTESIAN_POINT('',(-69.6403487456546,267.941377631216,-0.761066788990789));
#3815=CARTESIAN_POINT('',(-69.6403487456547,268.941377631216,-0.761066788990782));
#3816=CARTESIAN_POINT('',(-70.6403487456547,268.941377631216,-0.761066788990767));
#3817=CARTESIAN_POINT('',(-71.6403487456546,268.941377631216,-0.761066788990753));
#3818=CARTESIAN_POINT('',(-71.6403487456546,267.941377631216,-0.76106678899076));
#3819=CARTESIAN_POINT('',(-66.2485681565767,257.441377669533,3.3389332110088));
#3820=CARTESIAN_POINT('',(-70.1403487456546,257.441377669533,3.3389332110088));
#3821=CARTESIAN_POINT('',(-66.2485681565767,257.441377669533,3.33893321100879));
#3822=CARTESIAN_POINT('',(-66.2485681565767,256.541377669533,3.33893321100879));
#3823=CARTESIAN_POINT('',(-66.2485681565767,256.541377669533,4.2389332110088));
#3824=CARTESIAN_POINT('',(-66.2485681565767,256.541377669533,5.1389332110088));
#3825=CARTESIAN_POINT('',(-66.2485681565767,257.441377669533,5.1389332110088));
#3826=CARTESIAN_POINT('',(-70.1403487456546,257.441377669533,3.33893321100879));
#3827=CARTESIAN_POINT('',(-70.1403487456546,258.341377669533,3.33893321100879));
#3828=CARTESIAN_POINT('',(-70.1403487456546,258.341377669533,4.2389332110088));
#3829=CARTESIAN_POINT('',(-70.1403487456546,258.341377669533,5.1389332110088));
#3830=CARTESIAN_POINT('',(-70.1403487456546,257.441377669533,5.1389332110088));
#3831=CARTESIAN_POINT('',(-66.2485681565767,243.441377669533,3.3389332110088));
#3832=CARTESIAN_POINT('',(-70.1403487456546,243.441377669533,3.3389332110088));
#3833=CARTESIAN_POINT('',(-66.2485681565767,243.441377669533,3.33893321100879));
#3834=CARTESIAN_POINT('',(-66.2485681565767,242.541377669533,3.33893321100879));
#3835=CARTESIAN_POINT('',(-66.2485681565767,242.541377669533,4.2389332110088));
#3836=CARTESIAN_POINT('',(-66.2485681565767,242.541377669533,5.1389332110088));
#3837=CARTESIAN_POINT('',(-66.2485681565767,243.441377669533,5.1389332110088));
#3838=CARTESIAN_POINT('',(-70.1403487456546,243.441377669533,3.33893321100879));
#3839=CARTESIAN_POINT('',(-70.1403487456546,244.341377669533,3.33893321100879));
#3840=CARTESIAN_POINT('',(-70.1403487456546,244.341377669533,4.2389332110088));
#3841=CARTESIAN_POINT('',(-70.1403487456546,244.341377669533,5.1389332110088));
#3842=CARTESIAN_POINT('',(-70.1403487456546,243.441377669533,5.1389332110088));
#3843=CARTESIAN_POINT('',(0.,0.,0.));
ENDSEC;
END-ISO-10303-21;
